"","npts11","npts21","npts31","npts41","npts12","npts22","npts32","npts42","npts13","npts23","npts33","npts43","npts14","npts24","npts34","npts44","ntox11","ntox21","ntox31","ntox41","ntox12","ntox22","ntox32","ntox42","ntox13","ntox23","ntox33","ntox43","ntox14","ntox24","ntox34","ntox44","neff11","neff21","neff31","neff41","neff12","neff22","neff32","neff42","neff13","neff23","neff33","neff43","neff14","neff24","neff34","neff44","ppts11","ppts21","ppts31","ppts41","ppts12","ppts22","ppts32","ppts42","ppts13","ppts23","ppts33","ppts43","ppts14","ppts24","ppts34","ppts44","ptox11","ptox21","ptox31","ptox41","ptox12","ptox22","ptox32","ptox42","ptox13","ptox23","ptox33","ptox43","ptox14","ptox24","ptox34","ptox44","peff11","peff21","peff31","peff41","peff12","peff22","peff32","peff42","peff13","peff23","peff33","peff43","peff14","peff24","peff34","peff44","nct111","nct121","nct131","nct141","nct112","nct122","nct132","nct142","nct113","nct123","nct133","nct143","nct114","nct124","nct134","nct144","nct211","nct221","nct231","nct241","nct212","nct222","nct232","nct242","nct213","nct223","nct233","nct243","nct214","nct224","nct234","nct244","nct311","nct321","nct331","nct341","nct312","nct322","nct332","nct342","nct313","nct323","nct333","nct343","nct314","nct324","nct334","nct344","nct411","nct421","nct431","nct441","nct412","nct422","nct432","nct442","nct413","nct423","nct433","nct443","nct414","nct424","nct434","nct444","pct111","pct121","pct131","pct141","pct112","pct122","pct132","pct142","pct113","pct123","pct133","pct143","pct114","pct124","pct134","pct144","pct211","pct221","pct231","pct241","pct212","pct222","pct232","pct242","pct213","pct223","pct233","pct243","pct214","pct224","pct234","pct244","pct311","pct321","pct331","pct341","pct312","pct322","pct332","pct342","pct313","pct323","pct333","pct343","pct314","pct324","pct334","pct344","pct411","pct421","pct431","pct441","pct412","pct422","pct432","pct442","pct413","pct423","pct433","pct443","pct414","pct424","pct434","pct444"
"1",1,2,3,4,1,2,3,4,1,2,3,4,1,2,3,4,1,2,3,4,1,2,3,4,1,2,3,4,1,2,3,4,1,2,3,4,1,2,3,4,1,2,3,4,1,2,3,4,1,2,3,4,1,2,3,4,1,2,3,4,1,2,3,4,1,2,3,4,1,2,3,4,1,2,3,4,1,2,3,4,1,2,3,4,1,2,3,4,1,2,3,4,1,2,3,4,1,2,3,4,1,2,3,4,1,2,3,4,1,2,3,4,1,2,3,4,1,2,3,4,1,2,3,4,1,2,3,4,1,2,3,4,1,2,3,4,1,2,3,4,1,2,3,4,1,2,3,4,1,2,3,4,1,2,3,4,1,2,3,4,1,2,3,4,1,2,3,4,1,2,3,4,1,2,3,4,1,2,3,4,1,2,3,4,1,2,3,4,1,2,3,4,1,2,3,4,1,2,3,4,1,2,3,4,1,2,3,4,1,2,3,4,1,2,3,4,1,2,3,4,1,2,3,4
"2",1,1,1,1,2,2,2,2,3,3,3,3,4,4,4,4,1,1,1,1,2,2,2,2,3,3,3,3,4,4,4,4,1,1,1,1,2,2,2,2,3,3,3,3,4,4,4,4,1,1,1,1,2,2,2,2,3,3,3,3,4,4,4,4,1,1,1,1,2,2,2,2,3,3,3,3,4,4,4,4,1,1,1,1,2,2,2,2,3,3,3,3,4,4,4,4,1,1,1,1,2,2,2,2,3,3,3,3,4,4,4,4,1,1,1,1,2,2,2,2,3,3,3,3,4,4,4,4,1,1,1,1,2,2,2,2,3,3,3,3,4,4,4,4,1,1,1,1,2,2,2,2,3,3,3,3,4,4,4,4,1,1,1,1,2,2,2,2,3,3,3,3,4,4,4,4,1,1,1,1,2,2,2,2,3,3,3,3,4,4,4,4,1,1,1,1,2,2,2,2,3,3,3,3,4,4,4,4,1,1,1,1,2,2,2,2,3,3,3,3,4,4,4,4
"3",3,3,3,6,3,6,6,3,6,6,0,0,3,0,0,0,0,0,0,1,0,1,2,2,0,4,0,0,1,0,0,0,1,0,0,3,1,2,3,2,2,2,0,0,2,0,0,0,0.0625,0.0625,0.0625,0.125,0.0625,0.125,0.125,0.0625,0.125,0.125,0,0,0.0625,0,0,0,0,0,0,0.166666666666667,0,0.166666666666667,0.333333333333333,0.666666666666667,0,0.666666666666667,NA,NA,0.333333333333333,NA,NA,NA,0.333333333333333,0,0,0.5,0.333333333333333,0.333333333333333,0.5,0.666666666666667,0.333333333333333,0.333333333333333,NA,NA,0.666666666666667,NA,NA,NA,1,0,0,2,1,2,2,1,2,0,0,0,1,0,0,0,2,3,3,3,2,3,2,0,4,2,0,0,1,0,0,0,0,0,0,1,0,0,1,1,0,2,0,0,1,0,0,0,0,0,0,0,0,1,1,1,0,2,0,0,0,0,0,0,0.333333333333333,0,0,0.333333333333333,0.333333333333333,0.333333333333333,0.333333333333333,0.333333333333333,0.333333333333333,0,NA,NA,0.333333333333333,NA,NA,NA,0.666666666666667,1,1,0.5,0.666666666666667,0.5,0.333333333333333,0,0.666666666666667,0.333333333333333,NA,NA,0.333333333333333,NA,NA,NA,0,0,0,0.166666666666667,0,0,0.166666666666667,0.333333333333333,0,0.333333333333333,NA,NA,0.333333333333333,NA,NA,NA,0,0,0,0,0,0.166666666666667,0.166666666666667,0.333333333333333,0,0.333333333333333,NA,NA,0,NA,NA,NA
"4",6,6,3,6,0,3,6,6,0,6,0,6,0,0,0,0,0,1,0,1,0,0,0,1,0,0,0,2,0,0,0,0,0,1,0,0,0,0,6,2,0,4,0,4,0,0,0,0,0.125,0.125,0.0625,0.125,0,0.0625,0.125,0.125,0,0.125,0,0.125,0,0,0,0,0,0.166666666666667,0,0.166666666666667,NA,0,0,0.166666666666667,NA,0,NA,0.333333333333333,NA,NA,NA,NA,0,0.166666666666667,0,0,NA,0,1,0.333333333333333,NA,0.666666666666667,NA,0.666666666666667,NA,NA,NA,NA,0,1,0,0,0,0,6,1,0,4,0,3,0,0,0,0,6,4,3,5,0,3,0,4,0,2,0,1,0,0,0,0,0,0,0,0,0,0,0,1,0,0,0,1,0,0,0,0,0,1,0,1,0,0,0,0,0,0,0,1,0,0,0,0,0,0.166666666666667,0,0,NA,0,1,0.166666666666667,NA,0.666666666666667,NA,0.5,NA,NA,NA,NA,1,0.666666666666667,1,0.833333333333333,NA,1,0,0.666666666666667,NA,0.333333333333333,NA,0.166666666666667,NA,NA,NA,NA,0,0,0,0,NA,0,0,0.166666666666667,NA,0,NA,0.166666666666667,NA,NA,NA,NA,0,0.166666666666667,0,0.166666666666667,NA,0,0,0,NA,0,NA,0.166666666666667,NA,NA,NA,NA
"5",3,3,3,6,0,6,6,6,3,6,0,0,6,0,0,0,0,0,0,0,0,1,2,3,0,0,0,0,0,0,0,0,1,0,1,0,0,1,5,4,0,6,0,0,4,0,0,0,0.0625,0.0625,0.0625,0.125,0,0.125,0.125,0.125,0.0625,0.125,0,0,0.125,0,0,0,0,0,0,0,NA,0.166666666666667,0.333333333333333,0.5,0,0,NA,NA,0,NA,NA,NA,0.333333333333333,0,0.333333333333333,0,NA,0.166666666666667,0.833333333333333,0.666666666666667,0,1,NA,NA,0.666666666666667,NA,NA,NA,1,0,1,0,0,1,3,3,0,6,0,0,4,0,0,0,2,3,2,6,0,4,1,0,3,0,0,0,2,0,0,0,0,0,0,0,0,0,2,1,0,0,0,0,0,0,0,0,0,0,0,0,0,1,0,2,0,0,0,0,0,0,0,0,0.333333333333333,0,0.333333333333333,0,NA,0.166666666666667,0.5,0.5,0,1,NA,NA,0.666666666666667,NA,NA,NA,0.666666666666667,1,0.666666666666667,1,NA,0.666666666666667,0.166666666666667,0,1,0,NA,NA,0.333333333333333,NA,NA,NA,0,0,0,0,NA,0,0.333333333333333,0.166666666666667,0,0,NA,NA,0,NA,NA,NA,0,0,0,0,NA,0.166666666666667,0,0.333333333333333,0,0,NA,NA,0,NA,NA,NA
"6",3,3,6,6,0,3,6,6,3,6,0,0,6,0,0,0,0,0,1,0,0,0,1,3,0,0,0,0,1,0,0,0,0,1,2,2,0,0,5,4,0,3,0,0,3,0,0,0,0.0625,0.0625,0.125,0.125,0,0.0625,0.125,0.125,0.0625,0.125,0,0,0.125,0,0,0,0,0,0.166666666666667,0,NA,0,0.166666666666667,0.5,0,0,NA,NA,0.166666666666667,NA,NA,NA,0,0.333333333333333,0.333333333333333,0.333333333333333,NA,0,0.833333333333333,0.666666666666667,0,0.5,NA,NA,0.5,NA,NA,NA,0,1,2,2,0,0,4,2,0,3,0,0,2,0,0,0,3,2,3,4,0,3,1,1,3,3,0,0,3,0,0,0,0,0,0,0,0,0,1,2,0,0,0,0,1,0,0,0,0,0,1,0,0,0,0,1,0,0,0,0,0,0,0,0,0,0.333333333333333,0.333333333333333,0.333333333333333,NA,0,0.666666666666667,0.333333333333333,0,0.5,NA,NA,0.333333333333333,NA,NA,NA,1,0.666666666666667,0.5,0.666666666666667,NA,1,0.166666666666667,0.166666666666667,1,0.5,NA,NA,0.5,NA,NA,NA,0,0,0,0,NA,0,0.166666666666667,0.333333333333333,0,0,NA,NA,0.166666666666667,NA,NA,NA,0,0,0.166666666666667,0,NA,0,0,0.166666666666667,0,0,NA,NA,0,NA,NA,NA
"7",3,3,3,6,6,6,3,0,6,3,6,0,3,0,0,0,0,0,0,0,0,4,0,0,1,1,0,0,2,0,0,0,0,0,0,3,1,1,1,0,0,2,6,0,1,0,0,0,0.0625,0.0625,0.0625,0.125,0.125,0.125,0.0625,0,0.125,0.0625,0.125,0,0.0625,0,0,0,0,0,0,0,0,0.666666666666667,0,NA,0.166666666666667,0.333333333333333,0,NA,0.666666666666667,NA,NA,NA,0,0,0,0.5,0.166666666666667,0.166666666666667,0.333333333333333,NA,0,0.666666666666667,1,NA,0.333333333333333,NA,NA,NA,0,0,0,3,1,1,1,0,0,1,6,0,0,0,0,0,3,3,3,3,5,1,2,0,5,1,0,0,1,0,0,0,0,0,0,0,0,0,0,0,0,1,0,0,1,0,0,0,0,0,0,0,0,4,0,0,1,0,0,0,1,0,0,0,0,0,0,0.5,0.166666666666667,0.166666666666667,0.333333333333333,NA,0,0.333333333333333,1,NA,0,NA,NA,NA,1,1,1,0.5,0.833333333333333,0.166666666666667,0.666666666666667,NA,0.833333333333333,0.333333333333333,0,NA,0.333333333333333,NA,NA,NA,0,0,0,0,0,0,0,NA,0,0.333333333333333,0,NA,0.333333333333333,NA,NA,NA,0,0,0,0,0,0.666666666666667,0,NA,0.166666666666667,0,0,NA,0.333333333333333,NA,NA,NA
"8",6,3,6,0,6,6,0,0,0,0,0,0,0,0,0,0,1,0,1,0,2,0,0,0,0,0,0,0,0,0,0,0,0,1,3,0,1,3,0,0,0,0,0,0,0,0,0,0,0.222222222222222,0.111111111111111,0.222222222222222,0,0.222222222222222,0.222222222222222,0,0,0,0,0,0,0,0,0,0,0.166666666666667,0,0.166666666666667,NA,0.333333333333333,0,NA,NA,NA,NA,NA,NA,NA,NA,NA,NA,0,0.333333333333333,0.5,NA,0.166666666666667,0.5,NA,NA,NA,NA,NA,NA,NA,NA,NA,NA,0,1,3,0,1,3,0,0,0,0,0,0,0,0,0,0,5,2,2,0,3,3,0,0,0,0,0,0,0,0,0,0,0,0,0,0,0,0,0,0,0,0,0,0,0,0,0,0,1,0,1,0,2,0,0,0,0,0,0,0,0,0,0,0,0,0.333333333333333,0.5,NA,0.166666666666667,0.5,NA,NA,NA,NA,NA,NA,NA,NA,NA,NA,0.833333333333333,0.666666666666667,0.333333333333333,NA,0.5,0.5,NA,NA,NA,NA,NA,NA,NA,NA,NA,NA,0,0,0,NA,0,0,NA,NA,NA,NA,NA,NA,NA,NA,NA,NA,0.166666666666667,0,0.166666666666667,NA,0.333333333333333,0,NA,NA,NA,NA,NA,NA,NA,NA,NA,NA
"9",3,3,3,6,6,6,6,6,3,0,0,3,3,0,0,0,0,0,0,0,1,1,0,3,0,0,0,1,1,0,0,0,0,1,0,3,1,3,4,4,1,0,0,1,0,0,0,0,0.0625,0.0625,0.0625,0.125,0.125,0.125,0.125,0.125,0.0625,0,0,0.0625,0.0625,0,0,0,0,0,0,0,0.166666666666667,0.166666666666667,0,0.5,0,NA,NA,0.333333333333333,0.333333333333333,NA,NA,NA,0,0.333333333333333,0,0.5,0.166666666666667,0.5,0.666666666666667,0.666666666666667,0.333333333333333,NA,NA,0.333333333333333,0,NA,NA,NA,0,1,0,3,1,2,4,1,1,0,0,1,0,0,0,0,3,2,3,3,4,3,2,2,2,0,0,1,2,0,0,0,0,0,0,0,0,1,0,3,0,0,0,0,0,0,0,0,0,0,0,0,1,0,0,0,0,0,0,1,1,0,0,0,0,0.333333333333333,0,0.5,0.166666666666667,0.333333333333333,0.666666666666667,0.166666666666667,0.333333333333333,NA,NA,0.333333333333333,0,NA,NA,NA,1,0.666666666666667,1,0.5,0.666666666666667,0.5,0.333333333333333,0.333333333333333,0.666666666666667,NA,NA,0.333333333333333,0.666666666666667,NA,NA,NA,0,0,0,0,0,0.166666666666667,0,0.5,0,NA,NA,0,0,NA,NA,NA,0,0,0,0,0.166666666666667,0,0,0,0,NA,NA,0.333333333333333,0.333333333333333,NA,NA,NA
"10",3,6,6,0,3,0,0,0,3,0,0,0,6,0,0,0,0,0,2,0,0,0,0,0,0,0,0,0,1,0,0,0,0,1,2,0,0,0,0,0,0,0,0,0,3,0,0,0,0.111111111111111,0.222222222222222,0.222222222222222,0,0.111111111111111,0,0,0,0.111111111111111,0,0,0,0.222222222222222,0,0,0,0,0,0.333333333333333,NA,0,NA,NA,NA,0,NA,NA,NA,0.166666666666667,NA,NA,NA,0,0.166666666666667,0.333333333333333,NA,0,NA,NA,NA,0,NA,NA,NA,0.5,NA,NA,NA,0,1,2,0,0,0,0,0,0,0,0,0,2,0,0,0,3,5,2,0,3,0,0,0,3,0,0,0,3,0,0,0,0,0,0,0,0,0,0,0,0,0,0,0,1,0,0,0,0,0,2,0,0,0,0,0,0,0,0,0,0,0,0,0,0,0.166666666666667,0.333333333333333,NA,0,NA,NA,NA,0,NA,NA,NA,0.333333333333333,NA,NA,NA,1,0.833333333333333,0.333333333333333,NA,1,NA,NA,NA,1,NA,NA,NA,0.5,NA,NA,NA,0,0,0,NA,0,NA,NA,NA,0,NA,NA,NA,0.166666666666667,NA,NA,NA,0,0,0.333333333333333,NA,0,NA,NA,NA,0,NA,NA,NA,0,NA,NA,NA
"11",3,6,6,3,6,6,0,0,6,6,0,0,3,3,0,0,0,0,1,1,0,0,0,0,1,1,0,0,1,1,0,0,1,2,2,0,1,3,0,0,1,2,0,0,1,0,0,0,0.0625,0.125,0.125,0.0625,0.125,0.125,0,0,0.125,0.125,0,0,0.0625,0.0625,0,0,0,0,0.166666666666667,0.333333333333333,0,0,NA,NA,0.166666666666667,0.166666666666667,NA,NA,0.333333333333333,0.333333333333333,NA,NA,0.333333333333333,0.333333333333333,0.333333333333333,0,0.166666666666667,0.5,NA,NA,0.166666666666667,0.333333333333333,NA,NA,0.333333333333333,0,NA,NA,1,2,2,0,1,3,0,0,1,2,0,0,1,0,0,0,2,4,3,2,5,3,0,0,4,3,0,0,1,2,0,0,0,0,0,0,0,0,0,0,0,0,0,0,0,0,0,0,0,0,1,1,0,0,0,0,1,1,0,0,1,1,0,0,0.333333333333333,0.333333333333333,0.333333333333333,0,0.166666666666667,0.5,NA,NA,0.166666666666667,0.333333333333333,NA,NA,0.333333333333333,0,NA,NA,0.666666666666667,0.666666666666667,0.5,0.666666666666667,0.833333333333333,0.5,NA,NA,0.666666666666667,0.5,NA,NA,0.333333333333333,0.666666666666667,NA,NA,0,0,0,0,0,0,NA,NA,0,0,NA,NA,0,0,NA,NA,0,0,0.166666666666667,0.333333333333333,0,0,NA,NA,0.166666666666667,0.166666666666667,NA,NA,0.333333333333333,0.333333333333333,NA,NA
"12",3,3,3,3,6,6,6,6,6,0,6,0,0,0,0,0,0,0,0,0,0,1,1,1,2,0,2,0,0,0,0,0,0,1,0,1,1,3,2,3,2,0,3,0,0,0,0,0,0.0625,0.0625,0.0625,0.0625,0.125,0.125,0.125,0.125,0.125,0,0.125,0,0,0,0,0,0,0,0,0,0,0.166666666666667,0.166666666666667,0.166666666666667,0.333333333333333,NA,0.333333333333333,NA,NA,NA,NA,NA,0,0.333333333333333,0,0.333333333333333,0.166666666666667,0.5,0.333333333333333,0.5,0.333333333333333,NA,0.5,NA,NA,NA,NA,NA,0,1,0,1,1,3,1,3,1,0,3,0,0,0,0,0,3,2,3,2,5,2,4,2,3,0,1,0,0,0,0,0,0,0,0,0,0,0,1,0,1,0,0,0,0,0,0,0,0,0,0,0,0,1,0,1,1,0,2,0,0,0,0,0,0,0.333333333333333,0,0.333333333333333,0.166666666666667,0.5,0.166666666666667,0.5,0.166666666666667,NA,0.5,NA,NA,NA,NA,NA,1,0.666666666666667,1,0.666666666666667,0.833333333333333,0.333333333333333,0.666666666666667,0.333333333333333,0.5,NA,0.166666666666667,NA,NA,NA,NA,NA,0,0,0,0,0,0,0.166666666666667,0,0.166666666666667,NA,0,NA,NA,NA,NA,NA,0,0,0,0,0,0.166666666666667,0,0.166666666666667,0.166666666666667,NA,0.333333333333333,NA,NA,NA,NA,NA
"13",3,3,3,6,6,6,6,3,6,6,0,0,0,0,0,0,0,0,0,1,1,0,1,1,1,2,0,0,0,0,0,0,0,0,1,3,2,0,3,1,2,3,0,0,0,0,0,0,0.0625,0.0625,0.0625,0.125,0.125,0.125,0.125,0.0625,0.125,0.125,0,0,0,0,0,0,0,0,0,0.166666666666667,0.166666666666667,0,0.166666666666667,0.333333333333333,0.166666666666667,0.333333333333333,NA,NA,NA,NA,NA,NA,0,0,0.333333333333333,0.5,0.333333333333333,0,0.5,0.333333333333333,0.333333333333333,0.5,NA,NA,NA,NA,NA,NA,0,0,1,2,2,0,3,1,2,1,0,0,0,0,0,0,3,3,2,3,3,6,2,1,3,3,0,0,0,0,0,0,0,0,0,1,0,0,0,0,0,2,0,0,0,0,0,0,0,0,0,0,1,0,1,1,1,0,0,0,0,0,0,0,0,0,0.333333333333333,0.333333333333333,0.333333333333333,0,0.5,0.333333333333333,0.333333333333333,0.166666666666667,NA,NA,NA,NA,NA,NA,1,1,0.666666666666667,0.5,0.5,1,0.333333333333333,0.333333333333333,0.5,0.5,NA,NA,NA,NA,NA,NA,0,0,0,0.166666666666667,0,0,0,0,0,0.333333333333333,NA,NA,NA,NA,NA,NA,0,0,0,0,0.166666666666667,0,0.166666666666667,0.333333333333333,0.166666666666667,0,NA,NA,NA,NA,NA,NA
"14",3,3,3,6,6,6,6,0,0,3,0,0,0,0,0,0,0,0,0,0,0,1,2,0,0,1,0,0,0,0,0,0,0,1,0,5,4,1,1,0,0,3,0,0,0,0,0,0,0.0833333333333333,0.0833333333333333,0.0833333333333333,0.166666666666667,0.166666666666667,0.166666666666667,0.166666666666667,0,0,0.0833333333333333,0,0,0,0,0,0,0,0,0,0,0,0.166666666666667,0.333333333333333,NA,NA,0.333333333333333,NA,NA,NA,NA,NA,NA,0,0.333333333333333,0,0.833333333333333,0.666666666666667,0.166666666666667,0.166666666666667,NA,NA,1,NA,NA,NA,NA,NA,NA,0,1,0,5,4,1,1,0,0,2,0,0,0,0,0,0,3,2,3,1,2,4,3,0,0,0,0,0,0,0,0,0,0,0,0,0,0,0,0,0,0,1,0,0,0,0,0,0,0,0,0,0,0,1,2,0,0,0,0,0,0,0,0,0,0,0.333333333333333,0,0.833333333333333,0.666666666666667,0.166666666666667,0.166666666666667,NA,NA,0.666666666666667,NA,NA,NA,NA,NA,NA,1,0.666666666666667,1,0.166666666666667,0.333333333333333,0.666666666666667,0.5,NA,NA,0,NA,NA,NA,NA,NA,NA,0,0,0,0,0,0,0,NA,NA,0.333333333333333,NA,NA,NA,NA,NA,NA,0,0,0,0,0,0.166666666666667,0.333333333333333,NA,NA,0,NA,NA,NA,NA,NA,NA
"15",3,3,3,6,0,3,6,6,6,6,0,0,6,0,0,0,0,0,0,0,0,0,1,3,0,1,0,0,1,0,0,0,0,0,0,1,0,1,4,6,0,5,0,0,2,0,0,0,0.0625,0.0625,0.0625,0.125,0,0.0625,0.125,0.125,0.125,0.125,0,0,0.125,0,0,0,0,0,0,0,NA,0,0.166666666666667,0.5,0,0.166666666666667,NA,NA,0.166666666666667,NA,NA,NA,0,0,0,0.166666666666667,NA,0.333333333333333,0.666666666666667,1,0,0.833333333333333,NA,NA,0.333333333333333,NA,NA,NA,0,0,0,1,0,1,4,3,0,4,0,0,2,0,0,0,3,3,3,5,0,2,1,0,6,1,0,0,3,0,0,0,0,0,0,0,0,0,0,3,0,1,0,0,0,0,0,0,0,0,0,0,0,0,1,0,0,0,0,0,1,0,0,0,0,0,0,0.166666666666667,NA,0.333333333333333,0.666666666666667,0.5,0,0.666666666666667,NA,NA,0.333333333333333,NA,NA,NA,1,1,1,0.833333333333333,NA,0.666666666666667,0.166666666666667,0,1,0.166666666666667,NA,NA,0.5,NA,NA,NA,0,0,0,0,NA,0,0,0.5,0,0.166666666666667,NA,NA,0,NA,NA,NA,0,0,0,0,NA,0,0.166666666666667,0,0,0,NA,NA,0.166666666666667,NA,NA,NA
"16",3,3,3,6,3,6,6,0,6,0,0,0,6,0,0,0,0,0,0,0,0,0,0,0,0,0,0,0,2,0,0,0,0,1,1,4,1,4,4,0,1,0,0,0,3,0,0,0,0.0714285714285714,0.0714285714285714,0.0714285714285714,0.142857142857143,0.0714285714285714,0.142857142857143,0.142857142857143,0,0.142857142857143,0,0,0,0.142857142857143,0,0,0,0,0,0,0,0,0,0,NA,0,NA,NA,NA,0.333333333333333,NA,NA,NA,0,0.333333333333333,0.333333333333333,0.666666666666667,0.333333333333333,0.666666666666667,0.666666666666667,NA,0.166666666666667,NA,NA,NA,0.5,NA,NA,NA,0,1,1,4,1,4,4,0,1,0,0,0,2,0,0,0,3,2,2,2,2,2,2,0,5,0,0,0,2,0,0,0,0,0,0,0,0,0,0,0,0,0,0,0,1,0,0,0,0,0,0,0,0,0,0,0,0,0,0,0,1,0,0,0,0,0.333333333333333,0.333333333333333,0.666666666666667,0.333333333333333,0.666666666666667,0.666666666666667,NA,0.166666666666667,NA,NA,NA,0.333333333333333,NA,NA,NA,1,0.666666666666667,0.666666666666667,0.333333333333333,0.666666666666667,0.333333333333333,0.333333333333333,NA,0.833333333333333,NA,NA,NA,0.333333333333333,NA,NA,NA,0,0,0,0,0,0,0,NA,0,NA,NA,NA,0.166666666666667,NA,NA,NA,0,0,0,0,0,0,0,NA,0,NA,NA,NA,0.166666666666667,NA,NA,NA
"17",3,6,6,0,6,6,0,0,3,3,0,0,6,0,0,0,0,0,1,0,0,1,0,0,0,1,0,0,0,0,0,0,0,0,3,0,2,2,0,0,0,2,0,0,5,0,0,0,0.0769230769230769,0.153846153846154,0.153846153846154,0,0.153846153846154,0.153846153846154,0,0,0.0769230769230769,0.0769230769230769,0,0,0.153846153846154,0,0,0,0,0,0.166666666666667,NA,0,0.166666666666667,NA,NA,0,0.333333333333333,NA,NA,0,NA,NA,NA,0,0,0.5,NA,0.333333333333333,0.333333333333333,NA,NA,0,0.666666666666667,NA,NA,0.833333333333333,NA,NA,NA,0,0,2,0,2,2,0,0,0,2,0,0,5,0,0,0,3,6,3,0,4,3,0,0,3,0,0,0,1,0,0,0,0,0,1,0,0,0,0,0,0,0,0,0,0,0,0,0,0,0,0,0,0,1,0,0,0,1,0,0,0,0,0,0,0,0,0.333333333333333,NA,0.333333333333333,0.333333333333333,NA,NA,0,0.666666666666667,NA,NA,0.833333333333333,NA,NA,NA,1,1,0.5,NA,0.666666666666667,0.5,NA,NA,1,0,NA,NA,0.166666666666667,NA,NA,NA,0,0,0.166666666666667,NA,0,0,NA,NA,0,0,NA,NA,0,NA,NA,NA,0,0,0,NA,0,0.166666666666667,NA,NA,0,0.333333333333333,NA,NA,0,NA,NA,NA
"18",3,3,6,6,0,6,6,0,6,6,0,0,6,0,0,0,0,0,1,2,0,0,2,0,0,1,0,0,2,0,0,0,0,0,1,2,0,1,4,0,0,3,0,0,2,0,0,0,0.0625,0.0625,0.125,0.125,0,0.125,0.125,0,0.125,0.125,0,0,0.125,0,0,0,0,0,0.166666666666667,0.333333333333333,NA,0,0.333333333333333,NA,0,0.166666666666667,NA,NA,0.333333333333333,NA,NA,NA,0,0,0.166666666666667,0.333333333333333,NA,0.166666666666667,0.666666666666667,NA,0,0.5,NA,NA,0.333333333333333,NA,NA,NA,0,0,1,2,0,1,3,0,0,3,0,0,1,0,0,0,3,3,4,2,0,5,1,0,6,2,0,0,3,0,0,0,0,0,0,0,0,0,1,0,0,0,0,0,1,0,0,0,0,0,1,2,0,0,1,0,0,1,0,0,1,0,0,0,0,0,0.166666666666667,0.333333333333333,NA,0.166666666666667,0.5,NA,0,0.5,NA,NA,0.166666666666667,NA,NA,NA,1,1,0.666666666666667,0.333333333333333,NA,0.833333333333333,0.166666666666667,NA,1,0.333333333333333,NA,NA,0.5,NA,NA,NA,0,0,0,0,NA,0,0.166666666666667,NA,0,0,NA,NA,0.166666666666667,NA,NA,NA,0,0,0.166666666666667,0.333333333333333,NA,0,0.166666666666667,NA,0,0.166666666666667,NA,NA,0.166666666666667,NA,NA,NA
"19",6,6,3,6,0,6,6,6,3,6,0,0,0,0,0,0,0,1,0,0,0,0,1,2,1,1,0,0,0,0,0,0,0,1,1,2,0,0,3,5,0,4,0,0,0,0,0,0,0.125,0.125,0.0625,0.125,0,0.125,0.125,0.125,0.0625,0.125,0,0,0,0,0,0,0,0.166666666666667,0,0,NA,0,0.166666666666667,0.333333333333333,0.333333333333333,0.166666666666667,NA,NA,NA,NA,NA,NA,0,0.166666666666667,0.333333333333333,0.333333333333333,NA,0,0.5,0.833333333333333,0,0.666666666666667,NA,NA,NA,NA,NA,NA,0,1,1,2,0,0,2,4,0,4,0,0,0,0,0,0,6,4,2,4,0,6,3,0,2,1,0,0,0,0,0,0,0,0,0,0,0,0,1,1,0,0,0,0,0,0,0,0,0,1,0,0,0,0,0,1,1,1,0,0,0,0,0,0,0,0.166666666666667,0.333333333333333,0.333333333333333,NA,0,0.333333333333333,0.666666666666667,0,0.666666666666667,NA,NA,NA,NA,NA,NA,1,0.666666666666667,0.666666666666667,0.666666666666667,NA,1,0.5,0,0.666666666666667,0.166666666666667,NA,NA,NA,NA,NA,NA,0,0,0,0,NA,0,0.166666666666667,0.166666666666667,0,0,NA,NA,NA,NA,NA,NA,0,0.166666666666667,0,0,NA,0,0,0.166666666666667,0.333333333333333,0.166666666666667,NA,NA,NA,NA,NA,NA
"20",6,6,6,6,0,3,6,3,0,3,0,0,3,6,0,0,0,1,0,1,0,0,0,1,0,0,0,0,1,1,0,0,0,1,2,2,0,0,6,3,0,1,0,0,1,5,0,0,0.125,0.125,0.125,0.125,0,0.0625,0.125,0.0625,0,0.0625,0,0,0.0625,0.125,0,0,0,0.166666666666667,0,0.166666666666667,NA,0,0,0.333333333333333,NA,0,NA,NA,0.333333333333333,0.166666666666667,NA,NA,0,0.166666666666667,0.333333333333333,0.333333333333333,NA,0,1,1,NA,0.333333333333333,NA,NA,0.333333333333333,0.833333333333333,NA,NA,0,1,2,2,0,0,6,2,0,1,0,0,1,4,0,0,6,4,4,3,0,3,0,0,0,2,0,0,1,1,0,0,0,0,0,0,0,0,0,1,0,0,0,0,0,1,0,0,0,1,0,1,0,0,0,0,0,0,0,0,1,0,0,0,0,0.166666666666667,0.333333333333333,0.333333333333333,NA,0,1,0.666666666666667,NA,0.333333333333333,NA,NA,0.333333333333333,0.666666666666667,NA,NA,1,0.666666666666667,0.666666666666667,0.5,NA,1,0,0,NA,0.666666666666667,NA,NA,0.333333333333333,0.166666666666667,NA,NA,0,0,0,0,NA,0,0,0.333333333333333,NA,0,NA,NA,0,0.166666666666667,NA,NA,0,0.166666666666667,0,0.166666666666667,NA,0,0,0,NA,0,NA,NA,0.333333333333333,0,NA,NA
"21",3,3,6,6,3,6,6,0,3,6,6,0,0,0,0,0,0,0,1,1,0,0,0,0,0,2,2,0,0,0,0,0,0,0,1,4,0,1,4,0,1,1,5,0,0,0,0,0,0.0625,0.0625,0.125,0.125,0.0625,0.125,0.125,0,0.0625,0.125,0.125,0,0,0,0,0,0,0,0.166666666666667,0.166666666666667,0,0,0,NA,0,0.333333333333333,0.333333333333333,NA,NA,NA,NA,NA,0,0,0.166666666666667,0.666666666666667,0,0.166666666666667,0.666666666666667,NA,0.333333333333333,0.166666666666667,0.833333333333333,NA,NA,NA,NA,NA,0,0,1,3,0,1,4,0,1,1,3,0,0,0,0,0,3,3,4,2,3,5,2,0,2,3,1,0,0,0,0,0,0,0,0,1,0,0,0,0,0,0,2,0,0,0,0,0,0,0,1,0,0,0,0,0,0,2,0,0,0,0,0,0,0,0,0.166666666666667,0.5,0,0.166666666666667,0.666666666666667,NA,0.333333333333333,0.166666666666667,0.5,NA,NA,NA,NA,NA,1,1,0.666666666666667,0.333333333333333,1,0.833333333333333,0.333333333333333,NA,0.666666666666667,0.5,0.166666666666667,NA,NA,NA,NA,NA,0,0,0,0.166666666666667,0,0,0,NA,0,0,0.333333333333333,NA,NA,NA,NA,NA,0,0,0.166666666666667,0,0,0,0,NA,0,0.333333333333333,0,NA,NA,NA,NA,NA
"22",3,3,6,6,0,3,6,6,6,6,0,0,3,0,0,0,0,0,0,0,0,0,1,4,0,0,0,0,1,0,0,0,1,1,2,0,0,0,5,3,0,4,0,0,3,0,0,0,0.0625,0.0625,0.125,0.125,0,0.0625,0.125,0.125,0.125,0.125,0,0,0.0625,0,0,0,0,0,0,0,NA,0,0.166666666666667,0.666666666666667,0,0,NA,NA,0.333333333333333,NA,NA,NA,0.333333333333333,0.333333333333333,0.333333333333333,0,NA,0,0.833333333333333,0.5,0,0.666666666666667,NA,NA,1,NA,NA,NA,1,1,2,0,0,0,5,0,0,4,0,0,2,0,0,0,2,2,4,6,0,3,0,2,6,2,0,0,0,0,0,0,0,0,0,0,0,0,0,3,0,0,0,0,1,0,0,0,0,0,0,0,0,0,1,1,0,0,0,0,0,0,0,0,0.333333333333333,0.333333333333333,0.333333333333333,0,NA,0,0.833333333333333,0,0,0.666666666666667,NA,NA,0.666666666666667,NA,NA,NA,0.666666666666667,0.666666666666667,0.666666666666667,1,NA,1,0,0.333333333333333,1,0.333333333333333,NA,NA,0,NA,NA,NA,0,0,0,0,NA,0,0,0.5,0,0,NA,NA,0.333333333333333,NA,NA,NA,0,0,0,0,NA,0,0.166666666666667,0.166666666666667,0,0,NA,NA,0,NA,NA,NA
"23",3,6,6,0,3,3,0,0,6,6,0,0,3,6,0,0,0,0,1,0,0,0,0,0,1,0,0,0,1,1,0,0,1,0,3,0,1,1,0,0,2,2,0,0,0,1,0,0,0.0714285714285714,0.142857142857143,0.142857142857143,0,0.0714285714285714,0.0714285714285714,0,0,0.142857142857143,0.142857142857143,0,0,0.0714285714285714,0.142857142857143,0,0,0,0,0.166666666666667,NA,0,0,NA,NA,0.166666666666667,0,NA,NA,0.333333333333333,0.166666666666667,NA,NA,0.333333333333333,0,0.5,NA,0.333333333333333,0.333333333333333,NA,NA,0.333333333333333,0.333333333333333,NA,NA,0,0.166666666666667,NA,NA,1,0,2,0,1,1,0,0,2,2,0,0,0,1,0,0,2,6,3,0,2,2,0,0,3,4,0,0,2,4,0,0,0,0,1,0,0,0,0,0,0,0,0,0,0,0,0,0,0,0,0,0,0,0,0,0,1,0,0,0,1,1,0,0,0.333333333333333,0,0.333333333333333,NA,0.333333333333333,0.333333333333333,NA,NA,0.333333333333333,0.333333333333333,NA,NA,0,0.166666666666667,NA,NA,0.666666666666667,1,0.5,NA,0.666666666666667,0.666666666666667,NA,NA,0.5,0.666666666666667,NA,NA,0.666666666666667,0.666666666666667,NA,NA,0,0,0.166666666666667,NA,0,0,NA,NA,0,0,NA,NA,0,0,NA,NA,0,0,0,NA,0,0,NA,NA,0.166666666666667,0,NA,NA,0.333333333333333,0.166666666666667,NA,NA
"24",3,3,6,0,3,3,0,0,6,6,0,0,6,3,0,0,0,0,0,0,0,0,0,0,1,0,0,0,0,3,0,0,0,1,3,0,1,1,0,0,1,2,0,0,3,1,0,0,0.0769230769230769,0.0769230769230769,0.153846153846154,0,0.0769230769230769,0.0769230769230769,0,0,0.153846153846154,0.153846153846154,0,0,0.153846153846154,0.0769230769230769,0,0,0,0,0,NA,0,0,NA,NA,0.166666666666667,0,NA,NA,0,1,NA,NA,0,0.333333333333333,0.5,NA,0.333333333333333,0.333333333333333,NA,NA,0.166666666666667,0.333333333333333,NA,NA,0.5,0.333333333333333,NA,NA,0,1,3,0,1,1,0,0,1,2,0,0,3,0,0,0,3,2,3,0,2,2,0,0,4,4,0,0,3,0,0,0,0,0,0,0,0,0,0,0,0,0,0,0,0,1,0,0,0,0,0,0,0,0,0,0,1,0,0,0,0,2,0,0,0,0.333333333333333,0.5,NA,0.333333333333333,0.333333333333333,NA,NA,0.166666666666667,0.333333333333333,NA,NA,0.5,0,NA,NA,1,0.666666666666667,0.5,NA,0.666666666666667,0.666666666666667,NA,NA,0.666666666666667,0.666666666666667,NA,NA,0.5,0,NA,NA,0,0,0,NA,0,0,NA,NA,0,0,NA,NA,0,0.333333333333333,NA,NA,0,0,0,NA,0,0,NA,NA,0.166666666666667,0,NA,NA,0,0.666666666666667,NA,NA
"25",3,3,6,0,0,3,0,0,6,6,0,0,6,0,0,0,0,0,0,0,0,0,0,0,1,0,0,0,1,0,0,0,0,0,3,0,0,0,0,0,3,3,0,0,1,0,0,0,0.0909090909090909,0.0909090909090909,0.181818181818182,0,0,0.0909090909090909,0,0,0.181818181818182,0.181818181818182,0,0,0.181818181818182,0,0,0,0,0,0,NA,NA,0,NA,NA,0.166666666666667,0,NA,NA,0.166666666666667,NA,NA,NA,0,0,0.5,NA,NA,0,NA,NA,0.5,0.5,NA,NA,0.166666666666667,NA,NA,NA,0,0,3,0,0,0,0,0,3,3,0,0,0,0,0,0,3,3,3,0,0,3,0,0,2,3,0,0,5,0,0,0,0,0,0,0,0,0,0,0,0,0,0,0,1,0,0,0,0,0,0,0,0,0,0,0,1,0,0,0,0,0,0,0,0,0,0.5,NA,NA,0,NA,NA,0.5,0.5,NA,NA,0,NA,NA,NA,1,1,0.5,NA,NA,1,NA,NA,0.333333333333333,0.5,NA,NA,0.833333333333333,NA,NA,NA,0,0,0,NA,NA,0,NA,NA,0,0,NA,NA,0.166666666666667,NA,NA,NA,0,0,0,NA,NA,0,NA,NA,0.166666666666667,0,NA,NA,0,NA,NA,NA
"26",3,6,6,6,0,6,6,6,0,6,3,0,0,0,0,0,0,0,1,1,0,0,0,2,0,2,2,0,0,0,0,0,0,1,1,1,0,1,4,4,0,4,2,0,0,0,0,0,0.0625,0.125,0.125,0.125,0,0.125,0.125,0.125,0,0.125,0.0625,0,0,0,0,0,0,0,0.166666666666667,0.166666666666667,NA,0,0,0.333333333333333,NA,0.333333333333333,0.666666666666667,NA,NA,NA,NA,NA,0,0.166666666666667,0.166666666666667,0.166666666666667,NA,0.166666666666667,0.666666666666667,0.666666666666667,NA,0.666666666666667,0.666666666666667,NA,NA,NA,NA,NA,0,1,1,1,0,1,4,3,0,2,0,0,0,0,0,0,3,5,4,4,0,5,2,1,0,2,1,0,0,0,0,0,0,0,0,0,0,0,0,1,0,2,2,0,0,0,0,0,0,0,1,1,0,0,0,1,0,0,0,0,0,0,0,0,0,0.166666666666667,0.166666666666667,0.166666666666667,NA,0.166666666666667,0.666666666666667,0.5,NA,0.333333333333333,0,NA,NA,NA,NA,NA,1,0.833333333333333,0.666666666666667,0.666666666666667,NA,0.833333333333333,0.333333333333333,0.166666666666667,NA,0.333333333333333,0.333333333333333,NA,NA,NA,NA,NA,0,0,0,0,NA,0,0,0.166666666666667,NA,0.333333333333333,0.666666666666667,NA,NA,NA,NA,NA,0,0,0.166666666666667,0.166666666666667,NA,0,0,0.166666666666667,NA,0,0,NA,NA,NA,NA,NA
"27",3,3,6,6,6,6,6,0,3,6,0,0,0,3,0,0,0,0,0,1,0,0,1,0,1,1,0,0,0,1,0,0,0,1,2,3,2,2,4,0,1,1,0,0,0,0,0,0,0.0625,0.0625,0.125,0.125,0.125,0.125,0.125,0,0.0625,0.125,0,0,0,0.0625,0,0,0,0,0,0.166666666666667,0,0,0.166666666666667,NA,0.333333333333333,0.166666666666667,NA,NA,NA,0.333333333333333,NA,NA,0,0.333333333333333,0.333333333333333,0.5,0.333333333333333,0.333333333333333,0.666666666666667,NA,0.333333333333333,0.166666666666667,NA,NA,NA,0,NA,NA,0,1,2,3,2,2,3,0,0,1,0,0,0,0,0,0,3,2,4,2,4,4,2,0,2,4,0,0,0,2,0,0,0,0,0,0,0,0,1,0,1,0,0,0,0,0,0,0,0,0,0,1,0,0,0,0,0,1,0,0,0,1,0,0,0,0.333333333333333,0.333333333333333,0.5,0.333333333333333,0.333333333333333,0.5,NA,0,0.166666666666667,NA,NA,NA,0,NA,NA,1,0.666666666666667,0.666666666666667,0.333333333333333,0.666666666666667,0.666666666666667,0.333333333333333,NA,0.666666666666667,0.666666666666667,NA,NA,NA,0.666666666666667,NA,NA,0,0,0,0,0,0,0.166666666666667,NA,0.333333333333333,0,NA,NA,NA,0,NA,NA,0,0,0,0.166666666666667,0,0,0,NA,0,0.166666666666667,NA,NA,NA,0.333333333333333,NA,NA
"28",3,3,3,6,3,6,6,6,3,3,3,0,3,0,0,0,0,0,0,0,0,1,1,2,0,1,1,0,0,0,0,0,1,0,1,3,1,2,2,4,1,1,1,0,2,0,0,0,0.0625,0.0625,0.0625,0.125,0.0625,0.125,0.125,0.125,0.0625,0.0625,0.0625,0,0.0625,0,0,0,0,0,0,0,0,0.166666666666667,0.166666666666667,0.333333333333333,0,0.333333333333333,0.333333333333333,NA,0,NA,NA,NA,0.333333333333333,0,0.333333333333333,0.5,0.333333333333333,0.333333333333333,0.333333333333333,0.666666666666667,0.333333333333333,0.333333333333333,0.333333333333333,NA,0.666666666666667,NA,NA,NA,1,0,1,3,1,2,1,4,1,1,1,0,2,0,0,0,2,3,2,3,2,3,4,0,2,1,1,0,1,0,0,0,0,0,0,0,0,0,1,0,0,0,0,0,0,0,0,0,0,0,0,0,0,1,0,2,0,1,1,0,0,0,0,0,0.333333333333333,0,0.333333333333333,0.5,0.333333333333333,0.333333333333333,0.166666666666667,0.666666666666667,0.333333333333333,0.333333333333333,0.333333333333333,NA,0.666666666666667,NA,NA,NA,0.666666666666667,1,0.666666666666667,0.5,0.666666666666667,0.5,0.666666666666667,0,0.666666666666667,0.333333333333333,0.333333333333333,NA,0.333333333333333,NA,NA,NA,0,0,0,0,0,0,0.166666666666667,0,0,0,0,NA,0,NA,NA,NA,0,0,0,0,0,0.166666666666667,0,0.333333333333333,0,0.333333333333333,0.333333333333333,NA,0,NA,NA,NA
"29",6,6,0,0,6,0,0,0,6,0,0,0,3,0,0,0,0,2,0,0,0,0,0,0,2,0,0,0,2,0,0,0,1,1,0,0,1,0,0,0,1,0,0,0,1,0,0,0,0.222222222222222,0.222222222222222,0,0,0.222222222222222,0,0,0,0.222222222222222,0,0,0,0.111111111111111,0,0,0,0,0.333333333333333,NA,NA,0,NA,NA,NA,0.333333333333333,NA,NA,NA,0.666666666666667,NA,NA,NA,0.166666666666667,0.166666666666667,NA,NA,0.166666666666667,NA,NA,NA,0.166666666666667,NA,NA,NA,0.333333333333333,NA,NA,NA,1,1,0,0,1,0,0,0,1,0,0,0,0,0,0,0,5,3,0,0,5,0,0,0,3,0,0,0,1,0,0,0,0,0,0,0,0,0,0,0,0,0,0,0,1,0,0,0,0,2,0,0,0,0,0,0,2,0,0,0,1,0,0,0,0.166666666666667,0.166666666666667,NA,NA,0.166666666666667,NA,NA,NA,0.166666666666667,NA,NA,NA,0,NA,NA,NA,0.833333333333333,0.5,NA,NA,0.833333333333333,NA,NA,NA,0.5,NA,NA,NA,0.333333333333333,NA,NA,NA,0,0,NA,NA,0,NA,NA,NA,0,NA,NA,NA,0.333333333333333,NA,NA,NA,0,0.333333333333333,NA,NA,0,NA,NA,NA,0.333333333333333,NA,NA,NA,0.333333333333333,NA,NA,NA
"30",3,3,6,0,3,6,0,0,3,0,0,0,6,0,0,0,0,0,0,0,0,2,0,0,0,0,0,0,0,0,0,0,0,1,3,0,0,1,0,0,1,0,0,0,3,0,0,0,0.1,0.1,0.2,0,0.1,0.2,0,0,0.1,0,0,0,0.2,0,0,0,0,0,0,NA,0,0.333333333333333,NA,NA,0,NA,NA,NA,0,NA,NA,NA,0,0.333333333333333,0.5,NA,0,0.166666666666667,NA,NA,0.333333333333333,NA,NA,NA,0.5,NA,NA,NA,0,1,3,0,0,1,0,0,1,0,0,0,3,0,0,0,3,2,3,0,3,3,0,0,2,0,0,0,3,0,0,0,0,0,0,0,0,0,0,0,0,0,0,0,0,0,0,0,0,0,0,0,0,2,0,0,0,0,0,0,0,0,0,0,0,0.333333333333333,0.5,NA,0,0.166666666666667,NA,NA,0.333333333333333,NA,NA,NA,0.5,NA,NA,NA,1,0.666666666666667,0.5,NA,1,0.5,NA,NA,0.666666666666667,NA,NA,NA,0.5,NA,NA,NA,0,0,0,NA,0,0,NA,NA,0,NA,NA,NA,0,NA,NA,NA,0,0,0,NA,0,0.333333333333333,NA,NA,0,NA,NA,NA,0,NA,NA,NA
"31",3,3,3,6,0,6,6,0,6,6,0,0,6,0,0,0,0,0,0,0,0,0,1,0,0,1,0,0,1,0,0,0,0,0,0,5,0,1,3,0,0,4,0,0,2,0,0,0,0.0666666666666667,0.0666666666666667,0.0666666666666667,0.133333333333333,0,0.133333333333333,0.133333333333333,0,0.133333333333333,0.133333333333333,0,0,0.133333333333333,0,0,0,0,0,0,0,NA,0,0.166666666666667,NA,0,0.166666666666667,NA,NA,0.166666666666667,NA,NA,NA,0,0,0,0.833333333333333,NA,0.166666666666667,0.5,NA,0,0.666666666666667,NA,NA,0.333333333333333,NA,NA,NA,0,0,0,5,0,1,3,0,0,3,0,0,2,0,0,0,3,3,3,1,0,5,2,0,6,2,0,0,3,0,0,0,0,0,0,0,0,0,0,0,0,1,0,0,0,0,0,0,0,0,0,0,0,0,1,0,0,0,0,0,1,0,0,0,0,0,0,0.833333333333333,NA,0.166666666666667,0.5,NA,0,0.5,NA,NA,0.333333333333333,NA,NA,NA,1,1,1,0.166666666666667,NA,0.833333333333333,0.333333333333333,NA,1,0.333333333333333,NA,NA,0.5,NA,NA,NA,0,0,0,0,NA,0,0,NA,0,0.166666666666667,NA,NA,0,NA,NA,NA,0,0,0,0,NA,0,0.166666666666667,NA,0,0,NA,NA,0.166666666666667,NA,NA,NA
"32",3,3,3,6,3,6,6,0,6,3,0,0,0,0,0,0,0,0,0,0,0,1,2,0,0,1,0,0,0,0,0,0,0,0,1,3,0,3,2,0,3,2,0,0,0,0,0,0,0.0769230769230769,0.0769230769230769,0.0769230769230769,0.153846153846154,0.0769230769230769,0.153846153846154,0.153846153846154,0,0.153846153846154,0.0769230769230769,0,0,0,0,0,0,0,0,0,0,0,0.166666666666667,0.333333333333333,NA,0,0.333333333333333,NA,NA,NA,NA,NA,NA,0,0,0.333333333333333,0.5,0,0.5,0.333333333333333,NA,0.5,0.666666666666667,NA,NA,NA,NA,NA,NA,0,0,1,3,0,3,1,0,3,2,0,0,0,0,0,0,3,3,2,3,3,2,3,0,3,0,0,0,0,0,0,0,0,0,0,0,0,0,1,0,0,0,0,0,0,0,0,0,0,0,0,0,0,1,1,0,0,1,0,0,0,0,0,0,0,0,0.333333333333333,0.5,0,0.5,0.166666666666667,NA,0.5,0.666666666666667,NA,NA,NA,NA,NA,NA,1,1,0.666666666666667,0.5,1,0.333333333333333,0.5,NA,0.5,0,NA,NA,NA,NA,NA,NA,0,0,0,0,0,0,0.166666666666667,NA,0,0,NA,NA,NA,NA,NA,NA,0,0,0,0,0,0.166666666666667,0.166666666666667,NA,0,0.333333333333333,NA,NA,NA,NA,NA,NA
"33",3,6,6,6,0,3,6,6,3,6,0,0,3,0,0,0,0,0,1,1,0,0,0,3,0,0,0,0,2,0,0,0,0,0,2,2,0,0,4,4,0,6,0,0,2,0,0,0,0.0625,0.125,0.125,0.125,0,0.0625,0.125,0.125,0.0625,0.125,0,0,0.0625,0,0,0,0,0,0.166666666666667,0.166666666666667,NA,0,0,0.5,0,0,NA,NA,0.666666666666667,NA,NA,NA,0,0,0.333333333333333,0.333333333333333,NA,0,0.666666666666667,0.666666666666667,0,1,NA,NA,0.666666666666667,NA,NA,NA,0,0,2,1,0,0,4,3,0,6,0,0,1,0,0,0,3,6,3,4,0,3,2,0,3,0,0,0,0,0,0,0,0,0,0,1,0,0,0,1,0,0,0,0,1,0,0,0,0,0,1,0,0,0,0,2,0,0,0,0,1,0,0,0,0,0,0.333333333333333,0.166666666666667,NA,0,0.666666666666667,0.5,0,1,NA,NA,0.333333333333333,NA,NA,NA,1,1,0.5,0.666666666666667,NA,1,0.333333333333333,0,1,0,NA,NA,0,NA,NA,NA,0,0,0,0.166666666666667,NA,0,0,0.166666666666667,0,0,NA,NA,0.333333333333333,NA,NA,NA,0,0,0.166666666666667,0,NA,0,0,0.333333333333333,0,0,NA,NA,0.333333333333333,NA,NA,NA
"34",3,3,6,3,6,6,0,0,6,0,0,0,3,0,0,0,0,0,0,1,0,0,0,0,1,0,0,0,1,0,0,0,1,0,2,2,2,4,0,0,1,0,0,0,0,0,0,0,0.0833333333333333,0.0833333333333333,0.166666666666667,0.0833333333333333,0.166666666666667,0.166666666666667,0,0,0.166666666666667,0,0,0,0.0833333333333333,0,0,0,0,0,0,0.333333333333333,0,0,NA,NA,0.166666666666667,NA,NA,NA,0.333333333333333,NA,NA,NA,0.333333333333333,0,0.333333333333333,0.666666666666667,0.333333333333333,0.666666666666667,NA,NA,0.166666666666667,NA,NA,NA,0,NA,NA,NA,1,0,2,2,2,4,0,0,1,0,0,0,0,0,0,0,2,3,4,0,4,2,0,0,4,0,0,0,2,0,0,0,0,0,0,0,0,0,0,0,0,0,0,0,0,0,0,0,0,0,0,1,0,0,0,0,1,0,0,0,1,0,0,0,0.333333333333333,0,0.333333333333333,0.666666666666667,0.333333333333333,0.666666666666667,NA,NA,0.166666666666667,NA,NA,NA,0,NA,NA,NA,0.666666666666667,1,0.666666666666667,0,0.666666666666667,0.333333333333333,NA,NA,0.666666666666667,NA,NA,NA,0.666666666666667,NA,NA,NA,0,0,0,0,0,0,NA,NA,0,NA,NA,NA,0,NA,NA,NA,0,0,0,0.333333333333333,0,0,NA,NA,0.166666666666667,NA,NA,NA,0.333333333333333,NA,NA,NA
"35",6,6,0,0,3,0,0,0,6,0,0,0,6,0,0,0,1,0,0,0,0,0,0,0,0,0,0,0,1,0,0,0,0,3,0,0,0,0,0,0,0,0,0,0,4,0,0,0,0.222222222222222,0.222222222222222,0,0,0.111111111111111,0,0,0,0.222222222222222,0,0,0,0.222222222222222,0,0,0,0.166666666666667,0,NA,NA,0,NA,NA,NA,0,NA,NA,NA,0.166666666666667,NA,NA,NA,0,0.5,NA,NA,0,NA,NA,NA,0,NA,NA,NA,0.666666666666667,NA,NA,NA,0,3,0,0,0,0,0,0,0,0,0,0,3,0,0,0,5,3,0,0,3,0,0,0,6,0,0,0,2,0,0,0,0,0,0,0,0,0,0,0,0,0,0,0,1,0,0,0,1,0,0,0,0,0,0,0,0,0,0,0,0,0,0,0,0,0.5,NA,NA,0,NA,NA,NA,0,NA,NA,NA,0.5,NA,NA,NA,0.833333333333333,0.5,NA,NA,1,NA,NA,NA,1,NA,NA,NA,0.333333333333333,NA,NA,NA,0,0,NA,NA,0,NA,NA,NA,0,NA,NA,NA,0.166666666666667,NA,NA,NA,0.166666666666667,0,NA,NA,0,NA,NA,NA,0,NA,NA,NA,0,NA,NA,NA
"36",3,3,6,6,6,3,0,0,6,6,0,0,3,0,0,0,0,0,0,3,1,0,0,0,2,1,0,0,1,0,0,0,0,0,2,4,0,1,0,0,1,3,0,0,2,0,0,0,0.0714285714285714,0.0714285714285714,0.142857142857143,0.142857142857143,0.142857142857143,0.0714285714285714,0,0,0.142857142857143,0.142857142857143,0,0,0.0714285714285714,0,0,0,0,0,0,0.5,0.166666666666667,0,NA,NA,0.333333333333333,0.166666666666667,NA,NA,0.333333333333333,NA,NA,NA,0,0,0.333333333333333,0.666666666666667,0,0.333333333333333,NA,NA,0.166666666666667,0.5,NA,NA,0.666666666666667,NA,NA,NA,0,0,2,2,0,1,0,0,1,3,0,0,1,0,0,0,3,3,4,1,5,2,0,0,3,2,0,0,1,0,0,0,0,0,0,2,0,0,0,0,0,0,0,0,1,0,0,0,0,0,0,1,1,0,0,0,2,1,0,0,0,0,0,0,0,0,0.333333333333333,0.333333333333333,0,0.333333333333333,NA,NA,0.166666666666667,0.5,NA,NA,0.333333333333333,NA,NA,NA,1,1,0.666666666666667,0.166666666666667,0.833333333333333,0.666666666666667,NA,NA,0.5,0.333333333333333,NA,NA,0.333333333333333,NA,NA,NA,0,0,0,0.333333333333333,0,0,NA,NA,0,0,NA,NA,0.333333333333333,NA,NA,NA,0,0,0,0.166666666666667,0.166666666666667,0,NA,NA,0.333333333333333,0.166666666666667,NA,NA,0,NA,NA,NA
"37",3,3,3,6,3,6,6,6,3,6,0,0,3,0,0,0,0,0,0,0,0,0,0,1,0,2,0,0,0,0,0,0,0,1,1,2,1,2,5,3,1,4,0,0,1,0,0,0,0.0625,0.0625,0.0625,0.125,0.0625,0.125,0.125,0.125,0.0625,0.125,0,0,0.0625,0,0,0,0,0,0,0,0,0,0,0.166666666666667,0,0.333333333333333,NA,NA,0,NA,NA,NA,0,0.333333333333333,0.333333333333333,0.333333333333333,0.333333333333333,0.333333333333333,0.833333333333333,0.5,0.333333333333333,0.666666666666667,NA,NA,0.333333333333333,NA,NA,NA,0,1,1,2,1,2,5,2,1,3,0,0,1,0,0,0,3,2,2,4,2,4,1,3,2,1,0,0,2,0,0,0,0,0,0,0,0,0,0,1,0,1,0,0,0,0,0,0,0,0,0,0,0,0,0,0,0,1,0,0,0,0,0,0,0,0.333333333333333,0.333333333333333,0.333333333333333,0.333333333333333,0.333333333333333,0.833333333333333,0.333333333333333,0.333333333333333,0.5,NA,NA,0.333333333333333,NA,NA,NA,1,0.666666666666667,0.666666666666667,0.666666666666667,0.666666666666667,0.666666666666667,0.166666666666667,0.5,0.666666666666667,0.166666666666667,NA,NA,0.666666666666667,NA,NA,NA,0,0,0,0,0,0,0,0.166666666666667,0,0.166666666666667,NA,NA,0,NA,NA,NA,0,0,0,0,0,0,0,0,0,0.166666666666667,NA,NA,0,NA,NA,NA
"38",3,3,6,0,6,6,0,0,6,0,0,0,3,0,0,0,0,0,0,0,1,1,0,0,1,0,0,0,1,0,0,0,1,0,3,0,1,4,0,0,2,0,0,0,1,0,0,0,0.0909090909090909,0.0909090909090909,0.181818181818182,0,0.181818181818182,0.181818181818182,0,0,0.181818181818182,0,0,0,0.0909090909090909,0,0,0,0,0,0,NA,0.166666666666667,0.166666666666667,NA,NA,0.166666666666667,NA,NA,NA,0.333333333333333,NA,NA,NA,0.333333333333333,0,0.5,NA,0.166666666666667,0.666666666666667,NA,NA,0.333333333333333,NA,NA,NA,0.333333333333333,NA,NA,NA,1,0,3,0,1,3,0,0,1,0,0,0,1,0,0,0,2,3,3,0,4,2,0,0,4,0,0,0,1,0,0,0,0,0,0,0,0,1,0,0,1,0,0,0,0,0,0,0,0,0,0,0,1,0,0,0,0,0,0,0,1,0,0,0,0.333333333333333,0,0.5,NA,0.166666666666667,0.5,NA,NA,0.166666666666667,NA,NA,NA,0.333333333333333,NA,NA,NA,0.666666666666667,1,0.5,NA,0.666666666666667,0.333333333333333,NA,NA,0.666666666666667,NA,NA,NA,0.333333333333333,NA,NA,NA,0,0,0,NA,0,0.166666666666667,NA,NA,0.166666666666667,NA,NA,NA,0,NA,NA,NA,0,0,0,NA,0.166666666666667,0,NA,NA,0,NA,NA,NA,0.333333333333333,NA,NA,NA
"39",3,3,3,6,6,6,6,3,0,6,0,0,0,0,0,0,0,0,0,0,2,0,2,1,0,2,0,0,0,0,0,0,1,0,1,3,1,0,2,1,0,4,0,0,0,0,0,0,0.0714285714285714,0.0714285714285714,0.0714285714285714,0.142857142857143,0.142857142857143,0.142857142857143,0.142857142857143,0.0714285714285714,0,0.142857142857143,0,0,0,0,0,0,0,0,0,0,0.333333333333333,0,0.333333333333333,0.333333333333333,NA,0.333333333333333,NA,NA,NA,NA,NA,NA,0.333333333333333,0,0.333333333333333,0.5,0.166666666666667,0,0.333333333333333,0.333333333333333,NA,0.666666666666667,NA,NA,NA,NA,NA,NA,1,0,1,3,0,0,1,1,0,2,0,0,0,0,0,0,2,3,2,3,4,6,3,1,0,2,0,0,0,0,0,0,0,0,0,0,1,0,1,0,0,2,0,0,0,0,0,0,0,0,0,0,1,0,1,1,0,0,0,0,0,0,0,0,0.333333333333333,0,0.333333333333333,0.5,0,0,0.166666666666667,0.333333333333333,NA,0.333333333333333,NA,NA,NA,NA,NA,NA,0.666666666666667,1,0.666666666666667,0.5,0.666666666666667,1,0.5,0.333333333333333,NA,0.333333333333333,NA,NA,NA,NA,NA,NA,0,0,0,0,0.166666666666667,0,0.166666666666667,0,NA,0.333333333333333,NA,NA,NA,NA,NA,NA,0,0,0,0,0.166666666666667,0,0.166666666666667,0.333333333333333,NA,0,NA,NA,NA,NA,NA,NA
"40",3,3,6,0,6,6,0,0,3,6,0,0,6,0,0,0,0,0,0,0,1,1,0,0,0,2,0,0,0,0,0,0,0,0,3,0,1,2,0,0,0,3,0,0,2,0,0,0,0.0769230769230769,0.0769230769230769,0.153846153846154,0,0.153846153846154,0.153846153846154,0,0,0.0769230769230769,0.153846153846154,0,0,0.153846153846154,0,0,0,0,0,0,NA,0.166666666666667,0.166666666666667,NA,NA,0,0.333333333333333,NA,NA,0,NA,NA,NA,0,0,0.5,NA,0.166666666666667,0.333333333333333,NA,NA,0,0.5,NA,NA,0.333333333333333,NA,NA,NA,0,0,3,0,1,1,0,0,0,1,0,0,2,0,0,0,3,3,3,0,4,4,0,0,3,3,0,0,4,0,0,0,0,0,0,0,0,1,0,0,0,2,0,0,0,0,0,0,0,0,0,0,1,0,0,0,0,0,0,0,0,0,0,0,0,0,0.5,NA,0.166666666666667,0.166666666666667,NA,NA,0,0.166666666666667,NA,NA,0.333333333333333,NA,NA,NA,1,1,0.5,NA,0.666666666666667,0.666666666666667,NA,NA,1,0.5,NA,NA,0.666666666666667,NA,NA,NA,0,0,0,NA,0,0.166666666666667,NA,NA,0,0.333333333333333,NA,NA,0,NA,NA,NA,0,0,0,NA,0.166666666666667,0,NA,NA,0,0,NA,NA,0,NA,NA,NA
"41",3,3,3,6,0,3,6,6,6,6,3,0,3,0,0,0,0,0,0,0,0,0,0,2,1,0,2,0,1,0,0,0,0,0,1,2,0,1,2,3,2,3,1,0,1,0,0,0,0.0625,0.0625,0.0625,0.125,0,0.0625,0.125,0.125,0.125,0.125,0.0625,0,0.0625,0,0,0,0,0,0,0,NA,0,0,0.333333333333333,0.166666666666667,0,0.666666666666667,NA,0.333333333333333,NA,NA,NA,0,0,0.333333333333333,0.333333333333333,NA,0.333333333333333,0.333333333333333,0.5,0.333333333333333,0.5,0.333333333333333,NA,0.333333333333333,NA,NA,NA,0,0,1,2,0,1,2,3,1,3,0,0,1,0,0,0,3,3,2,4,0,2,4,1,4,3,1,0,1,0,0,0,0,0,0,0,0,0,0,0,1,0,1,0,0,0,0,0,0,0,0,0,0,0,0,2,0,0,1,0,1,0,0,0,0,0,0.333333333333333,0.333333333333333,NA,0.333333333333333,0.333333333333333,0.5,0.166666666666667,0.5,0,NA,0.333333333333333,NA,NA,NA,1,1,0.666666666666667,0.666666666666667,NA,0.666666666666667,0.666666666666667,0.166666666666667,0.666666666666667,0.5,0.333333333333333,NA,0.333333333333333,NA,NA,NA,0,0,0,0,NA,0,0,0,0.166666666666667,0,0.333333333333333,NA,0,NA,NA,NA,0,0,0,0,NA,0,0,0.333333333333333,0,0,0.333333333333333,NA,0.333333333333333,NA,NA,NA
"42",3,3,6,6,6,6,0,0,0,6,0,0,0,0,0,0,0,0,0,2,2,1,0,0,0,2,0,0,0,0,0,0,0,0,2,3,4,1,0,0,0,5,0,0,0,0,0,0,0.0833333333333333,0.0833333333333333,0.166666666666667,0.166666666666667,0.166666666666667,0.166666666666667,0,0,0,0.166666666666667,0,0,0,0,0,0,0,0,0,0.333333333333333,0.333333333333333,0.166666666666667,NA,NA,NA,0.333333333333333,NA,NA,NA,NA,NA,NA,0,0,0.333333333333333,0.5,0.666666666666667,0.166666666666667,NA,NA,NA,0.833333333333333,NA,NA,NA,NA,NA,NA,0,0,2,2,3,1,0,0,0,4,0,0,0,0,0,0,3,3,4,2,1,4,0,0,0,0,0,0,0,0,0,0,0,0,0,1,1,0,0,0,0,1,0,0,0,0,0,0,0,0,0,1,1,1,0,0,0,1,0,0,0,0,0,0,0,0,0.333333333333333,0.333333333333333,0.5,0.166666666666667,NA,NA,NA,0.666666666666667,NA,NA,NA,NA,NA,NA,1,1,0.666666666666667,0.333333333333333,0.166666666666667,0.666666666666667,NA,NA,NA,0,NA,NA,NA,NA,NA,NA,0,0,0,0.166666666666667,0.166666666666667,0,NA,NA,NA,0.166666666666667,NA,NA,NA,NA,NA,NA,0,0,0,0.166666666666667,0.166666666666667,0.166666666666667,NA,NA,NA,0.166666666666667,NA,NA,NA,NA,NA,NA
"43",3,6,6,6,0,3,6,6,0,3,0,0,3,6,0,0,0,0,1,0,0,0,0,2,0,0,0,0,0,1,0,0,0,1,1,2,0,1,4,3,0,0,0,0,1,4,0,0,0.0625,0.125,0.125,0.125,0,0.0625,0.125,0.125,0,0.0625,0,0,0.0625,0.125,0,0,0,0,0.166666666666667,0,NA,0,0,0.333333333333333,NA,0,NA,NA,0,0.166666666666667,NA,NA,0,0.166666666666667,0.166666666666667,0.333333333333333,NA,0.333333333333333,0.666666666666667,0.5,NA,0,NA,NA,0.333333333333333,0.666666666666667,NA,NA,0,1,0,2,0,1,4,2,0,0,0,0,1,3,0,0,3,5,5,4,0,2,2,2,0,3,0,0,2,2,0,0,0,0,1,0,0,0,0,1,0,0,0,0,0,1,0,0,0,0,0,0,0,0,0,1,0,0,0,0,0,0,0,0,0,0.166666666666667,0,0.333333333333333,NA,0.333333333333333,0.666666666666667,0.333333333333333,NA,0,NA,NA,0.333333333333333,0.5,NA,NA,1,0.833333333333333,0.833333333333333,0.666666666666667,NA,0.666666666666667,0.333333333333333,0.333333333333333,NA,1,NA,NA,0.666666666666667,0.333333333333333,NA,NA,0,0,0.166666666666667,0,NA,0,0,0.166666666666667,NA,0,NA,NA,0,0.166666666666667,NA,NA,0,0,0,0,NA,0,0,0.166666666666667,NA,0,NA,NA,0,0,NA,NA
"44",3,3,6,6,0,3,6,0,6,3,0,0,6,6,0,0,0,0,1,2,0,0,0,0,0,0,0,0,2,1,0,0,0,0,1,3,0,1,3,0,2,1,0,0,3,4,0,0,0.0625,0.0625,0.125,0.125,0,0.0625,0.125,0,0.125,0.0625,0,0,0.125,0.125,0,0,0,0,0.166666666666667,0.333333333333333,NA,0,0,NA,0,0,NA,NA,0.333333333333333,0.166666666666667,NA,NA,0,0,0.166666666666667,0.5,NA,0.333333333333333,0.5,NA,0.333333333333333,0.333333333333333,NA,NA,0.5,0.666666666666667,NA,NA,0,0,0,3,0,1,3,0,2,1,0,0,3,4,0,0,3,3,5,1,0,2,3,0,4,2,0,0,1,1,0,0,0,0,1,0,0,0,0,0,0,0,0,0,0,0,0,0,0,0,0,2,0,0,0,0,0,0,0,0,2,1,0,0,0,0,0,0.5,NA,0.333333333333333,0.5,NA,0.333333333333333,0.333333333333333,NA,NA,0.5,0.666666666666667,NA,NA,1,1,0.833333333333333,0.166666666666667,NA,0.666666666666667,0.5,NA,0.666666666666667,0.666666666666667,NA,NA,0.166666666666667,0.166666666666667,NA,NA,0,0,0.166666666666667,0,NA,0,0,NA,0,0,NA,NA,0,0,NA,NA,0,0,0,0.333333333333333,NA,0,0,NA,0,0,NA,NA,0.333333333333333,0.166666666666667,NA,NA
"45",3,6,3,0,6,0,0,0,6,0,0,0,3,0,0,0,0,1,1,0,0,0,0,0,1,0,0,0,1,0,0,0,0,1,0,0,2,0,0,0,2,0,0,0,0,0,0,0,0.111111111111111,0.222222222222222,0.111111111111111,0,0.222222222222222,0,0,0,0.222222222222222,0,0,0,0.111111111111111,0,0,0,0,0.166666666666667,0.333333333333333,NA,0,NA,NA,NA,0.166666666666667,NA,NA,NA,0.333333333333333,NA,NA,NA,0,0.166666666666667,0,NA,0.333333333333333,NA,NA,NA,0.333333333333333,NA,NA,NA,0,NA,NA,NA,0,1,0,0,2,0,0,0,1,0,0,0,0,0,0,0,3,4,2,0,4,0,0,0,4,0,0,0,2,0,0,0,0,0,0,0,0,0,0,0,1,0,0,0,0,0,0,0,0,1,1,0,0,0,0,0,0,0,0,0,1,0,0,0,0,0.166666666666667,0,NA,0.333333333333333,NA,NA,NA,0.166666666666667,NA,NA,NA,0,NA,NA,NA,1,0.666666666666667,0.666666666666667,NA,0.666666666666667,NA,NA,NA,0.666666666666667,NA,NA,NA,0.666666666666667,NA,NA,NA,0,0,0,NA,0,NA,NA,NA,0.166666666666667,NA,NA,NA,0,NA,NA,NA,0,0.166666666666667,0.333333333333333,NA,0,NA,NA,NA,0,NA,NA,NA,0.333333333333333,NA,NA,NA
"46",3,6,6,3,3,6,0,0,6,6,0,0,3,3,0,0,0,0,1,1,0,0,0,0,1,1,0,0,1,1,0,0,0,1,0,2,0,2,0,0,1,1,0,0,0,2,0,0,0.0666666666666667,0.133333333333333,0.133333333333333,0.0666666666666667,0.0666666666666667,0.133333333333333,0,0,0.133333333333333,0.133333333333333,0,0,0.0666666666666667,0.0666666666666667,0,0,0,0,0.166666666666667,0.333333333333333,0,0,NA,NA,0.166666666666667,0.166666666666667,NA,NA,0.333333333333333,0.333333333333333,NA,NA,0,0.166666666666667,0,0.666666666666667,0,0.333333333333333,NA,NA,0.166666666666667,0.166666666666667,NA,NA,0,0.666666666666667,NA,NA,0,1,0,1,0,2,0,0,1,0,0,0,0,1,0,0,3,5,5,1,3,4,0,0,4,5,0,0,2,1,0,0,0,0,0,1,0,0,0,0,0,1,0,0,0,1,0,0,0,0,1,0,0,0,0,0,1,0,0,0,1,0,0,0,0,0.166666666666667,0,0.333333333333333,0,0.333333333333333,NA,NA,0.166666666666667,0,NA,NA,0,0.333333333333333,NA,NA,1,0.833333333333333,0.833333333333333,0.333333333333333,1,0.666666666666667,NA,NA,0.666666666666667,0.833333333333333,NA,NA,0.666666666666667,0.333333333333333,NA,NA,0,0,0,0.333333333333333,0,0,NA,NA,0,0.166666666666667,NA,NA,0,0.333333333333333,NA,NA,0,0,0.166666666666667,0,0,0,NA,NA,0.166666666666667,0,NA,NA,0.333333333333333,0,NA,NA
"47",3,3,3,3,3,6,0,6,6,3,6,6,0,0,0,0,0,0,0,0,0,0,0,0,0,1,1,1,0,0,0,0,0,1,0,1,1,3,0,2,2,2,5,4,0,0,0,0,0.0625,0.0625,0.0625,0.0625,0.0625,0.125,0,0.125,0.125,0.0625,0.125,0.125,0,0,0,0,0,0,0,0,0,0,NA,0,0,0.333333333333333,0.166666666666667,0.166666666666667,NA,NA,NA,NA,0,0.333333333333333,0,0.333333333333333,0.333333333333333,0.5,NA,0.333333333333333,0.333333333333333,0.666666666666667,0.833333333333333,0.666666666666667,NA,NA,NA,NA,0,1,0,1,1,3,0,2,2,1,4,3,0,0,0,0,3,2,3,2,2,3,0,4,4,1,1,2,0,0,0,0,0,0,0,0,0,0,0,0,0,1,1,1,0,0,0,0,0,0,0,0,0,0,0,0,0,0,0,0,0,0,0,0,0,0.333333333333333,0,0.333333333333333,0.333333333333333,0.5,NA,0.333333333333333,0.333333333333333,0.333333333333333,0.666666666666667,0.5,NA,NA,NA,NA,1,0.666666666666667,1,0.666666666666667,0.666666666666667,0.5,NA,0.666666666666667,0.666666666666667,0.333333333333333,0.166666666666667,0.333333333333333,NA,NA,NA,NA,0,0,0,0,0,0,NA,0,0,0.333333333333333,0.166666666666667,0.166666666666667,NA,NA,NA,NA,0,0,0,0,0,0,NA,0,0,0,0,0,NA,NA,NA,NA
"48",3,6,6,6,6,6,6,6,0,0,0,0,0,0,0,0,0,0,1,0,1,0,1,2,0,0,0,0,0,0,0,0,0,1,0,1,3,4,4,4,0,0,0,0,0,0,0,0,0.0666666666666667,0.133333333333333,0.133333333333333,0.133333333333333,0.133333333333333,0.133333333333333,0.133333333333333,0.133333333333333,0,0,0,0,0,0,0,0,0,0,0.166666666666667,0,0.166666666666667,0,0.166666666666667,0.333333333333333,NA,NA,NA,NA,NA,NA,NA,NA,0,0.166666666666667,0,0.166666666666667,0.5,0.666666666666667,0.666666666666667,0.666666666666667,NA,NA,NA,NA,NA,NA,NA,NA,0,1,0,1,2,4,3,3,0,0,0,0,0,0,0,0,3,5,5,5,3,2,2,1,0,0,0,0,0,0,0,0,0,0,0,0,1,0,1,1,0,0,0,0,0,0,0,0,0,0,1,0,0,0,0,1,0,0,0,0,0,0,0,0,0,0.166666666666667,0,0.166666666666667,0.333333333333333,0.666666666666667,0.5,0.5,NA,NA,NA,NA,NA,NA,NA,NA,1,0.833333333333333,0.833333333333333,0.833333333333333,0.5,0.333333333333333,0.333333333333333,0.166666666666667,NA,NA,NA,NA,NA,NA,NA,NA,0,0,0,0,0.166666666666667,0,0.166666666666667,0.166666666666667,NA,NA,NA,NA,NA,NA,NA,NA,0,0,0.166666666666667,0,0,0,0,0.166666666666667,NA,NA,NA,NA,NA,NA,NA,NA
"49",3,3,3,6,3,6,6,0,6,3,0,0,6,0,0,0,0,0,0,0,0,0,1,0,0,1,0,0,1,0,0,0,0,0,0,4,1,2,6,0,0,2,0,0,0,0,0,0,0.0666666666666667,0.0666666666666667,0.0666666666666667,0.133333333333333,0.0666666666666667,0.133333333333333,0.133333333333333,0,0.133333333333333,0.0666666666666667,0,0,0.133333333333333,0,0,0,0,0,0,0,0,0,0.166666666666667,NA,0,0.333333333333333,NA,NA,0.166666666666667,NA,NA,NA,0,0,0,0.666666666666667,0.333333333333333,0.333333333333333,1,NA,0,0.666666666666667,NA,NA,0,NA,NA,NA,0,0,0,4,1,2,5,0,0,2,0,0,0,0,0,0,3,3,3,2,2,4,0,0,6,0,0,0,5,0,0,0,0,0,0,0,0,0,1,0,0,0,0,0,0,0,0,0,0,0,0,0,0,0,0,0,0,1,0,0,1,0,0,0,0,0,0,0.666666666666667,0.333333333333333,0.333333333333333,0.833333333333333,NA,0,0.666666666666667,NA,NA,0,NA,NA,NA,1,1,1,0.333333333333333,0.666666666666667,0.666666666666667,0,NA,1,0,NA,NA,0.833333333333333,NA,NA,NA,0,0,0,0,0,0,0.166666666666667,NA,0,0,NA,NA,0,NA,NA,NA,0,0,0,0,0,0,0,NA,0,0.333333333333333,NA,NA,0.166666666666667,NA,NA,NA
"50",6,6,3,6,6,6,6,3,3,3,0,0,0,0,0,0,0,1,0,0,0,2,2,1,1,1,0,0,0,0,0,0,0,1,1,3,1,2,3,1,1,2,0,0,0,0,0,0,0.125,0.125,0.0625,0.125,0.125,0.125,0.125,0.0625,0.0625,0.0625,0,0,0,0,0,0,0,0.166666666666667,0,0,0,0.333333333333333,0.333333333333333,0.333333333333333,0.333333333333333,0.333333333333333,NA,NA,NA,NA,NA,NA,0,0.166666666666667,0.333333333333333,0.5,0.166666666666667,0.333333333333333,0.5,0.333333333333333,0.333333333333333,0.666666666666667,NA,NA,NA,NA,NA,NA,0,1,1,3,1,2,2,1,0,2,0,0,0,0,0,0,6,4,2,3,5,2,2,1,2,0,0,0,0,0,0,0,0,0,0,0,0,0,1,0,1,0,0,0,0,0,0,0,0,1,0,0,0,2,1,1,0,1,0,0,0,0,0,0,0,0.166666666666667,0.333333333333333,0.5,0.166666666666667,0.333333333333333,0.333333333333333,0.333333333333333,0,0.666666666666667,NA,NA,NA,NA,NA,NA,1,0.666666666666667,0.666666666666667,0.5,0.833333333333333,0.333333333333333,0.333333333333333,0.333333333333333,0.666666666666667,0,NA,NA,NA,NA,NA,NA,0,0,0,0,0,0,0.166666666666667,0,0.333333333333333,0,NA,NA,NA,NA,NA,NA,0,0.166666666666667,0,0,0,0.333333333333333,0.166666666666667,0.333333333333333,0,0.333333333333333,NA,NA,NA,NA,NA,NA
"51",6,6,3,6,3,6,6,6,0,6,0,0,0,0,0,0,0,1,0,0,0,0,0,2,0,2,0,0,0,0,0,0,1,0,0,1,0,1,4,5,0,5,0,0,0,0,0,0,0.125,0.125,0.0625,0.125,0.0625,0.125,0.125,0.125,0,0.125,0,0,0,0,0,0,0,0.166666666666667,0,0,0,0,0,0.333333333333333,NA,0.333333333333333,NA,NA,NA,NA,NA,NA,0.166666666666667,0,0,0.166666666666667,0,0.166666666666667,0.666666666666667,0.833333333333333,NA,0.833333333333333,NA,NA,NA,NA,NA,NA,1,0,0,1,0,1,4,3,0,4,0,0,0,0,0,0,5,5,3,5,3,5,2,1,0,0,0,0,0,0,0,0,0,0,0,0,0,0,0,2,0,1,0,0,0,0,0,0,0,1,0,0,0,0,0,0,0,1,0,0,0,0,0,0,0.166666666666667,0,0,0.166666666666667,0,0.166666666666667,0.666666666666667,0.5,NA,0.666666666666667,NA,NA,NA,NA,NA,NA,0.833333333333333,0.833333333333333,1,0.833333333333333,1,0.833333333333333,0.333333333333333,0.166666666666667,NA,0,NA,NA,NA,NA,NA,NA,0,0,0,0,0,0,0,0.333333333333333,NA,0.166666666666667,NA,NA,NA,NA,NA,NA,0,0.166666666666667,0,0,0,0,0,0,NA,0.166666666666667,NA,NA,NA,NA,NA,NA
"52",3,3,6,0,0,6,0,0,6,6,0,0,6,3,0,0,0,0,0,0,0,0,0,0,0,1,0,0,2,2,0,0,0,0,3,0,0,0,0,0,1,2,0,0,4,1,0,0,0.0769230769230769,0.0769230769230769,0.153846153846154,0,0,0.153846153846154,0,0,0.153846153846154,0.153846153846154,0,0,0.153846153846154,0.0769230769230769,0,0,0,0,0,NA,NA,0,NA,NA,0,0.166666666666667,NA,NA,0.333333333333333,0.666666666666667,NA,NA,0,0,0.5,NA,NA,0,NA,NA,0.166666666666667,0.333333333333333,NA,NA,0.666666666666667,0.333333333333333,NA,NA,0,0,3,0,0,0,0,0,1,1,0,0,3,1,0,0,3,3,3,0,0,6,0,0,5,4,0,0,1,0,0,0,0,0,0,0,0,0,0,0,0,1,0,0,1,0,0,0,0,0,0,0,0,0,0,0,0,0,0,0,1,2,0,0,0,0,0.5,NA,NA,0,NA,NA,0.166666666666667,0.166666666666667,NA,NA,0.5,0.333333333333333,NA,NA,1,1,0.5,NA,NA,1,NA,NA,0.833333333333333,0.666666666666667,NA,NA,0.166666666666667,0,NA,NA,0,0,0,NA,NA,0,NA,NA,0,0.166666666666667,NA,NA,0.166666666666667,0,NA,NA,0,0,0,NA,NA,0,NA,NA,0,0,NA,NA,0.166666666666667,0.666666666666667,NA,NA
"53",3,3,3,3,6,6,6,6,3,6,0,3,0,0,0,0,0,0,0,0,0,0,1,1,1,3,0,1,0,0,0,0,0,1,1,1,0,2,4,3,1,3,0,2,0,0,0,0,0.0625,0.0625,0.0625,0.0625,0.125,0.125,0.125,0.125,0.0625,0.125,0,0.0625,0,0,0,0,0,0,0,0,0,0,0.166666666666667,0.166666666666667,0.333333333333333,0.5,NA,0.333333333333333,NA,NA,NA,NA,0,0.333333333333333,0.333333333333333,0.333333333333333,0,0.333333333333333,0.666666666666667,0.5,0.333333333333333,0.5,NA,0.666666666666667,NA,NA,NA,NA,0,1,1,1,0,2,4,2,1,1,0,1,0,0,0,0,3,2,2,2,6,4,1,3,1,2,0,1,0,0,0,0,0,0,0,0,0,0,0,1,0,2,0,1,0,0,0,0,0,0,0,0,0,0,1,0,1,1,0,0,0,0,0,0,0,0.333333333333333,0.333333333333333,0.333333333333333,0,0.333333333333333,0.666666666666667,0.333333333333333,0.333333333333333,0.166666666666667,NA,0.333333333333333,NA,NA,NA,NA,1,0.666666666666667,0.666666666666667,0.666666666666667,1,0.666666666666667,0.166666666666667,0.5,0.333333333333333,0.333333333333333,NA,0.333333333333333,NA,NA,NA,NA,0,0,0,0,0,0,0,0.166666666666667,0,0.333333333333333,NA,0.333333333333333,NA,NA,NA,NA,0,0,0,0,0,0,0.166666666666667,0,0.333333333333333,0.166666666666667,NA,0,NA,NA,NA,NA
"54",3,6,6,0,3,6,0,0,3,0,0,0,6,0,0,0,0,0,1,0,0,2,0,0,0,0,0,0,0,0,0,0,0,2,5,0,0,1,0,0,0,0,0,0,4,0,0,0,0.0909090909090909,0.181818181818182,0.181818181818182,0,0.0909090909090909,0.181818181818182,0,0,0.0909090909090909,0,0,0,0.181818181818182,0,0,0,0,0,0.166666666666667,NA,0,0.333333333333333,NA,NA,0,NA,NA,NA,0,NA,NA,NA,0,0.333333333333333,0.833333333333333,NA,0,0.166666666666667,NA,NA,0,NA,NA,NA,0.666666666666667,NA,NA,NA,0,2,4,0,0,0,0,0,0,0,0,0,4,0,0,0,3,4,1,0,3,4,0,0,3,0,0,0,2,0,0,0,0,0,1,0,0,1,0,0,0,0,0,0,0,0,0,0,0,0,0,0,0,1,0,0,0,0,0,0,0,0,0,0,0,0.333333333333333,0.666666666666667,NA,0,0,NA,NA,0,NA,NA,NA,0.666666666666667,NA,NA,NA,1,0.666666666666667,0.166666666666667,NA,1,0.666666666666667,NA,NA,1,NA,NA,NA,0.333333333333333,NA,NA,NA,0,0,0.166666666666667,NA,0,0.166666666666667,NA,NA,0,NA,NA,NA,0,NA,NA,NA,0,0,0,NA,0,0.166666666666667,NA,NA,0,NA,NA,NA,0,NA,NA,NA
"55",3,3,3,6,0,0,6,0,0,6,6,0,6,6,0,0,0,0,0,0,0,0,0,0,0,0,2,0,0,1,0,0,1,1,1,3,0,0,2,0,0,2,5,0,5,4,0,0,0.0666666666666667,0.0666666666666667,0.0666666666666667,0.133333333333333,0,0,0.133333333333333,0,0,0.133333333333333,0.133333333333333,0,0.133333333333333,0.133333333333333,0,0,0,0,0,0,NA,NA,0,NA,NA,0,0.333333333333333,NA,0,0.166666666666667,NA,NA,0.333333333333333,0.333333333333333,0.333333333333333,0.5,NA,NA,0.333333333333333,NA,NA,0.333333333333333,0.833333333333333,NA,0.833333333333333,0.666666666666667,NA,NA,1,1,1,3,0,0,2,0,0,2,3,0,5,3,0,0,2,2,2,3,0,0,4,0,0,4,1,0,1,2,0,0,0,0,0,0,0,0,0,0,0,0,2,0,0,1,0,0,0,0,0,0,0,0,0,0,0,0,0,0,0,0,0,0,0.333333333333333,0.333333333333333,0.333333333333333,0.5,NA,NA,0.333333333333333,NA,NA,0.333333333333333,0.5,NA,0.833333333333333,0.5,NA,NA,0.666666666666667,0.666666666666667,0.666666666666667,0.5,NA,NA,0.666666666666667,NA,NA,0.666666666666667,0.166666666666667,NA,0.166666666666667,0.333333333333333,NA,NA,0,0,0,0,NA,NA,0,NA,NA,0,0.333333333333333,NA,0,0.166666666666667,NA,NA,0,0,0,0,NA,NA,0,NA,NA,0,0,NA,0,0,NA,NA
"56",3,3,6,0,3,3,0,0,6,6,0,0,6,0,0,0,0,0,0,0,0,0,0,0,1,1,0,0,1,0,0,0,0,0,3,0,0,0,0,0,1,6,0,0,2,0,0,0,0.0833333333333333,0.0833333333333333,0.166666666666667,0,0.0833333333333333,0.0833333333333333,0,0,0.166666666666667,0.166666666666667,0,0,0.166666666666667,0,0,0,0,0,0,NA,0,0,NA,NA,0.166666666666667,0.166666666666667,NA,NA,0.166666666666667,NA,NA,NA,0,0,0.5,NA,0,0,NA,NA,0.166666666666667,1,NA,NA,0.333333333333333,NA,NA,NA,0,0,3,0,0,0,0,0,1,5,0,0,2,0,0,0,3,3,3,0,3,3,0,0,4,0,0,0,3,0,0,0,0,0,0,0,0,0,0,0,0,1,0,0,0,0,0,0,0,0,0,0,0,0,0,0,1,0,0,0,1,0,0,0,0,0,0.5,NA,0,0,NA,NA,0.166666666666667,0.833333333333333,NA,NA,0.333333333333333,NA,NA,NA,1,1,0.5,NA,1,1,NA,NA,0.666666666666667,0,NA,NA,0.5,NA,NA,NA,0,0,0,NA,0,0,NA,NA,0,0.166666666666667,NA,NA,0,NA,NA,NA,0,0,0,NA,0,0,NA,NA,0.166666666666667,0,NA,NA,0.166666666666667,NA,NA,NA
"57",3,6,6,3,3,6,0,0,3,3,0,0,6,0,0,0,0,0,0,1,0,0,0,0,0,1,0,0,0,0,0,0,0,2,3,1,0,2,0,0,0,1,0,0,2,0,0,0,0.0769230769230769,0.153846153846154,0.153846153846154,0.0769230769230769,0.0769230769230769,0.153846153846154,0,0,0.0769230769230769,0.0769230769230769,0,0,0.153846153846154,0,0,0,0,0,0,0.333333333333333,0,0,NA,NA,0,0.333333333333333,NA,NA,0,NA,NA,NA,0,0.333333333333333,0.5,0.333333333333333,0,0.333333333333333,NA,NA,0,0.333333333333333,NA,NA,0.333333333333333,NA,NA,NA,0,2,3,1,0,2,0,0,0,0,0,0,2,0,0,0,3,4,3,1,3,4,0,0,3,2,0,0,4,0,0,0,0,0,0,0,0,0,0,0,0,1,0,0,0,0,0,0,0,0,0,1,0,0,0,0,0,0,0,0,0,0,0,0,0,0.333333333333333,0.5,0.333333333333333,0,0.333333333333333,NA,NA,0,0,NA,NA,0.333333333333333,NA,NA,NA,1,0.666666666666667,0.5,0.333333333333333,1,0.666666666666667,NA,NA,1,0.666666666666667,NA,NA,0.666666666666667,NA,NA,NA,0,0,0,0,0,0,NA,NA,0,0.333333333333333,NA,NA,0,NA,NA,NA,0,0,0,0.333333333333333,0,0,NA,NA,0,0,NA,NA,0,NA,NA,NA
"58",3,3,6,6,3,3,0,0,6,6,0,0,6,0,0,0,0,0,0,2,0,0,0,0,1,0,0,0,0,0,0,0,0,0,1,4,1,0,0,0,0,5,0,0,3,0,0,0,0.0714285714285714,0.0714285714285714,0.142857142857143,0.142857142857143,0.0714285714285714,0.0714285714285714,0,0,0.142857142857143,0.142857142857143,0,0,0.142857142857143,0,0,0,0,0,0,0.333333333333333,0,0,NA,NA,0.166666666666667,0,NA,NA,0,NA,NA,NA,0,0,0.166666666666667,0.666666666666667,0.333333333333333,0,NA,NA,0,0.833333333333333,NA,NA,0.5,NA,NA,NA,0,0,1,3,1,0,0,0,0,5,0,0,3,0,0,0,3,3,5,1,2,3,0,0,5,1,0,0,3,0,0,0,0,0,0,1,0,0,0,0,0,0,0,0,0,0,0,0,0,0,0,1,0,0,0,0,1,0,0,0,0,0,0,0,0,0,0.166666666666667,0.5,0.333333333333333,0,NA,NA,0,0.833333333333333,NA,NA,0.5,NA,NA,NA,1,1,0.833333333333333,0.166666666666667,0.666666666666667,1,NA,NA,0.833333333333333,0.166666666666667,NA,NA,0.5,NA,NA,NA,0,0,0,0.166666666666667,0,0,NA,NA,0,0,NA,NA,0,NA,NA,NA,0,0,0,0.166666666666667,0,0,NA,NA,0.166666666666667,0,NA,NA,0,NA,NA,NA
"59",3,3,6,6,0,3,6,3,6,6,0,0,3,3,0,0,0,0,0,0,0,0,2,2,0,1,0,0,2,2,0,0,0,1,2,4,0,1,5,2,1,3,0,0,1,3,0,0,0.0625,0.0625,0.125,0.125,0,0.0625,0.125,0.0625,0.125,0.125,0,0,0.0625,0.0625,0,0,0,0,0,0,NA,0,0.333333333333333,0.666666666666667,0,0.166666666666667,NA,NA,0.666666666666667,0.666666666666667,NA,NA,0,0.333333333333333,0.333333333333333,0.666666666666667,NA,0.333333333333333,0.833333333333333,0.666666666666667,0.166666666666667,0.5,NA,NA,0.333333333333333,1,NA,NA,0,1,2,4,0,1,3,1,1,3,0,0,1,1,0,0,3,2,4,2,0,2,1,0,5,2,0,0,0,0,0,0,0,0,0,0,0,0,2,1,0,0,0,0,0,2,0,0,0,0,0,0,0,0,0,1,0,1,0,0,2,0,0,0,0,0.333333333333333,0.333333333333333,0.666666666666667,NA,0.333333333333333,0.5,0.333333333333333,0.166666666666667,0.5,NA,NA,0.333333333333333,0.333333333333333,NA,NA,1,0.666666666666667,0.666666666666667,0.333333333333333,NA,0.666666666666667,0.166666666666667,0,0.833333333333333,0.333333333333333,NA,NA,0,0,NA,NA,0,0,0,0,NA,0,0.333333333333333,0.333333333333333,0,0,NA,NA,0,0.666666666666667,NA,NA,0,0,0,0,NA,0,0,0.333333333333333,0,0.166666666666667,NA,NA,0.666666666666667,0,NA,NA
"60",6,6,3,0,6,0,0,0,6,0,0,0,6,0,0,0,0,1,1,0,1,0,0,0,1,0,0,0,1,0,0,0,1,1,1,0,2,0,0,0,3,0,0,0,2,0,0,0,0.181818181818182,0.181818181818182,0.0909090909090909,0,0.181818181818182,0,0,0,0.181818181818182,0,0,0,0.181818181818182,0,0,0,0,0.166666666666667,0.333333333333333,NA,0.166666666666667,NA,NA,NA,0.166666666666667,NA,NA,NA,0.166666666666667,NA,NA,NA,0.166666666666667,0.166666666666667,0.333333333333333,NA,0.333333333333333,NA,NA,NA,0.5,NA,NA,NA,0.333333333333333,NA,NA,NA,1,1,1,0,2,0,0,0,2,0,0,0,2,0,0,0,5,4,1,0,3,0,0,0,3,0,0,0,3,0,0,0,0,0,0,0,0,0,0,0,1,0,0,0,0,0,0,0,0,1,1,0,1,0,0,0,0,0,0,0,1,0,0,0,0.166666666666667,0.166666666666667,0.333333333333333,NA,0.333333333333333,NA,NA,NA,0.333333333333333,NA,NA,NA,0.333333333333333,NA,NA,NA,0.833333333333333,0.666666666666667,0.333333333333333,NA,0.5,NA,NA,NA,0.5,NA,NA,NA,0.5,NA,NA,NA,0,0,0,NA,0,NA,NA,NA,0.166666666666667,NA,NA,NA,0,NA,NA,NA,0,0.166666666666667,0.333333333333333,NA,0.166666666666667,NA,NA,NA,0,NA,NA,NA,0.166666666666667,NA,NA,NA
"61",3,3,3,6,6,6,6,0,3,0,0,0,6,0,0,0,0,0,0,0,1,1,0,0,0,0,0,0,0,0,0,0,0,0,0,3,2,3,5,0,1,0,0,0,3,0,0,0,0.0714285714285714,0.0714285714285714,0.0714285714285714,0.142857142857143,0.142857142857143,0.142857142857143,0.142857142857143,0,0.0714285714285714,0,0,0,0.142857142857143,0,0,0,0,0,0,0,0.166666666666667,0.166666666666667,0,NA,0,NA,NA,NA,0,NA,NA,NA,0,0,0,0.5,0.333333333333333,0.5,0.833333333333333,NA,0.333333333333333,NA,NA,NA,0.5,NA,NA,NA,0,0,0,3,2,3,5,0,1,0,0,0,3,0,0,0,3,3,3,3,3,2,1,0,2,0,0,0,3,0,0,0,0,0,0,0,0,0,0,0,0,0,0,0,0,0,0,0,0,0,0,0,1,1,0,0,0,0,0,0,0,0,0,0,0,0,0,0.5,0.333333333333333,0.5,0.833333333333333,NA,0.333333333333333,NA,NA,NA,0.5,NA,NA,NA,1,1,1,0.5,0.5,0.333333333333333,0.166666666666667,NA,0.666666666666667,NA,NA,NA,0.5,NA,NA,NA,0,0,0,0,0,0,0,NA,0,NA,NA,NA,0,NA,NA,NA,0,0,0,0,0.166666666666667,0.166666666666667,0,NA,0,NA,NA,NA,0,NA,NA,NA
"62",3,3,6,6,0,0,6,0,0,3,6,0,6,6,0,0,0,0,0,1,0,0,0,0,0,0,1,0,0,1,0,0,0,1,0,3,0,0,2,0,0,1,4,0,2,4,0,0,0.0666666666666667,0.0666666666666667,0.133333333333333,0.133333333333333,0,0,0.133333333333333,0,0,0.0666666666666667,0.133333333333333,0,0.133333333333333,0.133333333333333,0,0,0,0,0,0.166666666666667,NA,NA,0,NA,NA,0,0.166666666666667,NA,0,0.166666666666667,NA,NA,0,0.333333333333333,0,0.5,NA,NA,0.333333333333333,NA,NA,0.333333333333333,0.666666666666667,NA,0.333333333333333,0.666666666666667,NA,NA,0,1,0,2,0,0,2,0,0,1,3,0,2,3,0,0,3,2,6,3,0,0,4,0,0,2,2,0,4,2,0,0,0,0,0,1,0,0,0,0,0,0,1,0,0,1,0,0,0,0,0,0,0,0,0,0,0,0,0,0,0,0,0,0,0,0.333333333333333,0,0.333333333333333,NA,NA,0.333333333333333,NA,NA,0.333333333333333,0.5,NA,0.333333333333333,0.5,NA,NA,1,0.666666666666667,1,0.5,NA,NA,0.666666666666667,NA,NA,0.666666666666667,0.333333333333333,NA,0.666666666666667,0.333333333333333,NA,NA,0,0,0,0.166666666666667,NA,NA,0,NA,NA,0,0.166666666666667,NA,0,0.166666666666667,NA,NA,0,0,0,0,NA,NA,0,NA,NA,0,0,NA,0,0,NA,NA
"63",3,3,6,6,6,6,6,3,0,3,0,0,0,0,0,0,0,0,0,1,1,1,1,2,0,1,0,0,0,0,0,0,1,0,0,1,3,1,4,1,0,2,0,0,0,0,0,0,0.0714285714285714,0.0714285714285714,0.142857142857143,0.142857142857143,0.142857142857143,0.142857142857143,0.142857142857143,0.0714285714285714,0,0.0714285714285714,0,0,0,0,0,0,0,0,0,0.166666666666667,0.166666666666667,0.166666666666667,0.166666666666667,0.666666666666667,NA,0.333333333333333,NA,NA,NA,NA,NA,NA,0.333333333333333,0,0,0.166666666666667,0.5,0.166666666666667,0.666666666666667,0.333333333333333,NA,0.666666666666667,NA,NA,NA,NA,NA,NA,1,0,0,0,2,1,3,0,0,1,0,0,0,0,0,0,2,3,6,5,3,4,2,1,0,1,0,0,0,0,0,0,0,0,0,1,1,0,1,1,0,1,0,0,0,0,0,0,0,0,0,0,0,1,0,1,0,0,0,0,0,0,0,0,0.333333333333333,0,0,0,0.333333333333333,0.166666666666667,0.5,0,NA,0.333333333333333,NA,NA,NA,NA,NA,NA,0.666666666666667,1,1,0.833333333333333,0.5,0.666666666666667,0.333333333333333,0.333333333333333,NA,0.333333333333333,NA,NA,NA,NA,NA,NA,0,0,0,0.166666666666667,0.166666666666667,0,0.166666666666667,0.333333333333333,NA,0.333333333333333,NA,NA,NA,NA,NA,NA,0,0,0,0,0,0.166666666666667,0,0.333333333333333,NA,0,NA,NA,NA,NA,NA,NA
"64",3,6,3,3,0,6,6,6,3,6,3,0,3,0,0,0,0,0,0,0,0,1,0,1,0,1,1,0,0,0,0,0,0,2,1,0,0,1,4,4,1,5,3,0,3,0,0,0,0.0625,0.125,0.0625,0.0625,0,0.125,0.125,0.125,0.0625,0.125,0.0625,0,0.0625,0,0,0,0,0,0,0,NA,0.166666666666667,0,0.166666666666667,0,0.166666666666667,0.333333333333333,NA,0,NA,NA,NA,0,0.333333333333333,0.333333333333333,0,NA,0.166666666666667,0.666666666666667,0.666666666666667,0.333333333333333,0.833333333333333,1,NA,1,NA,NA,NA,0,2,1,0,0,1,4,3,1,4,2,0,3,0,0,0,3,4,2,3,0,4,2,2,2,1,0,0,0,0,0,0,0,0,0,0,0,0,0,1,0,1,1,0,0,0,0,0,0,0,0,0,0,1,0,0,0,0,0,0,0,0,0,0,0,0.333333333333333,0.333333333333333,0,NA,0.166666666666667,0.666666666666667,0.5,0.333333333333333,0.666666666666667,0.666666666666667,NA,1,NA,NA,NA,1,0.666666666666667,0.666666666666667,1,NA,0.666666666666667,0.333333333333333,0.333333333333333,0.666666666666667,0.166666666666667,0,NA,0,NA,NA,NA,0,0,0,0,NA,0,0,0.166666666666667,0,0.166666666666667,0.333333333333333,NA,0,NA,NA,NA,0,0,0,0,NA,0.166666666666667,0,0,0,0,0,NA,0,NA,NA,NA
"65",3,6,0,0,6,0,0,0,3,0,0,0,6,0,0,0,0,0,0,0,1,0,0,0,0,0,0,0,0,0,0,0,0,3,0,0,2,0,0,0,0,0,0,0,2,0,0,0,0.125,0.25,0,0,0.25,0,0,0,0.125,0,0,0,0.25,0,0,0,0,0,NA,NA,0.166666666666667,NA,NA,NA,0,NA,NA,NA,0,NA,NA,NA,0,0.5,NA,NA,0.333333333333333,NA,NA,NA,0,NA,NA,NA,0.333333333333333,NA,NA,NA,0,3,0,0,2,0,0,0,0,0,0,0,2,0,0,0,3,3,0,0,3,0,0,0,3,0,0,0,4,0,0,0,0,0,0,0,0,0,0,0,0,0,0,0,0,0,0,0,0,0,0,0,1,0,0,0,0,0,0,0,0,0,0,0,0,0.5,NA,NA,0.333333333333333,NA,NA,NA,0,NA,NA,NA,0.333333333333333,NA,NA,NA,1,0.5,NA,NA,0.5,NA,NA,NA,1,NA,NA,NA,0.666666666666667,NA,NA,NA,0,0,NA,NA,0,NA,NA,NA,0,NA,NA,NA,0,NA,NA,NA,0,0,NA,NA,0.166666666666667,NA,NA,NA,0,NA,NA,NA,0,NA,NA,NA
"66",3,6,6,3,3,6,0,0,6,0,0,0,6,0,0,0,0,0,1,1,0,2,0,0,0,0,0,0,2,0,0,0,0,2,1,2,1,2,0,0,2,0,0,0,2,0,0,0,0.0769230769230769,0.153846153846154,0.153846153846154,0.0769230769230769,0.0769230769230769,0.153846153846154,0,0,0.153846153846154,0,0,0,0.153846153846154,0,0,0,0,0,0.166666666666667,0.333333333333333,0,0.333333333333333,NA,NA,0,NA,NA,NA,0.333333333333333,NA,NA,NA,0,0.333333333333333,0.166666666666667,0.666666666666667,0.333333333333333,0.333333333333333,NA,NA,0.333333333333333,NA,NA,NA,0.333333333333333,NA,NA,NA,0,2,1,1,1,1,0,0,2,0,0,0,1,0,0,0,3,4,4,1,2,3,0,0,4,0,0,0,3,0,0,0,0,0,0,1,0,1,0,0,0,0,0,0,1,0,0,0,0,0,1,0,0,1,0,0,0,0,0,0,1,0,0,0,0,0.333333333333333,0.166666666666667,0.333333333333333,0.333333333333333,0.166666666666667,NA,NA,0.333333333333333,NA,NA,NA,0.166666666666667,NA,NA,NA,1,0.666666666666667,0.666666666666667,0.333333333333333,0.666666666666667,0.5,NA,NA,0.666666666666667,NA,NA,NA,0.5,NA,NA,NA,0,0,0,0.333333333333333,0,0.166666666666667,NA,NA,0,NA,NA,NA,0.166666666666667,NA,NA,NA,0,0,0.166666666666667,0,0,0.166666666666667,NA,NA,0,NA,NA,NA,0.166666666666667,NA,NA,NA
"67",3,3,3,6,0,0,3,0,3,3,6,0,6,6,3,0,0,0,0,0,0,0,0,0,0,0,0,0,1,0,2,0,0,1,0,3,0,0,1,0,0,1,4,0,2,4,3,0,0.0666666666666667,0.0666666666666667,0.0666666666666667,0.133333333333333,0,0,0.0666666666666667,0,0.0666666666666667,0.0666666666666667,0.133333333333333,0,0.133333333333333,0.133333333333333,0.0666666666666667,0,0,0,0,0,NA,NA,0,NA,0,0,0,NA,0.166666666666667,0,0.666666666666667,NA,0,0.333333333333333,0,0.5,NA,NA,0.333333333333333,NA,0,0.333333333333333,0.666666666666667,NA,0.333333333333333,0.666666666666667,1,NA,0,1,0,3,0,0,1,0,0,1,4,0,2,4,1,0,3,2,3,3,0,0,2,0,3,2,2,0,3,2,0,0,0,0,0,0,0,0,0,0,0,0,0,0,0,0,2,0,0,0,0,0,0,0,0,0,0,0,0,0,1,0,0,0,0,0.333333333333333,0,0.5,NA,NA,0.333333333333333,NA,0,0.333333333333333,0.666666666666667,NA,0.333333333333333,0.666666666666667,0.333333333333333,NA,1,0.666666666666667,1,0.5,NA,NA,0.666666666666667,NA,1,0.666666666666667,0.333333333333333,NA,0.5,0.333333333333333,0,NA,0,0,0,0,NA,NA,0,NA,0,0,0,NA,0,0,0.666666666666667,NA,0,0,0,0,NA,NA,0,NA,0,0,0,NA,0.166666666666667,0,0,NA
"68",3,6,3,6,3,3,6,3,6,6,0,0,3,0,0,0,0,0,0,0,0,0,0,2,1,1,0,0,1,0,0,0,0,2,1,2,0,1,6,2,2,5,0,0,1,0,0,0,0.0625,0.125,0.0625,0.125,0.0625,0.0625,0.125,0.0625,0.125,0.125,0,0,0.0625,0,0,0,0,0,0,0,0,0,0,0.666666666666667,0.166666666666667,0.166666666666667,NA,NA,0.333333333333333,NA,NA,NA,0,0.333333333333333,0.333333333333333,0.333333333333333,0,0.333333333333333,1,0.666666666666667,0.333333333333333,0.833333333333333,NA,NA,0.333333333333333,NA,NA,NA,0,2,1,2,0,1,6,0,2,4,0,0,1,0,0,0,3,4,2,4,3,2,0,1,3,1,0,0,1,0,0,0,0,0,0,0,0,0,0,2,0,1,0,0,0,0,0,0,0,0,0,0,0,0,0,0,1,0,0,0,1,0,0,0,0,0.333333333333333,0.333333333333333,0.333333333333333,0,0.333333333333333,1,0,0.333333333333333,0.666666666666667,NA,NA,0.333333333333333,NA,NA,NA,1,0.666666666666667,0.666666666666667,0.666666666666667,1,0.666666666666667,0,0.333333333333333,0.5,0.166666666666667,NA,NA,0.333333333333333,NA,NA,NA,0,0,0,0,0,0,0,0.666666666666667,0,0.166666666666667,NA,NA,0,NA,NA,NA,0,0,0,0,0,0,0,0,0.166666666666667,0,NA,NA,0.333333333333333,NA,NA,NA
"69",3,3,3,6,6,6,6,0,3,3,0,0,0,0,0,0,0,0,0,0,0,1,2,0,1,1,0,0,0,0,0,0,1,0,1,5,3,2,3,0,0,2,0,0,0,0,0,0,0.0769230769230769,0.0769230769230769,0.0769230769230769,0.153846153846154,0.153846153846154,0.153846153846154,0.153846153846154,0,0.0769230769230769,0.0769230769230769,0,0,0,0,0,0,0,0,0,0,0,0.166666666666667,0.333333333333333,NA,0.333333333333333,0.333333333333333,NA,NA,NA,NA,NA,NA,0.333333333333333,0,0.333333333333333,0.833333333333333,0.5,0.333333333333333,0.5,NA,0,0.666666666666667,NA,NA,NA,NA,NA,NA,1,0,1,5,3,1,3,0,0,1,0,0,0,0,0,0,2,3,2,1,3,4,1,0,2,1,0,0,0,0,0,0,0,0,0,0,0,1,0,0,0,1,0,0,0,0,0,0,0,0,0,0,0,0,2,0,1,0,0,0,0,0,0,0,0.333333333333333,0,0.333333333333333,0.833333333333333,0.5,0.166666666666667,0.5,NA,0,0.333333333333333,NA,NA,NA,NA,NA,NA,0.666666666666667,1,0.666666666666667,0.166666666666667,0.5,0.666666666666667,0.166666666666667,NA,0.666666666666667,0.333333333333333,NA,NA,NA,NA,NA,NA,0,0,0,0,0,0.166666666666667,0,NA,0,0.333333333333333,NA,NA,NA,NA,NA,NA,0,0,0,0,0,0,0.333333333333333,NA,0.333333333333333,0,NA,NA,NA,NA,NA,NA
"70",3,6,6,0,3,3,0,0,6,6,0,0,6,6,0,0,0,1,1,0,0,0,0,0,1,0,0,0,0,2,0,0,1,2,3,0,0,1,0,0,1,2,0,0,3,5,0,0,0.0666666666666667,0.133333333333333,0.133333333333333,0,0.0666666666666667,0.0666666666666667,0,0,0.133333333333333,0.133333333333333,0,0,0.133333333333333,0.133333333333333,0,0,0,0.166666666666667,0.166666666666667,NA,0,0,NA,NA,0.166666666666667,0,NA,NA,0,0.333333333333333,NA,NA,0.333333333333333,0.333333333333333,0.5,NA,0,0.333333333333333,NA,NA,0.166666666666667,0.333333333333333,NA,NA,0.5,0.833333333333333,NA,NA,1,1,2,0,0,1,0,0,1,2,0,0,3,3,0,0,2,4,3,0,3,2,0,0,4,4,0,0,3,1,0,0,0,1,1,0,0,0,0,0,0,0,0,0,0,2,0,0,0,0,0,0,0,0,0,0,1,0,0,0,0,0,0,0,0.333333333333333,0.166666666666667,0.333333333333333,NA,0,0.333333333333333,NA,NA,0.166666666666667,0.333333333333333,NA,NA,0.5,0.5,NA,NA,0.666666666666667,0.666666666666667,0.5,NA,1,0.666666666666667,NA,NA,0.666666666666667,0.666666666666667,NA,NA,0.5,0.166666666666667,NA,NA,0,0.166666666666667,0.166666666666667,NA,0,0,NA,NA,0,0,NA,NA,0,0.333333333333333,NA,NA,0,0,0,NA,0,0,NA,NA,0.166666666666667,0,NA,NA,0,0,NA,NA
"71",6,6,3,6,0,3,6,6,3,6,3,0,0,0,0,0,0,1,0,1,0,0,2,4,0,0,3,0,0,0,0,0,0,1,1,2,0,0,2,6,0,3,2,0,0,0,0,0,0.125,0.125,0.0625,0.125,0,0.0625,0.125,0.125,0.0625,0.125,0.0625,0,0,0,0,0,0,0.166666666666667,0,0.166666666666667,NA,0,0.333333333333333,0.666666666666667,0,0,1,NA,NA,NA,NA,NA,0,0.166666666666667,0.333333333333333,0.333333333333333,NA,0,0.333333333333333,1,0,0.5,0.666666666666667,NA,NA,NA,NA,NA,0,1,1,1,0,0,1,2,0,3,0,0,0,0,0,0,6,4,2,4,0,3,3,0,3,3,0,0,0,0,0,0,0,0,0,1,0,0,1,4,0,0,2,0,0,0,0,0,0,1,0,0,0,0,1,0,0,0,1,0,0,0,0,0,0,0.166666666666667,0.333333333333333,0.166666666666667,NA,0,0.166666666666667,0.333333333333333,0,0.5,0,NA,NA,NA,NA,NA,1,0.666666666666667,0.666666666666667,0.666666666666667,NA,1,0.5,0,1,0.5,0,NA,NA,NA,NA,NA,0,0,0,0.166666666666667,NA,0,0.166666666666667,0.666666666666667,0,0,0.666666666666667,NA,NA,NA,NA,NA,0,0.166666666666667,0,0,NA,0,0.166666666666667,0,0,0,0.333333333333333,NA,NA,NA,NA,NA
"72",3,6,3,3,6,0,3,6,6,6,6,0,0,0,0,0,0,0,0,0,1,0,0,1,2,0,1,0,0,0,0,0,0,2,0,0,0,0,1,3,3,5,4,0,0,0,0,0,0.0625,0.125,0.0625,0.0625,0.125,0,0.0625,0.125,0.125,0.125,0.125,0,0,0,0,0,0,0,0,0,0.166666666666667,NA,0,0.166666666666667,0.333333333333333,0,0.166666666666667,NA,NA,NA,NA,NA,0,0.333333333333333,0,0,0,NA,0.333333333333333,0.5,0.5,0.833333333333333,0.666666666666667,NA,NA,NA,NA,NA,0,2,0,0,0,0,1,2,2,5,3,0,0,0,0,0,3,4,3,3,5,0,2,3,2,1,2,0,0,0,0,0,0,0,0,0,0,0,0,1,1,0,1,0,0,0,0,0,0,0,0,0,1,0,0,0,1,0,0,0,0,0,0,0,0,0.333333333333333,0,0,0,NA,0.333333333333333,0.333333333333333,0.333333333333333,0.833333333333333,0.5,NA,NA,NA,NA,NA,1,0.666666666666667,1,1,0.833333333333333,NA,0.666666666666667,0.5,0.333333333333333,0.166666666666667,0.333333333333333,NA,NA,NA,NA,NA,0,0,0,0,0,NA,0,0.166666666666667,0.166666666666667,0,0.166666666666667,NA,NA,NA,NA,NA,0,0,0,0,0.166666666666667,NA,0,0,0.166666666666667,0,0,NA,NA,NA,NA,NA
"73",3,6,6,6,0,6,6,0,6,6,0,0,0,0,0,0,0,0,1,0,0,1,0,0,0,0,0,0,0,0,0,0,0,1,0,4,0,2,5,0,3,5,0,0,0,0,0,0,0.0666666666666667,0.133333333333333,0.133333333333333,0.133333333333333,0,0.133333333333333,0.133333333333333,0,0.133333333333333,0.133333333333333,0,0,0,0,0,0,0,0,0.166666666666667,0,NA,0.166666666666667,0,NA,0,0,NA,NA,NA,NA,NA,NA,0,0.166666666666667,0,0.666666666666667,NA,0.333333333333333,0.833333333333333,NA,0.5,0.833333333333333,NA,NA,NA,NA,NA,NA,0,1,0,4,0,2,5,0,3,5,0,0,0,0,0,0,3,5,5,2,0,3,1,0,3,1,0,0,0,0,0,0,0,0,0,0,0,0,0,0,0,0,0,0,0,0,0,0,0,0,1,0,0,1,0,0,0,0,0,0,0,0,0,0,0,0.166666666666667,0,0.666666666666667,NA,0.333333333333333,0.833333333333333,NA,0.5,0.833333333333333,NA,NA,NA,NA,NA,NA,1,0.833333333333333,0.833333333333333,0.333333333333333,NA,0.5,0.166666666666667,NA,0.5,0.166666666666667,NA,NA,NA,NA,NA,NA,0,0,0,0,NA,0,0,NA,0,0,NA,NA,NA,NA,NA,NA,0,0,0.166666666666667,0,NA,0.166666666666667,0,NA,0,0,NA,NA,NA,NA,NA,NA
"74",3,3,3,6,0,6,6,0,6,6,3,0,6,0,0,0,0,0,0,0,0,0,0,0,0,1,1,0,2,0,0,0,1,1,1,3,0,1,3,0,1,5,2,0,3,0,0,0,0.0625,0.0625,0.0625,0.125,0,0.125,0.125,0,0.125,0.125,0.0625,0,0.125,0,0,0,0,0,0,0,NA,0,0,NA,0,0.166666666666667,0.333333333333333,NA,0.333333333333333,NA,NA,NA,0.333333333333333,0.333333333333333,0.333333333333333,0.5,NA,0.166666666666667,0.5,NA,0.166666666666667,0.833333333333333,0.666666666666667,NA,0.5,NA,NA,NA,1,1,1,3,0,1,3,0,1,4,1,0,2,0,0,0,2,2,2,3,0,5,3,0,5,1,1,0,2,0,0,0,0,0,0,0,0,0,0,0,0,1,1,0,1,0,0,0,0,0,0,0,0,0,0,0,0,0,0,0,1,0,0,0,0.333333333333333,0.333333333333333,0.333333333333333,0.5,NA,0.166666666666667,0.5,NA,0.166666666666667,0.666666666666667,0.333333333333333,NA,0.333333333333333,NA,NA,NA,0.666666666666667,0.666666666666667,0.666666666666667,0.5,NA,0.833333333333333,0.5,NA,0.833333333333333,0.166666666666667,0.333333333333333,NA,0.333333333333333,NA,NA,NA,0,0,0,0,NA,0,0,NA,0,0.166666666666667,0.333333333333333,NA,0.166666666666667,NA,NA,NA,0,0,0,0,NA,0,0,NA,0,0,0,NA,0.166666666666667,NA,NA,NA
"75",6,6,6,3,6,6,0,0,3,6,0,0,0,0,0,0,0,0,0,1,0,0,0,0,1,1,0,0,0,0,0,0,2,2,3,1,3,2,0,0,2,3,0,0,0,0,0,0,0.142857142857143,0.142857142857143,0.142857142857143,0.0714285714285714,0.142857142857143,0.142857142857143,0,0,0.0714285714285714,0.142857142857143,0,0,0,0,0,0,0,0,0,0.333333333333333,0,0,NA,NA,0.333333333333333,0.166666666666667,NA,NA,NA,NA,NA,NA,0.333333333333333,0.333333333333333,0.5,0.333333333333333,0.5,0.333333333333333,NA,NA,0.666666666666667,0.5,NA,NA,NA,NA,NA,NA,2,2,3,1,3,2,0,0,1,2,0,0,0,0,0,0,4,4,3,1,3,4,0,0,1,3,0,0,0,0,0,0,0,0,0,0,0,0,0,0,1,1,0,0,0,0,0,0,0,0,0,1,0,0,0,0,0,0,0,0,0,0,0,0,0.333333333333333,0.333333333333333,0.5,0.333333333333333,0.5,0.333333333333333,NA,NA,0.333333333333333,0.333333333333333,NA,NA,NA,NA,NA,NA,0.666666666666667,0.666666666666667,0.5,0.333333333333333,0.5,0.666666666666667,NA,NA,0.333333333333333,0.5,NA,NA,NA,NA,NA,NA,0,0,0,0,0,0,NA,NA,0.333333333333333,0.166666666666667,NA,NA,NA,NA,NA,NA,0,0,0,0.333333333333333,0,0,NA,NA,0,0,NA,NA,NA,NA,NA,NA
"76",3,3,3,6,0,6,6,0,3,6,0,0,6,0,0,0,0,0,0,0,0,0,2,0,0,2,0,0,0,0,0,0,0,0,0,3,0,0,3,0,1,6,0,0,1,0,0,0,0.0714285714285714,0.0714285714285714,0.0714285714285714,0.142857142857143,0,0.142857142857143,0.142857142857143,0,0.0714285714285714,0.142857142857143,0,0,0.142857142857143,0,0,0,0,0,0,0,NA,0,0.333333333333333,NA,0,0.333333333333333,NA,NA,0,NA,NA,NA,0,0,0,0.5,NA,0,0.5,NA,0.333333333333333,1,NA,NA,0.166666666666667,NA,NA,NA,0,0,0,3,0,0,2,0,1,4,0,0,1,0,0,0,3,3,3,3,0,6,2,0,2,0,0,0,5,0,0,0,0,0,0,0,0,0,1,0,0,2,0,0,0,0,0,0,0,0,0,0,0,0,1,0,0,0,0,0,0,0,0,0,0,0,0,0.5,NA,0,0.333333333333333,NA,0.333333333333333,0.666666666666667,NA,NA,0.166666666666667,NA,NA,NA,1,1,1,0.5,NA,1,0.333333333333333,NA,0.666666666666667,0,NA,NA,0.833333333333333,NA,NA,NA,0,0,0,0,NA,0,0.166666666666667,NA,0,0.333333333333333,NA,NA,0,NA,NA,NA,0,0,0,0,NA,0,0.166666666666667,NA,0,0,NA,NA,0,NA,NA,NA
"77",3,6,6,0,6,0,0,0,6,0,0,0,3,0,0,0,0,1,2,0,0,0,0,0,1,0,0,0,2,0,0,0,0,1,3,0,0,0,0,0,1,0,0,0,1,0,0,0,0.1,0.2,0.2,0,0.2,0,0,0,0.2,0,0,0,0.1,0,0,0,0,0.166666666666667,0.333333333333333,NA,0,NA,NA,NA,0.166666666666667,NA,NA,NA,0.666666666666667,NA,NA,NA,0,0.166666666666667,0.5,NA,0,NA,NA,NA,0.166666666666667,NA,NA,NA,0.333333333333333,NA,NA,NA,0,1,1,0,0,0,0,0,1,0,0,0,0,0,0,0,3,4,3,0,6,0,0,0,4,0,0,0,1,0,0,0,0,0,2,0,0,0,0,0,0,0,0,0,1,0,0,0,0,1,0,0,0,0,0,0,1,0,0,0,1,0,0,0,0,0.166666666666667,0.166666666666667,NA,0,NA,NA,NA,0.166666666666667,NA,NA,NA,0,NA,NA,NA,1,0.666666666666667,0.5,NA,1,NA,NA,NA,0.666666666666667,NA,NA,NA,0.333333333333333,NA,NA,NA,0,0,0.333333333333333,NA,0,NA,NA,NA,0,NA,NA,NA,0.333333333333333,NA,NA,NA,0,0.166666666666667,0,NA,0,NA,NA,NA,0.166666666666667,NA,NA,NA,0.333333333333333,NA,NA,NA
"78",3,6,0,0,3,0,0,0,6,0,0,0,6,0,0,0,0,0,0,0,0,0,0,0,0,0,0,0,1,0,0,0,0,3,0,0,1,0,0,0,0,0,0,0,3,0,0,0,0.125,0.25,0,0,0.125,0,0,0,0.25,0,0,0,0.25,0,0,0,0,0,NA,NA,0,NA,NA,NA,0,NA,NA,NA,0.166666666666667,NA,NA,NA,0,0.5,NA,NA,0.333333333333333,NA,NA,NA,0,NA,NA,NA,0.5,NA,NA,NA,0,3,0,0,1,0,0,0,0,0,0,0,3,0,0,0,3,3,0,0,2,0,0,0,6,0,0,0,2,0,0,0,0,0,0,0,0,0,0,0,0,0,0,0,0,0,0,0,0,0,0,0,0,0,0,0,0,0,0,0,1,0,0,0,0,0.5,NA,NA,0.333333333333333,NA,NA,NA,0,NA,NA,NA,0.5,NA,NA,NA,1,0.5,NA,NA,0.666666666666667,NA,NA,NA,1,NA,NA,NA,0.333333333333333,NA,NA,NA,0,0,NA,NA,0,NA,NA,NA,0,NA,NA,NA,0,NA,NA,NA,0,0,NA,NA,0,NA,NA,NA,0,NA,NA,NA,0.166666666666667,NA,NA,NA
"79",3,3,6,0,6,6,0,0,6,6,0,0,0,0,0,0,0,0,0,0,0,1,0,0,3,1,0,0,0,0,0,0,1,0,4,0,2,1,0,0,0,4,0,0,0,0,0,0,0.0833333333333333,0.0833333333333333,0.166666666666667,0,0.166666666666667,0.166666666666667,0,0,0.166666666666667,0.166666666666667,0,0,0,0,0,0,0,0,0,NA,0,0.166666666666667,NA,NA,0.5,0.166666666666667,NA,NA,NA,NA,NA,NA,0.333333333333333,0,0.666666666666667,NA,0.333333333333333,0.166666666666667,NA,NA,0,0.666666666666667,NA,NA,NA,NA,NA,NA,1,0,4,0,2,1,0,0,0,3,0,0,0,0,0,0,2,3,2,0,4,4,0,0,3,2,0,0,0,0,0,0,0,0,0,0,0,0,0,0,0,1,0,0,0,0,0,0,0,0,0,0,0,1,0,0,3,0,0,0,0,0,0,0,0.333333333333333,0,0.666666666666667,NA,0.333333333333333,0.166666666666667,NA,NA,0,0.5,NA,NA,NA,NA,NA,NA,0.666666666666667,1,0.333333333333333,NA,0.666666666666667,0.666666666666667,NA,NA,0.5,0.333333333333333,NA,NA,NA,NA,NA,NA,0,0,0,NA,0,0,NA,NA,0,0.166666666666667,NA,NA,NA,NA,NA,NA,0,0,0,NA,0,0.166666666666667,NA,NA,0.5,0,NA,NA,NA,NA,NA,NA
"80",3,3,3,6,0,6,6,0,6,6,0,0,6,0,0,0,0,0,0,0,0,1,2,0,0,1,0,0,2,0,0,0,1,1,1,3,0,1,4,0,0,3,0,0,3,0,0,0,0.0666666666666667,0.0666666666666667,0.0666666666666667,0.133333333333333,0,0.133333333333333,0.133333333333333,0,0.133333333333333,0.133333333333333,0,0,0.133333333333333,0,0,0,0,0,0,0,NA,0.166666666666667,0.333333333333333,NA,0,0.166666666666667,NA,NA,0.333333333333333,NA,NA,NA,0.333333333333333,0.333333333333333,0.333333333333333,0.5,NA,0.166666666666667,0.666666666666667,NA,0,0.5,NA,NA,0.5,NA,NA,NA,1,1,1,3,0,1,2,0,0,3,0,0,1,0,0,0,2,2,2,3,0,4,2,0,6,2,0,0,3,0,0,0,0,0,0,0,0,0,2,0,0,0,0,0,2,0,0,0,0,0,0,0,0,1,0,0,0,1,0,0,0,0,0,0,0.333333333333333,0.333333333333333,0.333333333333333,0.5,NA,0.166666666666667,0.333333333333333,NA,0,0.5,NA,NA,0.166666666666667,NA,NA,NA,0.666666666666667,0.666666666666667,0.666666666666667,0.5,NA,0.666666666666667,0.333333333333333,NA,1,0.333333333333333,NA,NA,0.5,NA,NA,NA,0,0,0,0,NA,0,0.333333333333333,NA,0,0,NA,NA,0.333333333333333,NA,NA,NA,0,0,0,0,NA,0.166666666666667,0,NA,0,0.166666666666667,NA,NA,0,NA,NA,NA
"81",6,3,3,6,0,3,6,6,6,6,0,0,3,0,0,0,1,0,0,0,0,0,2,1,0,0,0,0,1,0,0,0,1,0,1,1,0,1,3,5,0,4,0,0,2,0,0,0,0.125,0.0625,0.0625,0.125,0,0.0625,0.125,0.125,0.125,0.125,0,0,0.0625,0,0,0,0.166666666666667,0,0,0,NA,0,0.333333333333333,0.166666666666667,0,0,NA,NA,0.333333333333333,NA,NA,NA,0.166666666666667,0,0.333333333333333,0.166666666666667,NA,0.333333333333333,0.5,0.833333333333333,0,0.666666666666667,NA,NA,0.666666666666667,NA,NA,NA,1,0,1,1,0,1,2,4,0,4,0,0,1,0,0,0,4,3,2,5,0,2,2,1,6,2,0,0,1,0,0,0,0,0,0,0,0,0,1,1,0,0,0,0,1,0,0,0,1,0,0,0,0,0,1,0,0,0,0,0,0,0,0,0,0.166666666666667,0,0.333333333333333,0.166666666666667,NA,0.333333333333333,0.333333333333333,0.666666666666667,0,0.666666666666667,NA,NA,0.333333333333333,NA,NA,NA,0.666666666666667,1,0.666666666666667,0.833333333333333,NA,0.666666666666667,0.333333333333333,0.166666666666667,1,0.333333333333333,NA,NA,0.333333333333333,NA,NA,NA,0,0,0,0,NA,0,0.166666666666667,0.166666666666667,0,0,NA,NA,0.333333333333333,NA,NA,NA,0.166666666666667,0,0,0,NA,0,0.166666666666667,0,0,0,NA,NA,0,NA,NA,NA
"82",3,6,3,0,3,0,0,0,3,0,0,0,6,0,0,0,0,0,1,0,0,0,0,0,0,0,0,0,0,0,0,0,0,2,1,0,0,0,0,0,1,0,0,0,4,0,0,0,0.125,0.25,0.125,0,0.125,0,0,0,0.125,0,0,0,0.25,0,0,0,0,0,0.333333333333333,NA,0,NA,NA,NA,0,NA,NA,NA,0,NA,NA,NA,0,0.333333333333333,0.333333333333333,NA,0,NA,NA,NA,0.333333333333333,NA,NA,NA,0.666666666666667,NA,NA,NA,0,2,1,0,0,0,0,0,1,0,0,0,4,0,0,0,3,4,1,0,3,0,0,0,2,0,0,0,2,0,0,0,0,0,0,0,0,0,0,0,0,0,0,0,0,0,0,0,0,0,1,0,0,0,0,0,0,0,0,0,0,0,0,0,0,0.333333333333333,0.333333333333333,NA,0,NA,NA,NA,0.333333333333333,NA,NA,NA,0.666666666666667,NA,NA,NA,1,0.666666666666667,0.333333333333333,NA,1,NA,NA,NA,0.666666666666667,NA,NA,NA,0.333333333333333,NA,NA,NA,0,0,0,NA,0,NA,NA,NA,0,NA,NA,NA,0,NA,NA,NA,0,0,0.333333333333333,NA,0,NA,NA,NA,0,NA,NA,NA,0,NA,NA,NA
"83",3,6,0,0,3,0,0,0,3,0,0,0,6,0,0,0,0,0,0,0,0,0,0,0,0,0,0,0,0,0,0,0,0,3,0,0,1,0,0,0,0,0,0,0,3,0,0,0,0.142857142857143,0.285714285714286,0,0,0.142857142857143,0,0,0,0.142857142857143,0,0,0,0.285714285714286,0,0,0,0,0,NA,NA,0,NA,NA,NA,0,NA,NA,NA,0,NA,NA,NA,0,0.5,NA,NA,0.333333333333333,NA,NA,NA,0,NA,NA,NA,0.5,NA,NA,NA,0,3,0,0,1,0,0,0,0,0,0,0,3,0,0,0,3,3,0,0,2,0,0,0,3,0,0,0,3,0,0,0,0,0,0,0,0,0,0,0,0,0,0,0,0,0,0,0,0,0,0,0,0,0,0,0,0,0,0,0,0,0,0,0,0,0.5,NA,NA,0.333333333333333,NA,NA,NA,0,NA,NA,NA,0.5,NA,NA,NA,1,0.5,NA,NA,0.666666666666667,NA,NA,NA,1,NA,NA,NA,0.5,NA,NA,NA,0,0,NA,NA,0,NA,NA,NA,0,NA,NA,NA,0,NA,NA,NA,0,0,NA,NA,0,NA,NA,NA,0,NA,NA,NA,0,NA,NA,NA
"84",3,3,6,6,0,6,6,3,3,6,0,0,6,0,0,0,0,0,0,1,0,0,0,2,0,1,0,0,1,0,0,0,0,0,0,1,0,0,4,1,0,5,0,0,2,0,0,0,0.0625,0.0625,0.125,0.125,0,0.125,0.125,0.0625,0.0625,0.125,0,0,0.125,0,0,0,0,0,0,0.166666666666667,NA,0,0,0.666666666666667,0,0.166666666666667,NA,NA,0.166666666666667,NA,NA,NA,0,0,0,0.166666666666667,NA,0,0.666666666666667,0.333333333333333,0,0.833333333333333,NA,NA,0.333333333333333,NA,NA,NA,0,0,0,1,0,0,4,0,0,4,0,0,2,0,0,0,3,3,6,4,0,6,2,1,3,1,0,0,3,0,0,0,0,0,0,0,0,0,0,1,0,1,0,0,0,0,0,0,0,0,0,1,0,0,0,1,0,0,0,0,1,0,0,0,0,0,0,0.166666666666667,NA,0,0.666666666666667,0,0,0.666666666666667,NA,NA,0.333333333333333,NA,NA,NA,1,1,1,0.666666666666667,NA,1,0.333333333333333,0.333333333333333,1,0.166666666666667,NA,NA,0.5,NA,NA,NA,0,0,0,0,NA,0,0,0.333333333333333,0,0.166666666666667,NA,NA,0,NA,NA,NA,0,0,0,0.166666666666667,NA,0,0,0.333333333333333,0,0,NA,NA,0.166666666666667,NA,NA,NA
"85",3,6,6,6,0,3,6,6,3,6,3,0,0,0,0,0,0,0,1,0,0,0,0,2,0,0,1,0,0,0,0,0,0,0,2,3,0,1,4,5,1,4,2,0,0,0,0,0,0.0625,0.125,0.125,0.125,0,0.0625,0.125,0.125,0.0625,0.125,0.0625,0,0,0,0,0,0,0,0.166666666666667,0,NA,0,0,0.333333333333333,0,0,0.333333333333333,NA,NA,NA,NA,NA,0,0,0.333333333333333,0.5,NA,0.333333333333333,0.666666666666667,0.833333333333333,0.333333333333333,0.666666666666667,0.666666666666667,NA,NA,NA,NA,NA,0,0,2,3,0,1,4,3,1,4,1,0,0,0,0,0,3,6,3,3,0,2,2,1,2,2,1,0,0,0,0,0,0,0,0,0,0,0,0,2,0,0,1,0,0,0,0,0,0,0,1,0,0,0,0,0,0,0,0,0,0,0,0,0,0,0,0.333333333333333,0.5,NA,0.333333333333333,0.666666666666667,0.5,0.333333333333333,0.666666666666667,0.333333333333333,NA,NA,NA,NA,NA,1,1,0.5,0.5,NA,0.666666666666667,0.333333333333333,0.166666666666667,0.666666666666667,0.333333333333333,0.333333333333333,NA,NA,NA,NA,NA,0,0,0,0,NA,0,0,0.333333333333333,0,0,0.333333333333333,NA,NA,NA,NA,NA,0,0,0.166666666666667,0,NA,0,0,0,0,0,0,NA,NA,NA,NA,NA
"86",3,3,6,0,0,3,0,0,0,6,0,0,6,6,0,0,0,0,0,0,0,0,0,0,0,1,0,0,0,2,0,0,0,1,3,0,0,1,0,0,0,2,0,0,1,5,0,0,0.0909090909090909,0.0909090909090909,0.181818181818182,0,0,0.0909090909090909,0,0,0,0.181818181818182,0,0,0.181818181818182,0.181818181818182,0,0,0,0,0,NA,NA,0,NA,NA,NA,0.166666666666667,NA,NA,0,0.333333333333333,NA,NA,0,0.333333333333333,0.5,NA,NA,0.333333333333333,NA,NA,NA,0.333333333333333,NA,NA,0.166666666666667,0.833333333333333,NA,NA,0,1,3,0,0,1,0,0,0,2,0,0,1,4,0,0,3,2,3,0,0,2,0,0,0,3,0,0,5,0,0,0,0,0,0,0,0,0,0,0,0,0,0,0,0,1,0,0,0,0,0,0,0,0,0,0,0,1,0,0,0,1,0,0,0,0.333333333333333,0.5,NA,NA,0.333333333333333,NA,NA,NA,0.333333333333333,NA,NA,0.166666666666667,0.666666666666667,NA,NA,1,0.666666666666667,0.5,NA,NA,0.666666666666667,NA,NA,NA,0.5,NA,NA,0.833333333333333,0,NA,NA,0,0,0,NA,NA,0,NA,NA,NA,0,NA,NA,0,0.166666666666667,NA,NA,0,0,0,NA,NA,0,NA,NA,NA,0.166666666666667,NA,NA,0,0.166666666666667,NA,NA
"87",3,3,3,6,3,6,6,0,6,0,3,0,3,0,0,0,0,0,0,0,0,2,1,0,1,0,1,0,1,0,0,0,1,0,0,4,1,0,1,0,1,0,0,0,1,0,0,0,0.0714285714285714,0.0714285714285714,0.0714285714285714,0.142857142857143,0.0714285714285714,0.142857142857143,0.142857142857143,0,0.142857142857143,0,0.0714285714285714,0,0.0714285714285714,0,0,0,0,0,0,0,0,0.333333333333333,0.166666666666667,NA,0.166666666666667,NA,0.333333333333333,NA,0.333333333333333,NA,NA,NA,0.333333333333333,0,0,0.666666666666667,0.333333333333333,0,0.166666666666667,NA,0.166666666666667,NA,0,NA,0.333333333333333,NA,NA,NA,1,0,0,4,1,0,0,0,0,0,0,0,0,0,0,0,2,3,3,2,2,4,5,0,5,0,2,0,2,0,0,0,0,0,0,0,0,0,1,0,1,0,0,0,1,0,0,0,0,0,0,0,0,2,0,0,0,0,1,0,0,0,0,0,0.333333333333333,0,0,0.666666666666667,0.333333333333333,0,0,NA,0,NA,0,NA,0,NA,NA,NA,0.666666666666667,1,1,0.333333333333333,0.666666666666667,0.666666666666667,0.833333333333333,NA,0.833333333333333,NA,0.666666666666667,NA,0.666666666666667,NA,NA,NA,0,0,0,0,0,0,0.166666666666667,NA,0.166666666666667,NA,0,NA,0.333333333333333,NA,NA,NA,0,0,0,0,0,0.333333333333333,0,NA,0,NA,0.333333333333333,NA,0,NA,NA,NA
"88",3,3,6,0,0,6,0,0,6,6,0,0,6,3,0,0,0,0,0,0,0,0,0,0,0,2,0,0,1,2,0,0,0,0,3,0,0,1,0,0,1,4,0,0,3,3,0,0,0.0769230769230769,0.0769230769230769,0.153846153846154,0,0,0.153846153846154,0,0,0.153846153846154,0.153846153846154,0,0,0.153846153846154,0.0769230769230769,0,0,0,0,0,NA,NA,0,NA,NA,0,0.333333333333333,NA,NA,0.166666666666667,0.666666666666667,NA,NA,0,0,0.5,NA,NA,0.166666666666667,NA,NA,0.166666666666667,0.666666666666667,NA,NA,0.5,1,NA,NA,0,0,3,0,0,1,0,0,1,2,0,0,2,1,0,0,3,3,3,0,0,5,0,0,5,2,0,0,3,0,0,0,0,0,0,0,0,0,0,0,0,2,0,0,1,2,0,0,0,0,0,0,0,0,0,0,0,0,0,0,0,0,0,0,0,0,0.5,NA,NA,0.166666666666667,NA,NA,0.166666666666667,0.333333333333333,NA,NA,0.333333333333333,0.333333333333333,NA,NA,1,1,0.5,NA,NA,0.833333333333333,NA,NA,0.833333333333333,0.333333333333333,NA,NA,0.5,0,NA,NA,0,0,0,NA,NA,0,NA,NA,0,0.333333333333333,NA,NA,0.166666666666667,0.666666666666667,NA,NA,0,0,0,NA,NA,0,NA,NA,0,0,NA,NA,0,0,NA,NA
"89",3,6,6,0,6,6,0,0,6,6,0,0,6,0,0,0,0,0,1,0,0,0,0,0,1,2,0,0,1,0,0,0,0,0,4,0,2,1,0,0,0,4,0,0,1,0,0,0,0.0666666666666667,0.133333333333333,0.133333333333333,0,0.133333333333333,0.133333333333333,0,0,0.133333333333333,0.133333333333333,0,0,0.133333333333333,0,0,0,0,0,0.166666666666667,NA,0,0,NA,NA,0.166666666666667,0.333333333333333,NA,NA,0.166666666666667,NA,NA,NA,0,0,0.666666666666667,NA,0.333333333333333,0.166666666666667,NA,NA,0,0.666666666666667,NA,NA,0.166666666666667,NA,NA,NA,0,0,4,0,2,1,0,0,0,3,0,0,1,0,0,0,3,6,1,0,4,5,0,0,5,1,0,0,4,0,0,0,0,0,0,0,0,0,0,0,0,1,0,0,0,0,0,0,0,0,1,0,0,0,0,0,1,1,0,0,1,0,0,0,0,0,0.666666666666667,NA,0.333333333333333,0.166666666666667,NA,NA,0,0.5,NA,NA,0.166666666666667,NA,NA,NA,1,1,0.166666666666667,NA,0.666666666666667,0.833333333333333,NA,NA,0.833333333333333,0.166666666666667,NA,NA,0.666666666666667,NA,NA,NA,0,0,0,NA,0,0,NA,NA,0,0.166666666666667,NA,NA,0,NA,NA,NA,0,0,0.166666666666667,NA,0,0,NA,NA,0.166666666666667,0.166666666666667,NA,NA,0.166666666666667,NA,NA,NA
"90",3,3,3,6,3,6,6,6,6,0,0,0,6,0,0,0,0,0,0,1,0,2,1,2,0,0,0,0,1,0,0,0,1,0,0,2,1,1,4,5,1,0,0,0,4,0,0,0,0.0625,0.0625,0.0625,0.125,0.0625,0.125,0.125,0.125,0.125,0,0,0,0.125,0,0,0,0,0,0,0.166666666666667,0,0.333333333333333,0.166666666666667,0.333333333333333,0,NA,NA,NA,0.166666666666667,NA,NA,NA,0.333333333333333,0,0,0.333333333333333,0.333333333333333,0.166666666666667,0.666666666666667,0.833333333333333,0.166666666666667,NA,NA,NA,0.666666666666667,NA,NA,NA,1,0,0,2,1,0,3,3,1,0,0,0,4,0,0,0,2,3,3,3,2,4,2,1,5,0,0,0,1,0,0,0,0,0,0,0,0,1,1,2,0,0,0,0,0,0,0,0,0,0,0,1,0,1,0,0,0,0,0,0,1,0,0,0,0.333333333333333,0,0,0.333333333333333,0.333333333333333,0,0.5,0.5,0.166666666666667,NA,NA,NA,0.666666666666667,NA,NA,NA,0.666666666666667,1,1,0.5,0.666666666666667,0.666666666666667,0.333333333333333,0.166666666666667,0.833333333333333,NA,NA,NA,0.166666666666667,NA,NA,NA,0,0,0,0,0,0.166666666666667,0.166666666666667,0.333333333333333,0,NA,NA,NA,0,NA,NA,NA,0,0,0,0.166666666666667,0,0.166666666666667,0,0,0,NA,NA,NA,0.166666666666667,NA,NA,NA
"91",3,3,6,0,6,3,0,0,3,6,0,0,0,0,0,0,0,0,0,0,1,0,0,0,1,1,0,0,0,0,0,0,0,1,3,0,1,0,0,0,0,5,0,0,0,0,0,0,0.1,0.1,0.2,0,0.2,0.1,0,0,0.1,0.2,0,0,0,0,0,0,0,0,0,NA,0.166666666666667,0,NA,NA,0.333333333333333,0.166666666666667,NA,NA,NA,NA,NA,NA,0,0.333333333333333,0.5,NA,0.166666666666667,0,NA,NA,0,0.833333333333333,NA,NA,NA,NA,NA,NA,0,1,3,0,0,0,0,0,0,4,0,0,0,0,0,0,3,2,3,0,5,3,0,0,2,1,0,0,0,0,0,0,0,0,0,0,1,0,0,0,0,1,0,0,0,0,0,0,0,0,0,0,0,0,0,0,1,0,0,0,0,0,0,0,0,0.333333333333333,0.5,NA,0,0,NA,NA,0,0.666666666666667,NA,NA,NA,NA,NA,NA,1,0.666666666666667,0.5,NA,0.833333333333333,1,NA,NA,0.666666666666667,0.166666666666667,NA,NA,NA,NA,NA,NA,0,0,0,NA,0.166666666666667,0,NA,NA,0,0.166666666666667,NA,NA,NA,NA,NA,NA,0,0,0,NA,0,0,NA,NA,0.333333333333333,0,NA,NA,NA,NA,NA,NA
"92",3,3,6,3,3,6,0,0,6,0,0,0,6,0,0,0,0,0,1,1,0,2,0,0,0,0,0,0,1,0,0,0,1,0,1,0,1,2,0,0,1,0,0,0,2,0,0,0,0.0833333333333333,0.0833333333333333,0.166666666666667,0.0833333333333333,0.0833333333333333,0.166666666666667,0,0,0.166666666666667,0,0,0,0.166666666666667,0,0,0,0,0,0.166666666666667,0.333333333333333,0,0.333333333333333,NA,NA,0,NA,NA,NA,0.166666666666667,NA,NA,NA,0.333333333333333,0,0.166666666666667,0,0.333333333333333,0.333333333333333,NA,NA,0.166666666666667,NA,NA,NA,0.333333333333333,NA,NA,NA,1,0,1,0,1,2,0,0,1,0,0,0,2,0,0,0,2,3,4,2,2,2,0,0,5,0,0,0,3,0,0,0,0,0,0,0,0,0,0,0,0,0,0,0,0,0,0,0,0,0,1,1,0,2,0,0,0,0,0,0,1,0,0,0,0.333333333333333,0,0.166666666666667,0,0.333333333333333,0.333333333333333,NA,NA,0.166666666666667,NA,NA,NA,0.333333333333333,NA,NA,NA,0.666666666666667,1,0.666666666666667,0.666666666666667,0.666666666666667,0.333333333333333,NA,NA,0.833333333333333,NA,NA,NA,0.5,NA,NA,NA,0,0,0,0,0,0,NA,NA,0,NA,NA,NA,0,NA,NA,NA,0,0,0.166666666666667,0.333333333333333,0,0.333333333333333,NA,NA,0,NA,NA,NA,0.166666666666667,NA,NA,NA
"93",3,3,6,0,6,6,0,0,6,3,0,0,3,0,0,0,0,0,0,0,0,0,0,0,1,1,0,0,2,0,0,0,1,0,4,0,1,3,0,0,1,1,0,0,3,0,0,0,0.0833333333333333,0.0833333333333333,0.166666666666667,0,0.166666666666667,0.166666666666667,0,0,0.166666666666667,0.0833333333333333,0,0,0.0833333333333333,0,0,0,0,0,0,NA,0,0,NA,NA,0.166666666666667,0.333333333333333,NA,NA,0.666666666666667,NA,NA,NA,0.333333333333333,0,0.666666666666667,NA,0.166666666666667,0.5,NA,NA,0.166666666666667,0.333333333333333,NA,NA,1,NA,NA,NA,1,0,4,0,1,3,0,0,1,0,0,0,1,0,0,0,2,3,2,0,5,3,0,0,4,2,0,0,0,0,0,0,0,0,0,0,0,0,0,0,0,1,0,0,2,0,0,0,0,0,0,0,0,0,0,0,1,0,0,0,0,0,0,0,0.333333333333333,0,0.666666666666667,NA,0.166666666666667,0.5,NA,NA,0.166666666666667,0,NA,NA,0.333333333333333,NA,NA,NA,0.666666666666667,1,0.333333333333333,NA,0.833333333333333,0.5,NA,NA,0.666666666666667,0.666666666666667,NA,NA,0,NA,NA,NA,0,0,0,NA,0,0,NA,NA,0,0.333333333333333,NA,NA,0.666666666666667,NA,NA,NA,0,0,0,NA,0,0,NA,NA,0.166666666666667,0,NA,NA,0,NA,NA,NA
"94",3,3,6,6,0,6,6,0,6,6,0,0,3,3,0,0,0,0,0,0,0,0,3,0,0,1,0,0,1,2,0,0,0,0,2,4,0,2,6,0,0,2,0,0,2,2,0,0,0.0625,0.0625,0.125,0.125,0,0.125,0.125,0,0.125,0.125,0,0,0.0625,0.0625,0,0,0,0,0,0,NA,0,0.5,NA,0,0.166666666666667,NA,NA,0.333333333333333,0.666666666666667,NA,NA,0,0,0.333333333333333,0.666666666666667,NA,0.333333333333333,1,NA,0,0.333333333333333,NA,NA,0.666666666666667,0.666666666666667,NA,NA,0,0,2,4,0,2,3,0,0,2,0,0,1,1,0,0,3,3,4,2,0,4,0,0,6,3,0,0,1,0,0,0,0,0,0,0,0,0,3,0,0,0,0,0,1,1,0,0,0,0,0,0,0,0,0,0,0,1,0,0,0,1,0,0,0,0,0.333333333333333,0.666666666666667,NA,0.333333333333333,0.5,NA,0,0.333333333333333,NA,NA,0.333333333333333,0.333333333333333,NA,NA,1,1,0.666666666666667,0.333333333333333,NA,0.666666666666667,0,NA,1,0.5,NA,NA,0.333333333333333,0,NA,NA,0,0,0,0,NA,0,0.5,NA,0,0,NA,NA,0.333333333333333,0.333333333333333,NA,NA,0,0,0,0,NA,0,0,NA,0,0.166666666666667,NA,NA,0,0.333333333333333,NA,NA
"95",3,3,6,6,3,6,0,0,3,6,0,0,6,0,0,0,0,0,0,2,0,1,0,0,0,2,0,0,0,0,0,0,0,1,0,3,0,1,0,0,0,2,0,0,3,0,0,0,0.0714285714285714,0.0714285714285714,0.142857142857143,0.142857142857143,0.0714285714285714,0.142857142857143,0,0,0.0714285714285714,0.142857142857143,0,0,0.142857142857143,0,0,0,0,0,0,0.333333333333333,0,0.166666666666667,NA,NA,0,0.333333333333333,NA,NA,0,NA,NA,NA,0,0.333333333333333,0,0.5,0,0.166666666666667,NA,NA,0,0.333333333333333,NA,NA,0.5,NA,NA,NA,0,1,0,2,0,1,0,0,0,2,0,0,3,0,0,0,3,2,6,2,3,4,0,0,3,2,0,0,3,0,0,0,0,0,0,1,0,0,0,0,0,0,0,0,0,0,0,0,0,0,0,1,0,1,0,0,0,2,0,0,0,0,0,0,0,0.333333333333333,0,0.333333333333333,0,0.166666666666667,NA,NA,0,0.333333333333333,NA,NA,0.5,NA,NA,NA,1,0.666666666666667,1,0.333333333333333,1,0.666666666666667,NA,NA,1,0.333333333333333,NA,NA,0.5,NA,NA,NA,0,0,0,0.166666666666667,0,0,NA,NA,0,0,NA,NA,0,NA,NA,NA,0,0,0,0.166666666666667,0,0.166666666666667,NA,NA,0,0.333333333333333,NA,NA,0,NA,NA,NA
"96",3,3,3,3,0,3,6,6,3,6,3,3,6,0,0,0,0,0,0,0,0,0,2,1,0,0,2,1,0,0,0,0,1,0,0,0,0,0,3,4,0,4,1,3,2,0,0,0,0.0625,0.0625,0.0625,0.0625,0,0.0625,0.125,0.125,0.0625,0.125,0.0625,0.0625,0.125,0,0,0,0,0,0,0,NA,0,0.333333333333333,0.166666666666667,0,0,0.666666666666667,0.333333333333333,0,NA,NA,NA,0.333333333333333,0,0,0,NA,0,0.5,0.666666666666667,0,0.666666666666667,0.333333333333333,1,0.333333333333333,NA,NA,NA,1,0,0,0,0,0,2,3,0,4,1,2,2,0,0,0,2,3,3,3,0,3,2,2,3,2,0,0,4,0,0,0,0,0,0,0,0,0,1,1,0,0,0,1,0,0,0,0,0,0,0,0,0,0,1,0,0,0,2,0,0,0,0,0,0.333333333333333,0,0,0,NA,0,0.333333333333333,0.5,0,0.666666666666667,0.333333333333333,0.666666666666667,0.333333333333333,NA,NA,NA,0.666666666666667,1,1,1,NA,1,0.333333333333333,0.333333333333333,1,0.333333333333333,0,0,0.666666666666667,NA,NA,NA,0,0,0,0,NA,0,0.166666666666667,0.166666666666667,0,0,0,0.333333333333333,0,NA,NA,NA,0,0,0,0,NA,0,0.166666666666667,0,0,0,0.666666666666667,0,0,NA,NA,NA
"97",3,3,6,6,0,3,0,0,6,6,0,0,6,0,0,0,0,0,0,2,0,0,0,0,0,0,0,0,1,0,0,0,0,1,2,2,0,1,0,0,1,4,0,0,4,0,0,0,0.0769230769230769,0.0769230769230769,0.153846153846154,0.153846153846154,0,0.0769230769230769,0,0,0.153846153846154,0.153846153846154,0,0,0.153846153846154,0,0,0,0,0,0,0.333333333333333,NA,0,NA,NA,0,0,NA,NA,0.166666666666667,NA,NA,NA,0,0.333333333333333,0.333333333333333,0.333333333333333,NA,0.333333333333333,NA,NA,0.166666666666667,0.666666666666667,NA,NA,0.666666666666667,NA,NA,NA,0,1,2,1,0,1,0,0,1,4,0,0,3,0,0,0,3,2,4,3,0,2,0,0,5,2,0,0,2,0,0,0,0,0,0,1,0,0,0,0,0,0,0,0,1,0,0,0,0,0,0,1,0,0,0,0,0,0,0,0,0,0,0,0,0,0.333333333333333,0.333333333333333,0.166666666666667,NA,0.333333333333333,NA,NA,0.166666666666667,0.666666666666667,NA,NA,0.5,NA,NA,NA,1,0.666666666666667,0.666666666666667,0.5,NA,0.666666666666667,NA,NA,0.833333333333333,0.333333333333333,NA,NA,0.333333333333333,NA,NA,NA,0,0,0,0.166666666666667,NA,0,NA,NA,0,0,NA,NA,0.166666666666667,NA,NA,NA,0,0,0,0.166666666666667,NA,0,NA,NA,0,0,NA,NA,0,NA,NA,NA
"98",3,3,3,6,6,6,6,6,6,0,0,0,3,0,0,0,0,0,0,0,0,2,1,3,1,0,0,0,1,0,0,0,0,1,1,1,1,0,5,3,1,0,0,0,1,0,0,0,0.0625,0.0625,0.0625,0.125,0.125,0.125,0.125,0.125,0.125,0,0,0,0.0625,0,0,0,0,0,0,0,0,0.333333333333333,0.166666666666667,0.5,0.166666666666667,NA,NA,NA,0.333333333333333,NA,NA,NA,0,0.333333333333333,0.333333333333333,0.166666666666667,0.166666666666667,0,0.833333333333333,0.5,0.166666666666667,NA,NA,NA,0.333333333333333,NA,NA,NA,0,1,1,1,1,0,4,1,1,0,0,0,1,0,0,0,3,2,2,5,5,4,1,2,4,0,0,0,1,0,0,0,0,0,0,0,0,0,1,2,0,0,0,0,0,0,0,0,0,0,0,0,0,2,0,1,1,0,0,0,1,0,0,0,0,0.333333333333333,0.333333333333333,0.166666666666667,0.166666666666667,0,0.666666666666667,0.166666666666667,0.166666666666667,NA,NA,NA,0.333333333333333,NA,NA,NA,1,0.666666666666667,0.666666666666667,0.833333333333333,0.833333333333333,0.666666666666667,0.166666666666667,0.333333333333333,0.666666666666667,NA,NA,NA,0.333333333333333,NA,NA,NA,0,0,0,0,0,0,0.166666666666667,0.333333333333333,0,NA,NA,NA,0,NA,NA,NA,0,0,0,0,0,0.333333333333333,0,0.166666666666667,0.166666666666667,NA,NA,NA,0.333333333333333,NA,NA,NA
"99",3,3,3,6,3,6,6,6,3,3,0,3,3,0,0,0,0,0,0,0,0,1,0,1,0,1,0,1,1,0,0,0,0,1,0,2,1,2,3,2,0,1,0,1,1,0,0,0,0.0625,0.0625,0.0625,0.125,0.0625,0.125,0.125,0.125,0.0625,0.0625,0,0.0625,0.0625,0,0,0,0,0,0,0,0,0.166666666666667,0,0.166666666666667,0,0.333333333333333,NA,0.333333333333333,0.333333333333333,NA,NA,NA,0,0.333333333333333,0,0.333333333333333,0.333333333333333,0.333333333333333,0.5,0.333333333333333,0,0.333333333333333,NA,0.333333333333333,0.333333333333333,NA,NA,NA,0,1,0,2,1,2,3,2,0,1,0,1,1,0,0,0,3,2,3,4,2,3,3,3,3,1,0,1,1,0,0,0,0,0,0,0,0,0,0,0,0,0,0,0,0,0,0,0,0,0,0,0,0,1,0,1,0,1,0,1,1,0,0,0,0,0.333333333333333,0,0.333333333333333,0.333333333333333,0.333333333333333,0.5,0.333333333333333,0,0.333333333333333,NA,0.333333333333333,0.333333333333333,NA,NA,NA,1,0.666666666666667,1,0.666666666666667,0.666666666666667,0.5,0.5,0.5,1,0.333333333333333,NA,0.333333333333333,0.333333333333333,NA,NA,NA,0,0,0,0,0,0,0,0,0,0,NA,0,0,NA,NA,NA,0,0,0,0,0,0.166666666666667,0,0.166666666666667,0,0.333333333333333,NA,0.333333333333333,0.333333333333333,NA,NA,NA
"100",3,3,3,6,3,6,6,6,6,6,0,0,0,0,0,0,0,0,0,1,0,1,0,2,1,1,0,0,0,0,0,0,0,1,1,2,1,1,4,5,1,5,0,0,0,0,0,0,0.0625,0.0625,0.0625,0.125,0.0625,0.125,0.125,0.125,0.125,0.125,0,0,0,0,0,0,0,0,0,0.166666666666667,0,0.166666666666667,0,0.333333333333333,0.166666666666667,0.166666666666667,NA,NA,NA,NA,NA,NA,0,0.333333333333333,0.333333333333333,0.333333333333333,0.333333333333333,0.166666666666667,0.666666666666667,0.833333333333333,0.166666666666667,0.833333333333333,NA,NA,NA,NA,NA,NA,0,1,1,1,1,1,4,3,1,4,0,0,0,0,0,0,3,2,2,4,2,4,2,1,4,1,0,0,0,0,0,0,0,0,0,1,0,0,0,2,0,1,0,0,0,0,0,0,0,0,0,0,0,1,0,0,1,0,0,0,0,0,0,0,0,0.333333333333333,0.333333333333333,0.166666666666667,0.333333333333333,0.166666666666667,0.666666666666667,0.5,0.166666666666667,0.666666666666667,NA,NA,NA,NA,NA,NA,1,0.666666666666667,0.666666666666667,0.666666666666667,0.666666666666667,0.666666666666667,0.333333333333333,0.166666666666667,0.666666666666667,0.166666666666667,NA,NA,NA,NA,NA,NA,0,0,0,0.166666666666667,0,0,0,0.333333333333333,0,0.166666666666667,NA,NA,NA,NA,NA,NA,0,0,0,0,0,0.166666666666667,0,0,0.166666666666667,0,NA,NA,NA,NA,NA,NA
"101",3,3,6,3,6,6,0,0,6,6,0,0,0,3,0,0,0,0,0,1,0,1,0,0,2,0,0,0,0,1,0,0,1,0,4,1,1,1,0,0,0,3,0,0,0,1,0,0,0.0714285714285714,0.0714285714285714,0.142857142857143,0.0714285714285714,0.142857142857143,0.142857142857143,0,0,0.142857142857143,0.142857142857143,0,0,0,0.0714285714285714,0,0,0,0,0,0.333333333333333,0,0.166666666666667,NA,NA,0.333333333333333,0,NA,NA,NA,0.333333333333333,NA,NA,0.333333333333333,0,0.666666666666667,0.333333333333333,0.166666666666667,0.166666666666667,NA,NA,0,0.5,NA,NA,NA,0.333333333333333,NA,NA,1,0,4,1,1,1,0,0,0,3,0,0,0,1,0,0,2,3,2,1,5,4,0,0,4,3,0,0,0,1,0,0,0,0,0,0,0,0,0,0,0,0,0,0,0,0,0,0,0,0,0,1,0,1,0,0,2,0,0,0,0,1,0,0,0.333333333333333,0,0.666666666666667,0.333333333333333,0.166666666666667,0.166666666666667,NA,NA,0,0.5,NA,NA,NA,0.333333333333333,NA,NA,0.666666666666667,1,0.333333333333333,0.333333333333333,0.833333333333333,0.666666666666667,NA,NA,0.666666666666667,0.5,NA,NA,NA,0.333333333333333,NA,NA,0,0,0,0,0,0,NA,NA,0,0,NA,NA,NA,0,NA,NA,0,0,0,0.333333333333333,0,0.166666666666667,NA,NA,0.333333333333333,0,NA,NA,NA,0.333333333333333,NA,NA
"102",3,3,3,6,0,0,3,6,3,6,6,0,6,0,0,0,0,0,0,0,0,0,0,2,0,0,1,0,1,0,0,0,1,0,1,2,0,0,1,4,0,6,6,0,1,0,0,0,0.0666666666666667,0.0666666666666667,0.0666666666666667,0.133333333333333,0,0,0.0666666666666667,0.133333333333333,0.0666666666666667,0.133333333333333,0.133333333333333,0,0.133333333333333,0,0,0,0,0,0,0,NA,NA,0,0.333333333333333,0,0,0.166666666666667,NA,0.166666666666667,NA,NA,NA,0.333333333333333,0,0.333333333333333,0.333333333333333,NA,NA,0.333333333333333,0.666666666666667,0,1,1,NA,0.166666666666667,NA,NA,NA,1,0,1,2,0,0,1,2,0,6,5,0,0,0,0,0,2,3,2,4,0,0,2,2,3,0,0,0,5,0,0,0,0,0,0,0,0,0,0,2,0,0,1,0,1,0,0,0,0,0,0,0,0,0,0,0,0,0,0,0,0,0,0,0,0.333333333333333,0,0.333333333333333,0.333333333333333,NA,NA,0.333333333333333,0.333333333333333,0,1,0.833333333333333,NA,0,NA,NA,NA,0.666666666666667,1,0.666666666666667,0.666666666666667,NA,NA,0.666666666666667,0.333333333333333,1,0,0,NA,0.833333333333333,NA,NA,NA,0,0,0,0,NA,NA,0,0.333333333333333,0,0,0.166666666666667,NA,0.166666666666667,NA,NA,NA,0,0,0,0,NA,NA,0,0,0,0,0,NA,0,NA,NA,NA
"103",3,3,6,3,3,3,0,0,6,6,0,0,3,0,0,0,0,0,0,1,0,0,0,0,1,0,0,0,1,0,0,0,1,0,3,2,0,1,0,0,1,5,0,0,2,0,0,0,0.0833333333333333,0.0833333333333333,0.166666666666667,0.0833333333333333,0.0833333333333333,0.0833333333333333,0,0,0.166666666666667,0.166666666666667,0,0,0.0833333333333333,0,0,0,0,0,0,0.333333333333333,0,0,NA,NA,0.166666666666667,0,NA,NA,0.333333333333333,NA,NA,NA,0.333333333333333,0,0.5,0.666666666666667,0,0.333333333333333,NA,NA,0.166666666666667,0.833333333333333,NA,NA,0.666666666666667,NA,NA,NA,1,0,3,2,0,1,0,0,1,5,0,0,2,0,0,0,2,3,3,0,3,2,0,0,4,1,0,0,0,0,0,0,0,0,0,0,0,0,0,0,0,0,0,0,0,0,0,0,0,0,0,1,0,0,0,0,1,0,0,0,1,0,0,0,0.333333333333333,0,0.5,0.666666666666667,0,0.333333333333333,NA,NA,0.166666666666667,0.833333333333333,NA,NA,0.666666666666667,NA,NA,NA,0.666666666666667,1,0.5,0,1,0.666666666666667,NA,NA,0.666666666666667,0.166666666666667,NA,NA,0,NA,NA,NA,0,0,0,0,0,0,NA,NA,0,0,NA,NA,0,NA,NA,NA,0,0,0,0.333333333333333,0,0,NA,NA,0.166666666666667,0,NA,NA,0.333333333333333,NA,NA,NA
"104",3,6,6,6,3,6,6,0,3,3,0,0,6,0,0,0,0,0,1,0,0,0,2,0,0,1,0,0,0,0,0,0,0,2,2,3,0,2,3,0,0,1,0,0,2,0,0,0,0.0625,0.125,0.125,0.125,0.0625,0.125,0.125,0,0.0625,0.0625,0,0,0.125,0,0,0,0,0,0.166666666666667,0,0,0,0.333333333333333,NA,0,0.333333333333333,NA,NA,0,NA,NA,NA,0,0.333333333333333,0.333333333333333,0.5,0,0.333333333333333,0.5,NA,0,0.333333333333333,NA,NA,0.333333333333333,NA,NA,NA,0,2,2,3,0,2,3,0,0,1,0,0,2,0,0,0,3,4,3,3,3,4,1,0,3,1,0,0,4,0,0,0,0,0,0,0,0,0,0,0,0,0,0,0,0,0,0,0,0,0,1,0,0,0,2,0,0,1,0,0,0,0,0,0,0,0.333333333333333,0.333333333333333,0.5,0,0.333333333333333,0.5,NA,0,0.333333333333333,NA,NA,0.333333333333333,NA,NA,NA,1,0.666666666666667,0.5,0.5,1,0.666666666666667,0.166666666666667,NA,1,0.333333333333333,NA,NA,0.666666666666667,NA,NA,NA,0,0,0,0,0,0,0,NA,0,0,NA,NA,0,NA,NA,NA,0,0,0.166666666666667,0,0,0,0.333333333333333,NA,0,0.333333333333333,NA,NA,0,NA,NA,NA
"105",3,3,6,0,6,6,0,0,3,6,0,0,0,0,0,0,0,0,0,0,1,1,0,0,2,0,0,0,0,0,0,0,1,0,3,0,4,1,0,0,1,3,0,0,0,0,0,0,0.0909090909090909,0.0909090909090909,0.181818181818182,0,0.181818181818182,0.181818181818182,0,0,0.0909090909090909,0.181818181818182,0,0,0,0,0,0,0,0,0,NA,0.166666666666667,0.166666666666667,NA,NA,0.666666666666667,0,NA,NA,NA,NA,NA,NA,0.333333333333333,0,0.5,NA,0.666666666666667,0.166666666666667,NA,NA,0.333333333333333,0.5,NA,NA,NA,NA,NA,NA,1,0,3,0,3,1,0,0,0,3,0,0,0,0,0,0,2,3,3,0,2,4,0,0,1,3,0,0,0,0,0,0,0,0,0,0,1,0,0,0,1,0,0,0,0,0,0,0,0,0,0,0,0,1,0,0,1,0,0,0,0,0,0,0,0.333333333333333,0,0.5,NA,0.5,0.166666666666667,NA,NA,0,0.5,NA,NA,NA,NA,NA,NA,0.666666666666667,1,0.5,NA,0.333333333333333,0.666666666666667,NA,NA,0.333333333333333,0.5,NA,NA,NA,NA,NA,NA,0,0,0,NA,0.166666666666667,0,NA,NA,0.333333333333333,0,NA,NA,NA,NA,NA,NA,0,0,0,NA,0,0.166666666666667,NA,NA,0.333333333333333,0,NA,NA,NA,NA,NA,NA
"106",3,3,3,6,3,6,6,0,6,0,0,0,6,0,0,0,0,0,0,1,0,2,0,0,0,0,0,0,2,0,0,0,1,0,1,3,0,2,5,0,2,0,0,0,3,0,0,0,0.0714285714285714,0.0714285714285714,0.0714285714285714,0.142857142857143,0.0714285714285714,0.142857142857143,0.142857142857143,0,0.142857142857143,0,0,0,0.142857142857143,0,0,0,0,0,0,0.166666666666667,0,0.333333333333333,0,NA,0,NA,NA,NA,0.333333333333333,NA,NA,NA,0.333333333333333,0,0.333333333333333,0.5,0,0.333333333333333,0.833333333333333,NA,0.333333333333333,NA,NA,NA,0.5,NA,NA,NA,1,0,1,3,0,0,5,0,2,0,0,0,1,0,0,0,2,3,2,2,3,4,1,0,4,0,0,0,3,0,0,0,0,0,0,0,0,2,0,0,0,0,0,0,2,0,0,0,0,0,0,1,0,0,0,0,0,0,0,0,0,0,0,0,0.333333333333333,0,0.333333333333333,0.5,0,0,0.833333333333333,NA,0.333333333333333,NA,NA,NA,0.166666666666667,NA,NA,NA,0.666666666666667,1,0.666666666666667,0.333333333333333,1,0.666666666666667,0.166666666666667,NA,0.666666666666667,NA,NA,NA,0.5,NA,NA,NA,0,0,0,0,0,0.333333333333333,0,NA,0,NA,NA,NA,0.333333333333333,NA,NA,NA,0,0,0,0.166666666666667,0,0,0,NA,0,NA,NA,NA,0,NA,NA,NA
"107",6,6,6,0,3,6,0,0,3,0,0,0,6,0,0,0,0,1,0,0,0,2,0,0,0,0,0,0,1,0,0,0,0,2,3,0,1,2,0,0,0,0,0,0,3,0,0,0,0.166666666666667,0.166666666666667,0.166666666666667,0,0.0833333333333333,0.166666666666667,0,0,0.0833333333333333,0,0,0,0.166666666666667,0,0,0,0,0.166666666666667,0,NA,0,0.333333333333333,NA,NA,0,NA,NA,NA,0.166666666666667,NA,NA,NA,0,0.333333333333333,0.5,NA,0.333333333333333,0.333333333333333,NA,NA,0,NA,NA,NA,0.5,NA,NA,NA,0,1,3,0,1,1,0,0,0,0,0,0,2,0,0,0,6,4,3,0,2,3,0,0,3,0,0,0,3,0,0,0,0,1,0,0,0,1,0,0,0,0,0,0,1,0,0,0,0,0,0,0,0,1,0,0,0,0,0,0,0,0,0,0,0,0.166666666666667,0.5,NA,0.333333333333333,0.166666666666667,NA,NA,0,NA,NA,NA,0.333333333333333,NA,NA,NA,1,0.666666666666667,0.5,NA,0.666666666666667,0.5,NA,NA,1,NA,NA,NA,0.5,NA,NA,NA,0,0.166666666666667,0,NA,0,0.166666666666667,NA,NA,0,NA,NA,NA,0.166666666666667,NA,NA,NA,0,0,0,NA,0,0.166666666666667,NA,NA,0,NA,NA,NA,0,NA,NA,NA
"108",6,3,3,6,0,6,6,3,3,6,0,0,6,0,0,0,1,0,0,0,0,0,0,1,0,0,0,0,2,0,0,0,1,0,1,4,0,2,3,3,0,6,0,0,4,0,0,0,0.125,0.0625,0.0625,0.125,0,0.125,0.125,0.0625,0.0625,0.125,0,0,0.125,0,0,0,0.166666666666667,0,0,0,NA,0,0,0.333333333333333,0,0,NA,NA,0.333333333333333,NA,NA,NA,0.166666666666667,0,0.333333333333333,0.666666666666667,NA,0.333333333333333,0.5,1,0,1,NA,NA,0.666666666666667,NA,NA,NA,1,0,1,4,0,2,3,2,0,6,0,0,3,0,0,0,4,3,2,2,0,4,3,0,3,0,0,0,1,0,0,0,0,0,0,0,0,0,0,1,0,0,0,0,1,0,0,0,1,0,0,0,0,0,0,0,0,0,0,0,1,0,0,0,0.166666666666667,0,0.333333333333333,0.666666666666667,NA,0.333333333333333,0.5,0.666666666666667,0,1,NA,NA,0.5,NA,NA,NA,0.666666666666667,1,0.666666666666667,0.333333333333333,NA,0.666666666666667,0.5,0,1,0,NA,NA,0.166666666666667,NA,NA,NA,0,0,0,0,NA,0,0,0.333333333333333,0,0,NA,NA,0.166666666666667,NA,NA,NA,0.166666666666667,0,0,0,NA,0,0,0,0,0,NA,NA,0.166666666666667,NA,NA,NA
"109",3,3,6,6,0,6,6,0,3,6,0,0,6,0,0,0,0,0,0,1,0,1,0,0,0,2,0,0,0,0,0,0,0,0,2,3,0,1,4,0,1,4,0,0,2,0,0,0,0.0666666666666667,0.0666666666666667,0.133333333333333,0.133333333333333,0,0.133333333333333,0.133333333333333,0,0.0666666666666667,0.133333333333333,0,0,0.133333333333333,0,0,0,0,0,0,0.166666666666667,NA,0.166666666666667,0,NA,0,0.333333333333333,NA,NA,0,NA,NA,NA,0,0,0.333333333333333,0.5,NA,0.166666666666667,0.666666666666667,NA,0.333333333333333,0.666666666666667,NA,NA,0.333333333333333,NA,NA,NA,0,0,2,3,0,1,4,0,1,3,0,0,2,0,0,0,3,3,4,2,0,4,2,0,2,1,0,0,4,0,0,0,0,0,0,0,0,0,0,0,0,1,0,0,0,0,0,0,0,0,0,1,0,1,0,0,0,1,0,0,0,0,0,0,0,0,0.333333333333333,0.5,NA,0.166666666666667,0.666666666666667,NA,0.333333333333333,0.5,NA,NA,0.333333333333333,NA,NA,NA,1,1,0.666666666666667,0.333333333333333,NA,0.666666666666667,0.333333333333333,NA,0.666666666666667,0.166666666666667,NA,NA,0.666666666666667,NA,NA,NA,0,0,0,0,NA,0,0,NA,0,0.166666666666667,NA,NA,0,NA,NA,NA,0,0,0,0.166666666666667,NA,0.166666666666667,0,NA,0,0.166666666666667,NA,NA,0,NA,NA,NA
"110",3,3,3,6,0,6,6,0,3,6,3,0,6,0,0,0,0,0,0,0,0,1,0,0,0,1,3,0,0,0,0,0,1,1,1,4,0,2,3,0,1,4,2,0,2,0,0,0,0.0666666666666667,0.0666666666666667,0.0666666666666667,0.133333333333333,0,0.133333333333333,0.133333333333333,0,0.0666666666666667,0.133333333333333,0.0666666666666667,0,0.133333333333333,0,0,0,0,0,0,0,NA,0.166666666666667,0,NA,0,0.166666666666667,1,NA,0,NA,NA,NA,0.333333333333333,0.333333333333333,0.333333333333333,0.666666666666667,NA,0.333333333333333,0.5,NA,0.333333333333333,0.666666666666667,0.666666666666667,NA,0.333333333333333,NA,NA,NA,1,1,1,4,0,2,3,0,1,3,0,0,2,0,0,0,2,2,2,2,0,3,3,0,2,2,0,0,4,0,0,0,0,0,0,0,0,0,0,0,0,1,2,0,0,0,0,0,0,0,0,0,0,1,0,0,0,0,1,0,0,0,0,0,0.333333333333333,0.333333333333333,0.333333333333333,0.666666666666667,NA,0.333333333333333,0.5,NA,0.333333333333333,0.5,0,NA,0.333333333333333,NA,NA,NA,0.666666666666667,0.666666666666667,0.666666666666667,0.333333333333333,NA,0.5,0.5,NA,0.666666666666667,0.333333333333333,0,NA,0.666666666666667,NA,NA,NA,0,0,0,0,NA,0,0,NA,0,0.166666666666667,0.666666666666667,NA,0,NA,NA,NA,0,0,0,0,NA,0.166666666666667,0,NA,0,0,0.333333333333333,NA,0,NA,NA,NA
"111",3,3,3,6,0,0,3,0,3,6,6,0,6,3,0,0,0,0,0,0,0,0,0,0,0,0,1,0,0,1,0,0,0,1,1,3,0,0,1,0,1,3,5,0,3,1,0,0,0.0714285714285714,0.0714285714285714,0.0714285714285714,0.142857142857143,0,0,0.0714285714285714,0,0.0714285714285714,0.142857142857143,0.142857142857143,0,0.142857142857143,0.0714285714285714,0,0,0,0,0,0,NA,NA,0,NA,0,0,0.166666666666667,NA,0,0.333333333333333,NA,NA,0,0.333333333333333,0.333333333333333,0.5,NA,NA,0.333333333333333,NA,0.333333333333333,0.5,0.833333333333333,NA,0.5,0.333333333333333,NA,NA,0,1,1,3,0,0,1,0,1,3,4,0,3,1,0,0,3,2,2,3,0,0,2,0,2,3,1,0,3,1,0,0,0,0,0,0,0,0,0,0,0,0,1,0,0,0,0,0,0,0,0,0,0,0,0,0,0,0,0,0,0,1,0,0,0,0.333333333333333,0.333333333333333,0.5,NA,NA,0.333333333333333,NA,0.333333333333333,0.5,0.666666666666667,NA,0.5,0.333333333333333,NA,NA,1,0.666666666666667,0.666666666666667,0.5,NA,NA,0.666666666666667,NA,0.666666666666667,0.5,0.166666666666667,NA,0.5,0.333333333333333,NA,NA,0,0,0,0,NA,NA,0,NA,0,0,0.166666666666667,NA,0,0,NA,NA,0,0,0,0,NA,NA,0,NA,0,0,0,NA,0,0.333333333333333,NA,NA
"112",3,6,0,0,6,0,0,0,3,0,0,0,6,0,0,0,0,0,0,0,1,0,0,0,0,0,0,0,1,0,0,0,0,3,0,0,1,0,0,0,0,0,0,0,2,0,0,0,0.125,0.25,0,0,0.25,0,0,0,0.125,0,0,0,0.25,0,0,0,0,0,NA,NA,0.166666666666667,NA,NA,NA,0,NA,NA,NA,0.166666666666667,NA,NA,NA,0,0.5,NA,NA,0.166666666666667,NA,NA,NA,0,NA,NA,NA,0.333333333333333,NA,NA,NA,0,3,0,0,1,0,0,0,0,0,0,0,2,0,0,0,3,3,0,0,4,0,0,0,3,0,0,0,3,0,0,0,0,0,0,0,0,0,0,0,0,0,0,0,0,0,0,0,0,0,0,0,1,0,0,0,0,0,0,0,1,0,0,0,0,0.5,NA,NA,0.166666666666667,NA,NA,NA,0,NA,NA,NA,0.333333333333333,NA,NA,NA,1,0.5,NA,NA,0.666666666666667,NA,NA,NA,1,NA,NA,NA,0.5,NA,NA,NA,0,0,NA,NA,0,NA,NA,NA,0,NA,NA,NA,0,NA,NA,NA,0,0,NA,NA,0.166666666666667,NA,NA,NA,0,NA,NA,NA,0.166666666666667,NA,NA,NA
"113",6,3,0,0,6,0,0,0,6,0,0,0,0,0,0,0,1,1,0,0,0,0,0,0,2,0,0,0,0,0,0,0,0,1,0,0,0,0,0,0,0,0,0,0,0,0,0,0,0.285714285714286,0.142857142857143,0,0,0.285714285714286,0,0,0,0.285714285714286,0,0,0,0,0,0,0,0.166666666666667,0.333333333333333,NA,NA,0,NA,NA,NA,0.333333333333333,NA,NA,NA,NA,NA,NA,NA,0,0.333333333333333,NA,NA,0,NA,NA,NA,0,NA,NA,NA,NA,NA,NA,NA,0,1,0,0,0,0,0,0,0,0,0,0,0,0,0,0,5,1,0,0,6,0,0,0,4,0,0,0,0,0,0,0,0,0,0,0,0,0,0,0,0,0,0,0,0,0,0,0,1,1,0,0,0,0,0,0,2,0,0,0,0,0,0,0,0,0.333333333333333,NA,NA,0,NA,NA,NA,0,NA,NA,NA,NA,NA,NA,NA,0.833333333333333,0.333333333333333,NA,NA,1,NA,NA,NA,0.666666666666667,NA,NA,NA,NA,NA,NA,NA,0,0,NA,NA,0,NA,NA,NA,0,NA,NA,NA,NA,NA,NA,NA,0.166666666666667,0.333333333333333,NA,NA,0,NA,NA,NA,0.333333333333333,NA,NA,NA,NA,NA,NA,NA
"114",6,6,0,0,6,0,0,0,6,0,0,0,6,0,0,0,0,1,0,0,0,0,0,0,1,0,0,0,3,0,0,0,1,5,0,0,2,0,0,0,2,0,0,0,2,0,0,0,0.2,0.2,0,0,0.2,0,0,0,0.2,0,0,0,0.2,0,0,0,0,0.166666666666667,NA,NA,0,NA,NA,NA,0.166666666666667,NA,NA,NA,0.5,NA,NA,NA,0.166666666666667,0.833333333333333,NA,NA,0.333333333333333,NA,NA,NA,0.333333333333333,NA,NA,NA,0.333333333333333,NA,NA,NA,1,4,0,0,2,0,0,0,2,0,0,0,2,0,0,0,5,1,0,0,4,0,0,0,3,0,0,0,1,0,0,0,0,1,0,0,0,0,0,0,0,0,0,0,0,0,0,0,0,0,0,0,0,0,0,0,1,0,0,0,3,0,0,0,0.166666666666667,0.666666666666667,NA,NA,0.333333333333333,NA,NA,NA,0.333333333333333,NA,NA,NA,0.333333333333333,NA,NA,NA,0.833333333333333,0.166666666666667,NA,NA,0.666666666666667,NA,NA,NA,0.5,NA,NA,NA,0.166666666666667,NA,NA,NA,0,0.166666666666667,NA,NA,0,NA,NA,NA,0,NA,NA,NA,0,NA,NA,NA,0,0,NA,NA,0,NA,NA,NA,0.166666666666667,NA,NA,NA,0.5,NA,NA,NA
"115",3,3,6,6,6,6,0,0,6,3,0,0,0,0,0,0,0,0,1,2,0,1,0,0,2,1,0,0,0,0,0,0,0,1,2,2,0,0,0,0,0,2,0,0,0,0,0,0,0.0769230769230769,0.0769230769230769,0.153846153846154,0.153846153846154,0.153846153846154,0.153846153846154,0,0,0.153846153846154,0.0769230769230769,0,0,0,0,0,0,0,0,0.166666666666667,0.333333333333333,0,0.166666666666667,NA,NA,0.333333333333333,0.333333333333333,NA,NA,NA,NA,NA,NA,0,0.333333333333333,0.333333333333333,0.333333333333333,0,0,NA,NA,0,0.666666666666667,NA,NA,NA,NA,NA,NA,0,1,1,1,0,0,0,0,0,2,0,0,0,0,0,0,3,2,4,3,6,5,0,0,4,0,0,0,0,0,0,0,0,0,1,1,0,0,0,0,0,0,0,0,0,0,0,0,0,0,0,1,0,1,0,0,2,1,0,0,0,0,0,0,0,0.333333333333333,0.166666666666667,0.166666666666667,0,0,NA,NA,0,0.666666666666667,NA,NA,NA,NA,NA,NA,1,0.666666666666667,0.666666666666667,0.5,1,0.833333333333333,NA,NA,0.666666666666667,0,NA,NA,NA,NA,NA,NA,0,0,0.166666666666667,0.166666666666667,0,0,NA,NA,0,0,NA,NA,NA,NA,NA,NA,0,0,0,0.166666666666667,0,0.166666666666667,NA,NA,0.333333333333333,0.333333333333333,NA,NA,NA,NA,NA,NA
"116",3,6,3,0,6,0,0,0,3,0,0,0,0,0,0,0,0,0,1,0,0,0,0,0,1,0,0,0,0,0,0,0,0,3,1,0,2,0,0,0,0,0,0,0,0,0,0,0,0.142857142857143,0.285714285714286,0.142857142857143,0,0.285714285714286,0,0,0,0.142857142857143,0,0,0,0,0,0,0,0,0,0.333333333333333,NA,0,NA,NA,NA,0.333333333333333,NA,NA,NA,NA,NA,NA,NA,0,0.5,0.333333333333333,NA,0.333333333333333,NA,NA,NA,0,NA,NA,NA,NA,NA,NA,NA,0,3,1,0,2,0,0,0,0,0,0,0,0,0,0,0,3,3,1,0,4,0,0,0,2,0,0,0,0,0,0,0,0,0,0,0,0,0,0,0,0,0,0,0,0,0,0,0,0,0,1,0,0,0,0,0,1,0,0,0,0,0,0,0,0,0.5,0.333333333333333,NA,0.333333333333333,NA,NA,NA,0,NA,NA,NA,NA,NA,NA,NA,1,0.5,0.333333333333333,NA,0.666666666666667,NA,NA,NA,0.666666666666667,NA,NA,NA,NA,NA,NA,NA,0,0,0,NA,0,NA,NA,NA,0,NA,NA,NA,NA,NA,NA,NA,0,0,0.333333333333333,NA,0,NA,NA,NA,0.333333333333333,NA,NA,NA,NA,NA,NA,NA
"117",6,3,3,6,0,3,6,6,3,6,0,0,6,0,0,0,1,0,0,0,0,0,1,3,0,0,0,0,2,0,0,0,0,0,0,1,0,0,5,5,1,3,0,0,2,0,0,0,0.125,0.0625,0.0625,0.125,0,0.0625,0.125,0.125,0.0625,0.125,0,0,0.125,0,0,0,0.166666666666667,0,0,0,NA,0,0.166666666666667,0.5,0,0,NA,NA,0.333333333333333,NA,NA,NA,0,0,0,0.166666666666667,NA,0,0.833333333333333,0.833333333333333,0.333333333333333,0.5,NA,NA,0.333333333333333,NA,NA,NA,0,0,0,1,0,0,4,2,1,3,0,0,1,0,0,0,5,3,3,5,0,3,1,1,2,3,0,0,3,0,0,0,0,0,0,0,0,0,1,3,0,0,0,0,1,0,0,0,1,0,0,0,0,0,0,0,0,0,0,0,1,0,0,0,0,0,0,0.166666666666667,NA,0,0.666666666666667,0.333333333333333,0.333333333333333,0.5,NA,NA,0.166666666666667,NA,NA,NA,0.833333333333333,1,1,0.833333333333333,NA,1,0.166666666666667,0.166666666666667,0.666666666666667,0.5,NA,NA,0.5,NA,NA,NA,0,0,0,0,NA,0,0.166666666666667,0.5,0,0,NA,NA,0.166666666666667,NA,NA,NA,0.166666666666667,0,0,0,NA,0,0,0,0,0,NA,NA,0.166666666666667,NA,NA,NA
"118",6,3,6,3,3,6,0,0,6,0,0,0,6,0,0,0,0,0,0,1,0,2,0,0,1,0,0,0,2,0,0,0,2,1,2,2,0,2,0,0,0,0,0,0,2,0,0,0,0.153846153846154,0.0769230769230769,0.153846153846154,0.0769230769230769,0.0769230769230769,0.153846153846154,0,0,0.153846153846154,0,0,0,0.153846153846154,0,0,0,0,0,0,0.333333333333333,0,0.333333333333333,NA,NA,0.166666666666667,NA,NA,NA,0.333333333333333,NA,NA,NA,0.333333333333333,0.333333333333333,0.333333333333333,0.666666666666667,0,0.333333333333333,NA,NA,0,NA,NA,NA,0.333333333333333,NA,NA,NA,2,1,2,2,0,1,0,0,0,0,0,0,1,0,0,0,4,2,4,0,3,3,0,0,5,0,0,0,3,0,0,0,0,0,0,0,0,1,0,0,0,0,0,0,1,0,0,0,0,0,0,1,0,1,0,0,1,0,0,0,1,0,0,0,0.333333333333333,0.333333333333333,0.333333333333333,0.666666666666667,0,0.166666666666667,NA,NA,0,NA,NA,NA,0.166666666666667,NA,NA,NA,0.666666666666667,0.666666666666667,0.666666666666667,0,1,0.5,NA,NA,0.833333333333333,NA,NA,NA,0.5,NA,NA,NA,0,0,0,0,0,0.166666666666667,NA,NA,0,NA,NA,NA,0.166666666666667,NA,NA,NA,0,0,0,0.333333333333333,0,0.166666666666667,NA,NA,0.166666666666667,NA,NA,NA,0.166666666666667,NA,NA,NA
"119",6,6,3,3,0,3,6,6,3,6,0,0,0,6,0,0,0,1,0,0,0,0,1,0,0,0,0,0,0,1,0,0,2,2,0,0,0,0,5,5,0,3,0,0,0,2,0,0,0.125,0.125,0.0625,0.0625,0,0.0625,0.125,0.125,0.0625,0.125,0,0,0,0.125,0,0,0,0.166666666666667,0,0,NA,0,0.166666666666667,0,0,0,NA,NA,NA,0.166666666666667,NA,NA,0.333333333333333,0.333333333333333,0,0,NA,0,0.833333333333333,0.833333333333333,0,0.5,NA,NA,NA,0.333333333333333,NA,NA,2,1,0,0,0,0,4,5,0,3,0,0,0,1,0,0,4,4,3,3,0,3,1,1,3,3,0,0,0,4,0,0,0,1,0,0,0,0,1,0,0,0,0,0,0,1,0,0,0,0,0,0,0,0,0,0,0,0,0,0,0,0,0,0,0.333333333333333,0.166666666666667,0,0,NA,0,0.666666666666667,0.833333333333333,0,0.5,NA,NA,NA,0.166666666666667,NA,NA,0.666666666666667,0.666666666666667,1,1,NA,1,0.166666666666667,0.166666666666667,1,0.5,NA,NA,NA,0.666666666666667,NA,NA,0,0.166666666666667,0,0,NA,0,0.166666666666667,0,0,0,NA,NA,NA,0.166666666666667,NA,NA,0,0,0,0,NA,0,0,0,0,0,NA,NA,NA,0,NA,NA
"120",3,3,6,0,6,6,0,0,3,6,0,0,0,0,0,0,0,0,0,0,1,0,0,0,1,2,0,0,0,0,0,0,0,0,3,0,2,1,0,0,0,4,0,0,0,0,0,0,0.0909090909090909,0.0909090909090909,0.181818181818182,0,0.181818181818182,0.181818181818182,0,0,0.0909090909090909,0.181818181818182,0,0,0,0,0,0,0,0,0,NA,0.166666666666667,0,NA,NA,0.333333333333333,0.333333333333333,NA,NA,NA,NA,NA,NA,0,0,0.5,NA,0.333333333333333,0.166666666666667,NA,NA,0,0.666666666666667,NA,NA,NA,NA,NA,NA,0,0,3,0,1,1,0,0,0,3,0,0,0,0,0,0,3,3,3,0,4,5,0,0,2,1,0,0,0,0,0,0,0,0,0,0,1,0,0,0,0,1,0,0,0,0,0,0,0,0,0,0,0,0,0,0,1,1,0,0,0,0,0,0,0,0,0.5,NA,0.166666666666667,0.166666666666667,NA,NA,0,0.5,NA,NA,NA,NA,NA,NA,1,1,0.5,NA,0.666666666666667,0.833333333333333,NA,NA,0.666666666666667,0.166666666666667,NA,NA,NA,NA,NA,NA,0,0,0,NA,0.166666666666667,0,NA,NA,0,0.166666666666667,NA,NA,NA,NA,NA,NA,0,0,0,NA,0,0,NA,NA,0.333333333333333,0.166666666666667,NA,NA,NA,NA,NA,NA
"121",3,3,6,6,6,6,6,6,0,0,0,0,0,0,0,0,0,0,0,1,0,1,1,1,0,0,0,0,0,0,0,0,1,0,2,0,3,3,4,3,0,0,0,0,0,0,0,0,0.0714285714285714,0.0714285714285714,0.142857142857143,0.142857142857143,0.142857142857143,0.142857142857143,0.142857142857143,0.142857142857143,0,0,0,0,0,0,0,0,0,0,0,0.166666666666667,0,0.166666666666667,0.166666666666667,0.166666666666667,NA,NA,NA,NA,NA,NA,NA,NA,0.333333333333333,0,0.333333333333333,0,0.5,0.5,0.666666666666667,0.5,NA,NA,NA,NA,NA,NA,NA,NA,1,0,2,0,3,3,3,2,0,0,0,0,0,0,0,0,2,3,4,5,3,2,2,3,0,0,0,0,0,0,0,0,0,0,0,0,0,0,1,1,0,0,0,0,0,0,0,0,0,0,0,1,0,1,0,0,0,0,0,0,0,0,0,0,0.333333333333333,0,0.333333333333333,0,0.5,0.5,0.5,0.333333333333333,NA,NA,NA,NA,NA,NA,NA,NA,0.666666666666667,1,0.666666666666667,0.833333333333333,0.5,0.333333333333333,0.333333333333333,0.5,NA,NA,NA,NA,NA,NA,NA,NA,0,0,0,0,0,0,0.166666666666667,0.166666666666667,NA,NA,NA,NA,NA,NA,NA,NA,0,0,0,0.166666666666667,0,0.166666666666667,0,0,NA,NA,NA,NA,NA,NA,NA,NA
"122",6,6,0,0,6,0,0,0,6,0,0,0,0,0,0,0,0,2,0,0,0,0,0,0,2,0,0,0,0,0,0,0,1,2,0,0,1,0,0,0,2,0,0,0,0,0,0,0,0.25,0.25,0,0,0.25,0,0,0,0.25,0,0,0,0,0,0,0,0,0.333333333333333,NA,NA,0,NA,NA,NA,0.333333333333333,NA,NA,NA,NA,NA,NA,NA,0.166666666666667,0.333333333333333,NA,NA,0.166666666666667,NA,NA,NA,0.333333333333333,NA,NA,NA,NA,NA,NA,NA,1,2,0,0,1,0,0,0,2,0,0,0,0,0,0,0,5,2,0,0,5,0,0,0,2,0,0,0,0,0,0,0,0,0,0,0,0,0,0,0,0,0,0,0,0,0,0,0,0,2,0,0,0,0,0,0,2,0,0,0,0,0,0,0,0.166666666666667,0.333333333333333,NA,NA,0.166666666666667,NA,NA,NA,0.333333333333333,NA,NA,NA,NA,NA,NA,NA,0.833333333333333,0.333333333333333,NA,NA,0.833333333333333,NA,NA,NA,0.333333333333333,NA,NA,NA,NA,NA,NA,NA,0,0,NA,NA,0,NA,NA,NA,0,NA,NA,NA,NA,NA,NA,NA,0,0.333333333333333,NA,NA,0,NA,NA,NA,0.333333333333333,NA,NA,NA,NA,NA,NA,NA
"123",3,3,3,6,3,6,6,6,3,0,0,0,6,0,0,0,0,0,0,0,0,1,0,2,0,0,0,0,1,0,0,0,0,0,0,2,0,4,5,4,0,0,0,0,1,0,0,0,0.0666666666666667,0.0666666666666667,0.0666666666666667,0.133333333333333,0.0666666666666667,0.133333333333333,0.133333333333333,0.133333333333333,0.0666666666666667,0,0,0,0.133333333333333,0,0,0,0,0,0,0,0,0.166666666666667,0,0.333333333333333,0,NA,NA,NA,0.166666666666667,NA,NA,NA,0,0,0,0.333333333333333,0,0.666666666666667,0.833333333333333,0.666666666666667,0,NA,NA,NA,0.166666666666667,NA,NA,NA,0,0,0,2,0,4,5,3,0,0,0,0,0,0,0,0,3,3,3,4,3,1,1,1,3,0,0,0,5,0,0,0,0,0,0,0,0,0,0,1,0,0,0,0,1,0,0,0,0,0,0,0,0,1,0,1,0,0,0,0,0,0,0,0,0,0,0,0.333333333333333,0,0.666666666666667,0.833333333333333,0.5,0,NA,NA,NA,0,NA,NA,NA,1,1,1,0.666666666666667,1,0.166666666666667,0.166666666666667,0.166666666666667,1,NA,NA,NA,0.833333333333333,NA,NA,NA,0,0,0,0,0,0,0,0.166666666666667,0,NA,NA,NA,0.166666666666667,NA,NA,NA,0,0,0,0,0,0.166666666666667,0,0.166666666666667,0,NA,NA,NA,0,NA,NA,NA
"124",6,6,6,6,0,3,6,3,0,3,6,0,0,0,3,0,0,1,0,1,0,0,0,1,0,1,2,0,0,0,2,0,0,0,1,2,0,0,3,3,0,2,3,0,0,0,0,0,0.125,0.125,0.125,0.125,0,0.0625,0.125,0.0625,0,0.0625,0.125,0,0,0,0.0625,0,0,0.166666666666667,0,0.166666666666667,NA,0,0,0.333333333333333,NA,0.333333333333333,0.333333333333333,NA,NA,NA,0.666666666666667,NA,0,0,0.166666666666667,0.333333333333333,NA,0,0.5,1,NA,0.666666666666667,0.5,NA,NA,NA,0,NA,0,0,1,1,0,0,3,2,0,1,2,0,0,0,0,0,6,5,5,4,0,3,3,0,0,1,2,0,0,0,1,0,0,0,0,1,0,0,0,1,0,1,1,0,0,0,0,0,0,1,0,0,0,0,0,0,0,0,1,0,0,0,2,0,0,0,0.166666666666667,0.166666666666667,NA,0,0.5,0.666666666666667,NA,0.333333333333333,0.333333333333333,NA,NA,NA,0,NA,1,0.833333333333333,0.833333333333333,0.666666666666667,NA,1,0.5,0,NA,0.333333333333333,0.333333333333333,NA,NA,NA,0.333333333333333,NA,0,0,0,0.166666666666667,NA,0,0,0.333333333333333,NA,0.333333333333333,0.166666666666667,NA,NA,NA,0,NA,0,0.166666666666667,0,0,NA,0,0,0,NA,0,0.166666666666667,NA,NA,NA,0.666666666666667,NA
"125",3,3,3,3,6,6,6,6,6,3,0,0,3,0,0,0,0,0,0,0,0,1,1,1,1,1,0,0,0,0,0,0,0,0,0,1,0,2,6,5,0,2,0,0,1,0,0,0,0.0625,0.0625,0.0625,0.0625,0.125,0.125,0.125,0.125,0.125,0.0625,0,0,0.0625,0,0,0,0,0,0,0,0,0.166666666666667,0.166666666666667,0.166666666666667,0.166666666666667,0.333333333333333,NA,NA,0,NA,NA,NA,0,0,0,0.333333333333333,0,0.333333333333333,1,0.833333333333333,0,0.666666666666667,NA,NA,0.333333333333333,NA,NA,NA,0,0,0,1,0,2,5,5,0,2,0,0,1,0,0,0,3,3,3,2,6,3,0,0,5,0,0,0,2,0,0,0,0,0,0,0,0,0,1,0,0,0,0,0,0,0,0,0,0,0,0,0,0,1,0,1,1,1,0,0,0,0,0,0,0,0,0,0.333333333333333,0,0.333333333333333,0.833333333333333,0.833333333333333,0,0.666666666666667,NA,NA,0.333333333333333,NA,NA,NA,1,1,1,0.666666666666667,1,0.5,0,0,0.833333333333333,0,NA,NA,0.666666666666667,NA,NA,NA,0,0,0,0,0,0,0.166666666666667,0,0,0,NA,NA,0,NA,NA,NA,0,0,0,0,0,0.166666666666667,0,0.166666666666667,0.166666666666667,0.333333333333333,NA,NA,0,NA,NA,NA
"126",6,6,6,6,0,6,6,6,0,6,0,0,0,0,0,0,1,0,1,1,0,0,0,5,0,1,0,0,0,0,0,0,0,2,2,2,0,2,4,4,0,4,0,0,0,0,0,0,0.125,0.125,0.125,0.125,0,0.125,0.125,0.125,0,0.125,0,0,0,0,0,0,0.166666666666667,0,0.166666666666667,0.166666666666667,NA,0,0,0.833333333333333,NA,0.166666666666667,NA,NA,NA,NA,NA,NA,0,0.333333333333333,0.333333333333333,0.333333333333333,NA,0.333333333333333,0.666666666666667,0.666666666666667,NA,0.666666666666667,NA,NA,NA,NA,NA,NA,0,2,1,1,0,2,4,1,0,4,0,0,0,0,0,0,5,4,4,4,0,4,2,0,0,1,0,0,0,0,0,0,0,0,1,1,0,0,0,3,0,0,0,0,0,0,0,0,1,0,0,0,0,0,0,2,0,1,0,0,0,0,0,0,0,0.333333333333333,0.166666666666667,0.166666666666667,NA,0.333333333333333,0.666666666666667,0.166666666666667,NA,0.666666666666667,NA,NA,NA,NA,NA,NA,0.833333333333333,0.666666666666667,0.666666666666667,0.666666666666667,NA,0.666666666666667,0.333333333333333,0,NA,0.166666666666667,NA,NA,NA,NA,NA,NA,0,0,0.166666666666667,0.166666666666667,NA,0,0,0.5,NA,0,NA,NA,NA,NA,NA,NA,0.166666666666667,0,0,0,NA,0,0,0.333333333333333,NA,0.166666666666667,NA,NA,NA,NA,NA,NA
"127",3,3,6,6,3,6,6,3,3,6,3,0,0,0,0,0,0,0,0,1,1,0,1,2,2,1,2,0,0,0,0,0,0,0,1,0,0,1,2,2,0,5,2,0,0,0,0,0,0.0625,0.0625,0.125,0.125,0.0625,0.125,0.125,0.0625,0.0625,0.125,0.0625,0,0,0,0,0,0,0,0,0.166666666666667,0.333333333333333,0,0.166666666666667,0.666666666666667,0.666666666666667,0.166666666666667,0.666666666666667,NA,NA,NA,NA,NA,0,0,0.166666666666667,0,0,0.166666666666667,0.333333333333333,0.666666666666667,0,0.833333333333333,0.666666666666667,NA,NA,NA,NA,NA,0,0,1,0,0,1,2,0,0,4,1,0,0,0,0,0,3,3,5,5,2,5,3,1,1,1,0,0,0,0,0,0,0,0,0,0,0,0,0,2,0,1,1,0,0,0,0,0,0,0,0,1,1,0,1,0,2,0,1,0,0,0,0,0,0,0,0.166666666666667,0,0,0.166666666666667,0.333333333333333,0,0,0.666666666666667,0.333333333333333,NA,NA,NA,NA,NA,1,1,0.833333333333333,0.833333333333333,0.666666666666667,0.833333333333333,0.5,0.333333333333333,0.333333333333333,0.166666666666667,0,NA,NA,NA,NA,NA,0,0,0,0,0,0,0,0.666666666666667,0,0.166666666666667,0.333333333333333,NA,NA,NA,NA,NA,0,0,0,0.166666666666667,0.333333333333333,0,0.166666666666667,0,0.666666666666667,0,0.333333333333333,NA,NA,NA,NA,NA
"128",6,6,0,0,3,0,0,0,3,0,0,0,6,0,0,0,0,2,0,0,0,0,0,0,0,0,0,0,0,0,0,0,0,2,0,0,1,0,0,0,0,0,0,0,2,0,0,0,0.25,0.25,0,0,0.125,0,0,0,0.125,0,0,0,0.25,0,0,0,0,0.333333333333333,NA,NA,0,NA,NA,NA,0,NA,NA,NA,0,NA,NA,NA,0,0.333333333333333,NA,NA,0.333333333333333,NA,NA,NA,0,NA,NA,NA,0.333333333333333,NA,NA,NA,0,1,0,0,1,0,0,0,0,0,0,0,2,0,0,0,6,3,0,0,2,0,0,0,3,0,0,0,4,0,0,0,0,1,0,0,0,0,0,0,0,0,0,0,0,0,0,0,0,1,0,0,0,0,0,0,0,0,0,0,0,0,0,0,0,0.166666666666667,NA,NA,0.333333333333333,NA,NA,NA,0,NA,NA,NA,0.333333333333333,NA,NA,NA,1,0.5,NA,NA,0.666666666666667,NA,NA,NA,1,NA,NA,NA,0.666666666666667,NA,NA,NA,0,0.166666666666667,NA,NA,0,NA,NA,NA,0,NA,NA,NA,0,NA,NA,NA,0,0.166666666666667,NA,NA,0,NA,NA,NA,0,NA,NA,NA,0,NA,NA,NA
"129",3,3,6,0,0,3,0,0,6,6,0,0,6,0,0,0,0,0,1,0,0,0,0,0,0,1,0,0,0,0,0,0,0,0,5,0,0,1,0,0,2,3,0,0,4,0,0,0,0.0909090909090909,0.0909090909090909,0.181818181818182,0,0,0.0909090909090909,0,0,0.181818181818182,0.181818181818182,0,0,0.181818181818182,0,0,0,0,0,0.166666666666667,NA,NA,0,NA,NA,0,0.166666666666667,NA,NA,0,NA,NA,NA,0,0,0.833333333333333,NA,NA,0.333333333333333,NA,NA,0.333333333333333,0.5,NA,NA,0.666666666666667,NA,NA,NA,0,0,4,0,0,1,0,0,2,3,0,0,4,0,0,0,3,3,1,0,0,2,0,0,4,2,0,0,2,0,0,0,0,0,1,0,0,0,0,0,0,0,0,0,0,0,0,0,0,0,0,0,0,0,0,0,0,1,0,0,0,0,0,0,0,0,0.666666666666667,NA,NA,0.333333333333333,NA,NA,0.333333333333333,0.5,NA,NA,0.666666666666667,NA,NA,NA,1,1,0.166666666666667,NA,NA,0.666666666666667,NA,NA,0.666666666666667,0.333333333333333,NA,NA,0.333333333333333,NA,NA,NA,0,0,0.166666666666667,NA,NA,0,NA,NA,0,0,NA,NA,0,NA,NA,NA,0,0,0,NA,NA,0,NA,NA,0,0.166666666666667,NA,NA,0,NA,NA,NA
"130",3,6,3,0,6,0,0,0,3,0,0,0,0,0,0,0,0,0,1,0,0,0,0,0,2,0,0,0,0,0,0,0,0,2,0,0,2,0,0,0,1,0,0,0,0,0,0,0,0.142857142857143,0.285714285714286,0.142857142857143,0,0.285714285714286,0,0,0,0.142857142857143,0,0,0,0,0,0,0,0,0,0.333333333333333,NA,0,NA,NA,NA,0.666666666666667,NA,NA,NA,NA,NA,NA,NA,0,0.333333333333333,0,NA,0.333333333333333,NA,NA,NA,0.333333333333333,NA,NA,NA,NA,NA,NA,NA,0,2,0,0,2,0,0,0,0,0,0,0,0,0,0,0,3,4,2,0,4,0,0,0,1,0,0,0,0,0,0,0,0,0,0,0,0,0,0,0,1,0,0,0,0,0,0,0,0,0,1,0,0,0,0,0,1,0,0,0,0,0,0,0,0,0.333333333333333,0,NA,0.333333333333333,NA,NA,NA,0,NA,NA,NA,NA,NA,NA,NA,1,0.666666666666667,0.666666666666667,NA,0.666666666666667,NA,NA,NA,0.333333333333333,NA,NA,NA,NA,NA,NA,NA,0,0,0,NA,0,NA,NA,NA,0.333333333333333,NA,NA,NA,NA,NA,NA,NA,0,0,0.333333333333333,NA,0,NA,NA,NA,0.333333333333333,NA,NA,NA,NA,NA,NA,NA
"131",3,3,6,6,3,6,6,3,6,3,0,0,3,0,0,0,0,0,0,1,0,1,1,2,2,1,0,0,1,0,0,0,0,1,1,2,0,1,5,2,1,2,0,0,2,0,0,0,0.0625,0.0625,0.125,0.125,0.0625,0.125,0.125,0.0625,0.125,0.0625,0,0,0.0625,0,0,0,0,0,0,0.166666666666667,0,0.166666666666667,0.166666666666667,0.666666666666667,0.333333333333333,0.333333333333333,NA,NA,0.333333333333333,NA,NA,NA,0,0.333333333333333,0.166666666666667,0.333333333333333,0,0.166666666666667,0.833333333333333,0.666666666666667,0.166666666666667,0.666666666666667,NA,NA,0.666666666666667,NA,NA,NA,0,1,1,2,0,1,4,0,1,1,0,0,2,0,0,0,3,2,5,3,3,4,1,1,3,1,0,0,0,0,0,0,0,0,0,0,0,0,1,2,0,1,0,0,0,0,0,0,0,0,0,1,0,1,0,0,2,0,0,0,1,0,0,0,0,0.333333333333333,0.166666666666667,0.333333333333333,0,0.166666666666667,0.666666666666667,0,0.166666666666667,0.333333333333333,NA,NA,0.666666666666667,NA,NA,NA,1,0.666666666666667,0.833333333333333,0.5,1,0.666666666666667,0.166666666666667,0.333333333333333,0.5,0.333333333333333,NA,NA,0,NA,NA,NA,0,0,0,0,0,0,0.166666666666667,0.666666666666667,0,0.333333333333333,NA,NA,0,NA,NA,NA,0,0,0,0.166666666666667,0,0.166666666666667,0,0,0.333333333333333,0,NA,NA,0.333333333333333,NA,NA,NA
"132",6,6,0,0,6,0,0,0,6,0,0,0,6,0,0,0,0,2,0,0,0,0,0,0,1,0,0,0,0,0,0,0,0,3,0,0,1,0,0,0,2,0,0,0,3,0,0,0,0.2,0.2,0,0,0.2,0,0,0,0.2,0,0,0,0.2,0,0,0,0,0.333333333333333,NA,NA,0,NA,NA,NA,0.166666666666667,NA,NA,NA,0,NA,NA,NA,0,0.5,NA,NA,0.166666666666667,NA,NA,NA,0.333333333333333,NA,NA,NA,0.5,NA,NA,NA,0,2,0,0,1,0,0,0,2,0,0,0,3,0,0,0,6,2,0,0,5,0,0,0,3,0,0,0,3,0,0,0,0,1,0,0,0,0,0,0,0,0,0,0,0,0,0,0,0,1,0,0,0,0,0,0,1,0,0,0,0,0,0,0,0,0.333333333333333,NA,NA,0.166666666666667,NA,NA,NA,0.333333333333333,NA,NA,NA,0.5,NA,NA,NA,1,0.333333333333333,NA,NA,0.833333333333333,NA,NA,NA,0.5,NA,NA,NA,0.5,NA,NA,NA,0,0.166666666666667,NA,NA,0,NA,NA,NA,0,NA,NA,NA,0,NA,NA,NA,0,0.166666666666667,NA,NA,0,NA,NA,NA,0.166666666666667,NA,NA,NA,0,NA,NA,NA
"133",3,3,3,6,0,3,6,3,3,6,0,0,6,0,0,0,0,0,0,0,0,0,2,1,0,0,0,0,1,0,0,0,0,0,0,3,0,1,4,2,0,5,0,0,4,0,0,0,0.0714285714285714,0.0714285714285714,0.0714285714285714,0.142857142857143,0,0.0714285714285714,0.142857142857143,0.0714285714285714,0.0714285714285714,0.142857142857143,0,0,0.142857142857143,0,0,0,0,0,0,0,NA,0,0.333333333333333,0.333333333333333,0,0,NA,NA,0.166666666666667,NA,NA,NA,0,0,0,0.5,NA,0.333333333333333,0.666666666666667,0.666666666666667,0,0.833333333333333,NA,NA,0.666666666666667,NA,NA,NA,0,0,0,3,0,1,3,1,0,5,0,0,3,0,0,0,3,3,3,3,0,2,1,1,3,1,0,0,2,0,0,0,0,0,0,0,0,0,1,1,0,0,0,0,1,0,0,0,0,0,0,0,0,0,1,0,0,0,0,0,0,0,0,0,0,0,0,0.5,NA,0.333333333333333,0.5,0.333333333333333,0,0.833333333333333,NA,NA,0.5,NA,NA,NA,1,1,1,0.5,NA,0.666666666666667,0.166666666666667,0.333333333333333,1,0.166666666666667,NA,NA,0.333333333333333,NA,NA,NA,0,0,0,0,NA,0,0.166666666666667,0.333333333333333,0,0,NA,NA,0.166666666666667,NA,NA,NA,0,0,0,0,NA,0,0.166666666666667,0,0,0,NA,NA,0,NA,NA,NA
"134",3,3,3,6,6,6,6,6,6,0,0,0,3,0,0,0,0,0,0,0,0,1,2,3,1,0,0,0,2,0,0,0,1,1,1,1,0,3,1,4,0,0,0,0,0,0,0,0,0.0625,0.0625,0.0625,0.125,0.125,0.125,0.125,0.125,0.125,0,0,0,0.0625,0,0,0,0,0,0,0,0,0.166666666666667,0.333333333333333,0.5,0.166666666666667,NA,NA,NA,0.666666666666667,NA,NA,NA,0.333333333333333,0.333333333333333,0.333333333333333,0.166666666666667,0,0.5,0.166666666666667,0.666666666666667,0,NA,NA,NA,0,NA,NA,NA,1,1,1,1,0,2,0,2,0,0,0,0,0,0,0,0,2,2,2,5,6,3,4,1,5,0,0,0,1,0,0,0,0,0,0,0,0,1,1,2,0,0,0,0,0,0,0,0,0,0,0,0,0,0,1,1,1,0,0,0,2,0,0,0,0.333333333333333,0.333333333333333,0.333333333333333,0.166666666666667,0,0.333333333333333,0,0.333333333333333,0,NA,NA,NA,0,NA,NA,NA,0.666666666666667,0.666666666666667,0.666666666666667,0.833333333333333,1,0.5,0.666666666666667,0.166666666666667,0.833333333333333,NA,NA,NA,0.333333333333333,NA,NA,NA,0,0,0,0,0,0.166666666666667,0.166666666666667,0.333333333333333,0,NA,NA,NA,0,NA,NA,NA,0,0,0,0,0,0,0.166666666666667,0.166666666666667,0.166666666666667,NA,NA,NA,0.666666666666667,NA,NA,NA
"135",3,3,6,0,3,6,0,0,6,0,0,0,6,0,0,0,0,0,0,0,0,1,0,0,0,0,0,0,2,0,0,0,0,0,3,0,0,3,0,0,2,0,0,0,1,0,0,0,0.0909090909090909,0.0909090909090909,0.181818181818182,0,0.0909090909090909,0.181818181818182,0,0,0.181818181818182,0,0,0,0.181818181818182,0,0,0,0,0,0,NA,0,0.166666666666667,NA,NA,0,NA,NA,NA,0.333333333333333,NA,NA,NA,0,0,0.5,NA,0,0.5,NA,NA,0.333333333333333,NA,NA,NA,0.166666666666667,NA,NA,NA,0,0,3,0,0,3,0,0,2,0,0,0,1,0,0,0,3,3,3,0,3,2,0,0,4,0,0,0,3,0,0,0,0,0,0,0,0,0,0,0,0,0,0,0,0,0,0,0,0,0,0,0,0,1,0,0,0,0,0,0,2,0,0,0,0,0,0.5,NA,0,0.5,NA,NA,0.333333333333333,NA,NA,NA,0.166666666666667,NA,NA,NA,1,1,0.5,NA,1,0.333333333333333,NA,NA,0.666666666666667,NA,NA,NA,0.5,NA,NA,NA,0,0,0,NA,0,0,NA,NA,0,NA,NA,NA,0,NA,NA,NA,0,0,0,NA,0,0.166666666666667,NA,NA,0,NA,NA,NA,0.333333333333333,NA,NA,NA
"136",3,6,6,3,3,6,6,6,3,6,0,0,0,0,0,0,0,0,1,0,0,0,1,0,0,2,0,0,0,0,0,0,0,2,2,1,0,2,4,4,1,3,0,0,0,0,0,0,0.0625,0.125,0.125,0.0625,0.0625,0.125,0.125,0.125,0.0625,0.125,0,0,0,0,0,0,0,0,0.166666666666667,0,0,0,0.166666666666667,0,0,0.333333333333333,NA,NA,NA,NA,NA,NA,0,0.333333333333333,0.333333333333333,0.333333333333333,0,0.333333333333333,0.666666666666667,0.666666666666667,0.333333333333333,0.5,NA,NA,NA,NA,NA,NA,0,2,1,1,0,2,3,4,1,2,0,0,0,0,0,0,3,4,4,2,3,4,2,2,2,2,0,0,0,0,0,0,0,0,1,0,0,0,1,0,0,1,0,0,0,0,0,0,0,0,0,0,0,0,0,0,0,1,0,0,0,0,0,0,0,0.333333333333333,0.166666666666667,0.333333333333333,0,0.333333333333333,0.5,0.666666666666667,0.333333333333333,0.333333333333333,NA,NA,NA,NA,NA,NA,1,0.666666666666667,0.666666666666667,0.666666666666667,1,0.666666666666667,0.333333333333333,0.333333333333333,0.666666666666667,0.333333333333333,NA,NA,NA,NA,NA,NA,0,0,0.166666666666667,0,0,0,0.166666666666667,0,0,0.166666666666667,NA,NA,NA,NA,NA,NA,0,0,0,0,0,0,0,0,0,0.166666666666667,NA,NA,NA,NA,NA,NA
"137",3,3,6,0,0,3,0,0,3,6,0,0,6,3,0,0,0,0,1,0,0,0,0,0,0,0,0,0,1,1,0,0,0,0,3,0,0,0,0,0,0,3,0,0,3,3,0,0,0.0909090909090909,0.0909090909090909,0.181818181818182,0,0,0.0909090909090909,0,0,0.0909090909090909,0.181818181818182,0,0,0.181818181818182,0.0909090909090909,0,0,0,0,0.166666666666667,NA,NA,0,NA,NA,0,0,NA,NA,0.166666666666667,0.333333333333333,NA,NA,0,0,0.5,NA,NA,0,NA,NA,0,0.5,NA,NA,0.5,1,NA,NA,0,0,3,0,0,0,0,0,0,3,0,0,2,2,0,0,3,3,2,0,0,3,0,0,3,3,0,0,3,0,0,0,0,0,0,0,0,0,0,0,0,0,0,0,1,1,0,0,0,0,1,0,0,0,0,0,0,0,0,0,0,0,0,0,0,0,0.5,NA,NA,0,NA,NA,0,0.5,NA,NA,0.333333333333333,0.666666666666667,NA,NA,1,1,0.333333333333333,NA,NA,1,NA,NA,1,0.5,NA,NA,0.5,0,NA,NA,0,0,0,NA,NA,0,NA,NA,0,0,NA,NA,0.166666666666667,0.333333333333333,NA,NA,0,0,0.166666666666667,NA,NA,0,NA,NA,0,0,NA,NA,0,0,NA,NA
"138",3,6,0,0,3,0,0,0,3,0,0,0,6,0,0,0,0,1,0,0,0,0,0,0,0,0,0,0,0,0,0,0,1,5,0,0,0,0,0,0,1,0,0,0,2,0,0,0,0.142857142857143,0.285714285714286,0,0,0.142857142857143,0,0,0,0.142857142857143,0,0,0,0.285714285714286,0,0,0,0,0.166666666666667,NA,NA,0,NA,NA,NA,0,NA,NA,NA,0,NA,NA,NA,0.333333333333333,0.833333333333333,NA,NA,0,NA,NA,NA,0.333333333333333,NA,NA,NA,0.333333333333333,NA,NA,NA,1,4,0,0,0,0,0,0,1,0,0,0,2,0,0,0,2,1,0,0,3,0,0,0,2,0,0,0,4,0,0,0,0,1,0,0,0,0,0,0,0,0,0,0,0,0,0,0,0,0,0,0,0,0,0,0,0,0,0,0,0,0,0,0,0.333333333333333,0.666666666666667,NA,NA,0,NA,NA,NA,0.333333333333333,NA,NA,NA,0.333333333333333,NA,NA,NA,0.666666666666667,0.166666666666667,NA,NA,1,NA,NA,NA,0.666666666666667,NA,NA,NA,0.666666666666667,NA,NA,NA,0,0.166666666666667,NA,NA,0,NA,NA,NA,0,NA,NA,NA,0,NA,NA,NA,0,0,NA,NA,0,NA,NA,NA,0,NA,NA,NA,0,NA,NA,NA
"139",3,3,6,6,0,6,6,0,3,6,0,0,6,0,0,0,0,0,0,1,0,1,0,0,0,1,0,0,1,0,0,0,0,0,2,4,0,1,5,0,0,3,0,0,1,0,0,0,0.0666666666666667,0.0666666666666667,0.133333333333333,0.133333333333333,0,0.133333333333333,0.133333333333333,0,0.0666666666666667,0.133333333333333,0,0,0.133333333333333,0,0,0,0,0,0,0.166666666666667,NA,0.166666666666667,0,NA,0,0.166666666666667,NA,NA,0.166666666666667,NA,NA,NA,0,0,0.333333333333333,0.666666666666667,NA,0.166666666666667,0.833333333333333,NA,0,0.5,NA,NA,0.166666666666667,NA,NA,NA,0,0,2,3,0,1,5,0,0,3,0,0,1,0,0,0,3,3,4,2,0,4,1,0,3,2,0,0,4,0,0,0,0,0,0,1,0,0,0,0,0,0,0,0,0,0,0,0,0,0,0,0,0,1,0,0,0,1,0,0,1,0,0,0,0,0,0.333333333333333,0.5,NA,0.166666666666667,0.833333333333333,NA,0,0.5,NA,NA,0.166666666666667,NA,NA,NA,1,1,0.666666666666667,0.333333333333333,NA,0.666666666666667,0.166666666666667,NA,1,0.333333333333333,NA,NA,0.666666666666667,NA,NA,NA,0,0,0,0.166666666666667,NA,0,0,NA,0,0,NA,NA,0,NA,NA,NA,0,0,0,0,NA,0.166666666666667,0,NA,0,0.166666666666667,NA,NA,0.166666666666667,NA,NA,NA
"140",3,3,3,3,6,6,6,6,6,0,3,0,3,0,0,0,0,0,0,0,0,3,0,0,1,0,2,0,0,0,0,0,1,1,1,1,2,0,3,3,0,0,2,0,0,0,0,0,0.0625,0.0625,0.0625,0.0625,0.125,0.125,0.125,0.125,0.125,0,0.0625,0,0.0625,0,0,0,0,0,0,0,0,0.5,0,0,0.166666666666667,NA,0.666666666666667,NA,0,NA,NA,NA,0.333333333333333,0.333333333333333,0.333333333333333,0.333333333333333,0.333333333333333,0,0.5,0.5,0,NA,0.666666666666667,NA,0,NA,NA,NA,1,1,1,1,2,0,3,3,0,0,1,0,0,0,0,0,2,2,2,2,4,3,3,3,5,0,0,0,3,0,0,0,0,0,0,0,0,0,0,0,0,0,1,0,0,0,0,0,0,0,0,0,0,3,0,0,1,0,1,0,0,0,0,0,0.333333333333333,0.333333333333333,0.333333333333333,0.333333333333333,0.333333333333333,0,0.5,0.5,0,NA,0.333333333333333,NA,0,NA,NA,NA,0.666666666666667,0.666666666666667,0.666666666666667,0.666666666666667,0.666666666666667,0.5,0.5,0.5,0.833333333333333,NA,0,NA,1,NA,NA,NA,0,0,0,0,0,0,0,0,0,NA,0.333333333333333,NA,0,NA,NA,NA,0,0,0,0,0,0.5,0,0,0.166666666666667,NA,0.333333333333333,NA,0,NA,NA,NA
"141",6,6,3,6,3,6,6,6,3,0,3,0,0,0,0,0,0,1,0,0,0,2,0,2,0,0,1,0,0,0,0,0,1,0,1,0,0,1,3,5,0,0,3,0,0,0,0,0,0.125,0.125,0.0625,0.125,0.0625,0.125,0.125,0.125,0.0625,0,0.0625,0,0,0,0,0,0,0.166666666666667,0,0,0,0.333333333333333,0,0.333333333333333,0,NA,0.333333333333333,NA,NA,NA,NA,NA,0.166666666666667,0,0.333333333333333,0,0,0.166666666666667,0.5,0.833333333333333,0,NA,1,NA,NA,NA,NA,NA,1,0,1,0,0,1,3,4,0,0,2,0,0,0,0,0,5,5,2,6,3,3,3,0,3,0,0,0,0,0,0,0,0,0,0,0,0,0,0,1,0,0,1,0,0,0,0,0,0,1,0,0,0,2,0,1,0,0,0,0,0,0,0,0,0.166666666666667,0,0.333333333333333,0,0,0.166666666666667,0.5,0.666666666666667,0,NA,0.666666666666667,NA,NA,NA,NA,NA,0.833333333333333,0.833333333333333,0.666666666666667,1,1,0.5,0.5,0,1,NA,0,NA,NA,NA,NA,NA,0,0,0,0,0,0,0,0.166666666666667,0,NA,0.333333333333333,NA,NA,NA,NA,NA,0,0.166666666666667,0,0,0,0.333333333333333,0,0.166666666666667,0,NA,0,NA,NA,NA,NA,NA
"142",6,3,3,6,0,3,6,6,3,6,0,0,0,6,0,0,0,0,0,1,0,0,0,2,0,0,0,0,0,2,0,0,2,0,0,1,0,1,5,2,0,1,0,0,0,4,0,0,0.125,0.0625,0.0625,0.125,0,0.0625,0.125,0.125,0.0625,0.125,0,0,0,0.125,0,0,0,0,0,0.166666666666667,NA,0,0,0.333333333333333,0,0,NA,NA,NA,0.333333333333333,NA,NA,0.333333333333333,0,0,0.166666666666667,NA,0.333333333333333,0.833333333333333,0.333333333333333,0,0.166666666666667,NA,NA,NA,0.666666666666667,NA,NA,2,0,0,1,0,1,5,2,0,1,0,0,0,3,0,0,4,3,3,4,0,2,1,2,3,5,0,0,0,1,0,0,0,0,0,0,0,0,0,0,0,0,0,0,0,1,0,0,0,0,0,1,0,0,0,2,0,0,0,0,0,1,0,0,0.333333333333333,0,0,0.166666666666667,NA,0.333333333333333,0.833333333333333,0.333333333333333,0,0.166666666666667,NA,NA,NA,0.5,NA,NA,0.666666666666667,1,1,0.666666666666667,NA,0.666666666666667,0.166666666666667,0.333333333333333,1,0.833333333333333,NA,NA,NA,0.166666666666667,NA,NA,0,0,0,0,NA,0,0,0,0,0,NA,NA,NA,0.166666666666667,NA,NA,0,0,0,0.166666666666667,NA,0,0,0.333333333333333,0,0,NA,NA,NA,0.166666666666667,NA,NA
"143",3,6,6,6,0,6,6,3,6,6,0,0,0,0,0,0,0,0,1,0,0,0,2,2,0,1,0,0,0,0,0,0,0,0,2,3,0,2,3,1,2,4,0,0,0,0,0,0,0.0625,0.125,0.125,0.125,0,0.125,0.125,0.0625,0.125,0.125,0,0,0,0,0,0,0,0,0.166666666666667,0,NA,0,0.333333333333333,0.666666666666667,0,0.166666666666667,NA,NA,NA,NA,NA,NA,0,0,0.333333333333333,0.5,NA,0.333333333333333,0.5,0.333333333333333,0.333333333333333,0.666666666666667,NA,NA,NA,NA,NA,NA,0,0,2,3,0,2,3,0,2,4,0,0,0,0,0,0,3,6,3,3,0,4,1,1,4,1,0,0,0,0,0,0,0,0,0,0,0,0,0,1,0,0,0,0,0,0,0,0,0,0,1,0,0,0,2,1,0,1,0,0,0,0,0,0,0,0,0.333333333333333,0.5,NA,0.333333333333333,0.5,0,0.333333333333333,0.666666666666667,NA,NA,NA,NA,NA,NA,1,1,0.5,0.5,NA,0.666666666666667,0.166666666666667,0.333333333333333,0.666666666666667,0.166666666666667,NA,NA,NA,NA,NA,NA,0,0,0,0,NA,0,0,0.333333333333333,0,0,NA,NA,NA,NA,NA,NA,0,0,0.166666666666667,0,NA,0,0.333333333333333,0.333333333333333,0,0.166666666666667,NA,NA,NA,NA,NA,NA
"144",3,3,3,6,6,6,6,0,6,6,0,0,0,0,0,0,0,0,0,0,0,0,1,0,2,1,0,0,0,0,0,0,0,0,1,4,0,1,5,0,2,6,0,0,0,0,0,0,0.0666666666666667,0.0666666666666667,0.0666666666666667,0.133333333333333,0.133333333333333,0.133333333333333,0.133333333333333,0,0.133333333333333,0.133333333333333,0,0,0,0,0,0,0,0,0,0,0,0,0.166666666666667,NA,0.333333333333333,0.166666666666667,NA,NA,NA,NA,NA,NA,0,0,0.333333333333333,0.666666666666667,0,0.166666666666667,0.833333333333333,NA,0.333333333333333,1,NA,NA,NA,NA,NA,NA,0,0,1,4,0,1,4,0,2,5,0,0,0,0,0,0,3,3,2,2,6,5,1,0,2,0,0,0,0,0,0,0,0,0,0,0,0,0,1,0,0,1,0,0,0,0,0,0,0,0,0,0,0,0,0,0,2,0,0,0,0,0,0,0,0,0,0.333333333333333,0.666666666666667,0,0.166666666666667,0.666666666666667,NA,0.333333333333333,0.833333333333333,NA,NA,NA,NA,NA,NA,1,1,0.666666666666667,0.333333333333333,1,0.833333333333333,0.166666666666667,NA,0.333333333333333,0,NA,NA,NA,NA,NA,NA,0,0,0,0,0,0,0.166666666666667,NA,0,0.166666666666667,NA,NA,NA,NA,NA,NA,0,0,0,0,0,0,0,NA,0.333333333333333,0,NA,NA,NA,NA,NA,NA
"145",3,6,3,6,6,6,6,0,6,3,0,0,0,0,0,0,0,0,0,0,0,0,0,0,2,1,0,0,0,0,0,0,1,2,1,4,2,2,4,0,2,2,0,0,0,0,0,0,0.0666666666666667,0.133333333333333,0.0666666666666667,0.133333333333333,0.133333333333333,0.133333333333333,0.133333333333333,0,0.133333333333333,0.0666666666666667,0,0,0,0,0,0,0,0,0,0,0,0,0,NA,0.333333333333333,0.333333333333333,NA,NA,NA,NA,NA,NA,0.333333333333333,0.333333333333333,0.333333333333333,0.666666666666667,0.333333333333333,0.333333333333333,0.666666666666667,NA,0.333333333333333,0.666666666666667,NA,NA,NA,NA,NA,NA,1,2,1,4,2,2,4,0,2,1,0,0,0,0,0,0,2,4,2,2,4,4,2,0,2,1,0,0,0,0,0,0,0,0,0,0,0,0,0,0,0,1,0,0,0,0,0,0,0,0,0,0,0,0,0,0,2,0,0,0,0,0,0,0,0.333333333333333,0.333333333333333,0.333333333333333,0.666666666666667,0.333333333333333,0.333333333333333,0.666666666666667,NA,0.333333333333333,0.333333333333333,NA,NA,NA,NA,NA,NA,0.666666666666667,0.666666666666667,0.666666666666667,0.333333333333333,0.666666666666667,0.666666666666667,0.333333333333333,NA,0.333333333333333,0.333333333333333,NA,NA,NA,NA,NA,NA,0,0,0,0,0,0,0,NA,0,0.333333333333333,NA,NA,NA,NA,NA,NA,0,0,0,0,0,0,0,NA,0.333333333333333,0,NA,NA,NA,NA,NA,NA
"146",3,3,3,6,3,6,6,0,6,0,3,0,0,0,0,0,0,0,0,0,0,2,0,0,1,0,3,0,0,0,0,0,1,0,1,4,0,1,1,0,3,0,1,0,0,0,0,0,0.0769230769230769,0.0769230769230769,0.0769230769230769,0.153846153846154,0.0769230769230769,0.153846153846154,0.153846153846154,0,0.153846153846154,0,0.0769230769230769,0,0,0,0,0,0,0,0,0,0,0.333333333333333,0,NA,0.166666666666667,NA,1,NA,NA,NA,NA,NA,0.333333333333333,0,0.333333333333333,0.666666666666667,0,0.166666666666667,0.166666666666667,NA,0.5,NA,0.333333333333333,NA,NA,NA,NA,NA,1,0,1,4,0,0,1,0,3,0,0,0,0,0,0,0,2,3,2,2,3,4,5,0,2,0,0,0,0,0,0,0,0,0,0,0,0,1,0,0,0,0,1,0,0,0,0,0,0,0,0,0,0,1,0,0,1,0,2,0,0,0,0,0,0.333333333333333,0,0.333333333333333,0.666666666666667,0,0,0.166666666666667,NA,0.5,NA,0,NA,NA,NA,NA,NA,0.666666666666667,1,0.666666666666667,0.333333333333333,1,0.666666666666667,0.833333333333333,NA,0.333333333333333,NA,0,NA,NA,NA,NA,NA,0,0,0,0,0,0.166666666666667,0,NA,0,NA,0.333333333333333,NA,NA,NA,NA,NA,0,0,0,0,0,0.166666666666667,0,NA,0.166666666666667,NA,0.666666666666667,NA,NA,NA,NA,NA
"147",3,6,6,3,6,0,0,0,3,0,0,0,6,0,0,0,0,1,1,1,1,0,0,0,0,0,0,0,0,0,0,0,1,2,1,0,0,0,0,0,0,0,0,0,1,0,0,0,0.0909090909090909,0.181818181818182,0.181818181818182,0.0909090909090909,0.181818181818182,0,0,0,0.0909090909090909,0,0,0,0.181818181818182,0,0,0,0,0.166666666666667,0.166666666666667,0.333333333333333,0.166666666666667,NA,NA,NA,0,NA,NA,NA,0,NA,NA,NA,0.333333333333333,0.333333333333333,0.166666666666667,0,0,NA,NA,NA,0,NA,NA,NA,0.166666666666667,NA,NA,NA,1,2,0,0,0,0,0,0,0,0,0,0,1,0,0,0,2,3,5,2,5,0,0,0,3,0,0,0,5,0,0,0,0,0,1,0,0,0,0,0,0,0,0,0,0,0,0,0,0,1,0,1,1,0,0,0,0,0,0,0,0,0,0,0,0.333333333333333,0.333333333333333,0,0,0,NA,NA,NA,0,NA,NA,NA,0.166666666666667,NA,NA,NA,0.666666666666667,0.5,0.833333333333333,0.666666666666667,0.833333333333333,NA,NA,NA,1,NA,NA,NA,0.833333333333333,NA,NA,NA,0,0,0.166666666666667,0,0,NA,NA,NA,0,NA,NA,NA,0,NA,NA,NA,0,0.166666666666667,0,0.333333333333333,0.166666666666667,NA,NA,NA,0,NA,NA,NA,0,NA,NA,NA
"148",3,6,6,6,0,6,6,6,0,6,3,0,0,0,0,0,0,0,1,1,0,0,0,3,0,3,3,0,0,0,0,0,1,0,1,4,0,1,2,4,0,5,1,0,0,0,0,0,0.0625,0.125,0.125,0.125,0,0.125,0.125,0.125,0,0.125,0.0625,0,0,0,0,0,0,0,0.166666666666667,0.166666666666667,NA,0,0,0.5,NA,0.5,1,NA,NA,NA,NA,NA,0.333333333333333,0,0.166666666666667,0.666666666666667,NA,0.166666666666667,0.333333333333333,0.666666666666667,NA,0.833333333333333,0.333333333333333,NA,NA,NA,NA,NA,1,0,1,3,0,1,2,2,0,2,0,0,0,0,0,0,2,6,4,2,0,5,4,1,0,1,0,0,0,0,0,0,0,0,0,1,0,0,0,2,0,3,1,0,0,0,0,0,0,0,1,0,0,0,0,1,0,0,2,0,0,0,0,0,0.333333333333333,0,0.166666666666667,0.5,NA,0.166666666666667,0.333333333333333,0.333333333333333,NA,0.333333333333333,0,NA,NA,NA,NA,NA,0.666666666666667,1,0.666666666666667,0.333333333333333,NA,0.833333333333333,0.666666666666667,0.166666666666667,NA,0.166666666666667,0,NA,NA,NA,NA,NA,0,0,0,0.166666666666667,NA,0,0,0.333333333333333,NA,0.5,0.333333333333333,NA,NA,NA,NA,NA,0,0,0.166666666666667,0,NA,0,0,0.166666666666667,NA,0,0.666666666666667,NA,NA,NA,NA,NA
"149",3,3,3,6,0,3,6,6,6,6,3,0,3,0,0,0,0,0,0,0,0,0,0,0,0,1,1,0,1,0,0,0,0,0,1,2,0,0,4,6,0,6,1,0,0,0,0,0,0.0625,0.0625,0.0625,0.125,0,0.0625,0.125,0.125,0.125,0.125,0.0625,0,0.0625,0,0,0,0,0,0,0,NA,0,0,0,0,0.166666666666667,0.333333333333333,NA,0.333333333333333,NA,NA,NA,0,0,0.333333333333333,0.333333333333333,NA,0,0.666666666666667,1,0,1,0.333333333333333,NA,0,NA,NA,NA,0,0,1,2,0,0,4,6,0,5,1,0,0,0,0,0,3,3,2,4,0,3,2,0,6,0,1,0,2,0,0,0,0,0,0,0,0,0,0,0,0,1,0,0,0,0,0,0,0,0,0,0,0,0,0,0,0,0,1,0,1,0,0,0,0,0,0.333333333333333,0.333333333333333,NA,0,0.666666666666667,1,0,0.833333333333333,0.333333333333333,NA,0,NA,NA,NA,1,1,0.666666666666667,0.666666666666667,NA,1,0.333333333333333,0,1,0,0.333333333333333,NA,0.666666666666667,NA,NA,NA,0,0,0,0,NA,0,0,0,0,0.166666666666667,0,NA,0,NA,NA,NA,0,0,0,0,NA,0,0,0,0,0,0.333333333333333,NA,0.333333333333333,NA,NA,NA
"150",3,6,6,3,6,3,0,0,6,6,0,0,0,0,0,0,0,0,1,1,0,0,0,0,3,0,0,0,0,0,0,0,1,1,0,0,2,1,0,0,1,4,0,0,0,0,0,0,0.0769230769230769,0.153846153846154,0.153846153846154,0.0769230769230769,0.153846153846154,0.0769230769230769,0,0,0.153846153846154,0.153846153846154,0,0,0,0,0,0,0,0,0.166666666666667,0.333333333333333,0,0,NA,NA,0.5,0,NA,NA,NA,NA,NA,NA,0.333333333333333,0.166666666666667,0,0,0.333333333333333,0.333333333333333,NA,NA,0.166666666666667,0.666666666666667,NA,NA,NA,NA,NA,NA,1,1,0,0,2,1,0,0,1,4,0,0,0,0,0,0,2,5,5,2,4,2,0,0,2,2,0,0,0,0,0,0,0,0,0,0,0,0,0,0,0,0,0,0,0,0,0,0,0,0,1,1,0,0,0,0,3,0,0,0,0,0,0,0,0.333333333333333,0.166666666666667,0,0,0.333333333333333,0.333333333333333,NA,NA,0.166666666666667,0.666666666666667,NA,NA,NA,NA,NA,NA,0.666666666666667,0.833333333333333,0.833333333333333,0.666666666666667,0.666666666666667,0.666666666666667,NA,NA,0.333333333333333,0.333333333333333,NA,NA,NA,NA,NA,NA,0,0,0,0,0,0,NA,NA,0,0,NA,NA,NA,NA,NA,NA,0,0,0.166666666666667,0.333333333333333,0,0,NA,NA,0.5,0,NA,NA,NA,NA,NA,NA
"151",3,3,3,6,3,6,6,6,3,3,0,3,3,0,0,0,0,0,0,0,0,1,2,2,0,1,0,2,0,0,0,0,0,1,1,2,0,2,2,2,1,3,0,2,2,0,0,0,0.0625,0.0625,0.0625,0.125,0.0625,0.125,0.125,0.125,0.0625,0.0625,0,0.0625,0.0625,0,0,0,0,0,0,0,0,0.166666666666667,0.333333333333333,0.333333333333333,0,0.333333333333333,NA,0.666666666666667,0,NA,NA,NA,0,0.333333333333333,0.333333333333333,0.333333333333333,0,0.333333333333333,0.333333333333333,0.333333333333333,0.333333333333333,1,NA,0.666666666666667,0.666666666666667,NA,NA,NA,0,1,1,2,0,2,1,1,1,2,0,1,2,0,0,0,3,2,2,4,3,3,3,3,2,0,0,0,1,0,0,0,0,0,0,0,0,0,1,1,0,1,0,1,0,0,0,0,0,0,0,0,0,1,1,1,0,0,0,1,0,0,0,0,0,0.333333333333333,0.333333333333333,0.333333333333333,0,0.333333333333333,0.166666666666667,0.166666666666667,0.333333333333333,0.666666666666667,NA,0.333333333333333,0.666666666666667,NA,NA,NA,1,0.666666666666667,0.666666666666667,0.666666666666667,1,0.5,0.5,0.5,0.666666666666667,0,NA,0,0.333333333333333,NA,NA,NA,0,0,0,0,0,0,0.166666666666667,0.166666666666667,0,0.333333333333333,NA,0.333333333333333,0,NA,NA,NA,0,0,0,0,0,0.166666666666667,0.166666666666667,0.166666666666667,0,0,NA,0.333333333333333,0,NA,NA,NA
"152",3,3,3,3,0,3,6,6,3,6,3,0,6,0,0,0,0,0,0,0,0,0,1,1,0,0,1,0,0,0,0,0,0,1,1,1,0,1,1,3,0,3,2,0,1,0,0,0,0.0666666666666667,0.0666666666666667,0.0666666666666667,0.0666666666666667,0,0.0666666666666667,0.133333333333333,0.133333333333333,0.0666666666666667,0.133333333333333,0.0666666666666667,0,0.133333333333333,0,0,0,0,0,0,0,NA,0,0.166666666666667,0.166666666666667,0,0,0.333333333333333,NA,0,NA,NA,NA,0,0.333333333333333,0.333333333333333,0.333333333333333,NA,0.333333333333333,0.166666666666667,0.5,0,0.5,0.666666666666667,NA,0.166666666666667,NA,NA,NA,0,1,1,1,0,1,1,3,0,3,2,0,1,0,0,0,3,2,2,2,0,2,4,2,3,3,0,0,5,0,0,0,0,0,0,0,0,0,0,0,0,0,0,0,0,0,0,0,0,0,0,0,0,0,1,1,0,0,1,0,0,0,0,0,0,0.333333333333333,0.333333333333333,0.333333333333333,NA,0.333333333333333,0.166666666666667,0.5,0,0.5,0.666666666666667,NA,0.166666666666667,NA,NA,NA,1,0.666666666666667,0.666666666666667,0.666666666666667,NA,0.666666666666667,0.666666666666667,0.333333333333333,1,0.5,0,NA,0.833333333333333,NA,NA,NA,0,0,0,0,NA,0,0,0,0,0,0,NA,0,NA,NA,NA,0,0,0,0,NA,0,0.166666666666667,0.166666666666667,0,0,0.333333333333333,NA,0,NA,NA,NA
"153",3,3,6,0,3,6,0,0,3,0,0,0,6,0,0,0,0,0,0,0,0,2,0,0,0,0,0,0,0,0,0,0,0,0,3,0,0,2,0,0,0,0,0,0,2,0,0,0,0.1,0.1,0.2,0,0.1,0.2,0,0,0.1,0,0,0,0.2,0,0,0,0,0,0,NA,0,0.333333333333333,NA,NA,0,NA,NA,NA,0,NA,NA,NA,0,0,0.5,NA,0,0.333333333333333,NA,NA,0,NA,NA,NA,0.333333333333333,NA,NA,NA,0,0,3,0,0,2,0,0,0,0,0,0,2,0,0,0,3,3,3,0,3,2,0,0,3,0,0,0,4,0,0,0,0,0,0,0,0,0,0,0,0,0,0,0,0,0,0,0,0,0,0,0,0,2,0,0,0,0,0,0,0,0,0,0,0,0,0.5,NA,0,0.333333333333333,NA,NA,0,NA,NA,NA,0.333333333333333,NA,NA,NA,1,1,0.5,NA,1,0.333333333333333,NA,NA,1,NA,NA,NA,0.666666666666667,NA,NA,NA,0,0,0,NA,0,0,NA,NA,0,NA,NA,NA,0,NA,NA,NA,0,0,0,NA,0,0.333333333333333,NA,NA,0,NA,NA,NA,0,NA,NA,NA
"154",3,3,6,6,0,3,6,3,6,6,0,0,3,0,0,0,0,0,0,0,0,0,2,2,0,1,0,0,3,0,0,0,0,1,2,2,0,1,2,1,0,4,0,0,3,0,0,0,0.0666666666666667,0.0666666666666667,0.133333333333333,0.133333333333333,0,0.0666666666666667,0.133333333333333,0.0666666666666667,0.133333333333333,0.133333333333333,0,0,0.0666666666666667,0,0,0,0,0,0,0,NA,0,0.333333333333333,0.666666666666667,0,0.166666666666667,NA,NA,1,NA,NA,NA,0,0.333333333333333,0.333333333333333,0.333333333333333,NA,0.333333333333333,0.333333333333333,0.333333333333333,0,0.666666666666667,NA,NA,1,NA,NA,NA,0,1,2,2,0,1,2,1,0,3,0,0,0,0,0,0,3,2,4,4,0,2,2,0,6,2,0,0,0,0,0,0,0,0,0,0,0,0,0,0,0,1,0,0,3,0,0,0,0,0,0,0,0,0,2,2,0,0,0,0,0,0,0,0,0,0.333333333333333,0.333333333333333,0.333333333333333,NA,0.333333333333333,0.333333333333333,0.333333333333333,0,0.5,NA,NA,0,NA,NA,NA,1,0.666666666666667,0.666666666666667,0.666666666666667,NA,0.666666666666667,0.333333333333333,0,1,0.333333333333333,NA,NA,0,NA,NA,NA,0,0,0,0,NA,0,0,0,0,0.166666666666667,NA,NA,1,NA,NA,NA,0,0,0,0,NA,0,0.333333333333333,0.666666666666667,0,0,NA,NA,0,NA,NA,NA
"155",3,3,3,6,6,6,6,3,3,3,0,0,0,0,0,0,0,0,0,0,1,0,0,1,1,1,0,0,0,0,0,0,1,0,0,2,2,3,5,2,1,0,0,0,0,0,0,0,0.0714285714285714,0.0714285714285714,0.0714285714285714,0.142857142857143,0.142857142857143,0.142857142857143,0.142857142857143,0.0714285714285714,0.0714285714285714,0.0714285714285714,0,0,0,0,0,0,0,0,0,0,0.166666666666667,0,0,0.333333333333333,0.333333333333333,0.333333333333333,NA,NA,NA,NA,NA,NA,0.333333333333333,0,0,0.333333333333333,0.333333333333333,0.5,0.833333333333333,0.666666666666667,0.333333333333333,0,NA,NA,NA,NA,NA,NA,1,0,0,2,2,3,5,1,1,0,0,0,0,0,0,0,2,3,3,4,3,3,1,1,1,2,0,0,0,0,0,0,0,0,0,0,0,0,0,1,0,0,0,0,0,0,0,0,0,0,0,0,1,0,0,0,1,1,0,0,0,0,0,0,0.333333333333333,0,0,0.333333333333333,0.333333333333333,0.5,0.833333333333333,0.333333333333333,0.333333333333333,0,NA,NA,NA,NA,NA,NA,0.666666666666667,1,1,0.666666666666667,0.5,0.5,0.166666666666667,0.333333333333333,0.333333333333333,0.666666666666667,NA,NA,NA,NA,NA,NA,0,0,0,0,0,0,0,0.333333333333333,0,0,NA,NA,NA,NA,NA,NA,0,0,0,0,0.166666666666667,0,0,0,0.333333333333333,0.333333333333333,NA,NA,NA,NA,NA,NA
"156",6,3,3,6,3,6,6,0,3,0,0,0,6,0,0,0,1,0,0,1,0,0,1,0,0,0,0,0,0,0,0,0,2,1,0,3,1,4,4,0,0,0,0,0,0,0,0,0,0.142857142857143,0.0714285714285714,0.0714285714285714,0.142857142857143,0.0714285714285714,0.142857142857143,0.142857142857143,0,0.0714285714285714,0,0,0,0.142857142857143,0,0,0,0.166666666666667,0,0,0.166666666666667,0,0,0.166666666666667,NA,0,NA,NA,NA,0,NA,NA,NA,0.333333333333333,0.333333333333333,0,0.5,0.333333333333333,0.666666666666667,0.666666666666667,NA,0,NA,NA,NA,0,NA,NA,NA,1,1,0,2,1,4,3,0,0,0,0,0,0,0,0,0,4,2,3,3,2,2,2,0,3,0,0,0,6,0,0,0,1,0,0,1,0,0,1,0,0,0,0,0,0,0,0,0,0,0,0,0,0,0,0,0,0,0,0,0,0,0,0,0,0.166666666666667,0.333333333333333,0,0.333333333333333,0.333333333333333,0.666666666666667,0.5,NA,0,NA,NA,NA,0,NA,NA,NA,0.666666666666667,0.666666666666667,1,0.5,0.666666666666667,0.333333333333333,0.333333333333333,NA,1,NA,NA,NA,1,NA,NA,NA,0.166666666666667,0,0,0.166666666666667,0,0,0.166666666666667,NA,0,NA,NA,NA,0,NA,NA,NA,0,0,0,0,0,0,0,NA,0,NA,NA,NA,0,NA,NA,NA
"157",3,3,6,6,0,3,6,3,6,6,0,0,6,0,0,0,0,0,0,1,0,0,1,1,0,1,0,0,1,0,0,0,0,0,2,2,0,0,6,1,3,5,0,0,0,0,0,0,0.0625,0.0625,0.125,0.125,0,0.0625,0.125,0.0625,0.125,0.125,0,0,0.125,0,0,0,0,0,0,0.166666666666667,NA,0,0.166666666666667,0.333333333333333,0,0.166666666666667,NA,NA,0.166666666666667,NA,NA,NA,0,0,0.333333333333333,0.333333333333333,NA,0,1,0.333333333333333,0.5,0.833333333333333,NA,NA,0,NA,NA,NA,0,0,2,2,0,0,5,1,3,4,0,0,0,0,0,0,3,3,4,3,0,3,0,1,3,1,0,0,5,0,0,0,0,0,0,0,0,0,1,0,0,1,0,0,0,0,0,0,0,0,0,1,0,0,0,1,0,0,0,0,1,0,0,0,0,0,0.333333333333333,0.333333333333333,NA,0,0.833333333333333,0.333333333333333,0.5,0.666666666666667,NA,NA,0,NA,NA,NA,1,1,0.666666666666667,0.5,NA,1,0,0.333333333333333,0.5,0.166666666666667,NA,NA,0.833333333333333,NA,NA,NA,0,0,0,0,NA,0,0.166666666666667,0,0,0.166666666666667,NA,NA,0,NA,NA,NA,0,0,0,0.166666666666667,NA,0,0,0.333333333333333,0,0,NA,NA,0.166666666666667,NA,NA,NA
"158",6,6,3,6,0,6,6,3,3,6,0,0,3,0,0,0,0,1,0,0,0,1,1,1,0,0,0,0,1,0,0,0,0,1,1,3,0,2,4,2,0,3,0,0,0,0,0,0,0.125,0.125,0.0625,0.125,0,0.125,0.125,0.0625,0.0625,0.125,0,0,0.0625,0,0,0,0,0.166666666666667,0,0,NA,0.166666666666667,0.166666666666667,0.333333333333333,0,0,NA,NA,0.333333333333333,NA,NA,NA,0,0.166666666666667,0.333333333333333,0.5,NA,0.333333333333333,0.666666666666667,0.666666666666667,0,0.5,NA,NA,0,NA,NA,NA,0,1,1,3,0,1,4,2,0,3,0,0,0,0,0,0,6,4,2,3,0,4,1,0,3,3,0,0,2,0,0,0,0,0,0,0,0,1,0,0,0,0,0,0,0,0,0,0,0,1,0,0,0,0,1,1,0,0,0,0,1,0,0,0,0,0.166666666666667,0.333333333333333,0.5,NA,0.166666666666667,0.666666666666667,0.666666666666667,0,0.5,NA,NA,0,NA,NA,NA,1,0.666666666666667,0.666666666666667,0.5,NA,0.666666666666667,0.166666666666667,0,1,0.5,NA,NA,0.666666666666667,NA,NA,NA,0,0,0,0,NA,0.166666666666667,0,0,0,0,NA,NA,0,NA,NA,NA,0,0.166666666666667,0,0,NA,0,0.166666666666667,0.333333333333333,0,0,NA,NA,0.333333333333333,NA,NA,NA
"159",3,3,3,6,6,6,6,6,6,0,0,0,3,0,0,0,0,0,0,0,0,1,0,2,1,0,0,0,2,0,0,0,0,0,1,1,1,4,5,2,1,0,0,0,3,0,0,0,0.0625,0.0625,0.0625,0.125,0.125,0.125,0.125,0.125,0.125,0,0,0,0.0625,0,0,0,0,0,0,0,0,0.166666666666667,0,0.333333333333333,0.166666666666667,NA,NA,NA,0.666666666666667,NA,NA,NA,0,0,0.333333333333333,0.166666666666667,0.166666666666667,0.666666666666667,0.833333333333333,0.333333333333333,0.166666666666667,NA,NA,NA,1,NA,NA,NA,0,0,1,1,1,4,5,2,1,0,0,0,1,0,0,0,3,3,2,5,5,1,1,2,4,0,0,0,0,0,0,0,0,0,0,0,0,0,0,0,0,0,0,0,2,0,0,0,0,0,0,0,0,1,0,2,1,0,0,0,0,0,0,0,0,0,0.333333333333333,0.166666666666667,0.166666666666667,0.666666666666667,0.833333333333333,0.333333333333333,0.166666666666667,NA,NA,NA,0.333333333333333,NA,NA,NA,1,1,0.666666666666667,0.833333333333333,0.833333333333333,0.166666666666667,0.166666666666667,0.333333333333333,0.666666666666667,NA,NA,NA,0,NA,NA,NA,0,0,0,0,0,0,0,0,0,NA,NA,NA,0.666666666666667,NA,NA,NA,0,0,0,0,0,0.166666666666667,0,0.333333333333333,0.166666666666667,NA,NA,NA,0,NA,NA,NA
"160",3,3,6,6,0,3,0,0,6,6,0,0,6,3,0,0,0,0,0,3,0,0,0,0,1,0,0,0,2,1,0,0,0,1,2,2,0,1,0,0,1,4,0,0,3,2,0,0,0.0714285714285714,0.0714285714285714,0.142857142857143,0.142857142857143,0,0.0714285714285714,0,0,0.142857142857143,0.142857142857143,0,0,0.142857142857143,0.0714285714285714,0,0,0,0,0,0.5,NA,0,NA,NA,0.166666666666667,0,NA,NA,0.333333333333333,0.333333333333333,NA,NA,0,0.333333333333333,0.333333333333333,0.333333333333333,NA,0.333333333333333,NA,NA,0.166666666666667,0.666666666666667,NA,NA,0.5,0.666666666666667,NA,NA,0,1,2,1,0,1,0,0,1,4,0,0,2,2,0,0,3,2,4,2,0,2,0,0,4,2,0,0,2,0,0,0,0,0,0,1,0,0,0,0,0,0,0,0,1,0,0,0,0,0,0,2,0,0,0,0,1,0,0,0,1,1,0,0,0,0.333333333333333,0.333333333333333,0.166666666666667,NA,0.333333333333333,NA,NA,0.166666666666667,0.666666666666667,NA,NA,0.333333333333333,0.666666666666667,NA,NA,1,0.666666666666667,0.666666666666667,0.333333333333333,NA,0.666666666666667,NA,NA,0.666666666666667,0.333333333333333,NA,NA,0.333333333333333,0,NA,NA,0,0,0,0.166666666666667,NA,0,NA,NA,0,0,NA,NA,0.166666666666667,0,NA,NA,0,0,0,0.333333333333333,NA,0,NA,NA,0.166666666666667,0,NA,NA,0.166666666666667,0.333333333333333,NA,NA
"161",6,6,6,6,0,6,6,6,0,3,0,0,0,3,0,0,0,1,1,1,0,1,2,1,0,0,0,0,0,1,0,0,0,1,0,1,0,2,3,5,0,1,0,0,0,3,0,0,0.125,0.125,0.125,0.125,0,0.125,0.125,0.125,0,0.0625,0,0,0,0.0625,0,0,0,0.166666666666667,0.166666666666667,0.166666666666667,NA,0.166666666666667,0.333333333333333,0.166666666666667,NA,0,NA,NA,NA,0.333333333333333,NA,NA,0,0.166666666666667,0,0.166666666666667,NA,0.333333333333333,0.5,0.833333333333333,NA,0.333333333333333,NA,NA,NA,1,NA,NA,0,1,0,0,0,1,3,4,0,1,0,0,0,2,0,0,6,4,5,5,0,4,1,1,0,2,0,0,0,0,0,0,0,0,0,1,0,1,0,1,0,0,0,0,0,1,0,0,0,1,1,0,0,0,2,0,0,0,0,0,0,0,0,0,0,0.166666666666667,0,0,NA,0.166666666666667,0.5,0.666666666666667,NA,0.333333333333333,NA,NA,NA,0.666666666666667,NA,NA,1,0.666666666666667,0.833333333333333,0.833333333333333,NA,0.666666666666667,0.166666666666667,0.166666666666667,NA,0.666666666666667,NA,NA,NA,0,NA,NA,0,0,0,0.166666666666667,NA,0.166666666666667,0,0.166666666666667,NA,0,NA,NA,NA,0.333333333333333,NA,NA,0,0.166666666666667,0.166666666666667,0,NA,0,0.333333333333333,0,NA,0,NA,NA,NA,0,NA,NA
"162",3,3,3,3,3,6,6,6,3,0,0,6,6,0,0,0,0,0,0,0,0,1,1,0,0,0,0,4,0,0,0,0,0,0,1,1,0,4,4,2,1,0,0,3,4,0,0,0,0.0625,0.0625,0.0625,0.0625,0.0625,0.125,0.125,0.125,0.0625,0,0,0.125,0.125,0,0,0,0,0,0,0,0,0.166666666666667,0.166666666666667,0,0,NA,NA,0.666666666666667,0,NA,NA,NA,0,0,0.333333333333333,0.333333333333333,0,0.666666666666667,0.666666666666667,0.333333333333333,0.333333333333333,NA,NA,0.5,0.666666666666667,NA,NA,NA,0,0,1,1,0,4,3,2,1,0,0,1,4,0,0,0,3,3,2,2,3,1,2,4,2,0,0,1,2,0,0,0,0,0,0,0,0,0,1,0,0,0,0,2,0,0,0,0,0,0,0,0,0,1,0,0,0,0,0,2,0,0,0,0,0,0,0.333333333333333,0.333333333333333,0,0.666666666666667,0.5,0.333333333333333,0.333333333333333,NA,NA,0.166666666666667,0.666666666666667,NA,NA,NA,1,1,0.666666666666667,0.666666666666667,1,0.166666666666667,0.333333333333333,0.666666666666667,0.666666666666667,NA,NA,0.166666666666667,0.333333333333333,NA,NA,NA,0,0,0,0,0,0,0.166666666666667,0,0,NA,NA,0.333333333333333,0,NA,NA,NA,0,0,0,0,0,0.166666666666667,0,0,0,NA,NA,0.333333333333333,0,NA,NA,NA
"163",3,3,6,6,3,6,0,0,3,0,0,0,6,0,0,0,0,0,0,2,0,2,0,0,0,0,0,0,0,0,0,0,0,1,0,3,1,4,0,0,0,0,0,0,4,0,0,0,0.0833333333333333,0.0833333333333333,0.166666666666667,0.166666666666667,0.0833333333333333,0.166666666666667,0,0,0.0833333333333333,0,0,0,0.166666666666667,0,0,0,0,0,0,0.333333333333333,0,0.333333333333333,NA,NA,0,NA,NA,NA,0,NA,NA,NA,0,0.333333333333333,0,0.5,0.333333333333333,0.666666666666667,NA,NA,0,NA,NA,NA,0.666666666666667,NA,NA,NA,0,1,0,2,1,2,0,0,0,0,0,0,4,0,0,0,3,2,6,2,2,2,0,0,3,0,0,0,2,0,0,0,0,0,0,1,0,2,0,0,0,0,0,0,0,0,0,0,0,0,0,1,0,0,0,0,0,0,0,0,0,0,0,0,0,0.333333333333333,0,0.333333333333333,0.333333333333333,0.333333333333333,NA,NA,0,NA,NA,NA,0.666666666666667,NA,NA,NA,1,0.666666666666667,1,0.333333333333333,0.666666666666667,0.333333333333333,NA,NA,1,NA,NA,NA,0.333333333333333,NA,NA,NA,0,0,0,0.166666666666667,0,0.333333333333333,NA,NA,0,NA,NA,NA,0,NA,NA,NA,0,0,0,0.166666666666667,0,0,NA,NA,0,NA,NA,NA,0,NA,NA,NA
"164",3,6,6,0,6,0,0,0,6,0,0,0,3,0,0,0,0,0,2,0,1,0,0,0,1,0,0,0,1,0,0,0,0,1,1,0,1,0,0,0,1,0,0,0,2,0,0,0,0.1,0.2,0.2,0,0.2,0,0,0,0.2,0,0,0,0.1,0,0,0,0,0,0.333333333333333,NA,0.166666666666667,NA,NA,NA,0.166666666666667,NA,NA,NA,0.333333333333333,NA,NA,NA,0,0.166666666666667,0.166666666666667,NA,0.166666666666667,NA,NA,NA,0.166666666666667,NA,NA,NA,0.666666666666667,NA,NA,NA,0,1,1,0,1,0,0,0,0,0,0,0,1,0,0,0,3,5,3,0,4,0,0,0,5,0,0,0,1,0,0,0,0,0,0,0,0,0,0,0,1,0,0,0,1,0,0,0,0,0,2,0,1,0,0,0,0,0,0,0,0,0,0,0,0,0.166666666666667,0.166666666666667,NA,0.166666666666667,NA,NA,NA,0,NA,NA,NA,0.333333333333333,NA,NA,NA,1,0.833333333333333,0.5,NA,0.666666666666667,NA,NA,NA,0.833333333333333,NA,NA,NA,0.333333333333333,NA,NA,NA,0,0,0,NA,0,NA,NA,NA,0.166666666666667,NA,NA,NA,0.333333333333333,NA,NA,NA,0,0,0.333333333333333,NA,0.166666666666667,NA,NA,NA,0,NA,NA,NA,0,NA,NA,NA
"165",6,0,0,0,3,0,0,0,6,0,0,0,6,0,0,0,0,0,0,0,0,0,0,0,0,0,0,0,1,0,0,0,3,0,0,0,1,0,0,0,1,0,0,0,1,0,0,0,0.285714285714286,0,0,0,0.142857142857143,0,0,0,0.285714285714286,0,0,0,0.285714285714286,0,0,0,0,NA,NA,NA,0,NA,NA,NA,0,NA,NA,NA,0.166666666666667,NA,NA,NA,0.5,NA,NA,NA,0.333333333333333,NA,NA,NA,0.166666666666667,NA,NA,NA,0.166666666666667,NA,NA,NA,3,0,0,0,1,0,0,0,1,0,0,0,1,0,0,0,3,0,0,0,2,0,0,0,5,0,0,0,4,0,0,0,0,0,0,0,0,0,0,0,0,0,0,0,0,0,0,0,0,0,0,0,0,0,0,0,0,0,0,0,1,0,0,0,0.5,NA,NA,NA,0.333333333333333,NA,NA,NA,0.166666666666667,NA,NA,NA,0.166666666666667,NA,NA,NA,0.5,NA,NA,NA,0.666666666666667,NA,NA,NA,0.833333333333333,NA,NA,NA,0.666666666666667,NA,NA,NA,0,NA,NA,NA,0,NA,NA,NA,0,NA,NA,NA,0,NA,NA,NA,0,NA,NA,NA,0,NA,NA,NA,0,NA,NA,NA,0.166666666666667,NA,NA,NA
"166",6,6,6,6,0,6,6,0,3,6,0,0,3,0,0,0,0,1,0,1,0,1,1,0,0,1,0,0,0,0,0,0,0,1,2,4,0,2,4,0,0,4,0,0,0,0,0,0,0.125,0.125,0.125,0.125,0,0.125,0.125,0,0.0625,0.125,0,0,0.0625,0,0,0,0,0.166666666666667,0,0.166666666666667,NA,0.166666666666667,0.166666666666667,NA,0,0.166666666666667,NA,NA,0,NA,NA,NA,0,0.166666666666667,0.333333333333333,0.666666666666667,NA,0.333333333333333,0.666666666666667,NA,0,0.666666666666667,NA,NA,0,NA,NA,NA,0,1,2,3,0,1,4,0,0,3,0,0,0,0,0,0,6,4,4,2,0,4,1,0,3,2,0,0,3,0,0,0,0,0,0,1,0,1,0,0,0,1,0,0,0,0,0,0,0,1,0,0,0,0,1,0,0,0,0,0,0,0,0,0,0,0.166666666666667,0.333333333333333,0.5,NA,0.166666666666667,0.666666666666667,NA,0,0.5,NA,NA,0,NA,NA,NA,1,0.666666666666667,0.666666666666667,0.333333333333333,NA,0.666666666666667,0.166666666666667,NA,1,0.333333333333333,NA,NA,1,NA,NA,NA,0,0,0,0.166666666666667,NA,0.166666666666667,0,NA,0,0.166666666666667,NA,NA,0,NA,NA,NA,0,0.166666666666667,0,0,NA,0,0.166666666666667,NA,0,0,NA,NA,0,NA,NA,NA
"167",6,6,3,0,3,0,0,0,6,0,0,0,6,0,0,0,1,0,1,0,0,0,0,0,0,0,0,0,2,0,0,0,0,2,1,0,0,0,0,0,1,0,0,0,2,0,0,0,0.2,0.2,0.1,0,0.1,0,0,0,0.2,0,0,0,0.2,0,0,0,0.166666666666667,0,0.333333333333333,NA,0,NA,NA,NA,0,NA,NA,NA,0.333333333333333,NA,NA,NA,0,0.333333333333333,0.333333333333333,NA,0,NA,NA,NA,0.166666666666667,NA,NA,NA,0.333333333333333,NA,NA,NA,0,2,0,0,0,0,0,0,1,0,0,0,2,0,0,0,5,4,2,0,3,0,0,0,5,0,0,0,2,0,0,0,0,0,1,0,0,0,0,0,0,0,0,0,0,0,0,0,1,0,0,0,0,0,0,0,0,0,0,0,2,0,0,0,0,0.333333333333333,0,NA,0,NA,NA,NA,0.166666666666667,NA,NA,NA,0.333333333333333,NA,NA,NA,0.833333333333333,0.666666666666667,0.666666666666667,NA,1,NA,NA,NA,0.833333333333333,NA,NA,NA,0.333333333333333,NA,NA,NA,0,0,0.333333333333333,NA,0,NA,NA,NA,0,NA,NA,NA,0,NA,NA,NA,0.166666666666667,0,0,NA,0,NA,NA,NA,0,NA,NA,NA,0.333333333333333,NA,NA,NA
"168",3,6,0,0,6,0,0,0,6,0,0,0,0,0,0,0,0,0,0,0,0,0,0,0,2,0,0,0,0,0,0,0,0,3,0,0,0,0,0,0,1,0,0,0,0,0,0,0,0.142857142857143,0.285714285714286,0,0,0.285714285714286,0,0,0,0.285714285714286,0,0,0,0,0,0,0,0,0,NA,NA,0,NA,NA,NA,0.333333333333333,NA,NA,NA,NA,NA,NA,NA,0,0.5,NA,NA,0,NA,NA,NA,0.166666666666667,NA,NA,NA,NA,NA,NA,NA,0,3,0,0,0,0,0,0,1,0,0,0,0,0,0,0,3,3,0,0,6,0,0,0,3,0,0,0,0,0,0,0,0,0,0,0,0,0,0,0,0,0,0,0,0,0,0,0,0,0,0,0,0,0,0,0,2,0,0,0,0,0,0,0,0,0.5,NA,NA,0,NA,NA,NA,0.166666666666667,NA,NA,NA,NA,NA,NA,NA,1,0.5,NA,NA,1,NA,NA,NA,0.5,NA,NA,NA,NA,NA,NA,NA,0,0,NA,NA,0,NA,NA,NA,0,NA,NA,NA,NA,NA,NA,NA,0,0,NA,NA,0,NA,NA,NA,0.333333333333333,NA,NA,NA,NA,NA,NA,NA
"169",3,3,3,6,3,3,6,6,6,6,0,0,3,0,0,0,0,0,0,0,0,0,2,2,1,0,0,0,1,0,0,0,0,0,0,3,0,0,1,5,1,3,0,0,2,0,0,0,0.0625,0.0625,0.0625,0.125,0.0625,0.0625,0.125,0.125,0.125,0.125,0,0,0.0625,0,0,0,0,0,0,0,0,0,0.333333333333333,0.333333333333333,0.166666666666667,0,NA,NA,0.333333333333333,NA,NA,NA,0,0,0,0.5,0,0,0.166666666666667,0.833333333333333,0.166666666666667,0.5,NA,NA,0.666666666666667,NA,NA,NA,0,0,0,3,0,0,0,3,1,3,0,0,1,0,0,0,3,3,3,3,3,3,4,1,4,3,0,0,1,0,0,0,0,0,0,0,0,0,1,2,0,0,0,0,1,0,0,0,0,0,0,0,0,0,1,0,1,0,0,0,0,0,0,0,0,0,0,0.5,0,0,0,0.5,0.166666666666667,0.5,NA,NA,0.333333333333333,NA,NA,NA,1,1,1,0.5,1,1,0.666666666666667,0.166666666666667,0.666666666666667,0.5,NA,NA,0.333333333333333,NA,NA,NA,0,0,0,0,0,0,0.166666666666667,0.333333333333333,0,0,NA,NA,0.333333333333333,NA,NA,NA,0,0,0,0,0,0,0.166666666666667,0,0.166666666666667,0,NA,NA,0,NA,NA,NA
"170",3,3,6,0,0,6,0,0,6,6,0,0,6,0,0,0,0,0,0,0,0,0,0,0,0,2,0,0,1,0,0,0,0,1,3,0,0,1,0,0,0,4,0,0,3,0,0,0,0.0833333333333333,0.0833333333333333,0.166666666666667,0,0,0.166666666666667,0,0,0.166666666666667,0.166666666666667,0,0,0.166666666666667,0,0,0,0,0,0,NA,NA,0,NA,NA,0,0.333333333333333,NA,NA,0.166666666666667,NA,NA,NA,0,0.333333333333333,0.5,NA,NA,0.166666666666667,NA,NA,0,0.666666666666667,NA,NA,0.5,NA,NA,NA,0,1,3,0,0,1,0,0,0,3,0,0,3,0,0,0,3,2,3,0,0,5,0,0,6,1,0,0,2,0,0,0,0,0,0,0,0,0,0,0,0,1,0,0,0,0,0,0,0,0,0,0,0,0,0,0,0,1,0,0,1,0,0,0,0,0.333333333333333,0.5,NA,NA,0.166666666666667,NA,NA,0,0.5,NA,NA,0.5,NA,NA,NA,1,0.666666666666667,0.5,NA,NA,0.833333333333333,NA,NA,1,0.166666666666667,NA,NA,0.333333333333333,NA,NA,NA,0,0,0,NA,NA,0,NA,NA,0,0.166666666666667,NA,NA,0,NA,NA,NA,0,0,0,NA,NA,0,NA,NA,0,0.166666666666667,NA,NA,0.166666666666667,NA,NA,NA
"171",3,3,3,6,0,6,6,3,3,6,0,0,6,0,0,0,0,0,0,0,0,0,1,1,0,1,0,0,0,0,0,0,0,0,1,2,0,2,4,1,1,4,0,0,1,0,0,0,0.0666666666666667,0.0666666666666667,0.0666666666666667,0.133333333333333,0,0.133333333333333,0.133333333333333,0.0666666666666667,0.0666666666666667,0.133333333333333,0,0,0.133333333333333,0,0,0,0,0,0,0,NA,0,0.166666666666667,0.333333333333333,0,0.166666666666667,NA,NA,0,NA,NA,NA,0,0,0.333333333333333,0.333333333333333,NA,0.333333333333333,0.666666666666667,0.333333333333333,0.333333333333333,0.666666666666667,NA,NA,0.166666666666667,NA,NA,NA,0,0,1,2,0,2,3,1,1,3,0,0,1,0,0,0,3,3,2,4,0,4,2,1,2,2,0,0,5,0,0,0,0,0,0,0,0,0,1,0,0,1,0,0,0,0,0,0,0,0,0,0,0,0,0,1,0,0,0,0,0,0,0,0,0,0,0.333333333333333,0.333333333333333,NA,0.333333333333333,0.5,0.333333333333333,0.333333333333333,0.5,NA,NA,0.166666666666667,NA,NA,NA,1,1,0.666666666666667,0.666666666666667,NA,0.666666666666667,0.333333333333333,0.333333333333333,0.666666666666667,0.333333333333333,NA,NA,0.833333333333333,NA,NA,NA,0,0,0,0,NA,0,0.166666666666667,0,0,0.166666666666667,NA,NA,0,NA,NA,NA,0,0,0,0,NA,0,0,0.333333333333333,0,0,NA,NA,0,NA,NA,NA
"172",3,3,6,0,6,6,0,0,6,0,0,0,3,0,0,0,0,0,0,0,0,2,0,0,1,0,0,0,1,0,0,0,1,1,3,0,0,2,0,0,2,0,0,0,2,0,0,0,0.0909090909090909,0.0909090909090909,0.181818181818182,0,0.181818181818182,0.181818181818182,0,0,0.181818181818182,0,0,0,0.0909090909090909,0,0,0,0,0,0,NA,0,0.333333333333333,NA,NA,0.166666666666667,NA,NA,NA,0.333333333333333,NA,NA,NA,0.333333333333333,0.333333333333333,0.5,NA,0,0.333333333333333,NA,NA,0.333333333333333,NA,NA,NA,0.666666666666667,NA,NA,NA,1,1,3,0,0,1,0,0,1,0,0,0,1,0,0,0,2,2,3,0,6,3,0,0,4,0,0,0,1,0,0,0,0,0,0,0,0,1,0,0,1,0,0,0,1,0,0,0,0,0,0,0,0,1,0,0,0,0,0,0,0,0,0,0,0.333333333333333,0.333333333333333,0.5,NA,0,0.166666666666667,NA,NA,0.166666666666667,NA,NA,NA,0.333333333333333,NA,NA,NA,0.666666666666667,0.666666666666667,0.5,NA,1,0.5,NA,NA,0.666666666666667,NA,NA,NA,0.333333333333333,NA,NA,NA,0,0,0,NA,0,0.166666666666667,NA,NA,0.166666666666667,NA,NA,NA,0.333333333333333,NA,NA,NA,0,0,0,NA,0,0.166666666666667,NA,NA,0,NA,NA,NA,0,NA,NA,NA
"173",3,6,6,3,0,6,0,0,6,6,0,0,6,3,0,0,0,0,2,1,0,1,0,0,1,1,0,0,0,1,0,0,0,2,1,1,0,1,0,0,2,2,0,0,3,3,0,0,0.0666666666666667,0.133333333333333,0.133333333333333,0.0666666666666667,0,0.133333333333333,0,0,0.133333333333333,0.133333333333333,0,0,0.133333333333333,0.0666666666666667,0,0,0,0,0.333333333333333,0.333333333333333,NA,0.166666666666667,NA,NA,0.166666666666667,0.166666666666667,NA,NA,0,0.333333333333333,NA,NA,0,0.333333333333333,0.166666666666667,0.333333333333333,NA,0.166666666666667,NA,NA,0.333333333333333,0.333333333333333,NA,NA,0.5,1,NA,NA,0,2,1,0,0,1,0,0,2,2,0,0,3,2,0,0,3,4,3,2,0,4,0,0,3,3,0,0,3,0,0,0,0,0,0,1,0,0,0,0,0,0,0,0,0,1,0,0,0,0,2,0,0,1,0,0,1,1,0,0,0,0,0,0,0,0.333333333333333,0.166666666666667,0,NA,0.166666666666667,NA,NA,0.333333333333333,0.333333333333333,NA,NA,0.5,0.666666666666667,NA,NA,1,0.666666666666667,0.5,0.666666666666667,NA,0.666666666666667,NA,NA,0.5,0.5,NA,NA,0.5,0,NA,NA,0,0,0,0.333333333333333,NA,0,NA,NA,0,0,NA,NA,0,0.333333333333333,NA,NA,0,0,0.333333333333333,0,NA,0.166666666666667,NA,NA,0.166666666666667,0.166666666666667,NA,NA,0,0,NA,NA
"174",3,3,6,0,6,6,0,0,0,3,0,0,0,0,0,0,0,0,0,0,1,1,0,0,0,1,0,0,0,0,0,0,0,0,5,0,3,3,0,0,0,2,0,0,0,0,0,0,0.111111111111111,0.111111111111111,0.222222222222222,0,0.222222222222222,0.222222222222222,0,0,0,0.111111111111111,0,0,0,0,0,0,0,0,0,NA,0.166666666666667,0.166666666666667,NA,NA,NA,0.333333333333333,NA,NA,NA,NA,NA,NA,0,0,0.833333333333333,NA,0.5,0.5,NA,NA,NA,0.666666666666667,NA,NA,NA,NA,NA,NA,0,0,5,0,2,2,0,0,0,1,0,0,0,0,0,0,3,3,1,0,3,3,0,0,0,1,0,0,0,0,0,0,0,0,0,0,1,1,0,0,0,1,0,0,0,0,0,0,0,0,0,0,0,0,0,0,0,0,0,0,0,0,0,0,0,0,0.833333333333333,NA,0.333333333333333,0.333333333333333,NA,NA,NA,0.333333333333333,NA,NA,NA,NA,NA,NA,1,1,0.166666666666667,NA,0.5,0.5,NA,NA,NA,0.333333333333333,NA,NA,NA,NA,NA,NA,0,0,0,NA,0.166666666666667,0.166666666666667,NA,NA,NA,0.333333333333333,NA,NA,NA,NA,NA,NA,0,0,0,NA,0,0,NA,NA,NA,0,NA,NA,NA,NA,NA,NA
"175",3,6,0,0,6,0,0,0,6,0,0,0,0,0,0,0,0,0,0,0,0,0,0,0,3,0,0,0,0,0,0,0,1,4,0,0,1,0,0,0,0,0,0,0,0,0,0,0,0.142857142857143,0.285714285714286,0,0,0.285714285714286,0,0,0,0.285714285714286,0,0,0,0,0,0,0,0,0,NA,NA,0,NA,NA,NA,0.5,NA,NA,NA,NA,NA,NA,NA,0.333333333333333,0.666666666666667,NA,NA,0.166666666666667,NA,NA,NA,0,NA,NA,NA,NA,NA,NA,NA,1,4,0,0,1,0,0,0,0,0,0,0,0,0,0,0,2,2,0,0,5,0,0,0,3,0,0,0,0,0,0,0,0,0,0,0,0,0,0,0,0,0,0,0,0,0,0,0,0,0,0,0,0,0,0,0,3,0,0,0,0,0,0,0,0.333333333333333,0.666666666666667,NA,NA,0.166666666666667,NA,NA,NA,0,NA,NA,NA,NA,NA,NA,NA,0.666666666666667,0.333333333333333,NA,NA,0.833333333333333,NA,NA,NA,0.5,NA,NA,NA,NA,NA,NA,NA,0,0,NA,NA,0,NA,NA,NA,0,NA,NA,NA,NA,NA,NA,NA,0,0,NA,NA,0,NA,NA,NA,0.5,NA,NA,NA,NA,NA,NA,NA
"176",3,3,6,0,0,3,0,0,3,6,0,0,6,0,0,0,0,0,0,0,0,0,0,0,0,0,0,0,0,0,0,0,0,1,3,0,0,0,0,0,0,4,0,0,2,0,0,0,0.1,0.1,0.2,0,0,0.1,0,0,0.1,0.2,0,0,0.2,0,0,0,0,0,0,NA,NA,0,NA,NA,0,0,NA,NA,0,NA,NA,NA,0,0.333333333333333,0.5,NA,NA,0,NA,NA,0,0.666666666666667,NA,NA,0.333333333333333,NA,NA,NA,0,1,3,0,0,0,0,0,0,4,0,0,2,0,0,0,3,2,3,0,0,3,0,0,3,2,0,0,4,0,0,0,0,0,0,0,0,0,0,0,0,0,0,0,0,0,0,0,0,0,0,0,0,0,0,0,0,0,0,0,0,0,0,0,0,0.333333333333333,0.5,NA,NA,0,NA,NA,0,0.666666666666667,NA,NA,0.333333333333333,NA,NA,NA,1,0.666666666666667,0.5,NA,NA,1,NA,NA,1,0.333333333333333,NA,NA,0.666666666666667,NA,NA,NA,0,0,0,NA,NA,0,NA,NA,0,0,NA,NA,0,NA,NA,NA,0,0,0,NA,NA,0,NA,NA,0,0,NA,NA,0,NA,NA,NA
"177",3,3,3,6,6,6,6,6,6,0,0,0,3,0,0,0,0,0,0,0,0,2,1,2,1,0,0,0,1,0,0,0,0,0,0,1,0,2,4,3,1,0,0,0,1,0,0,0,0.0625,0.0625,0.0625,0.125,0.125,0.125,0.125,0.125,0.125,0,0,0,0.0625,0,0,0,0,0,0,0,0,0.333333333333333,0.166666666666667,0.333333333333333,0.166666666666667,NA,NA,NA,0.333333333333333,NA,NA,NA,0,0,0,0.166666666666667,0,0.333333333333333,0.666666666666667,0.5,0.166666666666667,NA,NA,NA,0.333333333333333,NA,NA,NA,0,0,0,1,0,2,4,2,1,0,0,0,0,0,0,0,3,3,3,5,6,2,1,2,4,0,0,0,2,0,0,0,0,0,0,0,0,0,0,1,0,0,0,0,1,0,0,0,0,0,0,0,0,2,1,1,1,0,0,0,0,0,0,0,0,0,0,0.166666666666667,0,0.333333333333333,0.666666666666667,0.333333333333333,0.166666666666667,NA,NA,NA,0,NA,NA,NA,1,1,1,0.833333333333333,1,0.333333333333333,0.166666666666667,0.333333333333333,0.666666666666667,NA,NA,NA,0.666666666666667,NA,NA,NA,0,0,0,0,0,0,0,0.166666666666667,0,NA,NA,NA,0.333333333333333,NA,NA,NA,0,0,0,0,0,0.333333333333333,0.166666666666667,0.166666666666667,0.166666666666667,NA,NA,NA,0,NA,NA,NA
"178",3,3,3,3,3,6,6,6,6,3,0,0,6,0,0,0,0,0,0,0,0,1,2,1,1,1,0,0,2,0,0,0,0,1,1,1,0,2,1,4,0,3,0,0,3,0,0,0,0.0625,0.0625,0.0625,0.0625,0.0625,0.125,0.125,0.125,0.125,0.0625,0,0,0.125,0,0,0,0,0,0,0,0,0.166666666666667,0.333333333333333,0.166666666666667,0.166666666666667,0.333333333333333,NA,NA,0.333333333333333,NA,NA,NA,0,0.333333333333333,0.333333333333333,0.333333333333333,0,0.333333333333333,0.166666666666667,0.666666666666667,0,1,NA,NA,0.5,NA,NA,NA,0,1,1,1,0,2,1,4,0,2,0,0,2,0,0,0,3,2,2,2,3,3,3,1,5,0,0,0,2,0,0,0,0,0,0,0,0,0,0,0,0,1,0,0,1,0,0,0,0,0,0,0,0,1,2,1,1,0,0,0,1,0,0,0,0,0.333333333333333,0.333333333333333,0.333333333333333,0,0.333333333333333,0.166666666666667,0.666666666666667,0,0.666666666666667,NA,NA,0.333333333333333,NA,NA,NA,1,0.666666666666667,0.666666666666667,0.666666666666667,1,0.5,0.5,0.166666666666667,0.833333333333333,0,NA,NA,0.333333333333333,NA,NA,NA,0,0,0,0,0,0,0,0,0,0.333333333333333,NA,NA,0.166666666666667,NA,NA,NA,0,0,0,0,0,0.166666666666667,0.333333333333333,0.166666666666667,0.166666666666667,0,NA,NA,0.166666666666667,NA,NA,NA
"179",3,6,6,6,3,6,0,3,3,6,0,0,6,0,0,0,0,0,1,2,0,0,0,1,0,2,0,0,0,0,0,0,0,1,0,0,1,1,0,2,0,3,0,0,0,0,0,0,0.0625,0.125,0.125,0.125,0.0625,0.125,0,0.0625,0.0625,0.125,0,0,0.125,0,0,0,0,0,0.166666666666667,0.333333333333333,0,0,NA,0.333333333333333,0,0.333333333333333,NA,NA,0,NA,NA,NA,0,0.166666666666667,0,0,0.333333333333333,0.166666666666667,NA,0.666666666666667,0,0.5,NA,NA,0,NA,NA,NA,0,1,0,0,1,1,0,1,0,2,0,0,0,0,0,0,3,5,5,4,2,5,0,1,3,2,0,0,6,0,0,0,0,0,0,0,0,0,0,1,0,1,0,0,0,0,0,0,0,0,1,2,0,0,0,0,0,1,0,0,0,0,0,0,0,0.166666666666667,0,0,0.333333333333333,0.166666666666667,NA,0.333333333333333,0,0.333333333333333,NA,NA,0,NA,NA,NA,1,0.833333333333333,0.833333333333333,0.666666666666667,0.666666666666667,0.833333333333333,NA,0.333333333333333,1,0.333333333333333,NA,NA,1,NA,NA,NA,0,0,0,0,0,0,NA,0.333333333333333,0,0.166666666666667,NA,NA,0,NA,NA,NA,0,0,0.166666666666667,0.333333333333333,0,0,NA,0,0,0.166666666666667,NA,NA,0,NA,NA,NA
"180",3,3,6,0,3,3,0,0,6,6,0,0,6,0,0,0,0,0,0,0,0,0,0,0,1,0,0,0,1,0,0,0,0,1,3,0,1,0,0,0,2,5,0,0,2,0,0,0,0.0833333333333333,0.0833333333333333,0.166666666666667,0,0.0833333333333333,0.0833333333333333,0,0,0.166666666666667,0.166666666666667,0,0,0.166666666666667,0,0,0,0,0,0,NA,0,0,NA,NA,0.166666666666667,0,NA,NA,0.166666666666667,NA,NA,NA,0,0.333333333333333,0.5,NA,0.333333333333333,0,NA,NA,0.333333333333333,0.833333333333333,NA,NA,0.333333333333333,NA,NA,NA,0,1,3,0,1,0,0,0,2,5,0,0,2,0,0,0,3,2,3,0,2,3,0,0,3,1,0,0,3,0,0,0,0,0,0,0,0,0,0,0,0,0,0,0,0,0,0,0,0,0,0,0,0,0,0,0,1,0,0,0,1,0,0,0,0,0.333333333333333,0.5,NA,0.333333333333333,0,NA,NA,0.333333333333333,0.833333333333333,NA,NA,0.333333333333333,NA,NA,NA,1,0.666666666666667,0.5,NA,0.666666666666667,1,NA,NA,0.5,0.166666666666667,NA,NA,0.5,NA,NA,NA,0,0,0,NA,0,0,NA,NA,0,0,NA,NA,0,NA,NA,NA,0,0,0,NA,0,0,NA,NA,0.166666666666667,0,NA,NA,0.166666666666667,NA,NA,NA
"181",6,6,6,0,0,3,0,0,3,6,0,0,6,0,0,0,1,0,2,0,0,0,0,0,0,1,0,0,1,0,0,0,1,0,3,0,0,0,0,0,1,4,0,0,4,0,0,0,0.166666666666667,0.166666666666667,0.166666666666667,0,0,0.0833333333333333,0,0,0.0833333333333333,0.166666666666667,0,0,0.166666666666667,0,0,0,0.166666666666667,0,0.333333333333333,NA,NA,0,NA,NA,0,0.166666666666667,NA,NA,0.166666666666667,NA,NA,NA,0.166666666666667,0,0.5,NA,NA,0,NA,NA,0.333333333333333,0.666666666666667,NA,NA,0.666666666666667,NA,NA,NA,0,0,3,0,0,0,0,0,1,4,0,0,3,0,0,0,5,6,1,0,0,3,0,0,2,1,0,0,2,0,0,0,1,0,0,0,0,0,0,0,0,0,0,0,1,0,0,0,0,0,2,0,0,0,0,0,0,1,0,0,0,0,0,0,0,0,0.5,NA,NA,0,NA,NA,0.333333333333333,0.666666666666667,NA,NA,0.5,NA,NA,NA,0.833333333333333,1,0.166666666666667,NA,NA,1,NA,NA,0.666666666666667,0.166666666666667,NA,NA,0.333333333333333,NA,NA,NA,0.166666666666667,0,0,NA,NA,0,NA,NA,0,0,NA,NA,0.166666666666667,NA,NA,NA,0,0,0.333333333333333,NA,NA,0,NA,NA,0,0.166666666666667,NA,NA,0,NA,NA,NA
"182",3,3,6,6,3,6,6,0,6,3,0,0,6,0,0,0,0,0,0,1,0,2,1,0,1,1,0,0,1,0,0,0,0,0,0,4,0,1,3,0,0,1,0,0,1,0,0,0,0.0625,0.0625,0.125,0.125,0.0625,0.125,0.125,0,0.125,0.0625,0,0,0.125,0,0,0,0,0,0,0.166666666666667,0,0.333333333333333,0.166666666666667,NA,0.166666666666667,0.333333333333333,NA,NA,0.166666666666667,NA,NA,NA,0,0,0,0.666666666666667,0,0.166666666666667,0.5,NA,0,0.333333333333333,NA,NA,0.166666666666667,NA,NA,NA,0,0,0,3,0,1,3,0,0,1,0,0,1,0,0,0,3,3,6,2,3,3,2,0,5,1,0,0,4,0,0,0,0,0,0,1,0,0,0,0,0,0,0,0,0,0,0,0,0,0,0,0,0,2,1,0,1,1,0,0,1,0,0,0,0,0,0,0.5,0,0.166666666666667,0.5,NA,0,0.333333333333333,NA,NA,0.166666666666667,NA,NA,NA,1,1,1,0.333333333333333,1,0.5,0.333333333333333,NA,0.833333333333333,0.333333333333333,NA,NA,0.666666666666667,NA,NA,NA,0,0,0,0.166666666666667,0,0,0,NA,0,0,NA,NA,0,NA,NA,NA,0,0,0,0,0,0.333333333333333,0.166666666666667,NA,0.166666666666667,0.333333333333333,NA,NA,0.166666666666667,NA,NA,NA
"183",3,3,3,6,3,3,6,6,6,6,0,0,3,0,0,0,0,0,0,1,0,0,0,4,1,0,0,0,2,0,0,0,0,1,1,1,0,1,5,4,0,3,0,0,0,0,0,0,0.0625,0.0625,0.0625,0.125,0.0625,0.0625,0.125,0.125,0.125,0.125,0,0,0.0625,0,0,0,0,0,0,0.166666666666667,0,0,0,0.666666666666667,0.166666666666667,0,NA,NA,0.666666666666667,NA,NA,NA,0,0.333333333333333,0.333333333333333,0.166666666666667,0,0.333333333333333,0.833333333333333,0.666666666666667,0,0.5,NA,NA,0,NA,NA,NA,0,1,1,1,0,1,5,1,0,3,0,0,0,0,0,0,3,2,2,4,3,2,1,1,5,3,0,0,1,0,0,0,0,0,0,0,0,0,0,3,0,0,0,0,0,0,0,0,0,0,0,1,0,0,0,1,1,0,0,0,2,0,0,0,0,0.333333333333333,0.333333333333333,0.166666666666667,0,0.333333333333333,0.833333333333333,0.166666666666667,0,0.5,NA,NA,0,NA,NA,NA,1,0.666666666666667,0.666666666666667,0.666666666666667,1,0.666666666666667,0.166666666666667,0.166666666666667,0.833333333333333,0.5,NA,NA,0.333333333333333,NA,NA,NA,0,0,0,0,0,0,0,0.5,0,0,NA,NA,0,NA,NA,NA,0,0,0,0.166666666666667,0,0,0,0.166666666666667,0.166666666666667,0,NA,NA,0.666666666666667,NA,NA,NA
"184",6,6,3,6,3,6,6,6,3,0,3,0,0,0,0,0,0,1,0,1,0,1,0,2,1,0,2,0,0,0,0,0,1,1,0,1,1,4,3,5,0,0,1,0,0,0,0,0,0.125,0.125,0.0625,0.125,0.0625,0.125,0.125,0.125,0.0625,0,0.0625,0,0,0,0,0,0,0.166666666666667,0,0.166666666666667,0,0.166666666666667,0,0.333333333333333,0.333333333333333,NA,0.666666666666667,NA,NA,NA,NA,NA,0.166666666666667,0.166666666666667,0,0.166666666666667,0.333333333333333,0.666666666666667,0.5,0.833333333333333,0,NA,0.333333333333333,NA,NA,NA,NA,NA,1,1,0,1,1,3,3,4,0,0,0,0,0,0,0,0,5,4,3,4,2,2,3,0,2,0,1,0,0,0,0,0,0,0,0,0,0,1,0,1,0,0,1,0,0,0,0,0,0,1,0,1,0,0,0,1,1,0,1,0,0,0,0,0,0.166666666666667,0.166666666666667,0,0.166666666666667,0.333333333333333,0.5,0.5,0.666666666666667,0,NA,0,NA,NA,NA,NA,NA,0.833333333333333,0.666666666666667,1,0.666666666666667,0.666666666666667,0.333333333333333,0.5,0,0.666666666666667,NA,0.333333333333333,NA,NA,NA,NA,NA,0,0,0,0,0,0.166666666666667,0,0.166666666666667,0,NA,0.333333333333333,NA,NA,NA,NA,NA,0,0.166666666666667,0,0.166666666666667,0,0,0,0.166666666666667,0.333333333333333,NA,0.333333333333333,NA,NA,NA,NA,NA
"185",3,6,0,0,6,0,0,0,3,0,0,0,6,0,0,0,0,0,0,0,1,0,0,0,0,0,0,0,1,0,0,0,0,4,0,0,1,0,0,0,0,0,0,0,2,0,0,0,0.125,0.25,0,0,0.25,0,0,0,0.125,0,0,0,0.25,0,0,0,0,0,NA,NA,0.166666666666667,NA,NA,NA,0,NA,NA,NA,0.166666666666667,NA,NA,NA,0,0.666666666666667,NA,NA,0.166666666666667,NA,NA,NA,0,NA,NA,NA,0.333333333333333,NA,NA,NA,0,4,0,0,1,0,0,0,0,0,0,0,2,0,0,0,3,2,0,0,4,0,0,0,3,0,0,0,3,0,0,0,0,0,0,0,0,0,0,0,0,0,0,0,0,0,0,0,0,0,0,0,1,0,0,0,0,0,0,0,1,0,0,0,0,0.666666666666667,NA,NA,0.166666666666667,NA,NA,NA,0,NA,NA,NA,0.333333333333333,NA,NA,NA,1,0.333333333333333,NA,NA,0.666666666666667,NA,NA,NA,1,NA,NA,NA,0.5,NA,NA,NA,0,0,NA,NA,0,NA,NA,NA,0,NA,NA,NA,0,NA,NA,NA,0,0,NA,NA,0.166666666666667,NA,NA,NA,0,NA,NA,NA,0.166666666666667,NA,NA,NA
"186",3,6,0,0,6,0,0,0,6,0,0,0,3,0,0,0,0,0,0,0,1,0,0,0,1,0,0,0,1,0,0,0,0,3,0,0,1,0,0,0,1,0,0,0,0,0,0,0,0.125,0.25,0,0,0.25,0,0,0,0.25,0,0,0,0.125,0,0,0,0,0,NA,NA,0.166666666666667,NA,NA,NA,0.166666666666667,NA,NA,NA,0.333333333333333,NA,NA,NA,0,0.5,NA,NA,0.166666666666667,NA,NA,NA,0.166666666666667,NA,NA,NA,0,NA,NA,NA,0,3,0,0,1,0,0,0,1,0,0,0,0,0,0,0,3,3,0,0,4,0,0,0,4,0,0,0,2,0,0,0,0,0,0,0,0,0,0,0,0,0,0,0,0,0,0,0,0,0,0,0,1,0,0,0,1,0,0,0,1,0,0,0,0,0.5,NA,NA,0.166666666666667,NA,NA,NA,0.166666666666667,NA,NA,NA,0,NA,NA,NA,1,0.5,NA,NA,0.666666666666667,NA,NA,NA,0.666666666666667,NA,NA,NA,0.666666666666667,NA,NA,NA,0,0,NA,NA,0,NA,NA,NA,0,NA,NA,NA,0,NA,NA,NA,0,0,NA,NA,0.166666666666667,NA,NA,NA,0.166666666666667,NA,NA,NA,0.333333333333333,NA,NA,NA
"187",3,6,0,0,6,0,0,0,6,0,0,0,0,0,0,0,0,0,0,0,0,0,0,0,2,0,0,0,0,0,0,0,0,4,0,0,1,0,0,0,3,0,0,0,0,0,0,0,0.142857142857143,0.285714285714286,0,0,0.285714285714286,0,0,0,0.285714285714286,0,0,0,0,0,0,0,0,0,NA,NA,0,NA,NA,NA,0.333333333333333,NA,NA,NA,NA,NA,NA,NA,0,0.666666666666667,NA,NA,0.166666666666667,NA,NA,NA,0.5,NA,NA,NA,NA,NA,NA,NA,0,4,0,0,1,0,0,0,3,0,0,0,0,0,0,0,3,2,0,0,5,0,0,0,1,0,0,0,0,0,0,0,0,0,0,0,0,0,0,0,0,0,0,0,0,0,0,0,0,0,0,0,0,0,0,0,2,0,0,0,0,0,0,0,0,0.666666666666667,NA,NA,0.166666666666667,NA,NA,NA,0.5,NA,NA,NA,NA,NA,NA,NA,1,0.333333333333333,NA,NA,0.833333333333333,NA,NA,NA,0.166666666666667,NA,NA,NA,NA,NA,NA,NA,0,0,NA,NA,0,NA,NA,NA,0,NA,NA,NA,NA,NA,NA,NA,0,0,NA,NA,0,NA,NA,NA,0.333333333333333,NA,NA,NA,NA,NA,NA,NA
"188",3,6,6,0,0,3,0,0,3,6,0,0,6,0,0,0,0,0,1,0,0,0,0,0,0,0,0,0,1,0,0,0,0,1,3,0,0,1,0,0,0,4,0,0,0,0,0,0,0.0909090909090909,0.181818181818182,0.181818181818182,0,0,0.0909090909090909,0,0,0.0909090909090909,0.181818181818182,0,0,0.181818181818182,0,0,0,0,0,0.166666666666667,NA,NA,0,NA,NA,0,0,NA,NA,0.166666666666667,NA,NA,NA,0,0.166666666666667,0.5,NA,NA,0.333333333333333,NA,NA,0,0.666666666666667,NA,NA,0,NA,NA,NA,0,1,3,0,0,1,0,0,0,4,0,0,0,0,0,0,3,5,2,0,0,2,0,0,3,2,0,0,5,0,0,0,0,0,0,0,0,0,0,0,0,0,0,0,0,0,0,0,0,0,1,0,0,0,0,0,0,0,0,0,1,0,0,0,0,0.166666666666667,0.5,NA,NA,0.333333333333333,NA,NA,0,0.666666666666667,NA,NA,0,NA,NA,NA,1,0.833333333333333,0.333333333333333,NA,NA,0.666666666666667,NA,NA,1,0.333333333333333,NA,NA,0.833333333333333,NA,NA,NA,0,0,0,NA,NA,0,NA,NA,0,0,NA,NA,0,NA,NA,NA,0,0,0.166666666666667,NA,NA,0,NA,NA,0,0,NA,NA,0.166666666666667,NA,NA,NA
"189",3,3,6,6,6,6,6,6,3,0,3,0,0,0,0,0,0,0,0,1,1,1,1,0,1,0,1,0,0,0,0,0,0,0,2,2,2,3,2,6,0,0,1,0,0,0,0,0,0.0625,0.0625,0.125,0.125,0.125,0.125,0.125,0.125,0.0625,0,0.0625,0,0,0,0,0,0,0,0,0.166666666666667,0.166666666666667,0.166666666666667,0.166666666666667,0,0.333333333333333,NA,0.333333333333333,NA,NA,NA,NA,NA,0,0,0.333333333333333,0.333333333333333,0.333333333333333,0.5,0.333333333333333,1,0,NA,0.333333333333333,NA,NA,NA,NA,NA,0,0,2,2,2,3,2,6,0,0,0,0,0,0,0,0,3,3,4,3,3,2,3,0,2,0,2,0,0,0,0,0,0,0,0,0,0,0,0,0,0,0,1,0,0,0,0,0,0,0,0,1,1,1,1,0,1,0,0,0,0,0,0,0,0,0,0.333333333333333,0.333333333333333,0.333333333333333,0.5,0.333333333333333,1,0,NA,0,NA,NA,NA,NA,NA,1,1,0.666666666666667,0.5,0.5,0.333333333333333,0.5,0,0.666666666666667,NA,0.666666666666667,NA,NA,NA,NA,NA,0,0,0,0,0,0,0,0,0,NA,0.333333333333333,NA,NA,NA,NA,NA,0,0,0,0.166666666666667,0.166666666666667,0.166666666666667,0.166666666666667,0,0.333333333333333,NA,0,NA,NA,NA,NA,NA
"190",3,3,6,6,0,6,6,0,3,6,0,0,6,3,0,0,0,0,0,1,0,0,2,0,0,1,0,0,0,2,0,0,0,1,1,3,0,1,4,0,0,2,0,0,3,2,0,0,0.0625,0.0625,0.125,0.125,0,0.125,0.125,0,0.0625,0.125,0,0,0.125,0.0625,0,0,0,0,0,0.166666666666667,NA,0,0.333333333333333,NA,0,0.166666666666667,NA,NA,0,0.666666666666667,NA,NA,0,0.333333333333333,0.166666666666667,0.5,NA,0.166666666666667,0.666666666666667,NA,0,0.333333333333333,NA,NA,0.5,0.666666666666667,NA,NA,0,1,1,3,0,1,3,0,0,1,0,0,3,0,0,0,3,2,5,2,0,5,1,0,3,4,0,0,3,1,0,0,0,0,0,0,0,0,1,0,0,1,0,0,0,2,0,0,0,0,0,1,0,0,1,0,0,0,0,0,0,0,0,0,0,0.333333333333333,0.166666666666667,0.5,NA,0.166666666666667,0.5,NA,0,0.166666666666667,NA,NA,0.5,0,NA,NA,1,0.666666666666667,0.833333333333333,0.333333333333333,NA,0.833333333333333,0.166666666666667,NA,1,0.666666666666667,NA,NA,0.5,0.333333333333333,NA,NA,0,0,0,0,NA,0,0.166666666666667,NA,0,0.166666666666667,NA,NA,0,0.666666666666667,NA,NA,0,0,0,0.166666666666667,NA,0,0.166666666666667,NA,0,0,NA,NA,0,0,NA,NA
"191",3,3,3,6,3,6,6,6,3,6,0,0,3,0,0,0,0,0,0,0,0,1,1,4,0,2,0,0,1,0,0,0,1,0,0,1,0,1,5,4,0,4,0,0,2,0,0,0,0.0625,0.0625,0.0625,0.125,0.0625,0.125,0.125,0.125,0.0625,0.125,0,0,0.0625,0,0,0,0,0,0,0,0,0.166666666666667,0.166666666666667,0.666666666666667,0,0.333333333333333,NA,NA,0.333333333333333,NA,NA,NA,0.333333333333333,0,0,0.166666666666667,0,0.166666666666667,0.833333333333333,0.666666666666667,0,0.666666666666667,NA,NA,0.666666666666667,NA,NA,NA,1,0,0,1,0,1,4,1,0,3,0,0,1,0,0,0,2,3,3,5,3,4,1,1,3,1,0,0,1,0,0,0,0,0,0,0,0,0,1,3,0,1,0,0,1,0,0,0,0,0,0,0,0,1,0,1,0,1,0,0,0,0,0,0,0.333333333333333,0,0,0.166666666666667,0,0.166666666666667,0.666666666666667,0.166666666666667,0,0.5,NA,NA,0.333333333333333,NA,NA,NA,0.666666666666667,1,1,0.833333333333333,1,0.666666666666667,0.166666666666667,0.166666666666667,1,0.166666666666667,NA,NA,0.333333333333333,NA,NA,NA,0,0,0,0,0,0,0.166666666666667,0.5,0,0.166666666666667,NA,NA,0.333333333333333,NA,NA,NA,0,0,0,0,0,0.166666666666667,0,0.166666666666667,0,0.166666666666667,NA,NA,0,NA,NA,NA
"192",3,3,6,0,3,6,0,0,6,0,0,0,6,0,0,0,0,0,0,0,0,1,0,0,0,0,0,0,1,0,0,0,0,0,3,0,0,3,0,0,1,0,0,0,2,0,0,0,0.0909090909090909,0.0909090909090909,0.181818181818182,0,0.0909090909090909,0.181818181818182,0,0,0.181818181818182,0,0,0,0.181818181818182,0,0,0,0,0,0,NA,0,0.166666666666667,NA,NA,0,NA,NA,NA,0.166666666666667,NA,NA,NA,0,0,0.5,NA,0,0.5,NA,NA,0.166666666666667,NA,NA,NA,0.333333333333333,NA,NA,NA,0,0,3,0,0,3,0,0,1,0,0,0,1,0,0,0,3,3,3,0,3,2,0,0,5,0,0,0,4,0,0,0,0,0,0,0,0,0,0,0,0,0,0,0,1,0,0,0,0,0,0,0,0,1,0,0,0,0,0,0,0,0,0,0,0,0,0.5,NA,0,0.5,NA,NA,0.166666666666667,NA,NA,NA,0.166666666666667,NA,NA,NA,1,1,0.5,NA,1,0.333333333333333,NA,NA,0.833333333333333,NA,NA,NA,0.666666666666667,NA,NA,NA,0,0,0,NA,0,0,NA,NA,0,NA,NA,NA,0.166666666666667,NA,NA,NA,0,0,0,NA,0,0.166666666666667,NA,NA,0,NA,NA,NA,0,NA,NA,NA
"193",3,3,3,6,3,6,6,0,3,3,3,0,6,0,0,0,0,0,0,0,0,1,0,0,0,1,2,0,0,0,0,0,1,0,1,3,1,2,3,0,1,0,2,0,2,0,0,0,0.0666666666666667,0.0666666666666667,0.0666666666666667,0.133333333333333,0.0666666666666667,0.133333333333333,0.133333333333333,0,0.0666666666666667,0.0666666666666667,0.0666666666666667,0,0.133333333333333,0,0,0,0,0,0,0,0,0.166666666666667,0,NA,0,0.333333333333333,0.666666666666667,NA,0,NA,NA,NA,0.333333333333333,0,0.333333333333333,0.5,0.333333333333333,0.333333333333333,0.5,NA,0.333333333333333,0,0.666666666666667,NA,0.333333333333333,NA,NA,NA,1,0,1,3,1,1,3,0,1,0,0,0,2,0,0,0,2,3,2,3,2,4,3,0,2,2,1,0,4,0,0,0,0,0,0,0,0,1,0,0,0,0,2,0,0,0,0,0,0,0,0,0,0,0,0,0,0,1,0,0,0,0,0,0,0.333333333333333,0,0.333333333333333,0.5,0.333333333333333,0.166666666666667,0.5,NA,0.333333333333333,0,0,NA,0.333333333333333,NA,NA,NA,0.666666666666667,1,0.666666666666667,0.5,0.666666666666667,0.666666666666667,0.5,NA,0.666666666666667,0.666666666666667,0.333333333333333,NA,0.666666666666667,NA,NA,NA,0,0,0,0,0,0.166666666666667,0,NA,0,0,0.666666666666667,NA,0,NA,NA,NA,0,0,0,0,0,0,0,NA,0,0.333333333333333,0,NA,0,NA,NA,NA
"194",3,3,6,6,0,3,0,0,3,6,0,0,6,0,0,0,0,0,0,2,0,0,0,0,0,1,0,0,0,0,0,0,0,1,2,3,0,0,0,0,0,3,0,0,3,0,0,0,0.0833333333333333,0.0833333333333333,0.166666666666667,0.166666666666667,0,0.0833333333333333,0,0,0.0833333333333333,0.166666666666667,0,0,0.166666666666667,0,0,0,0,0,0,0.333333333333333,NA,0,NA,NA,0,0.166666666666667,NA,NA,0,NA,NA,NA,0,0.333333333333333,0.333333333333333,0.5,NA,0,NA,NA,0,0.5,NA,NA,0.5,NA,NA,NA,0,1,2,3,0,0,0,0,0,2,0,0,3,0,0,0,3,2,4,1,0,3,0,0,3,3,0,0,3,0,0,0,0,0,0,0,0,0,0,0,0,1,0,0,0,0,0,0,0,0,0,2,0,0,0,0,0,0,0,0,0,0,0,0,0,0.333333333333333,0.333333333333333,0.5,NA,0,NA,NA,0,0.333333333333333,NA,NA,0.5,NA,NA,NA,1,0.666666666666667,0.666666666666667,0.166666666666667,NA,1,NA,NA,1,0.5,NA,NA,0.5,NA,NA,NA,0,0,0,0,NA,0,NA,NA,0,0.166666666666667,NA,NA,0,NA,NA,NA,0,0,0,0.333333333333333,NA,0,NA,NA,0,0,NA,NA,0,NA,NA,NA
"195",3,3,3,6,6,6,6,0,6,6,0,0,0,0,0,0,0,0,0,0,1,1,1,0,2,0,0,0,0,0,0,0,0,0,1,3,1,2,5,0,2,3,0,0,0,0,0,0,0.0666666666666667,0.0666666666666667,0.0666666666666667,0.133333333333333,0.133333333333333,0.133333333333333,0.133333333333333,0,0.133333333333333,0.133333333333333,0,0,0,0,0,0,0,0,0,0,0.166666666666667,0.166666666666667,0.166666666666667,NA,0.333333333333333,0,NA,NA,NA,NA,NA,NA,0,0,0.333333333333333,0.5,0.166666666666667,0.333333333333333,0.833333333333333,NA,0.333333333333333,0.5,NA,NA,NA,NA,NA,NA,0,0,1,3,0,2,4,0,1,3,0,0,0,0,0,0,3,3,2,3,5,3,1,0,3,3,0,0,0,0,0,0,0,0,0,0,1,0,1,0,1,0,0,0,0,0,0,0,0,0,0,0,0,1,0,0,1,0,0,0,0,0,0,0,0,0,0.333333333333333,0.5,0,0.333333333333333,0.666666666666667,NA,0.166666666666667,0.5,NA,NA,NA,NA,NA,NA,1,1,0.666666666666667,0.5,0.833333333333333,0.5,0.166666666666667,NA,0.5,0.5,NA,NA,NA,NA,NA,NA,0,0,0,0,0.166666666666667,0,0.166666666666667,NA,0.166666666666667,0,NA,NA,NA,NA,NA,NA,0,0,0,0,0,0.166666666666667,0,NA,0.166666666666667,0,NA,NA,NA,NA,NA,NA
"196",3,3,3,6,3,6,6,6,6,0,3,0,3,0,0,0,0,0,0,0,0,2,1,2,1,0,1,0,1,0,0,0,0,0,0,2,0,1,1,4,2,0,3,0,0,0,0,0,0.0625,0.0625,0.0625,0.125,0.0625,0.125,0.125,0.125,0.125,0,0.0625,0,0.0625,0,0,0,0,0,0,0,0,0.333333333333333,0.166666666666667,0.333333333333333,0.166666666666667,NA,0.333333333333333,NA,0.333333333333333,NA,NA,NA,0,0,0,0.333333333333333,0,0.166666666666667,0.166666666666667,0.666666666666667,0.333333333333333,NA,1,NA,0,NA,NA,NA,0,0,0,2,0,0,1,3,2,0,2,0,0,0,0,0,3,3,3,4,3,4,4,1,3,0,0,0,2,0,0,0,0,0,0,0,0,1,0,1,0,0,1,0,0,0,0,0,0,0,0,0,0,1,1,1,1,0,0,0,1,0,0,0,0,0,0,0.333333333333333,0,0,0.166666666666667,0.5,0.333333333333333,NA,0.666666666666667,NA,0,NA,NA,NA,1,1,1,0.666666666666667,1,0.666666666666667,0.666666666666667,0.166666666666667,0.5,NA,0,NA,0.666666666666667,NA,NA,NA,0,0,0,0,0,0.166666666666667,0,0.166666666666667,0,NA,0.333333333333333,NA,0,NA,NA,NA,0,0,0,0,0,0.166666666666667,0.166666666666667,0.166666666666667,0.166666666666667,NA,0,NA,0.333333333333333,NA,NA,NA
"197",3,6,0,0,6,0,0,0,0,0,0,0,0,0,0,0,0,0,0,0,0,0,0,0,0,0,0,0,0,0,0,0,1,3,0,0,3,0,0,0,0,0,0,0,0,0,0,0,0.2,0.4,0,0,0.4,0,0,0,0,0,0,0,0,0,0,0,0,0,NA,NA,0,NA,NA,NA,NA,NA,NA,NA,NA,NA,NA,NA,0.333333333333333,0.5,NA,NA,0.5,NA,NA,NA,NA,NA,NA,NA,NA,NA,NA,NA,1,3,0,0,3,0,0,0,0,0,0,0,0,0,0,0,2,3,0,0,3,0,0,0,0,0,0,0,0,0,0,0,0,0,0,0,0,0,0,0,0,0,0,0,0,0,0,0,0,0,0,0,0,0,0,0,0,0,0,0,0,0,0,0,0.333333333333333,0.5,NA,NA,0.5,NA,NA,NA,NA,NA,NA,NA,NA,NA,NA,NA,0.666666666666667,0.5,NA,NA,0.5,NA,NA,NA,NA,NA,NA,NA,NA,NA,NA,NA,0,0,NA,NA,0,NA,NA,NA,NA,NA,NA,NA,NA,NA,NA,NA,0,0,NA,NA,0,NA,NA,NA,NA,NA,NA,NA,NA,NA,NA,NA
"198",3,3,6,6,0,3,6,6,0,6,0,3,0,6,0,0,0,0,0,0,0,0,0,3,0,0,0,2,0,2,0,0,1,0,2,2,0,0,4,3,0,2,0,2,0,3,0,0,0.0625,0.0625,0.125,0.125,0,0.0625,0.125,0.125,0,0.125,0,0.0625,0,0.125,0,0,0,0,0,0,NA,0,0,0.5,NA,0,NA,0.666666666666667,NA,0.333333333333333,NA,NA,0.333333333333333,0,0.333333333333333,0.333333333333333,NA,0,0.666666666666667,0.5,NA,0.333333333333333,NA,0.666666666666667,NA,0.5,NA,NA,1,0,2,2,0,0,4,1,0,2,0,1,0,1,0,0,2,3,4,4,0,3,2,2,0,4,0,0,0,3,0,0,0,0,0,0,0,0,0,2,0,0,0,1,0,2,0,0,0,0,0,0,0,0,0,1,0,0,0,1,0,0,0,0,0.333333333333333,0,0.333333333333333,0.333333333333333,NA,0,0.666666666666667,0.166666666666667,NA,0.333333333333333,NA,0.333333333333333,NA,0.166666666666667,NA,NA,0.666666666666667,1,0.666666666666667,0.666666666666667,NA,1,0.333333333333333,0.333333333333333,NA,0.666666666666667,NA,0,NA,0.5,NA,NA,0,0,0,0,NA,0,0,0.333333333333333,NA,0,NA,0.333333333333333,NA,0.333333333333333,NA,NA,0,0,0,0,NA,0,0,0.166666666666667,NA,0,NA,0.333333333333333,NA,0,NA,NA
"199",3,6,6,0,0,3,0,0,0,3,0,0,6,6,0,0,0,0,1,0,0,0,0,0,0,0,0,0,0,1,0,0,0,0,3,0,0,0,0,0,0,0,0,0,2,5,0,0,0.0909090909090909,0.181818181818182,0.181818181818182,0,0,0.0909090909090909,0,0,0,0.0909090909090909,0,0,0.181818181818182,0.181818181818182,0,0,0,0,0.166666666666667,NA,NA,0,NA,NA,NA,0,NA,NA,0,0.166666666666667,NA,NA,0,0,0.5,NA,NA,0,NA,NA,NA,0,NA,NA,0.333333333333333,0.833333333333333,NA,NA,0,0,2,0,0,0,0,0,0,0,0,0,2,4,0,0,3,6,3,0,0,3,0,0,0,3,0,0,4,1,0,0,0,0,1,0,0,0,0,0,0,0,0,0,0,1,0,0,0,0,0,0,0,0,0,0,0,0,0,0,0,0,0,0,0,0,0.333333333333333,NA,NA,0,NA,NA,NA,0,NA,NA,0.333333333333333,0.666666666666667,NA,NA,1,1,0.5,NA,NA,1,NA,NA,NA,1,NA,NA,0.666666666666667,0.166666666666667,NA,NA,0,0,0.166666666666667,NA,NA,0,NA,NA,NA,0,NA,NA,0,0.166666666666667,NA,NA,0,0,0,NA,NA,0,NA,NA,NA,0,NA,NA,0,0,NA,NA
"200",3,3,3,6,6,6,6,3,6,0,0,0,0,0,0,0,0,0,0,0,0,3,0,2,2,0,0,0,0,0,0,0,0,1,1,3,1,1,4,2,2,0,0,0,0,0,0,0,0.0714285714285714,0.0714285714285714,0.0714285714285714,0.142857142857143,0.142857142857143,0.142857142857143,0.142857142857143,0.0714285714285714,0.142857142857143,0,0,0,0,0,0,0,0,0,0,0,0,0.5,0,0.666666666666667,0.333333333333333,NA,NA,NA,NA,NA,NA,NA,0,0.333333333333333,0.333333333333333,0.5,0.166666666666667,0.166666666666667,0.666666666666667,0.666666666666667,0.333333333333333,NA,NA,NA,NA,NA,NA,NA,0,1,1,3,1,1,4,1,0,0,0,0,0,0,0,0,3,2,2,3,5,2,2,0,4,0,0,0,0,0,0,0,0,0,0,0,0,0,0,1,2,0,0,0,0,0,0,0,0,0,0,0,0,3,0,1,0,0,0,0,0,0,0,0,0,0.333333333333333,0.333333333333333,0.5,0.166666666666667,0.166666666666667,0.666666666666667,0.333333333333333,0,NA,NA,NA,NA,NA,NA,NA,1,0.666666666666667,0.666666666666667,0.5,0.833333333333333,0.333333333333333,0.333333333333333,0,0.666666666666667,NA,NA,NA,NA,NA,NA,NA,0,0,0,0,0,0,0,0.333333333333333,0.333333333333333,NA,NA,NA,NA,NA,NA,NA,0,0,0,0,0,0.5,0,0.333333333333333,0,NA,NA,NA,NA,NA,NA,NA
"201",3,6,3,6,3,3,6,0,6,6,0,0,3,0,0,0,0,0,0,0,0,0,1,0,1,1,0,0,1,0,0,0,0,2,0,3,0,1,3,0,0,3,0,0,0,0,0,0,0.0666666666666667,0.133333333333333,0.0666666666666667,0.133333333333333,0.0666666666666667,0.0666666666666667,0.133333333333333,0,0.133333333333333,0.133333333333333,0,0,0.0666666666666667,0,0,0,0,0,0,0,0,0,0.166666666666667,NA,0.166666666666667,0.166666666666667,NA,NA,0.333333333333333,NA,NA,NA,0,0.333333333333333,0,0.5,0,0.333333333333333,0.5,NA,0,0.5,NA,NA,0,NA,NA,NA,0,2,0,3,0,1,3,0,0,3,0,0,0,0,0,0,3,4,3,3,3,2,2,0,5,2,0,0,2,0,0,0,0,0,0,0,0,0,0,0,0,0,0,0,0,0,0,0,0,0,0,0,0,0,1,0,1,1,0,0,1,0,0,0,0,0.333333333333333,0,0.5,0,0.333333333333333,0.5,NA,0,0.5,NA,NA,0,NA,NA,NA,1,0.666666666666667,1,0.5,1,0.666666666666667,0.333333333333333,NA,0.833333333333333,0.333333333333333,NA,NA,0.666666666666667,NA,NA,NA,0,0,0,0,0,0,0,NA,0,0,NA,NA,0,NA,NA,NA,0,0,0,0,0,0,0.166666666666667,NA,0.166666666666667,0.166666666666667,NA,NA,0.333333333333333,NA,NA,NA
"202",3,3,3,6,3,6,6,0,6,3,0,0,6,0,0,0,0,0,0,0,0,1,1,0,0,1,0,0,2,0,0,0,0,0,1,5,0,1,4,0,2,2,0,0,2,0,0,0,0.0666666666666667,0.0666666666666667,0.0666666666666667,0.133333333333333,0.0666666666666667,0.133333333333333,0.133333333333333,0,0.133333333333333,0.0666666666666667,0,0,0.133333333333333,0,0,0,0,0,0,0,0,0.166666666666667,0.166666666666667,NA,0,0.333333333333333,NA,NA,0.333333333333333,NA,NA,NA,0,0,0.333333333333333,0.833333333333333,0,0.166666666666667,0.666666666666667,NA,0.333333333333333,0.666666666666667,NA,NA,0.333333333333333,NA,NA,NA,0,0,1,5,0,1,4,0,2,2,0,0,2,0,0,0,3,3,2,1,3,4,1,0,4,0,0,0,2,0,0,0,0,0,0,0,0,0,0,0,0,0,0,0,0,0,0,0,0,0,0,0,0,1,1,0,0,1,0,0,2,0,0,0,0,0,0.333333333333333,0.833333333333333,0,0.166666666666667,0.666666666666667,NA,0.333333333333333,0.666666666666667,NA,NA,0.333333333333333,NA,NA,NA,1,1,0.666666666666667,0.166666666666667,1,0.666666666666667,0.166666666666667,NA,0.666666666666667,0,NA,NA,0.333333333333333,NA,NA,NA,0,0,0,0,0,0,0,NA,0,0,NA,NA,0,NA,NA,NA,0,0,0,0,0,0.166666666666667,0.166666666666667,NA,0,0.333333333333333,NA,NA,0.333333333333333,NA,NA,NA
"203",6,6,3,6,3,6,6,6,3,0,0,0,3,0,0,0,0,1,0,0,0,0,0,1,0,0,0,0,1,0,0,0,1,1,0,1,1,4,4,3,0,0,0,0,0,0,0,0,0.125,0.125,0.0625,0.125,0.0625,0.125,0.125,0.125,0.0625,0,0,0,0.0625,0,0,0,0,0.166666666666667,0,0,0,0,0,0.166666666666667,0,NA,NA,NA,0.333333333333333,NA,NA,NA,0.166666666666667,0.166666666666667,0,0.166666666666667,0.333333333333333,0.666666666666667,0.666666666666667,0.5,0,NA,NA,NA,0,NA,NA,NA,1,0,0,1,1,4,4,3,0,0,0,0,0,0,0,0,5,5,3,5,2,2,2,2,3,0,0,0,2,0,0,0,0,1,0,0,0,0,0,0,0,0,0,0,0,0,0,0,0,0,0,0,0,0,0,1,0,0,0,0,1,0,0,0,0.166666666666667,0,0,0.166666666666667,0.333333333333333,0.666666666666667,0.666666666666667,0.5,0,NA,NA,NA,0,NA,NA,NA,0.833333333333333,0.833333333333333,1,0.833333333333333,0.666666666666667,0.333333333333333,0.333333333333333,0.333333333333333,1,NA,NA,NA,0.666666666666667,NA,NA,NA,0,0.166666666666667,0,0,0,0,0,0,0,NA,NA,NA,0,NA,NA,NA,0,0,0,0,0,0,0,0.166666666666667,0,NA,NA,NA,0.333333333333333,NA,NA,NA
"204",6,6,3,0,3,0,0,0,6,0,0,0,6,0,0,0,0,1,1,0,0,0,0,0,0,0,0,0,2,0,0,0,0,0,1,0,1,0,0,0,1,0,0,0,2,0,0,0,0.2,0.2,0.1,0,0.1,0,0,0,0.2,0,0,0,0.2,0,0,0,0,0.166666666666667,0.333333333333333,NA,0,NA,NA,NA,0,NA,NA,NA,0.333333333333333,NA,NA,NA,0,0,0.333333333333333,NA,0.333333333333333,NA,NA,NA,0.166666666666667,NA,NA,NA,0.333333333333333,NA,NA,NA,0,0,0,0,1,0,0,0,1,0,0,0,1,0,0,0,6,5,2,0,2,0,0,0,5,0,0,0,3,0,0,0,0,0,1,0,0,0,0,0,0,0,0,0,1,0,0,0,0,1,0,0,0,0,0,0,0,0,0,0,1,0,0,0,0,0,0,NA,0.333333333333333,NA,NA,NA,0.166666666666667,NA,NA,NA,0.166666666666667,NA,NA,NA,1,0.833333333333333,0.666666666666667,NA,0.666666666666667,NA,NA,NA,0.833333333333333,NA,NA,NA,0.5,NA,NA,NA,0,0,0.333333333333333,NA,0,NA,NA,NA,0,NA,NA,NA,0.166666666666667,NA,NA,NA,0,0.166666666666667,0,NA,0,NA,NA,NA,0,NA,NA,NA,0.166666666666667,NA,NA,NA
"205",6,6,6,0,3,6,0,0,6,6,0,0,3,0,0,0,0,1,0,0,0,0,0,0,0,3,0,0,2,0,0,0,1,1,3,0,0,1,0,0,4,1,0,0,2,0,0,0,0.142857142857143,0.142857142857143,0.142857142857143,0,0.0714285714285714,0.142857142857143,0,0,0.142857142857143,0.142857142857143,0,0,0.0714285714285714,0,0,0,0,0.166666666666667,0,NA,0,0,NA,NA,0,0.5,NA,NA,0.666666666666667,NA,NA,NA,0.166666666666667,0.166666666666667,0.5,NA,0,0.166666666666667,NA,NA,0.666666666666667,0.166666666666667,NA,NA,0.666666666666667,NA,NA,NA,1,1,3,0,0,1,0,0,4,1,0,0,1,0,0,0,5,4,3,0,3,5,0,0,2,2,0,0,0,0,0,0,0,0,0,0,0,0,0,0,0,0,0,0,1,0,0,0,0,1,0,0,0,0,0,0,0,3,0,0,1,0,0,0,0.166666666666667,0.166666666666667,0.5,NA,0,0.166666666666667,NA,NA,0.666666666666667,0.166666666666667,NA,NA,0.333333333333333,NA,NA,NA,0.833333333333333,0.666666666666667,0.5,NA,1,0.833333333333333,NA,NA,0.333333333333333,0.333333333333333,NA,NA,0,NA,NA,NA,0,0,0,NA,0,0,NA,NA,0,0,NA,NA,0.333333333333333,NA,NA,NA,0,0.166666666666667,0,NA,0,0,NA,NA,0,0.5,NA,NA,0.333333333333333,NA,NA,NA
"206",3,3,3,6,0,3,6,0,6,6,0,0,6,0,0,0,0,0,0,0,0,0,2,0,0,0,0,0,1,0,0,0,1,0,0,3,0,1,5,0,2,4,0,0,2,0,0,0,0.0714285714285714,0.0714285714285714,0.0714285714285714,0.142857142857143,0,0.0714285714285714,0.142857142857143,0,0.142857142857143,0.142857142857143,0,0,0.142857142857143,0,0,0,0,0,0,0,NA,0,0.333333333333333,NA,0,0,NA,NA,0.166666666666667,NA,NA,NA,0.333333333333333,0,0,0.5,NA,0.333333333333333,0.833333333333333,NA,0.333333333333333,0.666666666666667,NA,NA,0.333333333333333,NA,NA,NA,1,0,0,3,0,1,3,0,2,4,0,0,1,0,0,0,2,3,3,3,0,2,1,0,4,2,0,0,4,0,0,0,0,0,0,0,0,0,2,0,0,0,0,0,1,0,0,0,0,0,0,0,0,0,0,0,0,0,0,0,0,0,0,0,0.333333333333333,0,0,0.5,NA,0.333333333333333,0.5,NA,0.333333333333333,0.666666666666667,NA,NA,0.166666666666667,NA,NA,NA,0.666666666666667,1,1,0.5,NA,0.666666666666667,0.166666666666667,NA,0.666666666666667,0.333333333333333,NA,NA,0.666666666666667,NA,NA,NA,0,0,0,0,NA,0,0.333333333333333,NA,0,0,NA,NA,0.166666666666667,NA,NA,NA,0,0,0,0,NA,0,0,NA,0,0,NA,NA,0,NA,NA,NA
"207",3,3,3,6,6,6,6,6,3,3,0,0,3,0,0,0,0,0,0,0,0,1,0,3,0,1,0,0,0,0,0,0,0,0,1,0,2,1,5,2,0,1,0,0,2,0,0,0,0.0625,0.0625,0.0625,0.125,0.125,0.125,0.125,0.125,0.0625,0.0625,0,0,0.0625,0,0,0,0,0,0,0,0,0.166666666666667,0,0.5,0,0.333333333333333,NA,NA,0,NA,NA,NA,0,0,0.333333333333333,0,0.333333333333333,0.166666666666667,0.833333333333333,0.333333333333333,0,0.333333333333333,NA,NA,0.666666666666667,NA,NA,NA,0,0,1,0,2,1,5,0,0,1,0,0,2,0,0,0,3,3,2,6,4,4,1,3,3,1,0,0,1,0,0,0,0,0,0,0,0,0,0,2,0,0,0,0,0,0,0,0,0,0,0,0,0,1,0,1,0,1,0,0,0,0,0,0,0,0,0.333333333333333,0,0.333333333333333,0.166666666666667,0.833333333333333,0,0,0.333333333333333,NA,NA,0.666666666666667,NA,NA,NA,1,1,0.666666666666667,1,0.666666666666667,0.666666666666667,0.166666666666667,0.5,1,0.333333333333333,NA,NA,0.333333333333333,NA,NA,NA,0,0,0,0,0,0,0,0.333333333333333,0,0,NA,NA,0,NA,NA,NA,0,0,0,0,0,0.166666666666667,0,0.166666666666667,0,0.333333333333333,NA,NA,0,NA,NA,NA
"208",3,3,3,3,3,6,6,6,6,0,0,3,3,0,0,0,0,0,0,0,0,3,0,1,0,0,0,2,2,0,0,0,0,0,0,1,0,0,5,3,3,0,0,3,2,0,0,0,0.0666666666666667,0.0666666666666667,0.0666666666666667,0.0666666666666667,0.0666666666666667,0.133333333333333,0.133333333333333,0.133333333333333,0.133333333333333,0,0,0.0666666666666667,0.0666666666666667,0,0,0,0,0,0,0,0,0.5,0,0.166666666666667,0,NA,NA,0.666666666666667,0.666666666666667,NA,NA,NA,0,0,0,0.333333333333333,0,0,0.833333333333333,0.5,0.5,NA,NA,1,0.666666666666667,NA,NA,NA,0,0,0,1,0,0,5,2,3,0,0,1,1,0,0,0,3,3,3,2,3,3,1,3,3,0,0,0,0,0,0,0,0,0,0,0,0,0,0,1,0,0,0,2,1,0,0,0,0,0,0,0,0,3,0,0,0,0,0,0,1,0,0,0,0,0,0,0.333333333333333,0,0,0.833333333333333,0.333333333333333,0.5,NA,NA,0.333333333333333,0.333333333333333,NA,NA,NA,1,1,1,0.666666666666667,1,0.5,0.166666666666667,0.5,0.5,NA,NA,0,0,NA,NA,NA,0,0,0,0,0,0,0,0.166666666666667,0,NA,NA,0.666666666666667,0.333333333333333,NA,NA,NA,0,0,0,0,0,0.5,0,0,0,NA,NA,0,0.333333333333333,NA,NA,NA
"209",3,3,3,6,6,6,6,6,3,0,6,0,0,0,0,0,0,0,0,0,0,0,2,2,1,0,3,0,0,0,0,0,1,0,1,2,1,4,2,2,0,0,4,0,0,0,0,0,0.0625,0.0625,0.0625,0.125,0.125,0.125,0.125,0.125,0.0625,0,0.125,0,0,0,0,0,0,0,0,0,0,0,0.333333333333333,0.333333333333333,0.333333333333333,NA,0.5,NA,NA,NA,NA,NA,0.333333333333333,0,0.333333333333333,0.333333333333333,0.166666666666667,0.666666666666667,0.333333333333333,0.333333333333333,0,NA,0.666666666666667,NA,NA,NA,NA,NA,1,0,1,2,1,4,1,2,0,0,3,0,0,0,0,0,2,3,2,4,5,2,3,2,2,0,0,0,0,0,0,0,0,0,0,0,0,0,1,0,0,0,1,0,0,0,0,0,0,0,0,0,0,0,1,2,1,0,2,0,0,0,0,0,0.333333333333333,0,0.333333333333333,0.333333333333333,0.166666666666667,0.666666666666667,0.166666666666667,0.333333333333333,0,NA,0.5,NA,NA,NA,NA,NA,0.666666666666667,1,0.666666666666667,0.666666666666667,0.833333333333333,0.333333333333333,0.5,0.333333333333333,0.666666666666667,NA,0,NA,NA,NA,NA,NA,0,0,0,0,0,0,0.166666666666667,0,0,NA,0.166666666666667,NA,NA,NA,NA,NA,0,0,0,0,0,0,0.166666666666667,0.333333333333333,0.333333333333333,NA,0.333333333333333,NA,NA,NA,NA,NA
"210",3,6,3,3,0,3,6,6,3,6,0,0,6,0,0,0,0,0,0,0,0,0,0,1,0,1,0,0,0,0,0,0,0,2,1,0,0,0,4,3,0,5,0,0,4,0,0,0,0.0666666666666667,0.133333333333333,0.0666666666666667,0.0666666666666667,0,0.0666666666666667,0.133333333333333,0.133333333333333,0.0666666666666667,0.133333333333333,0,0,0.133333333333333,0,0,0,0,0,0,0,NA,0,0,0.166666666666667,0,0.166666666666667,NA,NA,0,NA,NA,NA,0,0.333333333333333,0.333333333333333,0,NA,0,0.666666666666667,0.5,0,0.833333333333333,NA,NA,0.666666666666667,NA,NA,NA,0,2,1,0,0,0,4,3,0,4,0,0,4,0,0,0,3,4,2,3,0,3,2,2,3,1,0,0,2,0,0,0,0,0,0,0,0,0,0,0,0,1,0,0,0,0,0,0,0,0,0,0,0,0,0,1,0,0,0,0,0,0,0,0,0,0.333333333333333,0.333333333333333,0,NA,0,0.666666666666667,0.5,0,0.666666666666667,NA,NA,0.666666666666667,NA,NA,NA,1,0.666666666666667,0.666666666666667,1,NA,1,0.333333333333333,0.333333333333333,1,0.166666666666667,NA,NA,0.333333333333333,NA,NA,NA,0,0,0,0,NA,0,0,0,0,0.166666666666667,NA,NA,0,NA,NA,NA,0,0,0,0,NA,0,0,0.166666666666667,0,0,NA,NA,0,NA,NA,NA
"211",3,3,6,6,3,6,0,3,3,0,0,0,6,0,0,0,0,0,1,2,0,1,0,2,0,0,0,0,1,0,0,0,0,1,2,1,1,3,0,2,0,0,0,0,3,0,0,0,0.0769230769230769,0.0769230769230769,0.153846153846154,0.153846153846154,0.0769230769230769,0.153846153846154,0,0.0769230769230769,0.0769230769230769,0,0,0,0.153846153846154,0,0,0,0,0,0.166666666666667,0.333333333333333,0,0.166666666666667,NA,0.666666666666667,0,NA,NA,NA,0.166666666666667,NA,NA,NA,0,0.333333333333333,0.333333333333333,0.166666666666667,0.333333333333333,0.5,NA,0.666666666666667,0,NA,NA,NA,0.5,NA,NA,NA,0,1,2,1,1,2,0,1,0,0,0,0,3,0,0,0,3,2,3,3,2,3,0,0,3,0,0,0,2,0,0,0,0,0,0,0,0,1,0,1,0,0,0,0,0,0,0,0,0,0,1,2,0,0,0,1,0,0,0,0,1,0,0,0,0,0.333333333333333,0.333333333333333,0.166666666666667,0.333333333333333,0.333333333333333,NA,0.333333333333333,0,NA,NA,NA,0.5,NA,NA,NA,1,0.666666666666667,0.5,0.5,0.666666666666667,0.5,NA,0,1,NA,NA,NA,0.333333333333333,NA,NA,NA,0,0,0,0,0,0.166666666666667,NA,0.333333333333333,0,NA,NA,NA,0,NA,NA,NA,0,0,0.166666666666667,0.333333333333333,0,0,NA,0.333333333333333,0,NA,NA,NA,0.166666666666667,NA,NA,NA
"212",3,3,6,0,3,6,0,0,6,3,0,0,6,0,0,0,0,0,0,0,0,1,0,0,1,1,0,0,1,0,0,0,1,0,6,0,0,2,0,0,0,1,0,0,3,0,0,0,0.0833333333333333,0.0833333333333333,0.166666666666667,0,0.0833333333333333,0.166666666666667,0,0,0.166666666666667,0.0833333333333333,0,0,0.166666666666667,0,0,0,0,0,0,NA,0,0.166666666666667,NA,NA,0.166666666666667,0.333333333333333,NA,NA,0.166666666666667,NA,NA,NA,0.333333333333333,0,1,NA,0,0.333333333333333,NA,NA,0,0.333333333333333,NA,NA,0.5,NA,NA,NA,1,0,6,0,0,2,0,0,0,0,0,0,3,0,0,0,2,3,0,0,3,3,0,0,5,2,0,0,2,0,0,0,0,0,0,0,0,0,0,0,0,1,0,0,0,0,0,0,0,0,0,0,0,1,0,0,1,0,0,0,1,0,0,0,0.333333333333333,0,1,NA,0,0.333333333333333,NA,NA,0,0,NA,NA,0.5,NA,NA,NA,0.666666666666667,1,0,NA,1,0.5,NA,NA,0.833333333333333,0.666666666666667,NA,NA,0.333333333333333,NA,NA,NA,0,0,0,NA,0,0,NA,NA,0,0.333333333333333,NA,NA,0,NA,NA,NA,0,0,0,NA,0,0.166666666666667,NA,NA,0.166666666666667,0,NA,NA,0.166666666666667,NA,NA,NA
"213",3,3,6,6,0,6,6,0,3,6,0,0,6,0,0,0,0,0,0,1,0,1,0,0,0,0,0,0,1,0,0,0,0,1,1,3,0,1,5,0,1,4,0,0,3,0,0,0,0.0666666666666667,0.0666666666666667,0.133333333333333,0.133333333333333,0,0.133333333333333,0.133333333333333,0,0.0666666666666667,0.133333333333333,0,0,0.133333333333333,0,0,0,0,0,0,0.166666666666667,NA,0.166666666666667,0,NA,0,0,NA,NA,0.166666666666667,NA,NA,NA,0,0.333333333333333,0.166666666666667,0.5,NA,0.166666666666667,0.833333333333333,NA,0.333333333333333,0.666666666666667,NA,NA,0.5,NA,NA,NA,0,1,1,3,0,1,5,0,1,4,0,0,2,0,0,0,3,2,5,2,0,4,1,0,2,2,0,0,3,0,0,0,0,0,0,0,0,0,0,0,0,0,0,0,1,0,0,0,0,0,0,1,0,1,0,0,0,0,0,0,0,0,0,0,0,0.333333333333333,0.166666666666667,0.5,NA,0.166666666666667,0.833333333333333,NA,0.333333333333333,0.666666666666667,NA,NA,0.333333333333333,NA,NA,NA,1,0.666666666666667,0.833333333333333,0.333333333333333,NA,0.666666666666667,0.166666666666667,NA,0.666666666666667,0.333333333333333,NA,NA,0.5,NA,NA,NA,0,0,0,0,NA,0,0,NA,0,0,NA,NA,0.166666666666667,NA,NA,NA,0,0,0,0.166666666666667,NA,0.166666666666667,0,NA,0,0,NA,NA,0,NA,NA,NA
"214",3,3,6,6,3,6,6,3,6,0,0,0,6,0,0,0,0,0,0,1,0,0,1,2,0,0,0,0,1,0,0,0,0,0,0,2,0,3,4,2,2,0,0,0,3,0,0,0,0.0625,0.0625,0.125,0.125,0.0625,0.125,0.125,0.0625,0.125,0,0,0,0.125,0,0,0,0,0,0,0.166666666666667,0,0,0.166666666666667,0.666666666666667,0,NA,NA,NA,0.166666666666667,NA,NA,NA,0,0,0,0.333333333333333,0,0.5,0.666666666666667,0.666666666666667,0.333333333333333,NA,NA,NA,0.5,NA,NA,NA,0,0,0,1,0,3,4,1,2,0,0,0,2,0,0,0,3,3,6,4,3,3,1,0,4,0,0,0,3,0,0,0,0,0,0,1,0,0,0,1,0,0,0,0,1,0,0,0,0,0,0,0,0,0,1,1,0,0,0,0,0,0,0,0,0,0,0,0.166666666666667,0,0.5,0.666666666666667,0.333333333333333,0.333333333333333,NA,NA,NA,0.333333333333333,NA,NA,NA,1,1,1,0.666666666666667,1,0.5,0.166666666666667,0,0.666666666666667,NA,NA,NA,0.5,NA,NA,NA,0,0,0,0.166666666666667,0,0,0,0.333333333333333,0,NA,NA,NA,0.166666666666667,NA,NA,NA,0,0,0,0,0,0,0.166666666666667,0.333333333333333,0,NA,NA,NA,0,NA,NA,NA
"215",3,3,3,6,3,3,6,3,6,6,3,0,3,0,0,0,0,0,0,1,0,0,0,2,1,1,1,0,0,0,0,0,0,0,0,3,0,1,3,1,2,4,2,0,1,0,0,0,0.0625,0.0625,0.0625,0.125,0.0625,0.0625,0.125,0.0625,0.125,0.125,0.0625,0,0.0625,0,0,0,0,0,0,0.166666666666667,0,0,0,0.666666666666667,0.166666666666667,0.166666666666667,0.333333333333333,NA,0,NA,NA,NA,0,0,0,0.5,0,0.333333333333333,0.5,0.333333333333333,0.333333333333333,0.666666666666667,0.666666666666667,NA,0.333333333333333,NA,NA,NA,0,0,0,2,0,1,3,0,1,3,1,0,1,0,0,0,3,3,3,3,3,2,3,1,4,2,1,0,2,0,0,0,0,0,0,1,0,0,0,1,1,1,1,0,0,0,0,0,0,0,0,0,0,0,0,1,0,0,0,0,0,0,0,0,0,0,0,0.333333333333333,0,0.333333333333333,0.5,0,0.166666666666667,0.5,0.333333333333333,NA,0.333333333333333,NA,NA,NA,1,1,1,0.5,1,0.666666666666667,0.5,0.333333333333333,0.666666666666667,0.333333333333333,0.333333333333333,NA,0.666666666666667,NA,NA,NA,0,0,0,0.166666666666667,0,0,0,0.333333333333333,0.166666666666667,0.166666666666667,0.333333333333333,NA,0,NA,NA,NA,0,0,0,0,0,0,0,0.333333333333333,0,0,0,NA,0,NA,NA,NA
"216",6,6,6,6,0,6,0,0,3,6,0,0,6,3,0,0,0,1,0,2,0,0,0,0,0,1,0,0,0,1,0,0,1,2,2,3,0,2,0,0,0,2,0,0,4,1,0,0,0.125,0.125,0.125,0.125,0,0.125,0,0,0.0625,0.125,0,0,0.125,0.0625,0,0,0,0.166666666666667,0,0.333333333333333,NA,0,NA,NA,0,0.166666666666667,NA,NA,0,0.333333333333333,NA,NA,0.166666666666667,0.333333333333333,0.333333333333333,0.5,NA,0.333333333333333,NA,NA,0,0.333333333333333,NA,NA,0.666666666666667,0.333333333333333,NA,NA,1,1,2,2,0,2,0,0,0,1,0,0,4,0,0,0,5,4,4,2,0,4,0,0,3,4,0,0,2,2,0,0,0,1,0,1,0,0,0,0,0,1,0,0,0,1,0,0,0,0,0,1,0,0,0,0,0,0,0,0,0,0,0,0,0.166666666666667,0.166666666666667,0.333333333333333,0.333333333333333,NA,0.333333333333333,NA,NA,0,0.166666666666667,NA,NA,0.666666666666667,0,NA,NA,0.833333333333333,0.666666666666667,0.666666666666667,0.333333333333333,NA,0.666666666666667,NA,NA,1,0.666666666666667,NA,NA,0.333333333333333,0.666666666666667,NA,NA,0,0.166666666666667,0,0.166666666666667,NA,0,NA,NA,0,0.166666666666667,NA,NA,0,0.333333333333333,NA,NA,0,0,0,0.166666666666667,NA,0,NA,NA,0,0,NA,NA,0,0,NA,NA
"217",3,6,3,0,3,0,0,0,6,0,0,0,0,0,0,0,0,0,1,0,0,0,0,0,0,0,0,0,0,0,0,0,1,2,0,0,1,0,0,0,3,0,0,0,0,0,0,0,0.142857142857143,0.285714285714286,0.142857142857143,0,0.142857142857143,0,0,0,0.285714285714286,0,0,0,0,0,0,0,0,0,0.333333333333333,NA,0,NA,NA,NA,0,NA,NA,NA,NA,NA,NA,NA,0.333333333333333,0.333333333333333,0,NA,0.333333333333333,NA,NA,NA,0.5,NA,NA,NA,NA,NA,NA,NA,1,2,0,0,1,0,0,0,3,0,0,0,0,0,0,0,2,4,2,0,2,0,0,0,3,0,0,0,0,0,0,0,0,0,0,0,0,0,0,0,0,0,0,0,0,0,0,0,0,0,1,0,0,0,0,0,0,0,0,0,0,0,0,0,0.333333333333333,0.333333333333333,0,NA,0.333333333333333,NA,NA,NA,0.5,NA,NA,NA,NA,NA,NA,NA,0.666666666666667,0.666666666666667,0.666666666666667,NA,0.666666666666667,NA,NA,NA,0.5,NA,NA,NA,NA,NA,NA,NA,0,0,0,NA,0,NA,NA,NA,0,NA,NA,NA,NA,NA,NA,NA,0,0,0.333333333333333,NA,0,NA,NA,NA,0,NA,NA,NA,NA,NA,NA,NA
"218",3,6,6,6,3,6,6,6,3,3,0,0,0,0,0,0,0,0,1,0,0,1,3,2,0,1,0,0,0,0,0,0,0,0,2,2,1,1,4,4,0,3,0,0,0,0,0,0,0.0625,0.125,0.125,0.125,0.0625,0.125,0.125,0.125,0.0625,0.0625,0,0,0,0,0,0,0,0,0.166666666666667,0,0,0.166666666666667,0.5,0.333333333333333,0,0.333333333333333,NA,NA,NA,NA,NA,NA,0,0,0.333333333333333,0.333333333333333,0.333333333333333,0.166666666666667,0.666666666666667,0.666666666666667,0,1,NA,NA,NA,NA,NA,NA,0,0,2,2,1,0,1,3,0,2,0,0,0,0,0,0,3,6,3,4,2,5,2,1,3,0,0,0,0,0,0,0,0,0,0,0,0,1,3,1,0,1,0,0,0,0,0,0,0,0,1,0,0,0,0,1,0,0,0,0,0,0,0,0,0,0,0.333333333333333,0.333333333333333,0.333333333333333,0,0.166666666666667,0.5,0,0.666666666666667,NA,NA,NA,NA,NA,NA,1,1,0.5,0.666666666666667,0.666666666666667,0.833333333333333,0.333333333333333,0.166666666666667,1,0,NA,NA,NA,NA,NA,NA,0,0,0,0,0,0.166666666666667,0.5,0.166666666666667,0,0.333333333333333,NA,NA,NA,NA,NA,NA,0,0,0.166666666666667,0,0,0,0,0.166666666666667,0,0,NA,NA,NA,NA,NA,NA
"219",3,6,3,0,3,0,0,0,6,0,0,0,6,0,0,0,0,0,1,0,0,0,0,0,1,0,0,0,3,0,0,0,0,2,2,0,0,0,0,0,2,0,0,0,3,0,0,0,0.111111111111111,0.222222222222222,0.111111111111111,0,0.111111111111111,0,0,0,0.222222222222222,0,0,0,0.222222222222222,0,0,0,0,0,0.333333333333333,NA,0,NA,NA,NA,0.166666666666667,NA,NA,NA,0.5,NA,NA,NA,0,0.333333333333333,0.666666666666667,NA,0,NA,NA,NA,0.333333333333333,NA,NA,NA,0.5,NA,NA,NA,0,2,2,0,0,0,0,0,2,0,0,0,2,0,0,0,3,4,0,0,3,0,0,0,3,0,0,0,1,0,0,0,0,0,0,0,0,0,0,0,0,0,0,0,1,0,0,0,0,0,1,0,0,0,0,0,1,0,0,0,2,0,0,0,0,0.333333333333333,0.666666666666667,NA,0,NA,NA,NA,0.333333333333333,NA,NA,NA,0.333333333333333,NA,NA,NA,1,0.666666666666667,0,NA,1,NA,NA,NA,0.5,NA,NA,NA,0.166666666666667,NA,NA,NA,0,0,0,NA,0,NA,NA,NA,0,NA,NA,NA,0.166666666666667,NA,NA,NA,0,0,0.333333333333333,NA,0,NA,NA,NA,0.166666666666667,NA,NA,NA,0.333333333333333,NA,NA,NA
"220",3,6,3,0,6,0,0,0,6,0,0,0,0,0,0,0,0,1,1,0,0,0,0,0,2,0,0,0,0,0,0,0,0,1,0,0,2,0,0,0,2,0,0,0,0,0,0,0,0.125,0.25,0.125,0,0.25,0,0,0,0.25,0,0,0,0,0,0,0,0,0.166666666666667,0.333333333333333,NA,0,NA,NA,NA,0.333333333333333,NA,NA,NA,NA,NA,NA,NA,0,0.166666666666667,0,NA,0.333333333333333,NA,NA,NA,0.333333333333333,NA,NA,NA,NA,NA,NA,NA,0,1,0,0,2,0,0,0,1,0,0,0,0,0,0,0,3,4,2,0,4,0,0,0,3,0,0,0,0,0,0,0,0,0,0,0,0,0,0,0,1,0,0,0,0,0,0,0,0,1,1,0,0,0,0,0,1,0,0,0,0,0,0,0,0,0.166666666666667,0,NA,0.333333333333333,NA,NA,NA,0.166666666666667,NA,NA,NA,NA,NA,NA,NA,1,0.666666666666667,0.666666666666667,NA,0.666666666666667,NA,NA,NA,0.5,NA,NA,NA,NA,NA,NA,NA,0,0,0,NA,0,NA,NA,NA,0.166666666666667,NA,NA,NA,NA,NA,NA,NA,0,0.166666666666667,0.333333333333333,NA,0,NA,NA,NA,0.166666666666667,NA,NA,NA,NA,NA,NA,NA
"221",3,6,6,3,0,3,0,0,3,6,0,0,6,0,0,0,0,0,1,2,0,0,0,0,0,1,0,0,1,0,0,0,0,2,2,1,0,1,0,0,0,4,0,0,4,0,0,0,0.0833333333333333,0.166666666666667,0.166666666666667,0.0833333333333333,0,0.0833333333333333,0,0,0.0833333333333333,0.166666666666667,0,0,0.166666666666667,0,0,0,0,0,0.166666666666667,0.666666666666667,NA,0,NA,NA,0,0.166666666666667,NA,NA,0.166666666666667,NA,NA,NA,0,0.333333333333333,0.333333333333333,0.333333333333333,NA,0.333333333333333,NA,NA,0,0.666666666666667,NA,NA,0.666666666666667,NA,NA,NA,0,2,2,0,0,1,0,0,0,3,0,0,3,0,0,0,3,4,3,1,0,2,0,0,3,2,0,0,2,0,0,0,0,0,0,1,0,0,0,0,0,1,0,0,1,0,0,0,0,0,1,1,0,0,0,0,0,0,0,0,0,0,0,0,0,0.333333333333333,0.333333333333333,0,NA,0.333333333333333,NA,NA,0,0.5,NA,NA,0.5,NA,NA,NA,1,0.666666666666667,0.5,0.333333333333333,NA,0.666666666666667,NA,NA,1,0.333333333333333,NA,NA,0.333333333333333,NA,NA,NA,0,0,0,0.333333333333333,NA,0,NA,NA,0,0.166666666666667,NA,NA,0.166666666666667,NA,NA,NA,0,0,0.166666666666667,0.333333333333333,NA,0,NA,NA,0,0,NA,NA,0,NA,NA,NA
"222",3,3,6,0,0,3,0,0,6,6,0,0,3,0,0,0,0,0,0,0,0,0,0,0,1,1,0,0,1,0,0,0,0,0,3,0,0,1,0,0,2,3,0,0,2,0,0,0,0.1,0.1,0.2,0,0,0.1,0,0,0.2,0.2,0,0,0.1,0,0,0,0,0,0,NA,NA,0,NA,NA,0.166666666666667,0.166666666666667,NA,NA,0.333333333333333,NA,NA,NA,0,0,0.5,NA,NA,0.333333333333333,NA,NA,0.333333333333333,0.5,NA,NA,0.666666666666667,NA,NA,NA,0,0,3,0,0,1,0,0,2,3,0,0,1,0,0,0,3,3,3,0,0,2,0,0,3,2,0,0,1,0,0,0,0,0,0,0,0,0,0,0,0,0,0,0,1,0,0,0,0,0,0,0,0,0,0,0,1,1,0,0,0,0,0,0,0,0,0.5,NA,NA,0.333333333333333,NA,NA,0.333333333333333,0.5,NA,NA,0.333333333333333,NA,NA,NA,1,1,0.5,NA,NA,0.666666666666667,NA,NA,0.5,0.333333333333333,NA,NA,0.333333333333333,NA,NA,NA,0,0,0,NA,NA,0,NA,NA,0,0,NA,NA,0.333333333333333,NA,NA,NA,0,0,0,NA,NA,0,NA,NA,0.166666666666667,0.166666666666667,NA,NA,0,NA,NA,NA
"223",6,3,6,3,3,3,0,0,6,6,0,0,6,6,0,0,1,0,1,1,0,0,0,0,3,0,0,0,3,1,0,0,1,0,2,0,1,1,0,0,1,2,0,0,3,4,0,0,0.125,0.0625,0.125,0.0625,0.0625,0.0625,0,0,0.125,0.125,0,0,0.125,0.125,0,0,0.166666666666667,0,0.166666666666667,0.333333333333333,0,0,NA,NA,0.5,0,NA,NA,0.5,0.166666666666667,NA,NA,0.166666666666667,0,0.333333333333333,0,0.333333333333333,0.333333333333333,NA,NA,0.166666666666667,0.333333333333333,NA,NA,0.5,0.666666666666667,NA,NA,1,0,1,0,1,1,0,0,0,2,0,0,1,3,0,0,4,3,4,2,2,2,0,0,3,4,0,0,2,2,0,0,0,0,1,0,0,0,0,0,1,0,0,0,2,1,0,0,1,0,0,1,0,0,0,0,2,0,0,0,1,0,0,0,0.166666666666667,0,0.166666666666667,0,0.333333333333333,0.333333333333333,NA,NA,0,0.333333333333333,NA,NA,0.166666666666667,0.5,NA,NA,0.666666666666667,1,0.666666666666667,0.666666666666667,0.666666666666667,0.666666666666667,NA,NA,0.5,0.666666666666667,NA,NA,0.333333333333333,0.333333333333333,NA,NA,0,0,0.166666666666667,0,0,0,NA,NA,0.166666666666667,0,NA,NA,0.333333333333333,0.166666666666667,NA,NA,0.166666666666667,0,0,0.333333333333333,0,0,NA,NA,0.333333333333333,0,NA,NA,0.166666666666667,0,NA,NA
"224",3,3,3,6,3,6,6,0,6,6,0,0,3,3,0,0,0,0,0,0,0,1,0,0,1,0,0,0,0,1,0,0,0,1,1,5,0,2,5,0,1,4,0,0,1,1,0,0,0.0625,0.0625,0.0625,0.125,0.0625,0.125,0.125,0,0.125,0.125,0,0,0.0625,0.0625,0,0,0,0,0,0,0,0.166666666666667,0,NA,0.166666666666667,0,NA,NA,0,0.333333333333333,NA,NA,0,0.333333333333333,0.333333333333333,0.833333333333333,0,0.333333333333333,0.833333333333333,NA,0.166666666666667,0.666666666666667,NA,NA,0.333333333333333,0.333333333333333,NA,NA,0,1,1,5,0,2,5,0,1,4,0,0,1,1,0,0,3,2,2,1,3,3,1,0,4,2,0,0,2,1,0,0,0,0,0,0,0,0,0,0,0,0,0,0,0,0,0,0,0,0,0,0,0,1,0,0,1,0,0,0,0,1,0,0,0,0.333333333333333,0.333333333333333,0.833333333333333,0,0.333333333333333,0.833333333333333,NA,0.166666666666667,0.666666666666667,NA,NA,0.333333333333333,0.333333333333333,NA,NA,1,0.666666666666667,0.666666666666667,0.166666666666667,1,0.5,0.166666666666667,NA,0.666666666666667,0.333333333333333,NA,NA,0.666666666666667,0.333333333333333,NA,NA,0,0,0,0,0,0,0,NA,0,0,NA,NA,0,0,NA,NA,0,0,0,0,0,0.166666666666667,0,NA,0.166666666666667,0,NA,NA,0,0.333333333333333,NA,NA
"225",3,3,3,6,3,3,6,6,6,6,3,0,0,0,0,0,0,0,0,0,0,0,0,3,1,1,2,0,0,0,0,0,0,1,1,1,1,1,3,4,3,6,1,0,0,0,0,0,0.0625,0.0625,0.0625,0.125,0.0625,0.0625,0.125,0.125,0.125,0.125,0.0625,0,0,0,0,0,0,0,0,0,0,0,0,0.5,0.166666666666667,0.166666666666667,0.666666666666667,NA,NA,NA,NA,NA,0,0.333333333333333,0.333333333333333,0.166666666666667,0.333333333333333,0.333333333333333,0.5,0.666666666666667,0.5,1,0.333333333333333,NA,NA,NA,NA,NA,0,1,1,1,1,1,3,3,2,5,0,0,0,0,0,0,3,2,2,5,2,2,3,0,3,0,1,0,0,0,0,0,0,0,0,0,0,0,0,1,1,1,1,0,0,0,0,0,0,0,0,0,0,0,0,2,0,0,1,0,0,0,0,0,0,0.333333333333333,0.333333333333333,0.166666666666667,0.333333333333333,0.333333333333333,0.5,0.5,0.333333333333333,0.833333333333333,0,NA,NA,NA,NA,NA,1,0.666666666666667,0.666666666666667,0.833333333333333,0.666666666666667,0.666666666666667,0.5,0,0.5,0,0.333333333333333,NA,NA,NA,NA,NA,0,0,0,0,0,0,0,0.166666666666667,0.166666666666667,0.166666666666667,0.333333333333333,NA,NA,NA,NA,NA,0,0,0,0,0,0,0,0.333333333333333,0,0,0.333333333333333,NA,NA,NA,NA,NA
"226",3,6,6,6,6,6,6,0,3,0,0,0,6,0,0,0,0,0,1,0,1,0,0,0,0,0,0,0,0,0,0,0,1,0,1,4,1,3,4,0,0,0,0,0,2,0,0,0,0.0625,0.125,0.125,0.125,0.125,0.125,0.125,0,0.0625,0,0,0,0.125,0,0,0,0,0,0.166666666666667,0,0.166666666666667,0,0,NA,0,NA,NA,NA,0,NA,NA,NA,0.333333333333333,0,0.166666666666667,0.666666666666667,0.166666666666667,0.5,0.666666666666667,NA,0,NA,NA,NA,0.333333333333333,NA,NA,NA,1,0,0,4,1,3,4,0,0,0,0,0,2,0,0,0,2,6,5,2,4,3,2,0,3,0,0,0,4,0,0,0,0,0,1,0,0,0,0,0,0,0,0,0,0,0,0,0,0,0,0,0,1,0,0,0,0,0,0,0,0,0,0,0,0.333333333333333,0,0,0.666666666666667,0.166666666666667,0.5,0.666666666666667,NA,0,NA,NA,NA,0.333333333333333,NA,NA,NA,0.666666666666667,1,0.833333333333333,0.333333333333333,0.666666666666667,0.5,0.333333333333333,NA,1,NA,NA,NA,0.666666666666667,NA,NA,NA,0,0,0.166666666666667,0,0,0,0,NA,0,NA,NA,NA,0,NA,NA,NA,0,0,0,0,0.166666666666667,0,0,NA,0,NA,NA,NA,0,NA,NA,NA
"227",6,3,0,0,3,0,0,0,6,0,0,0,6,0,0,0,1,1,0,0,0,0,0,0,0,0,0,0,1,0,0,0,2,1,0,0,1,0,0,0,0,0,0,0,2,0,0,0,0.25,0.125,0,0,0.125,0,0,0,0.25,0,0,0,0.25,0,0,0,0.166666666666667,0.333333333333333,NA,NA,0,NA,NA,NA,0,NA,NA,NA,0.166666666666667,NA,NA,NA,0.333333333333333,0.333333333333333,NA,NA,0.333333333333333,NA,NA,NA,0,NA,NA,NA,0.333333333333333,NA,NA,NA,1,1,0,0,1,0,0,0,0,0,0,0,2,0,0,0,4,1,0,0,2,0,0,0,6,0,0,0,3,0,0,0,1,0,0,0,0,0,0,0,0,0,0,0,0,0,0,0,0,1,0,0,0,0,0,0,0,0,0,0,1,0,0,0,0.166666666666667,0.333333333333333,NA,NA,0.333333333333333,NA,NA,NA,0,NA,NA,NA,0.333333333333333,NA,NA,NA,0.666666666666667,0.333333333333333,NA,NA,0.666666666666667,NA,NA,NA,1,NA,NA,NA,0.5,NA,NA,NA,0.166666666666667,0,NA,NA,0,NA,NA,NA,0,NA,NA,NA,0,NA,NA,NA,0,0.333333333333333,NA,NA,0,NA,NA,NA,0,NA,NA,NA,0.166666666666667,NA,NA,NA
"228",6,6,6,6,3,6,6,0,3,6,0,0,0,0,0,0,0,0,1,1,1,0,0,0,1,1,0,0,0,0,0,0,2,2,0,5,0,2,4,0,0,5,0,0,0,0,0,0,0.125,0.125,0.125,0.125,0.0625,0.125,0.125,0,0.0625,0.125,0,0,0,0,0,0,0,0,0.166666666666667,0.166666666666667,0.333333333333333,0,0,NA,0.333333333333333,0.166666666666667,NA,NA,NA,NA,NA,NA,0.333333333333333,0.333333333333333,0,0.833333333333333,0,0.333333333333333,0.666666666666667,NA,0,0.833333333333333,NA,NA,NA,NA,NA,NA,2,2,0,4,0,2,4,0,0,4,0,0,0,0,0,0,4,4,5,1,2,4,2,0,2,1,0,0,0,0,0,0,0,0,0,1,0,0,0,0,0,1,0,0,0,0,0,0,0,0,1,0,1,0,0,0,1,0,0,0,0,0,0,0,0.333333333333333,0.333333333333333,0,0.666666666666667,0,0.333333333333333,0.666666666666667,NA,0,0.666666666666667,NA,NA,NA,NA,NA,NA,0.666666666666667,0.666666666666667,0.833333333333333,0.166666666666667,0.666666666666667,0.666666666666667,0.333333333333333,NA,0.666666666666667,0.166666666666667,NA,NA,NA,NA,NA,NA,0,0,0,0.166666666666667,0,0,0,NA,0,0.166666666666667,NA,NA,NA,NA,NA,NA,0,0,0.166666666666667,0,0.333333333333333,0,0,NA,0.333333333333333,0,NA,NA,NA,NA,NA,NA
"229",3,6,6,6,6,3,6,0,6,6,0,0,0,0,0,0,0,0,1,0,0,0,1,0,2,1,0,0,0,0,0,0,0,1,1,5,0,1,3,0,2,3,0,0,0,0,0,0,0.0625,0.125,0.125,0.125,0.125,0.0625,0.125,0,0.125,0.125,0,0,0,0,0,0,0,0,0.166666666666667,0,0,0,0.166666666666667,NA,0.333333333333333,0.166666666666667,NA,NA,NA,NA,NA,NA,0,0.166666666666667,0.166666666666667,0.833333333333333,0,0.333333333333333,0.5,NA,0.333333333333333,0.5,NA,NA,NA,NA,NA,NA,0,1,1,5,0,1,2,0,2,2,0,0,0,0,0,0,3,5,4,1,6,2,3,0,2,3,0,0,0,0,0,0,0,0,0,0,0,0,1,0,0,1,0,0,0,0,0,0,0,0,1,0,0,0,0,0,2,0,0,0,0,0,0,0,0,0.166666666666667,0.166666666666667,0.833333333333333,0,0.333333333333333,0.333333333333333,NA,0.333333333333333,0.333333333333333,NA,NA,NA,NA,NA,NA,1,0.833333333333333,0.666666666666667,0.166666666666667,1,0.666666666666667,0.5,NA,0.333333333333333,0.5,NA,NA,NA,NA,NA,NA,0,0,0,0,0,0,0.166666666666667,NA,0,0.166666666666667,NA,NA,NA,NA,NA,NA,0,0,0.166666666666667,0,0,0,0,NA,0.333333333333333,0,NA,NA,NA,NA,NA,NA
"230",3,3,6,0,3,6,0,0,3,0,0,0,6,0,0,0,0,0,0,0,0,0,0,0,0,0,0,0,1,0,0,0,0,0,3,0,1,5,0,0,1,0,0,0,4,0,0,0,0.1,0.1,0.2,0,0.1,0.2,0,0,0.1,0,0,0,0.2,0,0,0,0,0,0,NA,0,0,NA,NA,0,NA,NA,NA,0.166666666666667,NA,NA,NA,0,0,0.5,NA,0.333333333333333,0.833333333333333,NA,NA,0.333333333333333,NA,NA,NA,0.666666666666667,NA,NA,NA,0,0,3,0,1,5,0,0,1,0,0,0,3,0,0,0,3,3,3,0,2,1,0,0,2,0,0,0,2,0,0,0,0,0,0,0,0,0,0,0,0,0,0,0,1,0,0,0,0,0,0,0,0,0,0,0,0,0,0,0,0,0,0,0,0,0,0.5,NA,0.333333333333333,0.833333333333333,NA,NA,0.333333333333333,NA,NA,NA,0.5,NA,NA,NA,1,1,0.5,NA,0.666666666666667,0.166666666666667,NA,NA,0.666666666666667,NA,NA,NA,0.333333333333333,NA,NA,NA,0,0,0,NA,0,0,NA,NA,0,NA,NA,NA,0.166666666666667,NA,NA,NA,0,0,0,NA,0,0,NA,NA,0,NA,NA,NA,0,NA,NA,NA
"231",3,3,6,0,3,6,0,0,6,0,0,0,6,0,0,0,0,0,0,0,0,2,0,0,1,0,0,0,4,0,0,0,1,1,3,0,0,3,0,0,0,0,0,0,1,0,0,0,0.0909090909090909,0.0909090909090909,0.181818181818182,0,0.0909090909090909,0.181818181818182,0,0,0.181818181818182,0,0,0,0.181818181818182,0,0,0,0,0,0,NA,0,0.333333333333333,NA,NA,0.166666666666667,NA,NA,NA,0.666666666666667,NA,NA,NA,0.333333333333333,0.333333333333333,0.5,NA,0,0.5,NA,NA,0,NA,NA,NA,0.166666666666667,NA,NA,NA,1,1,3,0,0,2,0,0,0,0,0,0,1,0,0,0,2,2,3,0,3,2,0,0,5,0,0,0,1,0,0,0,0,0,0,0,0,1,0,0,0,0,0,0,0,0,0,0,0,0,0,0,0,1,0,0,1,0,0,0,4,0,0,0,0.333333333333333,0.333333333333333,0.5,NA,0,0.333333333333333,NA,NA,0,NA,NA,NA,0.166666666666667,NA,NA,NA,0.666666666666667,0.666666666666667,0.5,NA,1,0.333333333333333,NA,NA,0.833333333333333,NA,NA,NA,0.166666666666667,NA,NA,NA,0,0,0,NA,0,0.166666666666667,NA,NA,0,NA,NA,NA,0,NA,NA,NA,0,0,0,NA,0,0.166666666666667,NA,NA,0.166666666666667,NA,NA,NA,0.666666666666667,NA,NA,NA
"232",6,6,6,6,0,3,6,6,3,6,0,0,0,0,0,0,0,1,0,0,0,0,3,2,0,0,0,0,0,0,0,0,1,1,2,2,0,1,2,5,0,5,0,0,0,0,0,0,0.125,0.125,0.125,0.125,0,0.0625,0.125,0.125,0.0625,0.125,0,0,0,0,0,0,0,0.166666666666667,0,0,NA,0,0.5,0.333333333333333,0,0,NA,NA,NA,NA,NA,NA,0.166666666666667,0.166666666666667,0.333333333333333,0.333333333333333,NA,0.333333333333333,0.333333333333333,0.833333333333333,0,0.833333333333333,NA,NA,NA,NA,NA,NA,1,1,2,2,0,1,2,4,0,5,0,0,0,0,0,0,5,4,4,4,0,2,1,0,3,1,0,0,0,0,0,0,0,0,0,0,0,0,0,1,0,0,0,0,0,0,0,0,0,1,0,0,0,0,3,1,0,0,0,0,0,0,0,0,0.166666666666667,0.166666666666667,0.333333333333333,0.333333333333333,NA,0.333333333333333,0.333333333333333,0.666666666666667,0,0.833333333333333,NA,NA,NA,NA,NA,NA,0.833333333333333,0.666666666666667,0.666666666666667,0.666666666666667,NA,0.666666666666667,0.166666666666667,0,1,0.166666666666667,NA,NA,NA,NA,NA,NA,0,0,0,0,NA,0,0,0.166666666666667,0,0,NA,NA,NA,NA,NA,NA,0,0.166666666666667,0,0,NA,0,0.5,0.166666666666667,0,0,NA,NA,NA,NA,NA,NA
"233",6,6,3,0,3,0,0,0,6,0,0,0,6,0,0,0,1,0,1,0,0,0,0,0,0,0,0,0,2,0,0,0,1,3,0,0,0,0,0,0,0,0,0,0,3,0,0,0,0.2,0.2,0.1,0,0.1,0,0,0,0.2,0,0,0,0.2,0,0,0,0.166666666666667,0,0.333333333333333,NA,0,NA,NA,NA,0,NA,NA,NA,0.333333333333333,NA,NA,NA,0.166666666666667,0.5,0,NA,0,NA,NA,NA,0,NA,NA,NA,0.5,NA,NA,NA,1,3,0,0,0,0,0,0,0,0,0,0,1,0,0,0,4,3,2,0,3,0,0,0,6,0,0,0,3,0,0,0,0,0,0,0,0,0,0,0,0,0,0,0,2,0,0,0,1,0,1,0,0,0,0,0,0,0,0,0,0,0,0,0,0.166666666666667,0.5,0,NA,0,NA,NA,NA,0,NA,NA,NA,0.166666666666667,NA,NA,NA,0.666666666666667,0.5,0.666666666666667,NA,1,NA,NA,NA,1,NA,NA,NA,0.5,NA,NA,NA,0,0,0,NA,0,NA,NA,NA,0,NA,NA,NA,0.333333333333333,NA,NA,NA,0.166666666666667,0,0.333333333333333,NA,0,NA,NA,NA,0,NA,NA,NA,0,NA,NA,NA
"234",3,6,6,0,6,0,0,0,0,0,0,0,0,0,0,0,0,0,2,0,0,0,0,0,0,0,0,0,0,0,0,0,0,0,0,0,3,0,0,0,0,0,0,0,0,0,0,0,0.142857142857143,0.285714285714286,0.285714285714286,0,0.285714285714286,0,0,0,0,0,0,0,0,0,0,0,0,0,0.333333333333333,NA,0,NA,NA,NA,NA,NA,NA,NA,NA,NA,NA,NA,0,0,0,NA,0.5,NA,NA,NA,NA,NA,NA,NA,NA,NA,NA,NA,0,0,0,0,3,0,0,0,0,0,0,0,0,0,0,0,3,6,4,0,3,0,0,0,0,0,0,0,0,0,0,0,0,0,0,0,0,0,0,0,0,0,0,0,0,0,0,0,0,0,2,0,0,0,0,0,0,0,0,0,0,0,0,0,0,0,0,NA,0.5,NA,NA,NA,NA,NA,NA,NA,NA,NA,NA,NA,1,1,0.666666666666667,NA,0.5,NA,NA,NA,NA,NA,NA,NA,NA,NA,NA,NA,0,0,0,NA,0,NA,NA,NA,NA,NA,NA,NA,NA,NA,NA,NA,0,0,0.333333333333333,NA,0,NA,NA,NA,NA,NA,NA,NA,NA,NA,NA,NA
"235",3,3,6,6,0,3,6,0,3,6,0,0,6,0,0,0,0,0,0,1,0,0,1,0,0,0,0,0,0,0,0,0,1,0,1,3,0,1,3,0,0,4,0,0,5,0,0,0,0.0714285714285714,0.0714285714285714,0.142857142857143,0.142857142857143,0,0.0714285714285714,0.142857142857143,0,0.0714285714285714,0.142857142857143,0,0,0.142857142857143,0,0,0,0,0,0,0.166666666666667,NA,0,0.166666666666667,NA,0,0,NA,NA,0,NA,NA,NA,0.333333333333333,0,0.166666666666667,0.5,NA,0.333333333333333,0.5,NA,0,0.666666666666667,NA,NA,0.833333333333333,NA,NA,NA,1,0,1,3,0,1,2,0,0,4,0,0,5,0,0,0,2,3,5,2,0,2,3,0,3,2,0,0,1,0,0,0,0,0,0,0,0,0,1,0,0,0,0,0,0,0,0,0,0,0,0,1,0,0,0,0,0,0,0,0,0,0,0,0,0.333333333333333,0,0.166666666666667,0.5,NA,0.333333333333333,0.333333333333333,NA,0,0.666666666666667,NA,NA,0.833333333333333,NA,NA,NA,0.666666666666667,1,0.833333333333333,0.333333333333333,NA,0.666666666666667,0.5,NA,1,0.333333333333333,NA,NA,0.166666666666667,NA,NA,NA,0,0,0,0,NA,0,0.166666666666667,NA,0,0,NA,NA,0,NA,NA,NA,0,0,0,0.166666666666667,NA,0,0,NA,0,0,NA,NA,0,NA,NA,NA
"236",3,3,3,6,0,6,6,6,3,6,0,0,6,0,0,0,0,0,0,0,0,1,1,2,0,1,0,0,1,0,0,0,0,1,0,1,0,1,4,3,1,4,0,0,2,0,0,0,0.0625,0.0625,0.0625,0.125,0,0.125,0.125,0.125,0.0625,0.125,0,0,0.125,0,0,0,0,0,0,0,NA,0.166666666666667,0.166666666666667,0.333333333333333,0,0.166666666666667,NA,NA,0.166666666666667,NA,NA,NA,0,0.333333333333333,0,0.166666666666667,NA,0.166666666666667,0.666666666666667,0.5,0.333333333333333,0.666666666666667,NA,NA,0.333333333333333,NA,NA,NA,0,1,0,1,0,1,4,2,1,3,0,0,1,0,0,0,3,2,3,5,0,4,1,2,2,2,0,0,4,0,0,0,0,0,0,0,0,0,0,1,0,1,0,0,1,0,0,0,0,0,0,0,0,1,1,1,0,0,0,0,0,0,0,0,0,0.333333333333333,0,0.166666666666667,NA,0.166666666666667,0.666666666666667,0.333333333333333,0.333333333333333,0.5,NA,NA,0.166666666666667,NA,NA,NA,1,0.666666666666667,1,0.833333333333333,NA,0.666666666666667,0.166666666666667,0.333333333333333,0.666666666666667,0.333333333333333,NA,NA,0.666666666666667,NA,NA,NA,0,0,0,0,NA,0,0,0.166666666666667,0,0.166666666666667,NA,NA,0.166666666666667,NA,NA,NA,0,0,0,0,NA,0.166666666666667,0.166666666666667,0.166666666666667,0,0,NA,NA,0,NA,NA,NA
"237",3,3,6,3,6,6,6,6,0,0,0,0,0,0,0,0,0,0,0,0,2,1,1,0,0,0,0,0,0,0,0,0,0,1,2,0,2,3,3,5,0,0,0,0,0,0,0,0,0.0769230769230769,0.0769230769230769,0.153846153846154,0.0769230769230769,0.153846153846154,0.153846153846154,0.153846153846154,0.153846153846154,0,0,0,0,0,0,0,0,0,0,0,0,0.333333333333333,0.166666666666667,0.166666666666667,0,NA,NA,NA,NA,NA,NA,NA,NA,0,0.333333333333333,0.333333333333333,0,0.333333333333333,0.5,0.5,0.833333333333333,NA,NA,NA,NA,NA,NA,NA,NA,0,1,2,0,1,2,3,5,0,0,0,0,0,0,0,0,3,2,4,3,3,3,2,1,0,0,0,0,0,0,0,0,0,0,0,0,1,1,0,0,0,0,0,0,0,0,0,0,0,0,0,0,1,0,1,0,0,0,0,0,0,0,0,0,0,0.333333333333333,0.333333333333333,0,0.166666666666667,0.333333333333333,0.5,0.833333333333333,NA,NA,NA,NA,NA,NA,NA,NA,1,0.666666666666667,0.666666666666667,1,0.5,0.5,0.333333333333333,0.166666666666667,NA,NA,NA,NA,NA,NA,NA,NA,0,0,0,0,0.166666666666667,0.166666666666667,0,0,NA,NA,NA,NA,NA,NA,NA,NA,0,0,0,0,0.166666666666667,0,0.166666666666667,0,NA,NA,NA,NA,NA,NA,NA,NA
"238",3,6,3,6,3,6,6,6,3,6,0,0,0,0,0,0,0,0,0,0,0,0,1,3,0,2,0,0,0,0,0,0,0,2,1,1,1,0,4,2,1,2,0,0,0,0,0,0,0.0625,0.125,0.0625,0.125,0.0625,0.125,0.125,0.125,0.0625,0.125,0,0,0,0,0,0,0,0,0,0,0,0,0.166666666666667,0.5,0,0.333333333333333,NA,NA,NA,NA,NA,NA,0,0.333333333333333,0.333333333333333,0.166666666666667,0.333333333333333,0,0.666666666666667,0.333333333333333,0.333333333333333,0.333333333333333,NA,NA,NA,NA,NA,NA,0,2,1,1,1,0,4,0,1,1,0,0,0,0,0,0,3,4,2,5,2,6,1,3,2,3,0,0,0,0,0,0,0,0,0,0,0,0,0,2,0,1,0,0,0,0,0,0,0,0,0,0,0,0,1,1,0,1,0,0,0,0,0,0,0,0.333333333333333,0.333333333333333,0.166666666666667,0.333333333333333,0,0.666666666666667,0,0.333333333333333,0.166666666666667,NA,NA,NA,NA,NA,NA,1,0.666666666666667,0.666666666666667,0.833333333333333,0.666666666666667,1,0.166666666666667,0.5,0.666666666666667,0.5,NA,NA,NA,NA,NA,NA,0,0,0,0,0,0,0,0.333333333333333,0,0.166666666666667,NA,NA,NA,NA,NA,NA,0,0,0,0,0,0,0.166666666666667,0.166666666666667,0,0.166666666666667,NA,NA,NA,NA,NA,NA
"239",6,6,0,0,6,0,0,0,6,0,0,0,3,0,0,0,0,2,0,0,0,0,0,0,1,0,0,0,3,0,0,0,0,2,0,0,1,0,0,0,1,0,0,0,3,0,0,0,0.222222222222222,0.222222222222222,0,0,0.222222222222222,0,0,0,0.222222222222222,0,0,0,0.111111111111111,0,0,0,0,0.333333333333333,NA,NA,0,NA,NA,NA,0.166666666666667,NA,NA,NA,1,NA,NA,NA,0,0.333333333333333,NA,NA,0.166666666666667,NA,NA,NA,0.166666666666667,NA,NA,NA,1,NA,NA,NA,0,1,0,0,1,0,0,0,1,0,0,0,0,0,0,0,6,3,0,0,5,0,0,0,4,0,0,0,0,0,0,0,0,1,0,0,0,0,0,0,0,0,0,0,3,0,0,0,0,1,0,0,0,0,0,0,1,0,0,0,0,0,0,0,0,0.166666666666667,NA,NA,0.166666666666667,NA,NA,NA,0.166666666666667,NA,NA,NA,0,NA,NA,NA,1,0.5,NA,NA,0.833333333333333,NA,NA,NA,0.666666666666667,NA,NA,NA,0,NA,NA,NA,0,0.166666666666667,NA,NA,0,NA,NA,NA,0,NA,NA,NA,1,NA,NA,NA,0,0.166666666666667,NA,NA,0,NA,NA,NA,0.166666666666667,NA,NA,NA,0,NA,NA,NA
"240",3,3,3,6,3,6,6,6,3,3,0,6,0,0,0,0,0,0,0,1,0,1,1,2,0,1,0,2,0,0,0,0,0,0,1,4,0,2,4,3,0,2,0,4,0,0,0,0,0.0625,0.0625,0.0625,0.125,0.0625,0.125,0.125,0.125,0.0625,0.0625,0,0.125,0,0,0,0,0,0,0,0.166666666666667,0,0.166666666666667,0.166666666666667,0.333333333333333,0,0.333333333333333,NA,0.333333333333333,NA,NA,NA,NA,0,0,0.333333333333333,0.666666666666667,0,0.333333333333333,0.666666666666667,0.5,0,0.666666666666667,NA,0.666666666666667,NA,NA,NA,NA,0,0,1,3,0,2,3,2,0,1,0,2,0,0,0,0,3,3,2,2,3,3,2,2,3,1,0,2,0,0,0,0,0,0,0,1,0,0,1,1,0,1,0,2,0,0,0,0,0,0,0,0,0,1,0,1,0,0,0,0,0,0,0,0,0,0,0.333333333333333,0.5,0,0.333333333333333,0.5,0.333333333333333,0,0.333333333333333,NA,0.333333333333333,NA,NA,NA,NA,1,1,0.666666666666667,0.333333333333333,1,0.5,0.333333333333333,0.333333333333333,1,0.333333333333333,NA,0.333333333333333,NA,NA,NA,NA,0,0,0,0.166666666666667,0,0,0.166666666666667,0.166666666666667,0,0.333333333333333,NA,0.333333333333333,NA,NA,NA,NA,0,0,0,0,0,0.166666666666667,0,0.166666666666667,0,0,NA,0,NA,NA,NA,NA
"241",3,3,3,3,6,6,6,6,6,0,0,0,6,0,0,0,0,0,0,0,0,0,2,1,1,0,0,0,1,0,0,0,0,0,1,0,0,4,3,5,1,0,0,0,1,0,0,0,0.0625,0.0625,0.0625,0.0625,0.125,0.125,0.125,0.125,0.125,0,0,0,0.125,0,0,0,0,0,0,0,0,0,0.333333333333333,0.166666666666667,0.166666666666667,NA,NA,NA,0.166666666666667,NA,NA,NA,0,0,0.333333333333333,0,0,0.666666666666667,0.5,0.833333333333333,0.166666666666667,NA,NA,NA,0.166666666666667,NA,NA,NA,0,0,1,0,0,4,1,4,1,0,0,0,1,0,0,0,3,3,2,3,6,2,3,1,4,0,0,0,4,0,0,0,0,0,0,0,0,0,2,1,0,0,0,0,0,0,0,0,0,0,0,0,0,0,0,0,1,0,0,0,1,0,0,0,0,0,0.333333333333333,0,0,0.666666666666667,0.166666666666667,0.666666666666667,0.166666666666667,NA,NA,NA,0.166666666666667,NA,NA,NA,1,1,0.666666666666667,1,1,0.333333333333333,0.5,0.166666666666667,0.666666666666667,NA,NA,NA,0.666666666666667,NA,NA,NA,0,0,0,0,0,0,0.333333333333333,0.166666666666667,0,NA,NA,NA,0,NA,NA,NA,0,0,0,0,0,0,0,0,0.166666666666667,NA,NA,NA,0.166666666666667,NA,NA,NA
"242",3,6,6,3,3,6,6,6,3,3,0,3,0,0,0,0,0,1,1,0,0,0,3,1,1,2,0,1,0,0,0,0,0,0,2,1,1,3,4,3,0,3,0,2,0,0,0,0,0.0625,0.125,0.125,0.0625,0.0625,0.125,0.125,0.125,0.0625,0.0625,0,0.0625,0,0,0,0,0,0.166666666666667,0.166666666666667,0,0,0,0.5,0.166666666666667,0.333333333333333,0.666666666666667,NA,0.333333333333333,NA,NA,NA,NA,0,0,0.333333333333333,0.333333333333333,0.333333333333333,0.5,0.666666666666667,0.5,0,1,NA,0.666666666666667,NA,NA,NA,NA,0,0,2,1,1,3,1,2,0,1,0,1,0,0,0,0,3,5,3,2,2,3,2,3,2,0,0,1,0,0,0,0,0,0,0,0,0,0,3,1,0,2,0,1,0,0,0,0,0,1,1,0,0,0,0,0,1,0,0,0,0,0,0,0,0,0,0.333333333333333,0.333333333333333,0.333333333333333,0.5,0.166666666666667,0.333333333333333,0,0.333333333333333,NA,0.333333333333333,NA,NA,NA,NA,1,0.833333333333333,0.5,0.666666666666667,0.666666666666667,0.5,0.333333333333333,0.5,0.666666666666667,0,NA,0.333333333333333,NA,NA,NA,NA,0,0,0,0,0,0,0.5,0.166666666666667,0,0.666666666666667,NA,0.333333333333333,NA,NA,NA,NA,0,0.166666666666667,0.166666666666667,0,0,0,0,0,0.333333333333333,0,NA,0,NA,NA,NA,NA
"243",3,3,6,0,6,6,0,0,6,0,0,0,6,0,0,0,0,0,0,0,1,2,0,0,0,0,0,0,2,0,0,0,0,0,5,0,0,3,0,0,1,0,0,0,1,0,0,0,0.0833333333333333,0.0833333333333333,0.166666666666667,0,0.166666666666667,0.166666666666667,0,0,0.166666666666667,0,0,0,0.166666666666667,0,0,0,0,0,0,NA,0.166666666666667,0.333333333333333,NA,NA,0,NA,NA,NA,0.333333333333333,NA,NA,NA,0,0,0.833333333333333,NA,0,0.5,NA,NA,0.166666666666667,NA,NA,NA,0.166666666666667,NA,NA,NA,0,0,5,0,0,2,0,0,1,0,0,0,1,0,0,0,3,3,1,0,5,2,0,0,5,0,0,0,3,0,0,0,0,0,0,0,0,1,0,0,0,0,0,0,0,0,0,0,0,0,0,0,1,1,0,0,0,0,0,0,2,0,0,0,0,0,0.833333333333333,NA,0,0.333333333333333,NA,NA,0.166666666666667,NA,NA,NA,0.166666666666667,NA,NA,NA,1,1,0.166666666666667,NA,0.833333333333333,0.333333333333333,NA,NA,0.833333333333333,NA,NA,NA,0.5,NA,NA,NA,0,0,0,NA,0,0.166666666666667,NA,NA,0,NA,NA,NA,0,NA,NA,NA,0,0,0,NA,0.166666666666667,0.166666666666667,NA,NA,0,NA,NA,NA,0.333333333333333,NA,NA,NA
"244",3,6,0,0,3,0,0,0,3,0,0,0,6,0,0,0,0,0,0,0,0,0,0,0,0,0,0,0,1,0,0,0,0,3,0,0,1,0,0,0,0,0,0,0,2,0,0,0,0.142857142857143,0.285714285714286,0,0,0.142857142857143,0,0,0,0.142857142857143,0,0,0,0.285714285714286,0,0,0,0,0,NA,NA,0,NA,NA,NA,0,NA,NA,NA,0.166666666666667,NA,NA,NA,0,0.5,NA,NA,0.333333333333333,NA,NA,NA,0,NA,NA,NA,0.333333333333333,NA,NA,NA,0,3,0,0,1,0,0,0,0,0,0,0,1,0,0,0,3,3,0,0,2,0,0,0,3,0,0,0,4,0,0,0,0,0,0,0,0,0,0,0,0,0,0,0,1,0,0,0,0,0,0,0,0,0,0,0,0,0,0,0,0,0,0,0,0,0.5,NA,NA,0.333333333333333,NA,NA,NA,0,NA,NA,NA,0.166666666666667,NA,NA,NA,1,0.5,NA,NA,0.666666666666667,NA,NA,NA,1,NA,NA,NA,0.666666666666667,NA,NA,NA,0,0,NA,NA,0,NA,NA,NA,0,NA,NA,NA,0.166666666666667,NA,NA,NA,0,0,NA,NA,0,NA,NA,NA,0,NA,NA,NA,0,NA,NA,NA
"245",3,6,0,0,3,0,0,0,6,0,0,0,0,0,0,0,0,0,0,0,0,0,0,0,0,0,0,0,0,0,0,0,1,3,0,0,1,0,0,0,3,0,0,0,0,0,0,0,0.166666666666667,0.333333333333333,0,0,0.166666666666667,0,0,0,0.333333333333333,0,0,0,0,0,0,0,0,0,NA,NA,0,NA,NA,NA,0,NA,NA,NA,NA,NA,NA,NA,0.333333333333333,0.5,NA,NA,0.333333333333333,NA,NA,NA,0.5,NA,NA,NA,NA,NA,NA,NA,1,3,0,0,1,0,0,0,3,0,0,0,0,0,0,0,2,3,0,0,2,0,0,0,3,0,0,0,0,0,0,0,0,0,0,0,0,0,0,0,0,0,0,0,0,0,0,0,0,0,0,0,0,0,0,0,0,0,0,0,0,0,0,0,0.333333333333333,0.5,NA,NA,0.333333333333333,NA,NA,NA,0.5,NA,NA,NA,NA,NA,NA,NA,0.666666666666667,0.5,NA,NA,0.666666666666667,NA,NA,NA,0.5,NA,NA,NA,NA,NA,NA,NA,0,0,NA,NA,0,NA,NA,NA,0,NA,NA,NA,NA,NA,NA,NA,0,0,NA,NA,0,NA,NA,NA,0,NA,NA,NA,NA,NA,NA,NA
"246",6,6,0,0,6,0,0,0,3,0,0,0,0,0,0,0,0,2,0,0,0,0,0,0,1,0,0,0,0,0,0,0,0,1,0,0,2,0,0,0,0,0,0,0,0,0,0,0,0.285714285714286,0.285714285714286,0,0,0.285714285714286,0,0,0,0.142857142857143,0,0,0,0,0,0,0,0,0.333333333333333,NA,NA,0,NA,NA,NA,0.333333333333333,NA,NA,NA,NA,NA,NA,NA,0,0.166666666666667,NA,NA,0.333333333333333,NA,NA,NA,0,NA,NA,NA,NA,NA,NA,NA,0,1,0,0,2,0,0,0,0,0,0,0,0,0,0,0,6,3,0,0,4,0,0,0,2,0,0,0,0,0,0,0,0,0,0,0,0,0,0,0,0,0,0,0,0,0,0,0,0,2,0,0,0,0,0,0,1,0,0,0,0,0,0,0,0,0.166666666666667,NA,NA,0.333333333333333,NA,NA,NA,0,NA,NA,NA,NA,NA,NA,NA,1,0.5,NA,NA,0.666666666666667,NA,NA,NA,0.666666666666667,NA,NA,NA,NA,NA,NA,NA,0,0,NA,NA,0,NA,NA,NA,0,NA,NA,NA,NA,NA,NA,NA,0,0.333333333333333,NA,NA,0,NA,NA,NA,0.333333333333333,NA,NA,NA,NA,NA,NA,NA
"247",3,3,3,3,0,3,6,6,6,6,3,0,6,0,0,0,0,0,0,0,0,0,0,1,0,0,1,0,2,0,0,0,0,1,1,0,0,1,4,5,0,4,3,0,2,0,0,0,0.0625,0.0625,0.0625,0.0625,0,0.0625,0.125,0.125,0.125,0.125,0.0625,0,0.125,0,0,0,0,0,0,0,NA,0,0,0.166666666666667,0,0,0.333333333333333,NA,0.333333333333333,NA,NA,NA,0,0.333333333333333,0.333333333333333,0,NA,0.333333333333333,0.666666666666667,0.833333333333333,0,0.666666666666667,1,NA,0.333333333333333,NA,NA,NA,0,1,1,0,0,1,4,4,0,4,2,0,2,0,0,0,3,2,2,3,0,2,2,1,6,2,0,0,2,0,0,0,0,0,0,0,0,0,0,1,0,0,1,0,0,0,0,0,0,0,0,0,0,0,0,0,0,0,0,0,2,0,0,0,0,0.333333333333333,0.333333333333333,0,NA,0.333333333333333,0.666666666666667,0.666666666666667,0,0.666666666666667,0.666666666666667,NA,0.333333333333333,NA,NA,NA,1,0.666666666666667,0.666666666666667,1,NA,0.666666666666667,0.333333333333333,0.166666666666667,1,0.333333333333333,0,NA,0.333333333333333,NA,NA,NA,0,0,0,0,NA,0,0,0.166666666666667,0,0,0.333333333333333,NA,0,NA,NA,NA,0,0,0,0,NA,0,0,0,0,0,0,NA,0.333333333333333,NA,NA,NA
"248",3,6,6,6,0,3,6,0,6,6,0,0,6,0,0,0,0,0,1,0,0,0,3,0,0,0,0,0,2,0,0,0,0,1,2,5,0,1,4,0,0,5,0,0,3,0,0,0,0.0625,0.125,0.125,0.125,0,0.0625,0.125,0,0.125,0.125,0,0,0.125,0,0,0,0,0,0.166666666666667,0,NA,0,0.5,NA,0,0,NA,NA,0.333333333333333,NA,NA,NA,0,0.166666666666667,0.333333333333333,0.833333333333333,NA,0.333333333333333,0.666666666666667,NA,0,0.833333333333333,NA,NA,0.5,NA,NA,NA,0,1,1,5,0,1,3,0,0,5,0,0,2,0,0,0,3,5,4,1,0,2,0,0,6,1,0,0,2,0,0,0,0,0,1,0,0,0,1,0,0,0,0,0,1,0,0,0,0,0,0,0,0,0,2,0,0,0,0,0,1,0,0,0,0,0.166666666666667,0.166666666666667,0.833333333333333,NA,0.333333333333333,0.5,NA,0,0.833333333333333,NA,NA,0.333333333333333,NA,NA,NA,1,0.833333333333333,0.666666666666667,0.166666666666667,NA,0.666666666666667,0,NA,1,0.166666666666667,NA,NA,0.333333333333333,NA,NA,NA,0,0,0.166666666666667,0,NA,0,0.166666666666667,NA,0,0,NA,NA,0.166666666666667,NA,NA,NA,0,0,0,0,NA,0,0.333333333333333,NA,0,0,NA,NA,0.166666666666667,NA,NA,NA
"249",3,3,6,0,0,3,0,0,3,6,0,0,6,6,0,0,0,0,0,0,0,0,0,0,0,0,0,0,0,3,0,0,1,0,4,0,0,0,0,0,1,1,0,0,1,3,0,0,0.0833333333333333,0.0833333333333333,0.166666666666667,0,0,0.0833333333333333,0,0,0.0833333333333333,0.166666666666667,0,0,0.166666666666667,0.166666666666667,0,0,0,0,0,NA,NA,0,NA,NA,0,0,NA,NA,0,0.5,NA,NA,0.333333333333333,0,0.666666666666667,NA,NA,0,NA,NA,0.333333333333333,0.166666666666667,NA,NA,0.166666666666667,0.5,NA,NA,1,0,4,0,0,0,0,0,1,1,0,0,1,1,0,0,2,3,2,0,0,3,0,0,2,5,0,0,5,2,0,0,0,0,0,0,0,0,0,0,0,0,0,0,0,2,0,0,0,0,0,0,0,0,0,0,0,0,0,0,0,1,0,0,0.333333333333333,0,0.666666666666667,NA,NA,0,NA,NA,0.333333333333333,0.166666666666667,NA,NA,0.166666666666667,0.166666666666667,NA,NA,0.666666666666667,1,0.333333333333333,NA,NA,1,NA,NA,0.666666666666667,0.833333333333333,NA,NA,0.833333333333333,0.333333333333333,NA,NA,0,0,0,NA,NA,0,NA,NA,0,0,NA,NA,0,0.333333333333333,NA,NA,0,0,0,NA,NA,0,NA,NA,0,0,NA,NA,0,0.166666666666667,NA,NA
"250",3,3,3,6,6,6,6,0,0,0,0,0,0,0,0,0,0,0,0,0,2,0,0,0,0,0,0,0,0,0,0,0,0,0,0,5,0,4,3,0,0,0,0,0,0,0,0,0,0.0909090909090909,0.0909090909090909,0.0909090909090909,0.181818181818182,0.181818181818182,0.181818181818182,0.181818181818182,0,0,0,0,0,0,0,0,0,0,0,0,0,0.333333333333333,0,0,NA,NA,NA,NA,NA,NA,NA,NA,NA,0,0,0,0.833333333333333,0,0.666666666666667,0.5,NA,NA,NA,NA,NA,NA,NA,NA,NA,0,0,0,5,0,4,3,0,0,0,0,0,0,0,0,0,3,3,3,1,4,2,3,0,0,0,0,0,0,0,0,0,0,0,0,0,0,0,0,0,0,0,0,0,0,0,0,0,0,0,0,0,2,0,0,0,0,0,0,0,0,0,0,0,0,0,0,0.833333333333333,0,0.666666666666667,0.5,NA,NA,NA,NA,NA,NA,NA,NA,NA,1,1,1,0.166666666666667,0.666666666666667,0.333333333333333,0.5,NA,NA,NA,NA,NA,NA,NA,NA,NA,0,0,0,0,0,0,0,NA,NA,NA,NA,NA,NA,NA,NA,NA,0,0,0,0,0.333333333333333,0,0,NA,NA,NA,NA,NA,NA,NA,NA,NA
"251",3,6,6,3,3,6,0,0,6,0,0,0,6,0,0,0,0,0,1,1,0,2,0,0,0,0,0,0,1,0,0,0,0,2,2,1,0,2,0,0,2,0,0,0,1,0,0,0,0.0769230769230769,0.153846153846154,0.153846153846154,0.0769230769230769,0.0769230769230769,0.153846153846154,0,0,0.153846153846154,0,0,0,0.153846153846154,0,0,0,0,0,0.166666666666667,0.333333333333333,0,0.333333333333333,NA,NA,0,NA,NA,NA,0.166666666666667,NA,NA,NA,0,0.333333333333333,0.333333333333333,0.333333333333333,0,0.333333333333333,NA,NA,0.333333333333333,NA,NA,NA,0.166666666666667,NA,NA,NA,0,2,1,1,0,1,0,0,2,0,0,0,1,0,0,0,3,4,4,1,3,3,0,0,4,0,0,0,4,0,0,0,0,0,1,0,0,1,0,0,0,0,0,0,0,0,0,0,0,0,0,1,0,1,0,0,0,0,0,0,1,0,0,0,0,0.333333333333333,0.166666666666667,0.333333333333333,0,0.166666666666667,NA,NA,0.333333333333333,NA,NA,NA,0.166666666666667,NA,NA,NA,1,0.666666666666667,0.666666666666667,0.333333333333333,1,0.5,NA,NA,0.666666666666667,NA,NA,NA,0.666666666666667,NA,NA,NA,0,0,0.166666666666667,0,0,0.166666666666667,NA,NA,0,NA,NA,NA,0,NA,NA,NA,0,0,0,0.333333333333333,0,0.166666666666667,NA,NA,0,NA,NA,NA,0.166666666666667,NA,NA,NA
"252",3,6,3,0,6,0,0,0,6,0,0,0,0,0,0,0,0,1,1,0,0,0,0,0,2,0,0,0,0,0,0,0,0,1,0,0,0,0,0,0,0,0,0,0,0,0,0,0,0.125,0.25,0.125,0,0.25,0,0,0,0.25,0,0,0,0,0,0,0,0,0.166666666666667,0.333333333333333,NA,0,NA,NA,NA,0.333333333333333,NA,NA,NA,NA,NA,NA,NA,0,0.166666666666667,0,NA,0,NA,NA,NA,0,NA,NA,NA,NA,NA,NA,NA,0,0,0,0,0,0,0,0,0,0,0,0,0,0,0,0,3,5,2,0,6,0,0,0,4,0,0,0,0,0,0,0,0,1,0,0,0,0,0,0,0,0,0,0,0,0,0,0,0,0,1,0,0,0,0,0,2,0,0,0,0,0,0,0,0,0,0,NA,0,NA,NA,NA,0,NA,NA,NA,NA,NA,NA,NA,1,0.833333333333333,0.666666666666667,NA,1,NA,NA,NA,0.666666666666667,NA,NA,NA,NA,NA,NA,NA,0,0.166666666666667,0,NA,0,NA,NA,NA,0,NA,NA,NA,NA,NA,NA,NA,0,0,0.333333333333333,NA,0,NA,NA,NA,0.333333333333333,NA,NA,NA,NA,NA,NA,NA
"253",6,3,3,6,6,6,6,3,3,3,0,0,3,0,0,0,1,0,0,0,1,1,2,3,0,1,0,0,1,0,0,0,2,1,1,2,0,2,2,2,0,1,0,0,1,0,0,0,0.125,0.0625,0.0625,0.125,0.125,0.125,0.125,0.0625,0.0625,0.0625,0,0,0.0625,0,0,0,0.166666666666667,0,0,0,0.166666666666667,0.166666666666667,0.333333333333333,1,0,0.333333333333333,NA,NA,0.333333333333333,NA,NA,NA,0.333333333333333,0.333333333333333,0.333333333333333,0.333333333333333,0,0.333333333333333,0.333333333333333,0.666666666666667,0,0.333333333333333,NA,NA,0.333333333333333,NA,NA,NA,2,1,1,2,0,2,2,0,0,1,0,0,1,0,0,0,3,2,2,4,5,3,2,0,3,1,0,0,1,0,0,0,0,0,0,0,0,0,0,2,0,0,0,0,0,0,0,0,1,0,0,0,1,1,2,1,0,1,0,0,1,0,0,0,0.333333333333333,0.333333333333333,0.333333333333333,0.333333333333333,0,0.333333333333333,0.333333333333333,0,0,0.333333333333333,NA,NA,0.333333333333333,NA,NA,NA,0.5,0.666666666666667,0.666666666666667,0.666666666666667,0.833333333333333,0.5,0.333333333333333,0,1,0.333333333333333,NA,NA,0.333333333333333,NA,NA,NA,0,0,0,0,0,0,0,0.666666666666667,0,0,NA,NA,0,NA,NA,NA,0.166666666666667,0,0,0,0.166666666666667,0.166666666666667,0.333333333333333,0.333333333333333,0,0.333333333333333,NA,NA,0.333333333333333,NA,NA,NA
"254",3,3,6,6,3,3,6,3,3,6,6,0,0,0,0,0,0,0,0,1,0,0,1,2,1,0,3,0,0,0,0,0,0,0,1,2,0,0,2,3,1,5,5,0,0,0,0,0,0.0625,0.0625,0.125,0.125,0.0625,0.0625,0.125,0.0625,0.0625,0.125,0.125,0,0,0,0,0,0,0,0,0.166666666666667,0,0,0.166666666666667,0.666666666666667,0.333333333333333,0,0.5,NA,NA,NA,NA,NA,0,0,0.166666666666667,0.333333333333333,0,0,0.333333333333333,1,0.333333333333333,0.833333333333333,0.833333333333333,NA,NA,NA,NA,NA,0,0,1,2,0,0,2,1,0,5,3,0,0,0,0,0,3,3,5,3,3,3,3,0,2,1,0,0,0,0,0,0,0,0,0,0,0,0,0,2,1,0,2,0,0,0,0,0,0,0,0,1,0,0,1,0,0,0,1,0,0,0,0,0,0,0,0.166666666666667,0.333333333333333,0,0,0.333333333333333,0.333333333333333,0,0.833333333333333,0.5,NA,NA,NA,NA,NA,1,1,0.833333333333333,0.5,1,1,0.5,0,0.666666666666667,0.166666666666667,0,NA,NA,NA,NA,NA,0,0,0,0,0,0,0,0.666666666666667,0.333333333333333,0,0.333333333333333,NA,NA,NA,NA,NA,0,0,0,0.166666666666667,0,0,0.166666666666667,0,0,0,0.166666666666667,NA,NA,NA,NA,NA
"255",3,3,3,6,0,0,6,6,3,6,6,0,6,0,0,0,0,0,0,0,0,0,1,2,0,1,0,0,1,0,0,0,0,1,1,2,0,0,2,3,1,4,5,0,4,0,0,0,0.0625,0.0625,0.0625,0.125,0,0,0.125,0.125,0.0625,0.125,0.125,0,0.125,0,0,0,0,0,0,0,NA,NA,0.166666666666667,0.333333333333333,0,0.166666666666667,0,NA,0.166666666666667,NA,NA,NA,0,0.333333333333333,0.333333333333333,0.333333333333333,NA,NA,0.333333333333333,0.5,0.333333333333333,0.666666666666667,0.833333333333333,NA,0.666666666666667,NA,NA,NA,0,1,1,2,0,0,2,2,1,3,5,0,3,0,0,0,3,2,2,4,0,0,3,2,2,2,1,0,2,0,0,0,0,0,0,0,0,0,0,1,0,1,0,0,1,0,0,0,0,0,0,0,0,0,1,1,0,0,0,0,0,0,0,0,0,0.333333333333333,0.333333333333333,0.333333333333333,NA,NA,0.333333333333333,0.333333333333333,0.333333333333333,0.5,0.833333333333333,NA,0.5,NA,NA,NA,1,0.666666666666667,0.666666666666667,0.666666666666667,NA,NA,0.5,0.333333333333333,0.666666666666667,0.333333333333333,0.166666666666667,NA,0.333333333333333,NA,NA,NA,0,0,0,0,NA,NA,0,0.166666666666667,0,0.166666666666667,0,NA,0.166666666666667,NA,NA,NA,0,0,0,0,NA,NA,0.166666666666667,0.166666666666667,0,0,0,NA,0,NA,NA,NA
"256",3,6,6,3,3,6,0,0,6,6,0,0,6,0,0,0,0,0,1,1,0,0,0,0,0,2,0,0,2,0,0,0,0,1,2,1,1,1,0,0,1,5,0,0,0,0,0,0,0.0666666666666667,0.133333333333333,0.133333333333333,0.0666666666666667,0.0666666666666667,0.133333333333333,0,0,0.133333333333333,0.133333333333333,0,0,0.133333333333333,0,0,0,0,0,0.166666666666667,0.333333333333333,0,0,NA,NA,0,0.333333333333333,NA,NA,0.333333333333333,NA,NA,NA,0,0.166666666666667,0.333333333333333,0.333333333333333,0.333333333333333,0.166666666666667,NA,NA,0.166666666666667,0.833333333333333,NA,NA,0,NA,NA,NA,0,1,2,0,1,1,0,0,1,3,0,0,0,0,0,0,3,5,3,2,2,5,0,0,5,1,0,0,4,0,0,0,0,0,0,1,0,0,0,0,0,2,0,0,0,0,0,0,0,0,1,0,0,0,0,0,0,0,0,0,2,0,0,0,0,0.166666666666667,0.333333333333333,0,0.333333333333333,0.166666666666667,NA,NA,0.166666666666667,0.5,NA,NA,0,NA,NA,NA,1,0.833333333333333,0.5,0.666666666666667,0.666666666666667,0.833333333333333,NA,NA,0.833333333333333,0.166666666666667,NA,NA,0.666666666666667,NA,NA,NA,0,0,0,0.333333333333333,0,0,NA,NA,0,0.333333333333333,NA,NA,0,NA,NA,NA,0,0,0.166666666666667,0,0,0,NA,NA,0,0,NA,NA,0.333333333333333,NA,NA,NA
"257",3,6,6,6,3,6,6,6,3,0,0,3,0,0,0,0,0,1,1,1,0,1,1,1,0,0,0,2,0,0,0,0,0,0,2,2,0,5,4,3,0,0,0,1,0,0,0,0,0.0625,0.125,0.125,0.125,0.0625,0.125,0.125,0.125,0.0625,0,0,0.0625,0,0,0,0,0,0.166666666666667,0.166666666666667,0.166666666666667,0,0.166666666666667,0.166666666666667,0.166666666666667,0,NA,NA,0.666666666666667,NA,NA,NA,NA,0,0,0.333333333333333,0.333333333333333,0,0.833333333333333,0.666666666666667,0.5,0,NA,NA,0.333333333333333,NA,NA,NA,NA,0,0,2,2,0,4,3,3,0,0,0,1,0,0,0,0,3,5,3,3,3,1,2,2,3,0,0,0,0,0,0,0,0,0,0,0,0,1,1,0,0,0,0,0,0,0,0,0,0,1,1,1,0,0,0,1,0,0,0,2,0,0,0,0,0,0,0.333333333333333,0.333333333333333,0,0.666666666666667,0.5,0.5,0,NA,NA,0.333333333333333,NA,NA,NA,NA,1,0.833333333333333,0.5,0.5,1,0.166666666666667,0.333333333333333,0.333333333333333,1,NA,NA,0,NA,NA,NA,NA,0,0,0,0,0,0.166666666666667,0.166666666666667,0,0,NA,NA,0,NA,NA,NA,NA,0,0.166666666666667,0.166666666666667,0.166666666666667,0,0,0,0.166666666666667,0,NA,NA,0.666666666666667,NA,NA,NA,NA
"258",3,3,6,6,0,3,6,0,6,6,0,0,3,0,0,0,0,0,0,0,0,0,0,0,1,1,0,0,1,0,0,0,0,0,2,4,0,0,4,0,1,4,0,0,1,0,0,0,0.0714285714285714,0.0714285714285714,0.142857142857143,0.142857142857143,0,0.0714285714285714,0.142857142857143,0,0.142857142857143,0.142857142857143,0,0,0.0714285714285714,0,0,0,0,0,0,0,NA,0,0,NA,0.166666666666667,0.166666666666667,NA,NA,0.333333333333333,NA,NA,NA,0,0,0.333333333333333,0.666666666666667,NA,0,0.666666666666667,NA,0.166666666666667,0.666666666666667,NA,NA,0.333333333333333,NA,NA,NA,0,0,2,4,0,0,4,0,1,3,0,0,1,0,0,0,3,3,4,2,0,3,2,0,4,2,0,0,1,0,0,0,0,0,0,0,0,0,0,0,0,1,0,0,0,0,0,0,0,0,0,0,0,0,0,0,1,0,0,0,1,0,0,0,0,0,0.333333333333333,0.666666666666667,NA,0,0.666666666666667,NA,0.166666666666667,0.5,NA,NA,0.333333333333333,NA,NA,NA,1,1,0.666666666666667,0.333333333333333,NA,1,0.333333333333333,NA,0.666666666666667,0.333333333333333,NA,NA,0.333333333333333,NA,NA,NA,0,0,0,0,NA,0,0,NA,0,0.166666666666667,NA,NA,0,NA,NA,NA,0,0,0,0,NA,0,0,NA,0.166666666666667,0,NA,NA,0.333333333333333,NA,NA,NA
"259",3,3,6,0,0,6,0,0,6,6,0,0,6,3,0,0,0,0,0,0,0,0,0,0,0,1,0,0,2,1,0,0,1,0,4,0,0,2,0,0,2,3,0,0,4,1,0,0,0.0769230769230769,0.0769230769230769,0.153846153846154,0,0,0.153846153846154,0,0,0.153846153846154,0.153846153846154,0,0,0.153846153846154,0.0769230769230769,0,0,0,0,0,NA,NA,0,NA,NA,0,0.166666666666667,NA,NA,0.333333333333333,0.333333333333333,NA,NA,0.333333333333333,0,0.666666666666667,NA,NA,0.333333333333333,NA,NA,0.333333333333333,0.5,NA,NA,0.666666666666667,0.333333333333333,NA,NA,1,0,4,0,0,2,0,0,2,2,0,0,2,1,0,0,2,3,2,0,0,4,0,0,4,3,0,0,2,1,0,0,0,0,0,0,0,0,0,0,0,1,0,0,2,0,0,0,0,0,0,0,0,0,0,0,0,0,0,0,0,1,0,0,0.333333333333333,0,0.666666666666667,NA,NA,0.333333333333333,NA,NA,0.333333333333333,0.333333333333333,NA,NA,0.333333333333333,0.333333333333333,NA,NA,0.666666666666667,1,0.333333333333333,NA,NA,0.666666666666667,NA,NA,0.666666666666667,0.5,NA,NA,0.333333333333333,0.333333333333333,NA,NA,0,0,0,NA,NA,0,NA,NA,0,0.166666666666667,NA,NA,0.333333333333333,0,NA,NA,0,0,0,NA,NA,0,NA,NA,0,0,NA,NA,0,0.333333333333333,NA,NA
"260",3,3,3,3,0,3,6,6,3,6,3,0,6,3,0,0,0,0,0,0,0,0,1,0,0,1,2,0,0,1,0,0,0,0,0,0,0,0,3,4,0,3,3,0,4,3,0,0,0.0625,0.0625,0.0625,0.0625,0,0.0625,0.125,0.125,0.0625,0.125,0.0625,0,0.125,0.0625,0,0,0,0,0,0,NA,0,0.166666666666667,0,0,0.166666666666667,0.666666666666667,NA,0,0.333333333333333,NA,NA,0,0,0,0,NA,0,0.5,0.666666666666667,0,0.5,1,NA,0.666666666666667,1,NA,NA,0,0,0,0,0,0,2,4,0,2,1,0,4,2,0,0,3,3,3,3,0,3,3,2,3,3,0,0,2,0,0,0,0,0,0,0,0,0,1,0,0,1,2,0,0,1,0,0,0,0,0,0,0,0,0,0,0,0,0,0,0,0,0,0,0,0,0,0,NA,0,0.333333333333333,0.666666666666667,0,0.333333333333333,0.333333333333333,NA,0.666666666666667,0.666666666666667,NA,NA,1,1,1,1,NA,1,0.5,0.333333333333333,1,0.5,0,NA,0.333333333333333,0,NA,NA,0,0,0,0,NA,0,0.166666666666667,0,0,0.166666666666667,0.666666666666667,NA,0,0.333333333333333,NA,NA,0,0,0,0,NA,0,0,0,0,0,0,NA,0,0,NA,NA
"261",3,3,6,6,6,6,0,0,6,0,0,0,0,0,0,0,0,0,0,2,0,1,0,0,2,0,0,0,0,0,0,0,1,1,1,4,0,3,0,0,0,0,0,0,0,0,0,0,0.0833333333333333,0.0833333333333333,0.166666666666667,0.166666666666667,0.166666666666667,0.166666666666667,0,0,0.166666666666667,0,0,0,0,0,0,0,0,0,0,0.333333333333333,0,0.166666666666667,NA,NA,0.333333333333333,NA,NA,NA,NA,NA,NA,NA,0.333333333333333,0.333333333333333,0.166666666666667,0.666666666666667,0,0.5,NA,NA,0,NA,NA,NA,NA,NA,NA,NA,1,1,1,2,0,3,0,0,0,0,0,0,0,0,0,0,2,2,5,2,6,2,0,0,4,0,0,0,0,0,0,0,0,0,0,2,0,0,0,0,0,0,0,0,0,0,0,0,0,0,0,0,0,1,0,0,2,0,0,0,0,0,0,0,0.333333333333333,0.333333333333333,0.166666666666667,0.333333333333333,0,0.5,NA,NA,0,NA,NA,NA,NA,NA,NA,NA,0.666666666666667,0.666666666666667,0.833333333333333,0.333333333333333,1,0.333333333333333,NA,NA,0.666666666666667,NA,NA,NA,NA,NA,NA,NA,0,0,0,0.333333333333333,0,0,NA,NA,0,NA,NA,NA,NA,NA,NA,NA,0,0,0,0,0,0.166666666666667,NA,NA,0.333333333333333,NA,NA,NA,NA,NA,NA,NA
"262",3,3,3,6,6,6,6,0,3,6,0,0,0,0,0,0,0,0,0,0,1,0,0,0,1,2,0,0,0,0,0,0,0,0,1,3,1,2,4,0,0,4,0,0,0,0,0,0,0.0714285714285714,0.0714285714285714,0.0714285714285714,0.142857142857143,0.142857142857143,0.142857142857143,0.142857142857143,0,0.0714285714285714,0.142857142857143,0,0,0,0,0,0,0,0,0,0,0.166666666666667,0,0,NA,0.333333333333333,0.333333333333333,NA,NA,NA,NA,NA,NA,0,0,0.333333333333333,0.5,0.166666666666667,0.333333333333333,0.666666666666667,NA,0,0.666666666666667,NA,NA,NA,NA,NA,NA,0,0,1,3,1,2,4,0,0,2,0,0,0,0,0,0,3,3,2,3,4,4,2,0,2,2,0,0,0,0,0,0,0,0,0,0,0,0,0,0,0,2,0,0,0,0,0,0,0,0,0,0,1,0,0,0,1,0,0,0,0,0,0,0,0,0,0.333333333333333,0.5,0.166666666666667,0.333333333333333,0.666666666666667,NA,0,0.333333333333333,NA,NA,NA,NA,NA,NA,1,1,0.666666666666667,0.5,0.666666666666667,0.666666666666667,0.333333333333333,NA,0.666666666666667,0.333333333333333,NA,NA,NA,NA,NA,NA,0,0,0,0,0,0,0,NA,0,0.333333333333333,NA,NA,NA,NA,NA,NA,0,0,0,0,0.166666666666667,0,0,NA,0.333333333333333,0,NA,NA,NA,NA,NA,NA
"263",3,6,6,0,6,0,0,0,6,0,0,0,6,0,0,0,0,0,2,0,0,0,0,0,1,0,0,0,2,0,0,0,0,0,2,0,2,0,0,0,2,0,0,0,1,0,0,0,0.0909090909090909,0.181818181818182,0.181818181818182,0,0.181818181818182,0,0,0,0.181818181818182,0,0,0,0.181818181818182,0,0,0,0,0,0.333333333333333,NA,0,NA,NA,NA,0.166666666666667,NA,NA,NA,0.333333333333333,NA,NA,NA,0,0,0.333333333333333,NA,0.333333333333333,NA,NA,NA,0.333333333333333,NA,NA,NA,0.166666666666667,NA,NA,NA,0,0,2,0,2,0,0,0,2,0,0,0,1,0,0,0,3,6,2,0,4,0,0,0,3,0,0,0,3,0,0,0,0,0,0,0,0,0,0,0,0,0,0,0,0,0,0,0,0,0,2,0,0,0,0,0,1,0,0,0,2,0,0,0,0,0,0.333333333333333,NA,0.333333333333333,NA,NA,NA,0.333333333333333,NA,NA,NA,0.166666666666667,NA,NA,NA,1,1,0.333333333333333,NA,0.666666666666667,NA,NA,NA,0.5,NA,NA,NA,0.5,NA,NA,NA,0,0,0,NA,0,NA,NA,NA,0,NA,NA,NA,0,NA,NA,NA,0,0,0.333333333333333,NA,0,NA,NA,NA,0.166666666666667,NA,NA,NA,0.333333333333333,NA,NA,NA
"264",3,3,3,6,0,6,6,0,3,6,0,0,6,0,0,0,0,0,0,1,0,1,2,0,0,0,0,0,0,0,0,0,1,0,1,4,0,2,4,0,0,4,0,0,2,0,0,0,0.0714285714285714,0.0714285714285714,0.0714285714285714,0.142857142857143,0,0.142857142857143,0.142857142857143,0,0.0714285714285714,0.142857142857143,0,0,0.142857142857143,0,0,0,0,0,0,0.166666666666667,NA,0.166666666666667,0.333333333333333,NA,0,0,NA,NA,0,NA,NA,NA,0.333333333333333,0,0.333333333333333,0.666666666666667,NA,0.333333333333333,0.666666666666667,NA,0,0.666666666666667,NA,NA,0.333333333333333,NA,NA,NA,1,0,1,4,0,2,2,0,0,4,0,0,2,0,0,0,2,3,2,1,0,3,2,0,3,2,0,0,4,0,0,0,0,0,0,0,0,0,2,0,0,0,0,0,0,0,0,0,0,0,0,1,0,1,0,0,0,0,0,0,0,0,0,0,0.333333333333333,0,0.333333333333333,0.666666666666667,NA,0.333333333333333,0.333333333333333,NA,0,0.666666666666667,NA,NA,0.333333333333333,NA,NA,NA,0.666666666666667,1,0.666666666666667,0.166666666666667,NA,0.5,0.333333333333333,NA,1,0.333333333333333,NA,NA,0.666666666666667,NA,NA,NA,0,0,0,0,NA,0,0.333333333333333,NA,0,0,NA,NA,0,NA,NA,NA,0,0,0,0.166666666666667,NA,0.166666666666667,0,NA,0,0,NA,NA,0,NA,NA,NA
"265",6,3,3,6,0,6,6,6,3,6,0,3,0,0,0,0,0,0,0,0,0,1,1,1,0,1,0,1,0,0,0,0,2,1,0,2,0,1,5,2,0,3,0,3,0,0,0,0,0.125,0.0625,0.0625,0.125,0,0.125,0.125,0.125,0.0625,0.125,0,0.0625,0,0,0,0,0,0,0,0,NA,0.166666666666667,0.166666666666667,0.166666666666667,0,0.166666666666667,NA,0.333333333333333,NA,NA,NA,NA,0.333333333333333,0.333333333333333,0,0.333333333333333,NA,0.166666666666667,0.833333333333333,0.333333333333333,0,0.5,NA,1,NA,NA,NA,NA,2,1,0,2,0,1,4,2,0,2,0,2,0,0,0,0,4,2,3,4,0,4,1,3,3,3,0,0,0,0,0,0,0,0,0,0,0,0,1,0,0,1,0,1,0,0,0,0,0,0,0,0,0,1,0,1,0,0,0,0,0,0,0,0,0.333333333333333,0.333333333333333,0,0.333333333333333,NA,0.166666666666667,0.666666666666667,0.333333333333333,0,0.333333333333333,NA,0.666666666666667,NA,NA,NA,NA,0.666666666666667,0.666666666666667,1,0.666666666666667,NA,0.666666666666667,0.166666666666667,0.5,1,0.5,NA,0,NA,NA,NA,NA,0,0,0,0,NA,0,0.166666666666667,0,0,0.166666666666667,NA,0.333333333333333,NA,NA,NA,NA,0,0,0,0,NA,0.166666666666667,0,0.166666666666667,0,0,NA,0,NA,NA,NA,NA
"266",6,3,3,6,3,6,6,6,0,6,3,0,0,0,0,0,1,0,0,0,0,0,0,2,0,2,2,0,0,0,0,0,1,1,0,3,1,2,4,3,0,4,2,0,0,0,0,0,0.125,0.0625,0.0625,0.125,0.0625,0.125,0.125,0.125,0,0.125,0.0625,0,0,0,0,0,0.166666666666667,0,0,0,0,0,0,0.333333333333333,NA,0.333333333333333,0.666666666666667,NA,NA,NA,NA,NA,0.166666666666667,0.333333333333333,0,0.5,0.333333333333333,0.333333333333333,0.666666666666667,0.5,NA,0.666666666666667,0.666666666666667,NA,NA,NA,NA,NA,1,1,0,3,1,2,4,2,0,3,1,0,0,0,0,0,4,2,3,3,2,4,2,2,0,1,0,0,0,0,0,0,0,0,0,0,0,0,0,1,0,1,1,0,0,0,0,0,1,0,0,0,0,0,0,1,0,1,1,0,0,0,0,0,0.166666666666667,0.333333333333333,0,0.5,0.333333333333333,0.333333333333333,0.666666666666667,0.333333333333333,NA,0.5,0.333333333333333,NA,NA,NA,NA,NA,0.666666666666667,0.666666666666667,1,0.5,0.666666666666667,0.666666666666667,0.333333333333333,0.333333333333333,NA,0.166666666666667,0,NA,NA,NA,NA,NA,0,0,0,0,0,0,0,0.166666666666667,NA,0.166666666666667,0.333333333333333,NA,NA,NA,NA,NA,0.166666666666667,0,0,0,0,0,0,0.166666666666667,NA,0.166666666666667,0.333333333333333,NA,NA,NA,NA,NA
"267",6,6,3,0,6,0,0,0,6,0,0,0,0,0,0,0,0,1,1,0,0,0,0,0,2,0,0,0,0,0,0,0,0,0,1,0,1,0,0,0,2,0,0,0,0,0,0,0,0.222222222222222,0.222222222222222,0.111111111111111,0,0.222222222222222,0,0,0,0.222222222222222,0,0,0,0,0,0,0,0,0.166666666666667,0.333333333333333,NA,0,NA,NA,NA,0.333333333333333,NA,NA,NA,NA,NA,NA,NA,0,0,0.333333333333333,NA,0.166666666666667,NA,NA,NA,0.333333333333333,NA,NA,NA,NA,NA,NA,NA,0,0,1,0,1,0,0,0,1,0,0,0,0,0,0,0,6,5,1,0,5,0,0,0,3,0,0,0,0,0,0,0,0,0,0,0,0,0,0,0,1,0,0,0,0,0,0,0,0,1,1,0,0,0,0,0,1,0,0,0,0,0,0,0,0,0,0.333333333333333,NA,0.166666666666667,NA,NA,NA,0.166666666666667,NA,NA,NA,NA,NA,NA,NA,1,0.833333333333333,0.333333333333333,NA,0.833333333333333,NA,NA,NA,0.5,NA,NA,NA,NA,NA,NA,NA,0,0,0,NA,0,NA,NA,NA,0.166666666666667,NA,NA,NA,NA,NA,NA,NA,0,0.166666666666667,0.333333333333333,NA,0,NA,NA,NA,0.166666666666667,NA,NA,NA,NA,NA,NA,NA
"268",6,3,3,6,6,6,6,3,6,0,0,0,0,0,0,0,1,0,0,0,1,1,1,2,2,0,0,0,0,0,0,0,1,0,1,3,0,3,4,3,1,0,0,0,0,0,0,0,0.133333333333333,0.0666666666666667,0.0666666666666667,0.133333333333333,0.133333333333333,0.133333333333333,0.133333333333333,0.0666666666666667,0.133333333333333,0,0,0,0,0,0,0,0.166666666666667,0,0,0,0.166666666666667,0.166666666666667,0.166666666666667,0.666666666666667,0.333333333333333,NA,NA,NA,NA,NA,NA,NA,0.166666666666667,0,0.333333333333333,0.5,0,0.5,0.666666666666667,1,0.166666666666667,NA,NA,NA,NA,NA,NA,NA,0,0,1,3,0,3,4,1,0,0,0,0,0,0,0,0,5,3,2,3,5,2,1,0,4,0,0,0,0,0,0,0,1,0,0,0,0,0,0,2,1,0,0,0,0,0,0,0,0,0,0,0,1,1,1,0,1,0,0,0,0,0,0,0,0,0,0.333333333333333,0.5,0,0.5,0.666666666666667,0.333333333333333,0,NA,NA,NA,NA,NA,NA,NA,0.833333333333333,1,0.666666666666667,0.5,0.833333333333333,0.333333333333333,0.166666666666667,0,0.666666666666667,NA,NA,NA,NA,NA,NA,NA,0.166666666666667,0,0,0,0,0,0,0.666666666666667,0.166666666666667,NA,NA,NA,NA,NA,NA,NA,0,0,0,0,0.166666666666667,0.166666666666667,0.166666666666667,0,0.166666666666667,NA,NA,NA,NA,NA,NA,NA
"269",6,6,3,0,3,0,0,0,6,0,0,0,3,0,0,0,0,1,1,0,0,0,0,0,0,0,0,0,3,0,0,0,1,1,0,0,0,0,0,0,2,0,0,0,0,0,0,0,0.222222222222222,0.222222222222222,0.111111111111111,0,0.111111111111111,0,0,0,0.222222222222222,0,0,0,0.111111111111111,0,0,0,0,0.166666666666667,0.333333333333333,NA,0,NA,NA,NA,0,NA,NA,NA,1,NA,NA,NA,0.166666666666667,0.166666666666667,0,NA,0,NA,NA,NA,0.333333333333333,NA,NA,NA,0,NA,NA,NA,1,1,0,0,0,0,0,0,2,0,0,0,0,0,0,0,5,4,2,0,3,0,0,0,4,0,0,0,0,0,0,0,0,0,0,0,0,0,0,0,0,0,0,0,0,0,0,0,0,1,1,0,0,0,0,0,0,0,0,0,3,0,0,0,0.166666666666667,0.166666666666667,0,NA,0,NA,NA,NA,0.333333333333333,NA,NA,NA,0,NA,NA,NA,0.833333333333333,0.666666666666667,0.666666666666667,NA,1,NA,NA,NA,0.666666666666667,NA,NA,NA,0,NA,NA,NA,0,0,0,NA,0,NA,NA,NA,0,NA,NA,NA,0,NA,NA,NA,0,0.166666666666667,0.333333333333333,NA,0,NA,NA,NA,0,NA,NA,NA,1,NA,NA,NA
"270",3,6,6,3,3,6,0,0,3,3,0,0,6,0,0,0,0,0,1,1,0,1,0,0,0,1,0,0,0,0,0,0,0,1,2,3,0,3,0,0,0,1,0,0,4,0,0,0,0.0769230769230769,0.153846153846154,0.153846153846154,0.0769230769230769,0.0769230769230769,0.153846153846154,0,0,0.0769230769230769,0.0769230769230769,0,0,0.153846153846154,0,0,0,0,0,0.166666666666667,0.333333333333333,0,0.166666666666667,NA,NA,0,0.333333333333333,NA,NA,0,NA,NA,NA,0,0.166666666666667,0.333333333333333,1,0,0.5,NA,NA,0,0.333333333333333,NA,NA,0.666666666666667,NA,NA,NA,0,1,2,2,0,3,0,0,0,1,0,0,4,0,0,0,3,5,3,0,3,2,0,0,3,1,0,0,2,0,0,0,0,0,0,1,0,0,0,0,0,0,0,0,0,0,0,0,0,0,1,0,0,1,0,0,0,1,0,0,0,0,0,0,0,0.166666666666667,0.333333333333333,0.666666666666667,0,0.5,NA,NA,0,0.333333333333333,NA,NA,0.666666666666667,NA,NA,NA,1,0.833333333333333,0.5,0,1,0.333333333333333,NA,NA,1,0.333333333333333,NA,NA,0.333333333333333,NA,NA,NA,0,0,0,0.333333333333333,0,0,NA,NA,0,0,NA,NA,0,NA,NA,NA,0,0,0.166666666666667,0,0,0.166666666666667,NA,NA,0,0.333333333333333,NA,NA,0,NA,NA,NA
"271",3,3,6,3,6,6,0,0,0,0,0,0,0,0,0,0,0,0,0,1,0,0,0,0,0,0,0,0,0,0,0,0,0,0,3,1,3,4,0,0,0,0,0,0,0,0,0,0,0.111111111111111,0.111111111111111,0.222222222222222,0.111111111111111,0.222222222222222,0.222222222222222,0,0,0,0,0,0,0,0,0,0,0,0,0,0.333333333333333,0,0,NA,NA,NA,NA,NA,NA,NA,NA,NA,NA,0,0,0.5,0.333333333333333,0.5,0.666666666666667,NA,NA,NA,NA,NA,NA,NA,NA,NA,NA,0,0,3,1,3,4,0,0,0,0,0,0,0,0,0,0,3,3,3,1,3,2,0,0,0,0,0,0,0,0,0,0,0,0,0,0,0,0,0,0,0,0,0,0,0,0,0,0,0,0,0,1,0,0,0,0,0,0,0,0,0,0,0,0,0,0,0.5,0.333333333333333,0.5,0.666666666666667,NA,NA,NA,NA,NA,NA,NA,NA,NA,NA,1,1,0.5,0.333333333333333,0.5,0.333333333333333,NA,NA,NA,NA,NA,NA,NA,NA,NA,NA,0,0,0,0,0,0,NA,NA,NA,NA,NA,NA,NA,NA,NA,NA,0,0,0,0.333333333333333,0,0,NA,NA,NA,NA,NA,NA,NA,NA,NA,NA
"272",6,3,6,3,3,6,0,0,6,0,0,0,6,0,0,0,0,0,0,1,0,2,0,0,1,0,0,0,2,0,0,0,2,1,2,1,1,1,0,0,0,0,0,0,5,0,0,0,0.153846153846154,0.0769230769230769,0.153846153846154,0.0769230769230769,0.0769230769230769,0.153846153846154,0,0,0.153846153846154,0,0,0,0.153846153846154,0,0,0,0,0,0,0.333333333333333,0,0.333333333333333,NA,NA,0.166666666666667,NA,NA,NA,0.333333333333333,NA,NA,NA,0.333333333333333,0.333333333333333,0.333333333333333,0.333333333333333,0.333333333333333,0.166666666666667,NA,NA,0,NA,NA,NA,0.833333333333333,NA,NA,NA,2,1,2,1,1,0,0,0,0,0,0,0,3,0,0,0,4,2,4,1,2,4,0,0,5,0,0,0,1,0,0,0,0,0,0,0,0,1,0,0,0,0,0,0,2,0,0,0,0,0,0,1,0,1,0,0,1,0,0,0,0,0,0,0,0.333333333333333,0.333333333333333,0.333333333333333,0.333333333333333,0.333333333333333,0,NA,NA,0,NA,NA,NA,0.5,NA,NA,NA,0.666666666666667,0.666666666666667,0.666666666666667,0.333333333333333,0.666666666666667,0.666666666666667,NA,NA,0.833333333333333,NA,NA,NA,0.166666666666667,NA,NA,NA,0,0,0,0,0,0.166666666666667,NA,NA,0,NA,NA,NA,0.333333333333333,NA,NA,NA,0,0,0,0.333333333333333,0,0.166666666666667,NA,NA,0.166666666666667,NA,NA,NA,0,NA,NA,NA
"273",3,3,6,6,0,6,6,3,3,6,3,0,3,0,0,0,0,0,0,1,0,0,1,1,0,1,1,0,0,0,0,0,0,1,2,1,0,0,3,1,1,3,3,0,2,0,0,0,0.0625,0.0625,0.125,0.125,0,0.125,0.125,0.0625,0.0625,0.125,0.0625,0,0.0625,0,0,0,0,0,0,0.166666666666667,NA,0,0.166666666666667,0.333333333333333,0,0.166666666666667,0.333333333333333,NA,0,NA,NA,NA,0,0.333333333333333,0.333333333333333,0.166666666666667,NA,0,0.5,0.333333333333333,0.333333333333333,0.5,1,NA,0.666666666666667,NA,NA,NA,0,1,2,1,0,0,2,0,1,2,2,0,2,0,0,0,3,2,4,4,0,6,3,2,2,3,0,0,1,0,0,0,0,0,0,0,0,0,1,1,0,1,1,0,0,0,0,0,0,0,0,1,0,0,0,0,0,0,0,0,0,0,0,0,0,0.333333333333333,0.333333333333333,0.166666666666667,NA,0,0.333333333333333,0,0.333333333333333,0.333333333333333,0.666666666666667,NA,0.666666666666667,NA,NA,NA,1,0.666666666666667,0.666666666666667,0.666666666666667,NA,1,0.5,0.666666666666667,0.666666666666667,0.5,0,NA,0.333333333333333,NA,NA,NA,0,0,0,0,NA,0,0.166666666666667,0.333333333333333,0,0.166666666666667,0.333333333333333,NA,0,NA,NA,NA,0,0,0,0.166666666666667,NA,0,0,0,0,0,0,NA,0,NA,NA,NA
"274",6,6,3,0,6,0,0,0,6,0,0,0,0,0,0,0,0,1,1,0,0,0,0,0,2,0,0,0,0,0,0,0,0,2,1,0,1,0,0,0,3,0,0,0,0,0,0,0,0.222222222222222,0.222222222222222,0.111111111111111,0,0.222222222222222,0,0,0,0.222222222222222,0,0,0,0,0,0,0,0,0.166666666666667,0.333333333333333,NA,0,NA,NA,NA,0.333333333333333,NA,NA,NA,NA,NA,NA,NA,0,0.333333333333333,0.333333333333333,NA,0.166666666666667,NA,NA,NA,0.5,NA,NA,NA,NA,NA,NA,NA,0,2,1,0,1,0,0,0,2,0,0,0,0,0,0,0,6,3,1,0,5,0,0,0,2,0,0,0,0,0,0,0,0,0,0,0,0,0,0,0,1,0,0,0,0,0,0,0,0,1,1,0,0,0,0,0,1,0,0,0,0,0,0,0,0,0.333333333333333,0.333333333333333,NA,0.166666666666667,NA,NA,NA,0.333333333333333,NA,NA,NA,NA,NA,NA,NA,1,0.5,0.333333333333333,NA,0.833333333333333,NA,NA,NA,0.333333333333333,NA,NA,NA,NA,NA,NA,NA,0,0,0,NA,0,NA,NA,NA,0.166666666666667,NA,NA,NA,NA,NA,NA,NA,0,0.166666666666667,0.333333333333333,NA,0,NA,NA,NA,0.166666666666667,NA,NA,NA,NA,NA,NA,NA
"275",3,3,3,6,6,6,6,6,3,0,3,0,3,0,0,0,0,0,0,0,0,2,1,4,0,0,1,0,2,0,0,0,0,1,1,1,2,3,3,6,1,0,1,0,1,0,0,0,0.0625,0.0625,0.0625,0.125,0.125,0.125,0.125,0.125,0.0625,0,0.0625,0,0.0625,0,0,0,0,0,0,0,0,0.333333333333333,0.166666666666667,0.666666666666667,0,NA,0.333333333333333,NA,0.666666666666667,NA,NA,NA,0,0.333333333333333,0.333333333333333,0.166666666666667,0.333333333333333,0.5,0.5,1,0.333333333333333,NA,0.333333333333333,NA,0.333333333333333,NA,NA,NA,0,1,1,1,2,2,2,2,1,0,0,0,1,0,0,0,3,2,2,5,4,2,3,0,2,0,2,0,0,0,0,0,0,0,0,0,0,1,1,4,0,0,1,0,0,0,0,0,0,0,0,0,0,1,0,0,0,0,0,0,2,0,0,0,0,0.333333333333333,0.333333333333333,0.166666666666667,0.333333333333333,0.333333333333333,0.333333333333333,0.333333333333333,0.333333333333333,NA,0,NA,0.333333333333333,NA,NA,NA,1,0.666666666666667,0.666666666666667,0.833333333333333,0.666666666666667,0.333333333333333,0.5,0,0.666666666666667,NA,0.666666666666667,NA,0,NA,NA,NA,0,0,0,0,0,0.166666666666667,0.166666666666667,0.666666666666667,0,NA,0.333333333333333,NA,0,NA,NA,NA,0,0,0,0,0,0.166666666666667,0,0,0,NA,0,NA,0.666666666666667,NA,NA,NA
"276",3,3,3,6,3,6,6,6,6,0,0,0,6,0,0,0,0,0,0,1,0,2,3,3,1,0,0,0,2,0,0,0,0,0,1,2,1,2,4,3,1,0,0,0,2,0,0,0,0.0625,0.0625,0.0625,0.125,0.0625,0.125,0.125,0.125,0.125,0,0,0,0.125,0,0,0,0,0,0,0.166666666666667,0,0.333333333333333,0.5,0.5,0.166666666666667,NA,NA,NA,0.333333333333333,NA,NA,NA,0,0,0.333333333333333,0.333333333333333,0.333333333333333,0.333333333333333,0.666666666666667,0.5,0.166666666666667,NA,NA,NA,0.333333333333333,NA,NA,NA,0,0,1,1,1,1,3,1,0,0,0,0,2,0,0,0,3,3,2,4,2,3,0,2,5,0,0,0,2,0,0,0,0,0,0,1,0,1,1,2,1,0,0,0,0,0,0,0,0,0,0,0,0,1,2,1,0,0,0,0,2,0,0,0,0,0,0.333333333333333,0.166666666666667,0.333333333333333,0.166666666666667,0.5,0.166666666666667,0,NA,NA,NA,0.333333333333333,NA,NA,NA,1,1,0.666666666666667,0.666666666666667,0.666666666666667,0.5,0,0.333333333333333,0.833333333333333,NA,NA,NA,0.333333333333333,NA,NA,NA,0,0,0,0.166666666666667,0,0.166666666666667,0.166666666666667,0.333333333333333,0.166666666666667,NA,NA,NA,0,NA,NA,NA,0,0,0,0,0,0.166666666666667,0.333333333333333,0.166666666666667,0,NA,NA,NA,0.333333333333333,NA,NA,NA
"277",6,3,0,0,6,0,0,0,6,0,0,0,0,0,0,0,1,1,0,0,0,0,0,0,2,0,0,0,0,0,0,0,1,0,0,0,0,0,0,0,1,0,0,0,0,0,0,0,0.285714285714286,0.142857142857143,0,0,0.285714285714286,0,0,0,0.285714285714286,0,0,0,0,0,0,0,0.166666666666667,0.333333333333333,NA,NA,0,NA,NA,NA,0.333333333333333,NA,NA,NA,NA,NA,NA,NA,0.166666666666667,0,NA,NA,0,NA,NA,NA,0.166666666666667,NA,NA,NA,NA,NA,NA,NA,0,0,0,0,0,0,0,0,0,0,0,0,0,0,0,0,5,2,0,0,6,0,0,0,4,0,0,0,0,0,0,0,1,0,0,0,0,0,0,0,1,0,0,0,0,0,0,0,0,1,0,0,0,0,0,0,1,0,0,0,0,0,0,0,0,0,NA,NA,0,NA,NA,NA,0,NA,NA,NA,NA,NA,NA,NA,0.833333333333333,0.666666666666667,NA,NA,1,NA,NA,NA,0.666666666666667,NA,NA,NA,NA,NA,NA,NA,0.166666666666667,0,NA,NA,0,NA,NA,NA,0.166666666666667,NA,NA,NA,NA,NA,NA,NA,0,0.333333333333333,NA,NA,0,NA,NA,NA,0.166666666666667,NA,NA,NA,NA,NA,NA,NA
"278",3,3,6,3,3,3,6,6,6,6,0,0,0,0,0,0,0,0,0,0,0,0,1,1,1,1,0,0,0,0,0,0,0,1,2,0,0,0,5,4,3,6,0,0,0,0,0,0,0.0666666666666667,0.0666666666666667,0.133333333333333,0.0666666666666667,0.0666666666666667,0.0666666666666667,0.133333333333333,0.133333333333333,0.133333333333333,0.133333333333333,0,0,0,0,0,0,0,0,0,0,0,0,0.166666666666667,0.166666666666667,0.166666666666667,0.166666666666667,NA,NA,NA,NA,NA,NA,0,0.333333333333333,0.333333333333333,0,0,0,0.833333333333333,0.666666666666667,0.5,1,NA,NA,NA,NA,NA,NA,0,1,2,0,0,0,4,4,2,5,0,0,0,0,0,0,3,2,4,3,3,3,1,1,3,0,0,0,0,0,0,0,0,0,0,0,0,0,1,0,1,1,0,0,0,0,0,0,0,0,0,0,0,0,0,1,0,0,0,0,0,0,0,0,0,0.333333333333333,0.333333333333333,0,0,0,0.666666666666667,0.666666666666667,0.333333333333333,0.833333333333333,NA,NA,NA,NA,NA,NA,1,0.666666666666667,0.666666666666667,1,1,1,0.166666666666667,0.166666666666667,0.5,0,NA,NA,NA,NA,NA,NA,0,0,0,0,0,0,0.166666666666667,0,0.166666666666667,0.166666666666667,NA,NA,NA,NA,NA,NA,0,0,0,0,0,0,0,0.166666666666667,0,0,NA,NA,NA,NA,NA,NA
"279",3,3,3,6,6,6,6,3,3,0,0,0,0,0,0,0,0,0,0,1,1,1,2,1,1,0,0,0,0,0,0,0,0,1,0,2,0,3,4,3,0,0,0,0,0,0,0,0,0.0769230769230769,0.0769230769230769,0.0769230769230769,0.153846153846154,0.153846153846154,0.153846153846154,0.153846153846154,0.0769230769230769,0.0769230769230769,0,0,0,0,0,0,0,0,0,0,0.166666666666667,0.166666666666667,0.166666666666667,0.333333333333333,0.333333333333333,0.333333333333333,NA,NA,NA,NA,NA,NA,NA,0,0.333333333333333,0,0.333333333333333,0,0.5,0.666666666666667,1,0,NA,NA,NA,NA,NA,NA,NA,0,1,0,2,0,3,2,2,0,0,0,0,0,0,0,0,3,2,3,3,5,2,2,0,2,0,0,0,0,0,0,0,0,0,0,0,0,0,2,1,0,0,0,0,0,0,0,0,0,0,0,1,1,1,0,0,1,0,0,0,0,0,0,0,0,0.333333333333333,0,0.333333333333333,0,0.5,0.333333333333333,0.666666666666667,0,NA,NA,NA,NA,NA,NA,NA,1,0.666666666666667,1,0.5,0.833333333333333,0.333333333333333,0.333333333333333,0,0.666666666666667,NA,NA,NA,NA,NA,NA,NA,0,0,0,0,0,0,0.333333333333333,0.333333333333333,0,NA,NA,NA,NA,NA,NA,NA,0,0,0,0.166666666666667,0.166666666666667,0.166666666666667,0,0,0.333333333333333,NA,NA,NA,NA,NA,NA,NA
"280",3,3,6,6,0,3,6,0,6,6,0,0,6,0,0,0,0,0,0,1,0,0,2,0,0,0,0,0,2,0,0,0,0,0,2,3,0,1,4,0,1,5,0,0,3,0,0,0,0.0666666666666667,0.0666666666666667,0.133333333333333,0.133333333333333,0,0.0666666666666667,0.133333333333333,0,0.133333333333333,0.133333333333333,0,0,0.133333333333333,0,0,0,0,0,0,0.166666666666667,NA,0,0.333333333333333,NA,0,0,NA,NA,0.333333333333333,NA,NA,NA,0,0,0.333333333333333,0.5,NA,0.333333333333333,0.666666666666667,NA,0.166666666666667,0.833333333333333,NA,NA,0.5,NA,NA,NA,0,0,2,2,0,1,3,0,1,5,0,0,2,0,0,0,3,3,4,3,0,2,1,0,5,1,0,0,2,0,0,0,0,0,0,1,0,0,1,0,0,0,0,0,1,0,0,0,0,0,0,0,0,0,1,0,0,0,0,0,1,0,0,0,0,0,0.333333333333333,0.333333333333333,NA,0.333333333333333,0.5,NA,0.166666666666667,0.833333333333333,NA,NA,0.333333333333333,NA,NA,NA,1,1,0.666666666666667,0.5,NA,0.666666666666667,0.166666666666667,NA,0.833333333333333,0.166666666666667,NA,NA,0.333333333333333,NA,NA,NA,0,0,0,0.166666666666667,NA,0,0.166666666666667,NA,0,0,NA,NA,0.166666666666667,NA,NA,NA,0,0,0,0,NA,0,0.166666666666667,NA,0,0,NA,NA,0.166666666666667,NA,NA,NA
"281",3,3,3,6,0,3,6,0,3,6,6,0,6,0,0,0,0,0,0,1,0,0,0,0,0,0,2,0,0,0,0,0,0,1,1,4,0,1,2,0,1,6,4,0,1,0,0,0,0.0666666666666667,0.0666666666666667,0.0666666666666667,0.133333333333333,0,0.0666666666666667,0.133333333333333,0,0.0666666666666667,0.133333333333333,0.133333333333333,0,0.133333333333333,0,0,0,0,0,0,0.166666666666667,NA,0,0,NA,0,0,0.333333333333333,NA,0,NA,NA,NA,0,0.333333333333333,0.333333333333333,0.666666666666667,NA,0.333333333333333,0.333333333333333,NA,0.333333333333333,1,0.666666666666667,NA,0.166666666666667,NA,NA,NA,0,1,1,3,0,1,2,0,1,6,2,0,1,0,0,0,3,2,2,2,0,2,4,0,2,0,2,0,5,0,0,0,0,0,0,1,0,0,0,0,0,0,2,0,0,0,0,0,0,0,0,0,0,0,0,0,0,0,0,0,0,0,0,0,0,0.333333333333333,0.333333333333333,0.5,NA,0.333333333333333,0.333333333333333,NA,0.333333333333333,1,0.333333333333333,NA,0.166666666666667,NA,NA,NA,1,0.666666666666667,0.666666666666667,0.333333333333333,NA,0.666666666666667,0.666666666666667,NA,0.666666666666667,0,0.333333333333333,NA,0.833333333333333,NA,NA,NA,0,0,0,0.166666666666667,NA,0,0,NA,0,0,0.333333333333333,NA,0,NA,NA,NA,0,0,0,0,NA,0,0,NA,0,0,0,NA,0,NA,NA,NA
"282",3,3,3,6,6,3,6,0,6,6,0,0,0,3,0,0,0,0,0,0,0,0,2,0,2,1,0,0,0,1,0,0,0,0,1,4,2,0,5,0,0,3,0,0,0,1,0,0,0.0666666666666667,0.0666666666666667,0.0666666666666667,0.133333333333333,0.133333333333333,0.0666666666666667,0.133333333333333,0,0.133333333333333,0.133333333333333,0,0,0,0.0666666666666667,0,0,0,0,0,0,0,0,0.333333333333333,NA,0.333333333333333,0.166666666666667,NA,NA,NA,0.333333333333333,NA,NA,0,0,0.333333333333333,0.666666666666667,0.333333333333333,0,0.833333333333333,NA,0,0.5,NA,NA,NA,0.333333333333333,NA,NA,0,0,1,4,2,0,3,0,0,2,0,0,0,0,0,0,3,3,2,2,4,3,1,0,4,3,0,0,0,2,0,0,0,0,0,0,0,0,2,0,0,1,0,0,0,1,0,0,0,0,0,0,0,0,0,0,2,0,0,0,0,0,0,0,0,0,0.333333333333333,0.666666666666667,0.333333333333333,0,0.5,NA,0,0.333333333333333,NA,NA,NA,0,NA,NA,1,1,0.666666666666667,0.333333333333333,0.666666666666667,1,0.166666666666667,NA,0.666666666666667,0.5,NA,NA,NA,0.666666666666667,NA,NA,0,0,0,0,0,0,0.333333333333333,NA,0,0.166666666666667,NA,NA,NA,0.333333333333333,NA,NA,0,0,0,0,0,0,0,NA,0.333333333333333,0,NA,NA,NA,0,NA,NA
"283",3,3,3,6,6,3,6,3,6,6,0,0,0,0,0,0,0,0,0,1,0,0,1,2,3,0,0,0,0,0,0,0,0,0,1,3,0,1,3,2,1,5,0,0,0,0,0,0,0.0666666666666667,0.0666666666666667,0.0666666666666667,0.133333333333333,0.133333333333333,0.0666666666666667,0.133333333333333,0.0666666666666667,0.133333333333333,0.133333333333333,0,0,0,0,0,0,0,0,0,0.166666666666667,0,0,0.166666666666667,0.666666666666667,0.5,0,NA,NA,NA,NA,NA,NA,0,0,0.333333333333333,0.5,0,0.333333333333333,0.5,0.666666666666667,0.166666666666667,0.833333333333333,NA,NA,NA,NA,NA,NA,0,0,1,2,0,1,2,1,1,5,0,0,0,0,0,0,3,3,2,3,6,2,3,0,2,1,0,0,0,0,0,0,0,0,0,1,0,0,1,1,0,0,0,0,0,0,0,0,0,0,0,0,0,0,0,1,3,0,0,0,0,0,0,0,0,0,0.333333333333333,0.333333333333333,0,0.333333333333333,0.333333333333333,0.333333333333333,0.166666666666667,0.833333333333333,NA,NA,NA,NA,NA,NA,1,1,0.666666666666667,0.5,1,0.666666666666667,0.5,0,0.333333333333333,0.166666666666667,NA,NA,NA,NA,NA,NA,0,0,0,0.166666666666667,0,0,0.166666666666667,0.333333333333333,0,0,NA,NA,NA,NA,NA,NA,0,0,0,0,0,0,0,0.333333333333333,0.5,0,NA,NA,NA,NA,NA,NA
"284",3,6,0,0,6,0,0,0,6,0,0,0,0,0,0,0,0,0,0,0,0,0,0,0,2,0,0,0,0,0,0,0,1,3,0,0,1,0,0,0,1,0,0,0,0,0,0,0,0.142857142857143,0.285714285714286,0,0,0.285714285714286,0,0,0,0.285714285714286,0,0,0,0,0,0,0,0,0,NA,NA,0,NA,NA,NA,0.333333333333333,NA,NA,NA,NA,NA,NA,NA,0.333333333333333,0.5,NA,NA,0.166666666666667,NA,NA,NA,0.166666666666667,NA,NA,NA,NA,NA,NA,NA,1,3,0,0,1,0,0,0,1,0,0,0,0,0,0,0,2,3,0,0,5,0,0,0,3,0,0,0,0,0,0,0,0,0,0,0,0,0,0,0,0,0,0,0,0,0,0,0,0,0,0,0,0,0,0,0,2,0,0,0,0,0,0,0,0.333333333333333,0.5,NA,NA,0.166666666666667,NA,NA,NA,0.166666666666667,NA,NA,NA,NA,NA,NA,NA,0.666666666666667,0.5,NA,NA,0.833333333333333,NA,NA,NA,0.5,NA,NA,NA,NA,NA,NA,NA,0,0,NA,NA,0,NA,NA,NA,0,NA,NA,NA,NA,NA,NA,NA,0,0,NA,NA,0,NA,NA,NA,0.333333333333333,NA,NA,NA,NA,NA,NA,NA
"285",3,3,6,6,6,6,6,3,3,3,3,0,0,0,0,0,0,0,0,1,1,0,0,1,2,1,2,0,0,0,0,0,1,1,1,1,2,2,4,3,0,2,3,0,0,0,0,0,0.0625,0.0625,0.125,0.125,0.125,0.125,0.125,0.0625,0.0625,0.0625,0.0625,0,0,0,0,0,0,0,0,0.166666666666667,0.166666666666667,0,0,0.333333333333333,0.666666666666667,0.333333333333333,0.666666666666667,NA,NA,NA,NA,NA,0.333333333333333,0.333333333333333,0.166666666666667,0.166666666666667,0.333333333333333,0.333333333333333,0.666666666666667,1,0,0.666666666666667,1,NA,NA,NA,NA,NA,1,1,1,1,2,2,4,2,0,1,1,0,0,0,0,0,2,2,5,4,3,4,2,0,1,1,0,0,0,0,0,0,0,0,0,0,0,0,0,1,0,1,2,0,0,0,0,0,0,0,0,1,1,0,0,0,2,0,0,0,0,0,0,0,0.333333333333333,0.333333333333333,0.166666666666667,0.166666666666667,0.333333333333333,0.333333333333333,0.666666666666667,0.666666666666667,0,0.333333333333333,0.333333333333333,NA,NA,NA,NA,NA,0.666666666666667,0.666666666666667,0.833333333333333,0.666666666666667,0.5,0.666666666666667,0.333333333333333,0,0.333333333333333,0.333333333333333,0,NA,NA,NA,NA,NA,0,0,0,0,0,0,0,0.333333333333333,0,0.333333333333333,0.666666666666667,NA,NA,NA,NA,NA,0,0,0,0.166666666666667,0.166666666666667,0,0,0,0.666666666666667,0,0,NA,NA,NA,NA,NA
"286",3,6,0,0,3,0,0,0,6,0,0,0,3,0,0,0,0,0,0,0,0,0,0,0,1,0,0,0,1,0,0,0,0,3,0,0,1,0,0,0,2,0,0,0,1,0,0,0,0.142857142857143,0.285714285714286,0,0,0.142857142857143,0,0,0,0.285714285714286,0,0,0,0.142857142857143,0,0,0,0,0,NA,NA,0,NA,NA,NA,0.166666666666667,NA,NA,NA,0.333333333333333,NA,NA,NA,0,0.5,NA,NA,0.333333333333333,NA,NA,NA,0.333333333333333,NA,NA,NA,0.333333333333333,NA,NA,NA,0,3,0,0,1,0,0,0,2,0,0,0,1,0,0,0,3,3,0,0,2,0,0,0,3,0,0,0,1,0,0,0,0,0,0,0,0,0,0,0,0,0,0,0,0,0,0,0,0,0,0,0,0,0,0,0,1,0,0,0,1,0,0,0,0,0.5,NA,NA,0.333333333333333,NA,NA,NA,0.333333333333333,NA,NA,NA,0.333333333333333,NA,NA,NA,1,0.5,NA,NA,0.666666666666667,NA,NA,NA,0.5,NA,NA,NA,0.333333333333333,NA,NA,NA,0,0,NA,NA,0,NA,NA,NA,0,NA,NA,NA,0,NA,NA,NA,0,0,NA,NA,0,NA,NA,NA,0.166666666666667,NA,NA,NA,0.333333333333333,NA,NA,NA
"287",3,3,3,6,3,6,6,6,3,0,6,0,3,0,0,0,0,0,0,0,0,2,0,1,0,0,2,0,2,0,0,0,0,0,1,2,0,2,0,3,0,0,5,0,1,0,0,0,0.0625,0.0625,0.0625,0.125,0.0625,0.125,0.125,0.125,0.0625,0,0.125,0,0.0625,0,0,0,0,0,0,0,0,0.333333333333333,0,0.166666666666667,0,NA,0.333333333333333,NA,0.666666666666667,NA,NA,NA,0,0,0.333333333333333,0.333333333333333,0,0.333333333333333,0,0.5,0,NA,0.833333333333333,NA,0.333333333333333,NA,NA,NA,0,0,1,2,0,1,0,2,0,0,3,0,1,0,0,0,3,3,2,4,3,3,6,3,3,0,1,0,0,0,0,0,0,0,0,0,0,1,0,1,0,0,2,0,0,0,0,0,0,0,0,0,0,1,0,0,0,0,0,0,2,0,0,0,0,0,0.333333333333333,0.333333333333333,0,0.166666666666667,0,0.333333333333333,0,NA,0.5,NA,0.333333333333333,NA,NA,NA,1,1,0.666666666666667,0.666666666666667,1,0.5,1,0.5,1,NA,0.166666666666667,NA,0,NA,NA,NA,0,0,0,0,0,0.166666666666667,0,0.166666666666667,0,NA,0.333333333333333,NA,0,NA,NA,NA,0,0,0,0,0,0.166666666666667,0,0,0,NA,0,NA,0.666666666666667,NA,NA,NA
"288",6,6,6,6,6,6,6,0,6,0,0,0,0,0,0,0,1,1,0,1,0,2,1,0,2,0,0,0,0,0,0,0,1,1,2,3,0,1,4,0,4,0,0,0,0,0,0,0,0.125,0.125,0.125,0.125,0.125,0.125,0.125,0,0.125,0,0,0,0,0,0,0,0.166666666666667,0.166666666666667,0,0.166666666666667,0,0.333333333333333,0.166666666666667,NA,0.333333333333333,NA,NA,NA,NA,NA,NA,NA,0.166666666666667,0.166666666666667,0.333333333333333,0.5,0,0.166666666666667,0.666666666666667,NA,0.666666666666667,NA,NA,NA,NA,NA,NA,NA,1,1,2,3,0,0,4,0,3,0,0,0,0,0,0,0,4,4,4,2,6,4,1,0,1,0,0,0,0,0,0,0,0,0,0,0,0,1,0,0,1,0,0,0,0,0,0,0,1,1,0,1,0,1,1,0,1,0,0,0,0,0,0,0,0.166666666666667,0.166666666666667,0.333333333333333,0.5,0,0,0.666666666666667,NA,0.5,NA,NA,NA,NA,NA,NA,NA,0.666666666666667,0.666666666666667,0.666666666666667,0.333333333333333,1,0.666666666666667,0.166666666666667,NA,0.166666666666667,NA,NA,NA,NA,NA,NA,NA,0,0,0,0,0,0.166666666666667,0,NA,0.166666666666667,NA,NA,NA,NA,NA,NA,NA,0.166666666666667,0.166666666666667,0,0.166666666666667,0,0.166666666666667,0.166666666666667,NA,0.166666666666667,NA,NA,NA,NA,NA,NA,NA
"289",3,3,3,6,3,3,6,0,6,6,0,0,3,6,0,0,0,0,0,0,0,0,2,0,1,0,0,0,0,2,0,0,1,0,0,3,1,1,6,0,0,2,0,0,0,2,0,0,0.0625,0.0625,0.0625,0.125,0.0625,0.0625,0.125,0,0.125,0.125,0,0,0.0625,0.125,0,0,0,0,0,0,0,0,0.333333333333333,NA,0.166666666666667,0,NA,NA,0,0.333333333333333,NA,NA,0.333333333333333,0,0,0.5,0.333333333333333,0.333333333333333,1,NA,0,0.333333333333333,NA,NA,0,0.333333333333333,NA,NA,1,0,0,3,1,1,4,0,0,2,0,0,0,1,0,0,2,3,3,3,2,2,0,0,5,4,0,0,3,3,0,0,0,0,0,0,0,0,2,0,0,0,0,0,0,1,0,0,0,0,0,0,0,0,0,0,1,0,0,0,0,1,0,0,0.333333333333333,0,0,0.5,0.333333333333333,0.333333333333333,0.666666666666667,NA,0,0.333333333333333,NA,NA,0,0.166666666666667,NA,NA,0.666666666666667,1,1,0.5,0.666666666666667,0.666666666666667,0,NA,0.833333333333333,0.666666666666667,NA,NA,1,0.5,NA,NA,0,0,0,0,0,0,0.333333333333333,NA,0,0,NA,NA,0,0.166666666666667,NA,NA,0,0,0,0,0,0,0,NA,0.166666666666667,0,NA,NA,0,0.166666666666667,NA,NA
"290",3,3,3,3,0,6,6,6,3,6,3,6,0,0,0,0,0,0,0,0,0,0,0,0,0,0,1,4,0,0,0,0,0,0,0,0,0,2,2,2,2,4,2,5,0,0,0,0,0.0625,0.0625,0.0625,0.0625,0,0.125,0.125,0.125,0.0625,0.125,0.0625,0.125,0,0,0,0,0,0,0,0,NA,0,0,0,0,0,0.333333333333333,0.666666666666667,NA,NA,NA,NA,0,0,0,0,NA,0.333333333333333,0.333333333333333,0.333333333333333,0.666666666666667,0.666666666666667,0.666666666666667,0.833333333333333,NA,NA,NA,NA,0,0,0,0,0,2,2,2,2,4,2,1,0,0,0,0,3,3,3,3,0,4,4,4,1,2,0,1,0,0,0,0,0,0,0,0,0,0,0,0,0,0,0,4,0,0,0,0,0,0,0,0,0,0,0,0,0,0,1,0,0,0,0,0,0,0,0,0,NA,0.333333333333333,0.333333333333333,0.333333333333333,0.666666666666667,0.666666666666667,0.666666666666667,0.166666666666667,NA,NA,NA,NA,1,1,1,1,NA,0.666666666666667,0.666666666666667,0.666666666666667,0.333333333333333,0.333333333333333,0,0.166666666666667,NA,NA,NA,NA,0,0,0,0,NA,0,0,0,0,0,0,0.666666666666667,NA,NA,NA,NA,0,0,0,0,NA,0,0,0,0,0,0.333333333333333,0,NA,NA,NA,NA
"291",6,6,3,0,3,0,0,0,6,0,0,0,6,0,0,0,0,1,1,0,0,0,0,0,0,0,0,0,3,0,0,0,1,0,0,0,1,0,0,0,0,0,0,0,3,0,0,0,0.2,0.2,0.1,0,0.1,0,0,0,0.2,0,0,0,0.2,0,0,0,0,0.166666666666667,0.333333333333333,NA,0,NA,NA,NA,0,NA,NA,NA,0.5,NA,NA,NA,0.166666666666667,0,0,NA,0.333333333333333,NA,NA,NA,0,NA,NA,NA,0.5,NA,NA,NA,1,0,0,0,1,0,0,0,0,0,0,0,2,0,0,0,5,5,2,0,2,0,0,0,6,0,0,0,1,0,0,0,0,0,0,0,0,0,0,0,0,0,0,0,1,0,0,0,0,1,1,0,0,0,0,0,0,0,0,0,2,0,0,0,0.166666666666667,0,0,NA,0.333333333333333,NA,NA,NA,0,NA,NA,NA,0.333333333333333,NA,NA,NA,0.833333333333333,0.833333333333333,0.666666666666667,NA,0.666666666666667,NA,NA,NA,1,NA,NA,NA,0.166666666666667,NA,NA,NA,0,0,0,NA,0,NA,NA,NA,0,NA,NA,NA,0.166666666666667,NA,NA,NA,0,0.166666666666667,0.333333333333333,NA,0,NA,NA,NA,0,NA,NA,NA,0.333333333333333,NA,NA,NA
"292",3,3,3,6,6,6,6,6,3,3,0,0,0,0,0,0,0,0,0,0,0,1,1,2,1,1,0,0,0,0,0,0,0,0,1,4,3,2,4,5,1,3,0,0,0,0,0,0,0.0666666666666667,0.0666666666666667,0.0666666666666667,0.133333333333333,0.133333333333333,0.133333333333333,0.133333333333333,0.133333333333333,0.0666666666666667,0.0666666666666667,0,0,0,0,0,0,0,0,0,0,0,0.166666666666667,0.166666666666667,0.333333333333333,0.333333333333333,0.333333333333333,NA,NA,NA,NA,NA,NA,0,0,0.333333333333333,0.666666666666667,0.5,0.333333333333333,0.666666666666667,0.833333333333333,0.333333333333333,1,NA,NA,NA,NA,NA,NA,0,0,1,4,3,2,3,4,1,2,0,0,0,0,0,0,3,3,2,2,3,3,2,0,1,0,0,0,0,0,0,0,0,0,0,0,0,0,1,1,0,1,0,0,0,0,0,0,0,0,0,0,0,1,0,1,1,0,0,0,0,0,0,0,0,0,0.333333333333333,0.666666666666667,0.5,0.333333333333333,0.5,0.666666666666667,0.333333333333333,0.666666666666667,NA,NA,NA,NA,NA,NA,1,1,0.666666666666667,0.333333333333333,0.5,0.5,0.333333333333333,0,0.333333333333333,0,NA,NA,NA,NA,NA,NA,0,0,0,0,0,0,0.166666666666667,0.166666666666667,0,0.333333333333333,NA,NA,NA,NA,NA,NA,0,0,0,0,0,0.166666666666667,0,0.166666666666667,0.333333333333333,0,NA,NA,NA,NA,NA,NA
"293",6,3,6,3,0,3,0,0,6,6,0,0,6,0,0,0,1,0,0,1,0,0,0,0,0,0,0,0,1,0,0,0,0,0,3,3,0,0,0,0,1,4,0,0,3,0,0,0,0.153846153846154,0.0769230769230769,0.153846153846154,0.0769230769230769,0,0.0769230769230769,0,0,0.153846153846154,0.153846153846154,0,0,0.153846153846154,0,0,0,0.166666666666667,0,0,0.333333333333333,NA,0,NA,NA,0,0,NA,NA,0.166666666666667,NA,NA,NA,0,0,0.5,1,NA,0,NA,NA,0.166666666666667,0.666666666666667,NA,NA,0.5,NA,NA,NA,0,0,3,2,0,0,0,0,1,4,0,0,3,0,0,0,5,3,3,0,0,3,0,0,5,2,0,0,2,0,0,0,0,0,0,1,0,0,0,0,0,0,0,0,0,0,0,0,1,0,0,0,0,0,0,0,0,0,0,0,1,0,0,0,0,0,0.5,0.666666666666667,NA,0,NA,NA,0.166666666666667,0.666666666666667,NA,NA,0.5,NA,NA,NA,0.833333333333333,1,0.5,0,NA,1,NA,NA,0.833333333333333,0.333333333333333,NA,NA,0.333333333333333,NA,NA,NA,0,0,0,0.333333333333333,NA,0,NA,NA,0,0,NA,NA,0,NA,NA,NA,0.166666666666667,0,0,0,NA,0,NA,NA,0,0,NA,NA,0.166666666666667,NA,NA,NA
"294",3,3,3,6,6,6,6,0,6,6,0,0,0,0,0,0,0,0,0,1,1,1,0,0,2,1,0,0,0,0,0,0,1,0,0,4,1,1,5,0,0,4,0,0,0,0,0,0,0.0666666666666667,0.0666666666666667,0.0666666666666667,0.133333333333333,0.133333333333333,0.133333333333333,0.133333333333333,0,0.133333333333333,0.133333333333333,0,0,0,0,0,0,0,0,0,0.166666666666667,0.166666666666667,0.166666666666667,0,NA,0.333333333333333,0.166666666666667,NA,NA,NA,NA,NA,NA,0.333333333333333,0,0,0.666666666666667,0.166666666666667,0.166666666666667,0.833333333333333,NA,0,0.666666666666667,NA,NA,NA,NA,NA,NA,1,0,0,3,1,1,5,0,0,3,0,0,0,0,0,0,2,3,3,2,4,4,1,0,4,2,0,0,0,0,0,0,0,0,0,1,0,0,0,0,0,1,0,0,0,0,0,0,0,0,0,0,1,1,0,0,2,0,0,0,0,0,0,0,0.333333333333333,0,0,0.5,0.166666666666667,0.166666666666667,0.833333333333333,NA,0,0.5,NA,NA,NA,NA,NA,NA,0.666666666666667,1,1,0.333333333333333,0.666666666666667,0.666666666666667,0.166666666666667,NA,0.666666666666667,0.333333333333333,NA,NA,NA,NA,NA,NA,0,0,0,0.166666666666667,0,0,0,NA,0,0.166666666666667,NA,NA,NA,NA,NA,NA,0,0,0,0,0.166666666666667,0.166666666666667,0,NA,0.333333333333333,0,NA,NA,NA,NA,NA,NA
"295",6,3,6,0,3,3,0,0,6,6,0,0,6,3,0,0,1,0,1,0,0,0,0,0,1,0,0,0,0,3,0,0,0,0,4,0,1,0,0,0,2,4,0,0,2,2,0,0,0.142857142857143,0.0714285714285714,0.142857142857143,0,0.0714285714285714,0.0714285714285714,0,0,0.142857142857143,0.142857142857143,0,0,0.142857142857143,0.0714285714285714,0,0,0.166666666666667,0,0.166666666666667,NA,0,0,NA,NA,0.166666666666667,0,NA,NA,0,1,NA,NA,0,0,0.666666666666667,NA,0.333333333333333,0,NA,NA,0.333333333333333,0.666666666666667,NA,NA,0.333333333333333,0.666666666666667,NA,NA,0,0,3,0,1,0,0,0,1,4,0,0,2,0,0,0,5,3,2,0,2,3,0,0,4,2,0,0,4,0,0,0,0,0,1,0,0,0,0,0,1,0,0,0,0,2,0,0,1,0,0,0,0,0,0,0,0,0,0,0,0,1,0,0,0,0,0.5,NA,0.333333333333333,0,NA,NA,0.166666666666667,0.666666666666667,NA,NA,0.333333333333333,0,NA,NA,0.833333333333333,1,0.333333333333333,NA,0.666666666666667,1,NA,NA,0.666666666666667,0.333333333333333,NA,NA,0.666666666666667,0,NA,NA,0,0,0.166666666666667,NA,0,0,NA,NA,0.166666666666667,0,NA,NA,0,0.666666666666667,NA,NA,0.166666666666667,0,0,NA,0,0,NA,NA,0,0,NA,NA,0,0.333333333333333,NA,NA
"296",3,3,3,6,6,6,6,6,6,0,0,0,3,0,0,0,0,0,0,0,0,3,0,4,1,0,0,0,0,0,0,0,1,1,0,1,1,2,5,5,2,0,0,0,1,0,0,0,0.0625,0.0625,0.0625,0.125,0.125,0.125,0.125,0.125,0.125,0,0,0,0.0625,0,0,0,0,0,0,0,0,0.5,0,0.666666666666667,0.166666666666667,NA,NA,NA,0,NA,NA,NA,0.333333333333333,0.333333333333333,0,0.166666666666667,0.166666666666667,0.333333333333333,0.833333333333333,0.833333333333333,0.333333333333333,NA,NA,NA,0.333333333333333,NA,NA,NA,1,1,0,1,1,2,5,1,1,0,0,0,1,0,0,0,2,2,3,5,5,1,1,1,4,0,0,0,2,0,0,0,0,0,0,0,0,0,0,4,1,0,0,0,0,0,0,0,0,0,0,0,0,3,0,0,0,0,0,0,0,0,0,0,0.333333333333333,0.333333333333333,0,0.166666666666667,0.166666666666667,0.333333333333333,0.833333333333333,0.166666666666667,0.166666666666667,NA,NA,NA,0.333333333333333,NA,NA,NA,0.666666666666667,0.666666666666667,1,0.833333333333333,0.833333333333333,0.166666666666667,0.166666666666667,0.166666666666667,0.666666666666667,NA,NA,NA,0.666666666666667,NA,NA,NA,0,0,0,0,0,0,0,0.666666666666667,0.166666666666667,NA,NA,NA,0,NA,NA,NA,0,0,0,0,0,0.5,0,0,0,NA,NA,NA,0,NA,NA,NA
"297",3,3,3,6,3,3,6,6,6,6,0,0,0,3,0,0,0,0,0,0,0,0,1,1,1,0,0,0,0,2,0,0,0,1,0,1,0,1,3,3,0,3,0,0,0,2,0,0,0.0625,0.0625,0.0625,0.125,0.0625,0.0625,0.125,0.125,0.125,0.125,0,0,0,0.0625,0,0,0,0,0,0,0,0,0.166666666666667,0.166666666666667,0.166666666666667,0,NA,NA,NA,0.666666666666667,NA,NA,0,0.333333333333333,0,0.166666666666667,0,0.333333333333333,0.5,0.5,0,0.5,NA,NA,NA,0.666666666666667,NA,NA,0,1,0,1,0,1,3,3,0,3,0,0,0,1,0,0,3,2,3,5,3,2,2,2,5,3,0,0,0,0,0,0,0,0,0,0,0,0,0,0,0,0,0,0,0,1,0,0,0,0,0,0,0,0,1,1,1,0,0,0,0,1,0,0,0,0.333333333333333,0,0.166666666666667,0,0.333333333333333,0.5,0.5,0,0.5,NA,NA,NA,0.333333333333333,NA,NA,1,0.666666666666667,1,0.833333333333333,1,0.666666666666667,0.333333333333333,0.333333333333333,0.833333333333333,0.5,NA,NA,NA,0,NA,NA,0,0,0,0,0,0,0,0,0,0,NA,NA,NA,0.333333333333333,NA,NA,0,0,0,0,0,0,0.166666666666667,0.166666666666667,0.166666666666667,0,NA,NA,NA,0.333333333333333,NA,NA
"298",3,3,6,3,0,3,0,0,6,6,0,0,3,0,0,0,0,0,0,1,0,0,0,0,0,0,0,0,3,0,0,0,0,0,2,1,0,0,0,0,2,6,0,0,0,0,0,0,0.0909090909090909,0.0909090909090909,0.181818181818182,0.0909090909090909,0,0.0909090909090909,0,0,0.181818181818182,0.181818181818182,0,0,0.0909090909090909,0,0,0,0,0,0,0.333333333333333,NA,0,NA,NA,0,0,NA,NA,1,NA,NA,NA,0,0,0.333333333333333,0.333333333333333,NA,0,NA,NA,0.333333333333333,1,NA,NA,0,NA,NA,NA,0,0,2,1,0,0,0,0,2,6,0,0,0,0,0,0,3,3,4,1,0,3,0,0,4,0,0,0,0,0,0,0,0,0,0,0,0,0,0,0,0,0,0,0,0,0,0,0,0,0,0,1,0,0,0,0,0,0,0,0,3,0,0,0,0,0,0.333333333333333,0.333333333333333,NA,0,NA,NA,0.333333333333333,1,NA,NA,0,NA,NA,NA,1,1,0.666666666666667,0.333333333333333,NA,1,NA,NA,0.666666666666667,0,NA,NA,0,NA,NA,NA,0,0,0,0,NA,0,NA,NA,0,0,NA,NA,0,NA,NA,NA,0,0,0,0.333333333333333,NA,0,NA,NA,0,0,NA,NA,1,NA,NA,NA
"299",3,6,6,3,6,6,0,0,3,0,0,0,6,0,0,0,0,0,1,1,1,0,0,0,0,0,0,0,0,0,0,0,0,1,2,1,2,4,0,0,0,0,0,0,2,0,0,0,0.0769230769230769,0.153846153846154,0.153846153846154,0.0769230769230769,0.153846153846154,0.153846153846154,0,0,0.0769230769230769,0,0,0,0.153846153846154,0,0,0,0,0,0.166666666666667,0.333333333333333,0.166666666666667,0,NA,NA,0,NA,NA,NA,0,NA,NA,NA,0,0.166666666666667,0.333333333333333,0.333333333333333,0.333333333333333,0.666666666666667,NA,NA,0,NA,NA,NA,0.333333333333333,NA,NA,NA,0,1,2,0,2,4,0,0,0,0,0,0,2,0,0,0,3,5,3,2,3,2,0,0,3,0,0,0,4,0,0,0,0,0,0,1,0,0,0,0,0,0,0,0,0,0,0,0,0,0,1,0,1,0,0,0,0,0,0,0,0,0,0,0,0,0.166666666666667,0.333333333333333,0,0.333333333333333,0.666666666666667,NA,NA,0,NA,NA,NA,0.333333333333333,NA,NA,NA,1,0.833333333333333,0.5,0.666666666666667,0.5,0.333333333333333,NA,NA,1,NA,NA,NA,0.666666666666667,NA,NA,NA,0,0,0,0.333333333333333,0,0,NA,NA,0,NA,NA,NA,0,NA,NA,NA,0,0,0.166666666666667,0,0.166666666666667,0,NA,NA,0,NA,NA,NA,0,NA,NA,NA
"300",3,6,6,0,6,3,0,0,6,6,0,0,0,6,0,0,0,0,1,0,1,0,0,0,2,0,0,0,0,2,0,0,1,2,4,0,0,0,0,0,1,2,0,0,0,4,0,0,0.0714285714285714,0.142857142857143,0.142857142857143,0,0.142857142857143,0.0714285714285714,0,0,0.142857142857143,0.142857142857143,0,0,0,0.142857142857143,0,0,0,0,0.166666666666667,NA,0.166666666666667,0,NA,NA,0.333333333333333,0,NA,NA,NA,0.333333333333333,NA,NA,0.333333333333333,0.333333333333333,0.666666666666667,NA,0,0,NA,NA,0.166666666666667,0.333333333333333,NA,NA,NA,0.666666666666667,NA,NA,1,2,3,0,0,0,0,0,0,2,0,0,0,2,0,0,2,4,2,0,5,3,0,0,4,4,0,0,0,2,0,0,0,0,1,0,0,0,0,0,1,0,0,0,0,2,0,0,0,0,0,0,1,0,0,0,1,0,0,0,0,0,0,0,0.333333333333333,0.333333333333333,0.5,NA,0,0,NA,NA,0,0.333333333333333,NA,NA,NA,0.333333333333333,NA,NA,0.666666666666667,0.666666666666667,0.333333333333333,NA,0.833333333333333,1,NA,NA,0.666666666666667,0.666666666666667,NA,NA,NA,0.333333333333333,NA,NA,0,0,0.166666666666667,NA,0,0,NA,NA,0.166666666666667,0,NA,NA,NA,0.333333333333333,NA,NA,0,0,0,NA,0.166666666666667,0,NA,NA,0.166666666666667,0,NA,NA,NA,0,NA,NA
"301",3,3,6,0,3,6,0,0,3,3,0,0,6,0,0,0,0,0,1,0,0,1,0,0,0,1,0,0,1,0,0,0,0,0,3,0,1,2,0,0,0,1,0,0,4,0,0,0,0.0909090909090909,0.0909090909090909,0.181818181818182,0,0.0909090909090909,0.181818181818182,0,0,0.0909090909090909,0.0909090909090909,0,0,0.181818181818182,0,0,0,0,0,0.166666666666667,NA,0,0.166666666666667,NA,NA,0,0.333333333333333,NA,NA,0.166666666666667,NA,NA,NA,0,0,0.5,NA,0.333333333333333,0.333333333333333,NA,NA,0,0.333333333333333,NA,NA,0.666666666666667,NA,NA,NA,0,0,3,0,1,2,0,0,0,1,0,0,3,0,0,0,3,3,2,0,2,3,0,0,3,1,0,0,2,0,0,0,0,0,0,0,0,0,0,0,0,0,0,0,1,0,0,0,0,0,1,0,0,1,0,0,0,1,0,0,0,0,0,0,0,0,0.5,NA,0.333333333333333,0.333333333333333,NA,NA,0,0.333333333333333,NA,NA,0.5,NA,NA,NA,1,1,0.333333333333333,NA,0.666666666666667,0.5,NA,NA,1,0.333333333333333,NA,NA,0.333333333333333,NA,NA,NA,0,0,0,NA,0,0,NA,NA,0,0,NA,NA,0.166666666666667,NA,NA,NA,0,0,0.166666666666667,NA,0,0.166666666666667,NA,NA,0,0.333333333333333,NA,NA,0,NA,NA,NA
"302",6,3,0,0,6,0,0,0,6,0,0,0,0,0,0,0,0,1,0,0,0,0,0,0,2,0,0,0,0,0,0,0,2,0,0,0,1,0,0,0,0,0,0,0,0,0,0,0,0.285714285714286,0.142857142857143,0,0,0.285714285714286,0,0,0,0.285714285714286,0,0,0,0,0,0,0,0,0.333333333333333,NA,NA,0,NA,NA,NA,0.333333333333333,NA,NA,NA,NA,NA,NA,NA,0.333333333333333,0,NA,NA,0.166666666666667,NA,NA,NA,0,NA,NA,NA,NA,NA,NA,NA,2,0,0,0,1,0,0,0,0,0,0,0,0,0,0,0,4,2,0,0,5,0,0,0,4,0,0,0,0,0,0,0,0,0,0,0,0,0,0,0,0,0,0,0,0,0,0,0,0,1,0,0,0,0,0,0,2,0,0,0,0,0,0,0,0.333333333333333,0,NA,NA,0.166666666666667,NA,NA,NA,0,NA,NA,NA,NA,NA,NA,NA,0.666666666666667,0.666666666666667,NA,NA,0.833333333333333,NA,NA,NA,0.666666666666667,NA,NA,NA,NA,NA,NA,NA,0,0,NA,NA,0,NA,NA,NA,0,NA,NA,NA,NA,NA,NA,NA,0,0.333333333333333,NA,NA,0,NA,NA,NA,0.333333333333333,NA,NA,NA,NA,NA,NA,NA
"303",3,6,6,0,3,0,0,0,6,0,0,0,3,0,0,0,0,0,2,0,0,0,0,0,0,0,0,0,1,0,0,0,1,1,1,0,0,0,0,0,2,0,0,0,1,0,0,0,0.111111111111111,0.222222222222222,0.222222222222222,0,0.111111111111111,0,0,0,0.222222222222222,0,0,0,0.111111111111111,0,0,0,0,0,0.333333333333333,NA,0,NA,NA,NA,0,NA,NA,NA,0.333333333333333,NA,NA,NA,0.333333333333333,0.166666666666667,0.166666666666667,NA,0,NA,NA,NA,0.333333333333333,NA,NA,NA,0.333333333333333,NA,NA,NA,1,1,1,0,0,0,0,0,2,0,0,0,0,0,0,0,2,5,3,0,3,0,0,0,4,0,0,0,2,0,0,0,0,0,0,0,0,0,0,0,0,0,0,0,1,0,0,0,0,0,2,0,0,0,0,0,0,0,0,0,0,0,0,0,0.333333333333333,0.166666666666667,0.166666666666667,NA,0,NA,NA,NA,0.333333333333333,NA,NA,NA,0,NA,NA,NA,0.666666666666667,0.833333333333333,0.5,NA,1,NA,NA,NA,0.666666666666667,NA,NA,NA,0.666666666666667,NA,NA,NA,0,0,0,NA,0,NA,NA,NA,0,NA,NA,NA,0.333333333333333,NA,NA,NA,0,0,0.333333333333333,NA,0,NA,NA,NA,0,NA,NA,NA,0,NA,NA,NA
"304",3,3,3,3,3,6,6,6,6,0,0,0,6,0,0,0,0,0,0,0,0,0,0,1,0,0,0,0,2,0,0,0,1,0,0,1,0,3,4,4,0,0,0,0,1,0,0,0,0.0666666666666667,0.0666666666666667,0.0666666666666667,0.0666666666666667,0.0666666666666667,0.133333333333333,0.133333333333333,0.133333333333333,0.133333333333333,0,0,0,0.133333333333333,0,0,0,0,0,0,0,0,0,0,0.166666666666667,0,NA,NA,NA,0.333333333333333,NA,NA,NA,0.333333333333333,0,0,0.333333333333333,0,0.5,0.666666666666667,0.666666666666667,0,NA,NA,NA,0.166666666666667,NA,NA,NA,1,0,0,1,0,3,4,4,0,0,0,0,1,0,0,0,2,3,3,2,3,3,2,1,6,0,0,0,3,0,0,0,0,0,0,0,0,0,0,0,0,0,0,0,0,0,0,0,0,0,0,0,0,0,0,1,0,0,0,0,2,0,0,0,0.333333333333333,0,0,0.333333333333333,0,0.5,0.666666666666667,0.666666666666667,0,NA,NA,NA,0.166666666666667,NA,NA,NA,0.666666666666667,1,1,0.666666666666667,1,0.5,0.333333333333333,0.166666666666667,1,NA,NA,NA,0.5,NA,NA,NA,0,0,0,0,0,0,0,0,0,NA,NA,NA,0,NA,NA,NA,0,0,0,0,0,0,0,0.166666666666667,0,NA,NA,NA,0.333333333333333,NA,NA,NA
"305",3,3,6,0,3,3,0,0,6,6,0,0,3,0,0,0,0,0,0,0,0,0,0,0,1,0,0,0,1,0,0,0,0,0,5,0,0,0,0,0,1,3,0,0,0,0,0,0,0.0909090909090909,0.0909090909090909,0.181818181818182,0,0.0909090909090909,0.0909090909090909,0,0,0.181818181818182,0.181818181818182,0,0,0.0909090909090909,0,0,0,0,0,0,NA,0,0,NA,NA,0.166666666666667,0,NA,NA,0.333333333333333,NA,NA,NA,0,0,0.833333333333333,NA,0,0,NA,NA,0.166666666666667,0.5,NA,NA,0,NA,NA,NA,0,0,5,0,0,0,0,0,1,3,0,0,0,0,0,0,3,3,1,0,3,3,0,0,4,3,0,0,2,0,0,0,0,0,0,0,0,0,0,0,0,0,0,0,0,0,0,0,0,0,0,0,0,0,0,0,1,0,0,0,1,0,0,0,0,0,0.833333333333333,NA,0,0,NA,NA,0.166666666666667,0.5,NA,NA,0,NA,NA,NA,1,1,0.166666666666667,NA,1,1,NA,NA,0.666666666666667,0.5,NA,NA,0.666666666666667,NA,NA,NA,0,0,0,NA,0,0,NA,NA,0,0,NA,NA,0,NA,NA,NA,0,0,0,NA,0,0,NA,NA,0.166666666666667,0,NA,NA,0.333333333333333,NA,NA,NA
"306",3,3,3,6,0,3,6,6,6,6,0,0,6,0,0,0,0,0,0,0,0,0,0,2,0,0,0,0,1,0,0,0,1,0,1,2,0,1,5,4,1,4,0,0,2,0,0,0,0.0625,0.0625,0.0625,0.125,0,0.0625,0.125,0.125,0.125,0.125,0,0,0.125,0,0,0,0,0,0,0,NA,0,0,0.333333333333333,0,0,NA,NA,0.166666666666667,NA,NA,NA,0.333333333333333,0,0.333333333333333,0.333333333333333,NA,0.333333333333333,0.833333333333333,0.666666666666667,0.166666666666667,0.666666666666667,NA,NA,0.333333333333333,NA,NA,NA,1,0,1,2,0,1,5,2,1,4,0,0,2,0,0,0,2,3,2,4,0,2,1,2,5,2,0,0,3,0,0,0,0,0,0,0,0,0,0,2,0,0,0,0,0,0,0,0,0,0,0,0,0,0,0,0,0,0,0,0,1,0,0,0,0.333333333333333,0,0.333333333333333,0.333333333333333,NA,0.333333333333333,0.833333333333333,0.333333333333333,0.166666666666667,0.666666666666667,NA,NA,0.333333333333333,NA,NA,NA,0.666666666666667,1,0.666666666666667,0.666666666666667,NA,0.666666666666667,0.166666666666667,0.333333333333333,0.833333333333333,0.333333333333333,NA,NA,0.5,NA,NA,NA,0,0,0,0,NA,0,0,0.333333333333333,0,0,NA,NA,0,NA,NA,NA,0,0,0,0,NA,0,0,0,0,0,NA,NA,0.166666666666667,NA,NA,NA
"307",3,3,3,6,3,3,6,0,6,6,0,0,3,0,0,0,0,0,0,0,0,0,2,0,1,1,0,0,1,0,0,0,0,1,1,4,1,0,6,0,2,6,0,0,1,0,0,0,0.0714285714285714,0.0714285714285714,0.0714285714285714,0.142857142857143,0.0714285714285714,0.0714285714285714,0.142857142857143,0,0.142857142857143,0.142857142857143,0,0,0.0714285714285714,0,0,0,0,0,0,0,0,0,0.333333333333333,NA,0.166666666666667,0.166666666666667,NA,NA,0.333333333333333,NA,NA,NA,0,0.333333333333333,0.333333333333333,0.666666666666667,0.333333333333333,0,1,NA,0.333333333333333,1,NA,NA,0.333333333333333,NA,NA,NA,0,1,1,4,1,0,4,0,2,5,0,0,1,0,0,0,3,2,2,2,2,3,0,0,3,0,0,0,1,0,0,0,0,0,0,0,0,0,2,0,0,1,0,0,0,0,0,0,0,0,0,0,0,0,0,0,1,0,0,0,1,0,0,0,0,0.333333333333333,0.333333333333333,0.666666666666667,0.333333333333333,0,0.666666666666667,NA,0.333333333333333,0.833333333333333,NA,NA,0.333333333333333,NA,NA,NA,1,0.666666666666667,0.666666666666667,0.333333333333333,0.666666666666667,1,0,NA,0.5,0,NA,NA,0.333333333333333,NA,NA,NA,0,0,0,0,0,0,0.333333333333333,NA,0,0.166666666666667,NA,NA,0,NA,NA,NA,0,0,0,0,0,0,0,NA,0.166666666666667,0,NA,NA,0.333333333333333,NA,NA,NA
"308",3,3,6,6,6,6,6,3,3,3,3,0,0,0,0,0,0,0,0,0,1,1,1,2,2,1,2,0,0,0,0,0,0,0,2,3,1,2,3,3,0,0,0,0,0,0,0,0,0.0625,0.0625,0.125,0.125,0.125,0.125,0.125,0.0625,0.0625,0.0625,0.0625,0,0,0,0,0,0,0,0,0,0.166666666666667,0.166666666666667,0.166666666666667,0.666666666666667,0.666666666666667,0.333333333333333,0.666666666666667,NA,NA,NA,NA,NA,0,0,0.333333333333333,0.5,0.166666666666667,0.333333333333333,0.5,1,0,0,0,NA,NA,NA,NA,NA,0,0,2,3,1,1,2,1,0,0,0,0,0,0,0,0,3,3,4,3,4,4,3,0,1,2,1,0,0,0,0,0,0,0,0,0,0,1,1,2,0,0,0,0,0,0,0,0,0,0,0,0,1,0,0,0,2,1,2,0,0,0,0,0,0,0,0.333333333333333,0.5,0.166666666666667,0.166666666666667,0.333333333333333,0.333333333333333,0,0,0,NA,NA,NA,NA,NA,1,1,0.666666666666667,0.5,0.666666666666667,0.666666666666667,0.5,0,0.333333333333333,0.666666666666667,0.333333333333333,NA,NA,NA,NA,NA,0,0,0,0,0,0.166666666666667,0.166666666666667,0.666666666666667,0,0,0,NA,NA,NA,NA,NA,0,0,0,0,0.166666666666667,0,0,0,0.666666666666667,0.333333333333333,0.666666666666667,NA,NA,NA,NA,NA
"309",3,3,3,6,0,3,6,0,6,6,0,0,3,3,0,0,0,0,0,0,0,0,0,0,1,0,0,0,1,2,0,0,1,1,1,4,0,0,3,0,1,3,0,0,2,1,0,0,0.0714285714285714,0.0714285714285714,0.0714285714285714,0.142857142857143,0,0.0714285714285714,0.142857142857143,0,0.142857142857143,0.142857142857143,0,0,0.0714285714285714,0.0714285714285714,0,0,0,0,0,0,NA,0,0,NA,0.166666666666667,0,NA,NA,0.333333333333333,0.666666666666667,NA,NA,0.333333333333333,0.333333333333333,0.333333333333333,0.666666666666667,NA,0,0.5,NA,0.166666666666667,0.5,NA,NA,0.666666666666667,0.333333333333333,NA,NA,1,1,1,4,0,0,3,0,1,3,0,0,2,1,0,0,2,2,2,2,0,3,3,0,4,3,0,0,0,0,0,0,0,0,0,0,0,0,0,0,0,0,0,0,0,0,0,0,0,0,0,0,0,0,0,0,1,0,0,0,1,2,0,0,0.333333333333333,0.333333333333333,0.333333333333333,0.666666666666667,NA,0,0.5,NA,0.166666666666667,0.5,NA,NA,0.666666666666667,0.333333333333333,NA,NA,0.666666666666667,0.666666666666667,0.666666666666667,0.333333333333333,NA,1,0.5,NA,0.666666666666667,0.5,NA,NA,0,0,NA,NA,0,0,0,0,NA,0,0,NA,0,0,NA,NA,0,0,NA,NA,0,0,0,0,NA,0,0,NA,0.166666666666667,0,NA,NA,0.333333333333333,0.666666666666667,NA,NA
"310",6,6,3,6,0,6,6,3,3,6,3,0,0,0,0,0,0,1,0,0,0,0,1,2,0,1,1,0,0,0,0,0,2,2,0,2,0,2,4,1,1,5,3,0,0,0,0,0,0.125,0.125,0.0625,0.125,0,0.125,0.125,0.0625,0.0625,0.125,0.0625,0,0,0,0,0,0,0.166666666666667,0,0,NA,0,0.166666666666667,0.666666666666667,0,0.166666666666667,0.333333333333333,NA,NA,NA,NA,NA,0.333333333333333,0.333333333333333,0,0.333333333333333,NA,0.333333333333333,0.666666666666667,0.333333333333333,0.333333333333333,0.833333333333333,1,NA,NA,NA,NA,NA,2,2,0,2,0,2,3,0,1,4,2,0,0,0,0,0,4,3,3,4,0,4,2,1,2,1,0,0,0,0,0,0,0,0,0,0,0,0,1,1,0,1,1,0,0,0,0,0,0,1,0,0,0,0,0,1,0,0,0,0,0,0,0,0,0.333333333333333,0.333333333333333,0,0.333333333333333,NA,0.333333333333333,0.5,0,0.333333333333333,0.666666666666667,0.666666666666667,NA,NA,NA,NA,NA,0.666666666666667,0.5,1,0.666666666666667,NA,0.666666666666667,0.333333333333333,0.333333333333333,0.666666666666667,0.166666666666667,0,NA,NA,NA,NA,NA,0,0,0,0,NA,0,0.166666666666667,0.333333333333333,0,0.166666666666667,0.333333333333333,NA,NA,NA,NA,NA,0,0.166666666666667,0,0,NA,0,0,0.333333333333333,0,0,0,NA,NA,NA,NA,NA
"311",6,6,6,6,3,6,6,3,3,3,0,0,0,0,0,0,1,1,1,0,0,2,3,3,1,1,0,0,0,0,0,0,0,1,1,1,1,2,3,3,0,2,0,0,0,0,0,0,0.125,0.125,0.125,0.125,0.0625,0.125,0.125,0.0625,0.0625,0.0625,0,0,0,0,0,0,0.166666666666667,0.166666666666667,0.166666666666667,0,0,0.333333333333333,0.5,1,0.333333333333333,0.333333333333333,NA,NA,NA,NA,NA,NA,0,0.166666666666667,0.166666666666667,0.166666666666667,0.333333333333333,0.333333333333333,0.5,1,0,0.666666666666667,NA,NA,NA,NA,NA,NA,0,1,1,1,1,2,2,0,0,1,0,0,0,0,0,0,5,4,4,5,2,2,1,0,2,1,0,0,0,0,0,0,0,0,0,0,0,0,1,3,0,1,0,0,0,0,0,0,1,1,1,0,0,2,2,0,1,0,0,0,0,0,0,0,0,0.166666666666667,0.166666666666667,0.166666666666667,0.333333333333333,0.333333333333333,0.333333333333333,0,0,0.333333333333333,NA,NA,NA,NA,NA,NA,0.833333333333333,0.666666666666667,0.666666666666667,0.833333333333333,0.666666666666667,0.333333333333333,0.166666666666667,0,0.666666666666667,0.333333333333333,NA,NA,NA,NA,NA,NA,0,0,0,0,0,0,0.166666666666667,1,0,0.333333333333333,NA,NA,NA,NA,NA,NA,0.166666666666667,0.166666666666667,0.166666666666667,0,0,0.333333333333333,0.333333333333333,0,0.333333333333333,0,NA,NA,NA,NA,NA,NA
"312",3,3,3,6,3,3,6,0,6,6,3,0,6,0,0,0,0,0,0,1,0,0,0,0,1,0,3,0,0,0,0,0,0,0,1,3,0,0,4,0,2,3,2,0,5,0,0,0,0.0625,0.0625,0.0625,0.125,0.0625,0.0625,0.125,0,0.125,0.125,0.0625,0,0.125,0,0,0,0,0,0,0.166666666666667,0,0,0,NA,0.166666666666667,0,1,NA,0,NA,NA,NA,0,0,0.333333333333333,0.5,0,0,0.666666666666667,NA,0.333333333333333,0.5,0.666666666666667,NA,0.833333333333333,NA,NA,NA,0,0,1,3,0,0,4,0,2,3,0,0,5,0,0,0,3,3,2,2,3,3,2,0,3,3,0,0,1,0,0,0,0,0,0,0,0,0,0,0,0,0,2,0,0,0,0,0,0,0,0,1,0,0,0,0,1,0,1,0,0,0,0,0,0,0,0.333333333333333,0.5,0,0,0.666666666666667,NA,0.333333333333333,0.5,0,NA,0.833333333333333,NA,NA,NA,1,1,0.666666666666667,0.333333333333333,1,1,0.333333333333333,NA,0.5,0.5,0,NA,0.166666666666667,NA,NA,NA,0,0,0,0,0,0,0,NA,0,0,0.666666666666667,NA,0,NA,NA,NA,0,0,0,0.166666666666667,0,0,0,NA,0.166666666666667,0,0.333333333333333,NA,0,NA,NA,NA
"313",3,3,6,0,0,3,0,0,3,6,0,0,6,6,0,0,0,0,0,0,0,0,0,0,0,1,0,0,0,2,0,0,0,1,3,0,0,0,0,0,0,2,0,0,2,3,0,0,0.0833333333333333,0.0833333333333333,0.166666666666667,0,0,0.0833333333333333,0,0,0.0833333333333333,0.166666666666667,0,0,0.166666666666667,0.166666666666667,0,0,0,0,0,NA,NA,0,NA,NA,0,0.166666666666667,NA,NA,0,0.333333333333333,NA,NA,0,0.333333333333333,0.5,NA,NA,0,NA,NA,0,0.333333333333333,NA,NA,0.333333333333333,0.5,NA,NA,0,1,3,0,0,0,0,0,0,2,0,0,2,2,0,0,3,2,3,0,0,3,0,0,3,3,0,0,4,2,0,0,0,0,0,0,0,0,0,0,0,0,0,0,0,1,0,0,0,0,0,0,0,0,0,0,0,1,0,0,0,1,0,0,0,0.333333333333333,0.5,NA,NA,0,NA,NA,0,0.333333333333333,NA,NA,0.333333333333333,0.333333333333333,NA,NA,1,0.666666666666667,0.5,NA,NA,1,NA,NA,1,0.5,NA,NA,0.666666666666667,0.333333333333333,NA,NA,0,0,0,NA,NA,0,NA,NA,0,0,NA,NA,0,0.166666666666667,NA,NA,0,0,0,NA,NA,0,NA,NA,0,0.166666666666667,NA,NA,0,0.166666666666667,NA,NA
"314",3,3,3,6,0,6,6,6,3,6,0,0,6,0,0,0,0,0,0,1,0,0,1,4,0,1,0,0,0,0,0,0,0,0,0,1,0,1,3,5,1,5,0,0,4,0,0,0,0.0625,0.0625,0.0625,0.125,0,0.125,0.125,0.125,0.0625,0.125,0,0,0.125,0,0,0,0,0,0,0.166666666666667,NA,0,0.166666666666667,0.666666666666667,0,0.166666666666667,NA,NA,0,NA,NA,NA,0,0,0,0.166666666666667,NA,0.166666666666667,0.5,0.833333333333333,0.333333333333333,0.833333333333333,NA,NA,0.666666666666667,NA,NA,NA,0,0,0,1,0,1,2,1,1,4,0,0,4,0,0,0,3,3,3,4,0,5,3,1,2,1,0,0,2,0,0,0,0,0,0,0,0,0,1,4,0,1,0,0,0,0,0,0,0,0,0,1,0,0,0,0,0,0,0,0,0,0,0,0,0,0,0,0.166666666666667,NA,0.166666666666667,0.333333333333333,0.166666666666667,0.333333333333333,0.666666666666667,NA,NA,0.666666666666667,NA,NA,NA,1,1,1,0.666666666666667,NA,0.833333333333333,0.5,0.166666666666667,0.666666666666667,0.166666666666667,NA,NA,0.333333333333333,NA,NA,NA,0,0,0,0,NA,0,0.166666666666667,0.666666666666667,0,0.166666666666667,NA,NA,0,NA,NA,NA,0,0,0,0.166666666666667,NA,0,0,0,0,0,NA,NA,0,NA,NA,NA
"315",3,3,6,6,3,6,6,0,3,6,0,0,6,0,0,0,0,0,1,1,0,1,1,0,0,2,0,0,0,0,0,0,0,0,2,3,0,2,3,0,0,4,0,0,2,0,0,0,0.0625,0.0625,0.125,0.125,0.0625,0.125,0.125,0,0.0625,0.125,0,0,0.125,0,0,0,0,0,0.166666666666667,0.166666666666667,0,0.166666666666667,0.166666666666667,NA,0,0.333333333333333,NA,NA,0,NA,NA,NA,0,0,0.333333333333333,0.5,0,0.333333333333333,0.5,NA,0,0.666666666666667,NA,NA,0.333333333333333,NA,NA,NA,0,0,2,2,0,1,3,0,0,3,0,0,2,0,0,0,3,3,3,3,3,4,2,0,3,1,0,0,4,0,0,0,0,0,0,1,0,1,0,0,0,1,0,0,0,0,0,0,0,0,1,0,0,0,1,0,0,1,0,0,0,0,0,0,0,0,0.333333333333333,0.333333333333333,0,0.166666666666667,0.5,NA,0,0.5,NA,NA,0.333333333333333,NA,NA,NA,1,1,0.5,0.5,1,0.666666666666667,0.333333333333333,NA,1,0.166666666666667,NA,NA,0.666666666666667,NA,NA,NA,0,0,0,0.166666666666667,0,0.166666666666667,0,NA,0,0.166666666666667,NA,NA,0,NA,NA,NA,0,0,0.166666666666667,0,0,0,0.166666666666667,NA,0,0.166666666666667,NA,NA,0,NA,NA,NA
"316",3,6,3,0,6,0,0,0,0,0,0,0,0,0,0,0,0,0,1,0,0,0,0,0,0,0,0,0,0,0,0,0,0,4,0,0,4,0,0,0,0,0,0,0,0,0,0,0,0.166666666666667,0.333333333333333,0.166666666666667,0,0.333333333333333,0,0,0,0,0,0,0,0,0,0,0,0,0,0.333333333333333,NA,0,NA,NA,NA,NA,NA,NA,NA,NA,NA,NA,NA,0,0.666666666666667,0,NA,0.666666666666667,NA,NA,NA,NA,NA,NA,NA,NA,NA,NA,NA,0,4,0,0,4,0,0,0,0,0,0,0,0,0,0,0,3,2,2,0,2,0,0,0,0,0,0,0,0,0,0,0,0,0,0,0,0,0,0,0,0,0,0,0,0,0,0,0,0,0,1,0,0,0,0,0,0,0,0,0,0,0,0,0,0,0.666666666666667,0,NA,0.666666666666667,NA,NA,NA,NA,NA,NA,NA,NA,NA,NA,NA,1,0.333333333333333,0.666666666666667,NA,0.333333333333333,NA,NA,NA,NA,NA,NA,NA,NA,NA,NA,NA,0,0,0,NA,0,NA,NA,NA,NA,NA,NA,NA,NA,NA,NA,NA,0,0,0.333333333333333,NA,0,NA,NA,NA,NA,NA,NA,NA,NA,NA,NA,NA
"317",3,3,6,6,6,3,0,0,6,6,0,0,0,3,0,0,0,0,0,2,0,0,0,0,2,0,0,0,0,3,0,0,0,0,2,2,3,1,0,0,1,4,0,0,0,2,0,0,0.0714285714285714,0.0714285714285714,0.142857142857143,0.142857142857143,0.142857142857143,0.0714285714285714,0,0,0.142857142857143,0.142857142857143,0,0,0,0.0714285714285714,0,0,0,0,0,0.333333333333333,0,0,NA,NA,0.333333333333333,0,NA,NA,NA,1,NA,NA,0,0,0.333333333333333,0.333333333333333,0.5,0.333333333333333,NA,NA,0.166666666666667,0.666666666666667,NA,NA,NA,0.666666666666667,NA,NA,0,0,2,1,3,1,0,0,1,4,0,0,0,0,0,0,3,3,4,3,3,2,0,0,3,2,0,0,0,0,0,0,0,0,0,1,0,0,0,0,0,0,0,0,0,2,0,0,0,0,0,1,0,0,0,0,2,0,0,0,0,1,0,0,0,0,0.333333333333333,0.166666666666667,0.5,0.333333333333333,NA,NA,0.166666666666667,0.666666666666667,NA,NA,NA,0,NA,NA,1,1,0.666666666666667,0.5,0.5,0.666666666666667,NA,NA,0.5,0.333333333333333,NA,NA,NA,0,NA,NA,0,0,0,0.166666666666667,0,0,NA,NA,0,0,NA,NA,NA,0.666666666666667,NA,NA,0,0,0,0.166666666666667,0,0,NA,NA,0.333333333333333,0,NA,NA,NA,0.333333333333333,NA,NA
"318",3,3,3,6,3,6,6,3,3,0,0,0,6,0,0,0,0,0,0,0,0,2,1,2,0,0,0,0,1,0,0,0,0,0,1,3,1,2,5,0,1,0,0,0,3,0,0,0,0.0714285714285714,0.0714285714285714,0.0714285714285714,0.142857142857143,0.0714285714285714,0.142857142857143,0.142857142857143,0.0714285714285714,0.0714285714285714,0,0,0,0.142857142857143,0,0,0,0,0,0,0,0,0.333333333333333,0.166666666666667,0.666666666666667,0,NA,NA,NA,0.166666666666667,NA,NA,NA,0,0,0.333333333333333,0.5,0.333333333333333,0.333333333333333,0.833333333333333,0,0.333333333333333,NA,NA,NA,0.5,NA,NA,NA,0,0,1,3,1,1,4,0,1,0,0,0,2,0,0,0,3,3,2,3,2,3,1,1,2,0,0,0,3,0,0,0,0,0,0,0,0,1,1,0,0,0,0,0,1,0,0,0,0,0,0,0,0,1,0,2,0,0,0,0,0,0,0,0,0,0,0.333333333333333,0.5,0.333333333333333,0.166666666666667,0.666666666666667,0,0.333333333333333,NA,NA,NA,0.333333333333333,NA,NA,NA,1,1,0.666666666666667,0.5,0.666666666666667,0.5,0.166666666666667,0.333333333333333,0.666666666666667,NA,NA,NA,0.5,NA,NA,NA,0,0,0,0,0,0.166666666666667,0.166666666666667,0,0,NA,NA,NA,0.166666666666667,NA,NA,NA,0,0,0,0,0,0.166666666666667,0,0.666666666666667,0,NA,NA,NA,0,NA,NA,NA
"319",3,3,3,6,6,3,6,6,6,6,0,0,0,0,0,0,0,0,0,0,1,0,1,2,3,0,0,0,0,0,0,0,0,0,1,1,3,1,5,5,2,5,0,0,0,0,0,0,0.0625,0.0625,0.0625,0.125,0.125,0.0625,0.125,0.125,0.125,0.125,0,0,0,0,0,0,0,0,0,0,0.166666666666667,0,0.166666666666667,0.333333333333333,0.5,0,NA,NA,NA,NA,NA,NA,0,0,0.333333333333333,0.166666666666667,0.5,0.333333333333333,0.833333333333333,0.833333333333333,0.333333333333333,0.833333333333333,NA,NA,NA,NA,NA,NA,0,0,1,1,2,1,4,4,1,5,0,0,0,0,0,0,3,3,2,5,3,2,1,0,2,1,0,0,0,0,0,0,0,0,0,0,1,0,1,1,1,0,0,0,0,0,0,0,0,0,0,0,0,0,0,1,2,0,0,0,0,0,0,0,0,0,0.333333333333333,0.166666666666667,0.333333333333333,0.333333333333333,0.666666666666667,0.666666666666667,0.166666666666667,0.833333333333333,NA,NA,NA,NA,NA,NA,1,1,0.666666666666667,0.833333333333333,0.5,0.666666666666667,0.166666666666667,0,0.333333333333333,0.166666666666667,NA,NA,NA,NA,NA,NA,0,0,0,0,0.166666666666667,0,0.166666666666667,0.166666666666667,0.166666666666667,0,NA,NA,NA,NA,NA,NA,0,0,0,0,0,0,0,0.166666666666667,0.333333333333333,0,NA,NA,NA,NA,NA,NA
"320",3,3,6,3,0,6,0,0,3,6,0,0,6,6,0,0,0,0,0,1,0,1,0,0,0,1,0,0,0,4,0,0,0,0,3,1,0,1,0,0,0,2,0,0,2,5,0,0,0.0714285714285714,0.0714285714285714,0.142857142857143,0.0714285714285714,0,0.142857142857143,0,0,0.0714285714285714,0.142857142857143,0,0,0.142857142857143,0.142857142857143,0,0,0,0,0,0.333333333333333,NA,0.166666666666667,NA,NA,0,0.166666666666667,NA,NA,0,0.666666666666667,NA,NA,0,0,0.5,0.333333333333333,NA,0.166666666666667,NA,NA,0,0.333333333333333,NA,NA,0.333333333333333,0.833333333333333,NA,NA,0,0,3,0,0,1,0,0,0,2,0,0,2,1,0,0,3,3,3,2,0,4,0,0,3,3,0,0,4,1,0,0,0,0,0,1,0,0,0,0,0,0,0,0,0,4,0,0,0,0,0,0,0,1,0,0,0,1,0,0,0,0,0,0,0,0,0.5,0,NA,0.166666666666667,NA,NA,0,0.333333333333333,NA,NA,0.333333333333333,0.166666666666667,NA,NA,1,1,0.5,0.666666666666667,NA,0.666666666666667,NA,NA,1,0.5,NA,NA,0.666666666666667,0.166666666666667,NA,NA,0,0,0,0.333333333333333,NA,0,NA,NA,0,0,NA,NA,0,0.666666666666667,NA,NA,0,0,0,0,NA,0.166666666666667,NA,NA,0,0.166666666666667,NA,NA,0,0,NA,NA
"321",6,3,6,3,0,3,0,0,0,3,0,0,6,6,0,0,0,0,0,2,0,0,0,0,0,0,0,0,0,1,0,0,2,0,2,0,0,0,0,0,0,0,0,0,1,6,0,0,0.166666666666667,0.0833333333333333,0.166666666666667,0.0833333333333333,0,0.0833333333333333,0,0,0,0.0833333333333333,0,0,0.166666666666667,0.166666666666667,0,0,0,0,0,0.666666666666667,NA,0,NA,NA,NA,0,NA,NA,0,0.166666666666667,NA,NA,0.333333333333333,0,0.333333333333333,0,NA,0,NA,NA,NA,0,NA,NA,0.166666666666667,1,NA,NA,2,0,2,0,0,0,0,0,0,0,0,0,1,5,0,0,4,3,4,1,0,3,0,0,0,3,0,0,5,0,0,0,0,0,0,0,0,0,0,0,0,0,0,0,0,1,0,0,0,0,0,2,0,0,0,0,0,0,0,0,0,0,0,0,0.333333333333333,0,0.333333333333333,0,NA,0,NA,NA,NA,0,NA,NA,0.166666666666667,0.833333333333333,NA,NA,0.666666666666667,1,0.666666666666667,0.333333333333333,NA,1,NA,NA,NA,1,NA,NA,0.833333333333333,0,NA,NA,0,0,0,0,NA,0,NA,NA,NA,0,NA,NA,0,0.166666666666667,NA,NA,0,0,0,0.666666666666667,NA,0,NA,NA,NA,0,NA,NA,0,0,NA,NA
"322",3,6,6,0,6,6,0,0,3,0,0,0,0,0,0,0,0,0,0,0,1,2,0,0,1,0,0,0,0,0,0,0,1,2,3,0,0,1,0,0,0,0,0,0,0,0,0,0,0.1,0.2,0.2,0,0.2,0.2,0,0,0.1,0,0,0,0,0,0,0,0,0,0,NA,0.166666666666667,0.333333333333333,NA,NA,0.333333333333333,NA,NA,NA,NA,NA,NA,NA,0.333333333333333,0.333333333333333,0.5,NA,0,0.166666666666667,NA,NA,0,NA,NA,NA,NA,NA,NA,NA,1,2,3,0,0,1,0,0,0,0,0,0,0,0,0,0,2,4,3,0,5,3,0,0,2,0,0,0,0,0,0,0,0,0,0,0,0,0,0,0,0,0,0,0,0,0,0,0,0,0,0,0,1,2,0,0,1,0,0,0,0,0,0,0,0.333333333333333,0.333333333333333,0.5,NA,0,0.166666666666667,NA,NA,0,NA,NA,NA,NA,NA,NA,NA,0.666666666666667,0.666666666666667,0.5,NA,0.833333333333333,0.5,NA,NA,0.666666666666667,NA,NA,NA,NA,NA,NA,NA,0,0,0,NA,0,0,NA,NA,0,NA,NA,NA,NA,NA,NA,NA,0,0,0,NA,0.166666666666667,0.333333333333333,NA,NA,0.333333333333333,NA,NA,NA,NA,NA,NA,NA
"323",3,3,6,6,6,3,0,0,6,6,0,0,0,0,0,0,0,0,0,2,1,0,0,0,3,1,0,0,0,0,0,0,0,0,2,4,0,0,0,0,2,3,0,0,0,0,0,0,0.0769230769230769,0.0769230769230769,0.153846153846154,0.153846153846154,0.153846153846154,0.0769230769230769,0,0,0.153846153846154,0.153846153846154,0,0,0,0,0,0,0,0,0,0.333333333333333,0.166666666666667,0,NA,NA,0.5,0.166666666666667,NA,NA,NA,NA,NA,NA,0,0,0.333333333333333,0.666666666666667,0,0,NA,NA,0.333333333333333,0.5,NA,NA,NA,NA,NA,NA,0,0,2,3,0,0,0,0,2,3,0,0,0,0,0,0,3,3,4,1,5,3,0,0,1,2,0,0,0,0,0,0,0,0,0,1,0,0,0,0,0,0,0,0,0,0,0,0,0,0,0,1,1,0,0,0,3,1,0,0,0,0,0,0,0,0,0.333333333333333,0.5,0,0,NA,NA,0.333333333333333,0.5,NA,NA,NA,NA,NA,NA,1,1,0.666666666666667,0.166666666666667,0.833333333333333,1,NA,NA,0.166666666666667,0.333333333333333,NA,NA,NA,NA,NA,NA,0,0,0,0.166666666666667,0,0,NA,NA,0,0,NA,NA,NA,NA,NA,NA,0,0,0,0.166666666666667,0.166666666666667,0,NA,NA,0.5,0.166666666666667,NA,NA,NA,NA,NA,NA
"324",3,3,6,6,6,6,6,3,3,6,0,0,0,0,0,0,0,0,0,1,0,1,1,2,1,2,0,0,0,0,0,0,0,0,0,2,1,1,3,2,2,4,0,0,0,0,0,0,0.0625,0.0625,0.125,0.125,0.125,0.125,0.125,0.0625,0.0625,0.125,0,0,0,0,0,0,0,0,0,0.166666666666667,0,0.166666666666667,0.166666666666667,0.666666666666667,0.333333333333333,0.333333333333333,NA,NA,NA,NA,NA,NA,0,0,0,0.333333333333333,0.166666666666667,0.166666666666667,0.5,0.666666666666667,0.666666666666667,0.666666666666667,NA,NA,NA,NA,NA,NA,0,0,0,2,1,0,3,1,2,2,0,0,0,0,0,0,3,3,6,3,5,5,2,0,0,2,0,0,0,0,0,0,0,0,0,0,0,1,0,1,0,2,0,0,0,0,0,0,0,0,0,1,0,0,1,1,1,0,0,0,0,0,0,0,0,0,0,0.333333333333333,0.166666666666667,0,0.5,0.333333333333333,0.666666666666667,0.333333333333333,NA,NA,NA,NA,NA,NA,1,1,1,0.5,0.833333333333333,0.833333333333333,0.333333333333333,0,0,0.333333333333333,NA,NA,NA,NA,NA,NA,0,0,0,0,0,0.166666666666667,0,0.333333333333333,0,0.333333333333333,NA,NA,NA,NA,NA,NA,0,0,0,0.166666666666667,0,0,0.166666666666667,0.333333333333333,0.333333333333333,0,NA,NA,NA,NA,NA,NA
"325",3,3,3,3,0,6,6,6,3,6,0,0,6,3,0,0,0,0,0,0,0,1,1,1,0,1,0,0,0,1,0,0,0,1,1,0,0,1,5,4,0,3,0,0,3,2,0,0,0.0625,0.0625,0.0625,0.0625,0,0.125,0.125,0.125,0.0625,0.125,0,0,0.125,0.0625,0,0,0,0,0,0,NA,0.166666666666667,0.166666666666667,0.166666666666667,0,0.166666666666667,NA,NA,0,0.333333333333333,NA,NA,0,0.333333333333333,0.333333333333333,0,NA,0.166666666666667,0.833333333333333,0.666666666666667,0,0.5,NA,NA,0.5,0.666666666666667,NA,NA,0,1,1,0,0,0,4,4,0,2,0,0,3,1,0,0,3,2,2,3,0,5,1,1,3,3,0,0,3,1,0,0,0,0,0,0,0,1,1,0,0,1,0,0,0,1,0,0,0,0,0,0,0,0,0,1,0,0,0,0,0,0,0,0,0,0.333333333333333,0.333333333333333,0,NA,0,0.666666666666667,0.666666666666667,0,0.333333333333333,NA,NA,0.5,0.333333333333333,NA,NA,1,0.666666666666667,0.666666666666667,1,NA,0.833333333333333,0.166666666666667,0.166666666666667,1,0.5,NA,NA,0.5,0.333333333333333,NA,NA,0,0,0,0,NA,0.166666666666667,0.166666666666667,0,0,0.166666666666667,NA,NA,0,0.333333333333333,NA,NA,0,0,0,0,NA,0,0,0.166666666666667,0,0,NA,NA,0,0,NA,NA
"326",3,6,6,0,0,6,0,0,3,6,0,0,6,0,0,0,0,0,1,0,0,1,0,0,0,1,0,0,0,0,0,0,1,2,3,0,0,0,0,0,0,4,0,0,4,0,0,0,0.0833333333333333,0.166666666666667,0.166666666666667,0,0,0.166666666666667,0,0,0.0833333333333333,0.166666666666667,0,0,0.166666666666667,0,0,0,0,0,0.166666666666667,NA,NA,0.166666666666667,NA,NA,0,0.166666666666667,NA,NA,0,NA,NA,NA,0.333333333333333,0.333333333333333,0.5,NA,NA,0,NA,NA,0,0.666666666666667,NA,NA,0.666666666666667,NA,NA,NA,1,2,3,0,0,0,0,0,0,3,0,0,4,0,0,0,2,4,2,0,0,5,0,0,3,2,0,0,2,0,0,0,0,0,0,0,0,0,0,0,0,1,0,0,0,0,0,0,0,0,1,0,0,1,0,0,0,0,0,0,0,0,0,0,0.333333333333333,0.333333333333333,0.5,NA,NA,0,NA,NA,0,0.5,NA,NA,0.666666666666667,NA,NA,NA,0.666666666666667,0.666666666666667,0.333333333333333,NA,NA,0.833333333333333,NA,NA,1,0.333333333333333,NA,NA,0.333333333333333,NA,NA,NA,0,0,0,NA,NA,0,NA,NA,0,0.166666666666667,NA,NA,0,NA,NA,NA,0,0,0.166666666666667,NA,NA,0.166666666666667,NA,NA,0,0,NA,NA,0,NA,NA,NA
"327",3,3,3,6,0,3,6,0,3,3,3,0,6,6,0,0,0,0,0,0,0,0,1,0,0,0,1,0,1,1,0,0,0,0,0,3,0,1,3,0,0,1,3,0,2,4,0,0,0.0666666666666667,0.0666666666666667,0.0666666666666667,0.133333333333333,0,0.0666666666666667,0.133333333333333,0,0.0666666666666667,0.0666666666666667,0.0666666666666667,0,0.133333333333333,0.133333333333333,0,0,0,0,0,0,NA,0,0.166666666666667,NA,0,0,0.333333333333333,NA,0.166666666666667,0.166666666666667,NA,NA,0,0,0,0.5,NA,0.333333333333333,0.5,NA,0,0.333333333333333,1,NA,0.333333333333333,0.666666666666667,NA,NA,0,0,0,3,0,1,2,0,0,1,2,0,1,3,0,0,3,3,3,3,0,2,3,0,3,2,0,0,4,2,0,0,0,0,0,0,0,0,1,0,0,0,1,0,1,1,0,0,0,0,0,0,0,0,0,0,0,0,0,0,0,0,0,0,0,0,0,0.5,NA,0.333333333333333,0.333333333333333,NA,0,0.333333333333333,0.666666666666667,NA,0.166666666666667,0.5,NA,NA,1,1,1,0.5,NA,0.666666666666667,0.5,NA,1,0.666666666666667,0,NA,0.666666666666667,0.333333333333333,NA,NA,0,0,0,0,NA,0,0.166666666666667,NA,0,0,0.333333333333333,NA,0.166666666666667,0.166666666666667,NA,NA,0,0,0,0,NA,0,0,NA,0,0,0,NA,0,0,NA,NA
"328",3,3,3,6,6,6,6,0,6,6,0,0,0,0,0,0,0,0,0,0,0,0,0,0,2,2,0,0,0,0,0,0,1,0,0,3,0,1,4,0,0,1,0,0,0,0,0,0,0.0666666666666667,0.0666666666666667,0.0666666666666667,0.133333333333333,0.133333333333333,0.133333333333333,0.133333333333333,0,0.133333333333333,0.133333333333333,0,0,0,0,0,0,0,0,0,0,0,0,0,NA,0.333333333333333,0.333333333333333,NA,NA,NA,NA,NA,NA,0.333333333333333,0,0,0.5,0,0.166666666666667,0.666666666666667,NA,0,0.166666666666667,NA,NA,NA,NA,NA,NA,1,0,0,3,0,1,4,0,0,0,0,0,0,0,0,0,2,3,3,3,6,5,2,0,4,4,0,0,0,0,0,0,0,0,0,0,0,0,0,0,0,1,0,0,0,0,0,0,0,0,0,0,0,0,0,0,2,1,0,0,0,0,0,0,0.333333333333333,0,0,0.5,0,0.166666666666667,0.666666666666667,NA,0,0,NA,NA,NA,NA,NA,NA,0.666666666666667,1,1,0.5,1,0.833333333333333,0.333333333333333,NA,0.666666666666667,0.666666666666667,NA,NA,NA,NA,NA,NA,0,0,0,0,0,0,0,NA,0,0.166666666666667,NA,NA,NA,NA,NA,NA,0,0,0,0,0,0,0,NA,0.333333333333333,0.166666666666667,NA,NA,NA,NA,NA,NA
"329",3,3,3,6,6,6,6,0,6,0,0,0,0,0,0,0,0,0,0,0,0,2,1,0,2,0,0,0,0,0,0,0,0,1,1,3,2,2,5,0,1,0,0,0,0,0,0,0,0.0769230769230769,0.0769230769230769,0.0769230769230769,0.153846153846154,0.153846153846154,0.153846153846154,0.153846153846154,0,0.153846153846154,0,0,0,0,0,0,0,0,0,0,0,0,0.333333333333333,0.166666666666667,NA,0.333333333333333,NA,NA,NA,NA,NA,NA,NA,0,0.333333333333333,0.333333333333333,0.5,0.333333333333333,0.333333333333333,0.833333333333333,NA,0.166666666666667,NA,NA,NA,NA,NA,NA,NA,0,1,1,3,2,1,4,0,0,0,0,0,0,0,0,0,3,2,2,3,4,3,1,0,4,0,0,0,0,0,0,0,0,0,0,0,0,1,1,0,1,0,0,0,0,0,0,0,0,0,0,0,0,1,0,0,1,0,0,0,0,0,0,0,0,0.333333333333333,0.333333333333333,0.5,0.333333333333333,0.166666666666667,0.666666666666667,NA,0,NA,NA,NA,NA,NA,NA,NA,1,0.666666666666667,0.666666666666667,0.5,0.666666666666667,0.5,0.166666666666667,NA,0.666666666666667,NA,NA,NA,NA,NA,NA,NA,0,0,0,0,0,0.166666666666667,0.166666666666667,NA,0.166666666666667,NA,NA,NA,NA,NA,NA,NA,0,0,0,0,0,0.166666666666667,0,NA,0.166666666666667,NA,NA,NA,NA,NA,NA,NA
"330",3,3,6,3,3,6,0,0,6,0,0,0,6,0,0,0,0,0,0,1,0,1,0,0,0,0,0,0,1,0,0,0,0,0,4,1,0,3,0,0,1,0,0,0,2,0,0,0,0.0833333333333333,0.0833333333333333,0.166666666666667,0.0833333333333333,0.0833333333333333,0.166666666666667,0,0,0.166666666666667,0,0,0,0.166666666666667,0,0,0,0,0,0,0.333333333333333,0,0.166666666666667,NA,NA,0,NA,NA,NA,0.166666666666667,NA,NA,NA,0,0,0.666666666666667,0.333333333333333,0,0.5,NA,NA,0.166666666666667,NA,NA,NA,0.333333333333333,NA,NA,NA,0,0,4,0,0,2,0,0,1,0,0,0,2,0,0,0,3,3,2,2,3,3,0,0,5,0,0,0,3,0,0,0,0,0,0,1,0,1,0,0,0,0,0,0,0,0,0,0,0,0,0,0,0,0,0,0,0,0,0,0,1,0,0,0,0,0,0.666666666666667,0,0,0.333333333333333,NA,NA,0.166666666666667,NA,NA,NA,0.333333333333333,NA,NA,NA,1,1,0.333333333333333,0.666666666666667,1,0.5,NA,NA,0.833333333333333,NA,NA,NA,0.5,NA,NA,NA,0,0,0,0.333333333333333,0,0.166666666666667,NA,NA,0,NA,NA,NA,0,NA,NA,NA,0,0,0,0,0,0,NA,NA,0,NA,NA,NA,0.166666666666667,NA,NA,NA
"331",3,3,6,0,0,6,0,0,6,6,0,0,3,0,0,0,0,0,0,0,0,0,0,0,1,1,0,0,1,0,0,0,1,1,4,0,0,2,0,0,1,3,0,0,1,0,0,0,0.0909090909090909,0.0909090909090909,0.181818181818182,0,0,0.181818181818182,0,0,0.181818181818182,0.181818181818182,0,0,0.0909090909090909,0,0,0,0,0,0,NA,NA,0,NA,NA,0.166666666666667,0.166666666666667,NA,NA,0.333333333333333,NA,NA,NA,0.333333333333333,0.333333333333333,0.666666666666667,NA,NA,0.333333333333333,NA,NA,0.166666666666667,0.5,NA,NA,0.333333333333333,NA,NA,NA,1,1,4,0,0,2,0,0,1,2,0,0,0,0,0,0,2,2,2,0,0,4,0,0,4,3,0,0,2,0,0,0,0,0,0,0,0,0,0,0,0,1,0,0,1,0,0,0,0,0,0,0,0,0,0,0,1,0,0,0,0,0,0,0,0.333333333333333,0.333333333333333,0.666666666666667,NA,NA,0.333333333333333,NA,NA,0.166666666666667,0.333333333333333,NA,NA,0,NA,NA,NA,0.666666666666667,0.666666666666667,0.333333333333333,NA,NA,0.666666666666667,NA,NA,0.666666666666667,0.5,NA,NA,0.666666666666667,NA,NA,NA,0,0,0,NA,NA,0,NA,NA,0,0.166666666666667,NA,NA,0.333333333333333,NA,NA,NA,0,0,0,NA,NA,0,NA,NA,0.166666666666667,0,NA,NA,0,NA,NA,NA
"332",3,3,6,6,3,0,6,0,3,6,6,0,0,3,3,0,0,0,0,1,0,0,1,0,1,1,1,0,0,2,3,0,0,0,1,3,1,0,2,0,0,3,3,0,0,2,0,0,0.0625,0.0625,0.125,0.125,0.0625,0,0.125,0,0.0625,0.125,0.125,0,0,0.0625,0.0625,0,0,0,0,0.166666666666667,0,NA,0.166666666666667,NA,0.333333333333333,0.166666666666667,0.166666666666667,NA,NA,0.666666666666667,1,NA,0,0,0.166666666666667,0.5,0.333333333333333,NA,0.333333333333333,NA,0,0.5,0.5,NA,NA,0.666666666666667,0,NA,0,0,1,2,1,0,1,0,0,2,3,0,0,0,0,0,3,3,5,3,2,0,4,0,2,3,2,0,0,1,0,0,0,0,0,1,0,0,1,0,0,1,0,0,0,2,0,0,0,0,0,0,0,0,0,0,1,0,1,0,0,0,3,0,0,0,0.166666666666667,0.333333333333333,0.333333333333333,NA,0.166666666666667,NA,0,0.333333333333333,0.5,NA,NA,0,0,NA,1,1,0.833333333333333,0.5,0.666666666666667,NA,0.666666666666667,NA,0.666666666666667,0.5,0.333333333333333,NA,NA,0.333333333333333,0,NA,0,0,0,0.166666666666667,0,NA,0.166666666666667,NA,0,0.166666666666667,0,NA,NA,0.666666666666667,0,NA,0,0,0,0,0,NA,0,NA,0.333333333333333,0,0.166666666666667,NA,NA,0,1,NA
"333",6,6,6,6,6,6,0,0,3,0,0,0,0,0,0,0,0,1,1,2,1,0,0,0,1,0,0,0,0,0,0,0,0,2,0,4,1,3,0,0,0,0,0,0,0,0,0,0,0.153846153846154,0.153846153846154,0.153846153846154,0.153846153846154,0.153846153846154,0.153846153846154,0,0,0.0769230769230769,0,0,0,0,0,0,0,0,0.166666666666667,0.166666666666667,0.333333333333333,0.166666666666667,0,NA,NA,0.333333333333333,NA,NA,NA,NA,NA,NA,NA,0,0.333333333333333,0,0.666666666666667,0.166666666666667,0.5,NA,NA,0,NA,NA,NA,NA,NA,NA,NA,0,2,0,3,1,3,0,0,0,0,0,0,0,0,0,0,6,3,5,1,4,3,0,0,2,0,0,0,0,0,0,0,0,0,0,1,0,0,0,0,0,0,0,0,0,0,0,0,0,1,1,1,1,0,0,0,1,0,0,0,0,0,0,0,0,0.333333333333333,0,0.5,0.166666666666667,0.5,NA,NA,0,NA,NA,NA,NA,NA,NA,NA,1,0.5,0.833333333333333,0.166666666666667,0.666666666666667,0.5,NA,NA,0.666666666666667,NA,NA,NA,NA,NA,NA,NA,0,0,0,0.166666666666667,0,0,NA,NA,0,NA,NA,NA,NA,NA,NA,NA,0,0.166666666666667,0.166666666666667,0.166666666666667,0.166666666666667,0,NA,NA,0.333333333333333,NA,NA,NA,NA,NA,NA,NA
"334",3,3,3,6,3,6,6,3,3,6,3,0,3,0,0,0,0,0,0,0,0,0,1,1,0,2,1,0,1,0,0,0,1,0,0,2,0,1,2,3,0,4,3,0,2,0,0,0,0.0625,0.0625,0.0625,0.125,0.0625,0.125,0.125,0.0625,0.0625,0.125,0.0625,0,0.0625,0,0,0,0,0,0,0,0,0,0.166666666666667,0.333333333333333,0,0.333333333333333,0.333333333333333,NA,0.333333333333333,NA,NA,NA,0.333333333333333,0,0,0.333333333333333,0,0.166666666666667,0.333333333333333,1,0,0.666666666666667,1,NA,0.666666666666667,NA,NA,NA,1,0,0,2,0,1,1,2,0,3,2,0,2,0,0,0,2,3,3,4,3,5,4,0,3,1,0,0,0,0,0,0,0,0,0,0,0,0,1,1,0,1,1,0,0,0,0,0,0,0,0,0,0,0,0,0,0,1,0,0,1,0,0,0,0.333333333333333,0,0,0.333333333333333,0,0.166666666666667,0.166666666666667,0.666666666666667,0,0.5,0.666666666666667,NA,0.666666666666667,NA,NA,NA,0.666666666666667,1,1,0.666666666666667,1,0.833333333333333,0.666666666666667,0,1,0.166666666666667,0,NA,0,NA,NA,NA,0,0,0,0,0,0,0.166666666666667,0.333333333333333,0,0.166666666666667,0.333333333333333,NA,0,NA,NA,NA,0,0,0,0,0,0,0,0,0,0.166666666666667,0,NA,0.333333333333333,NA,NA,NA
"335",3,3,3,3,3,6,6,6,6,3,0,3,3,0,0,0,0,0,0,0,0,1,3,1,0,1,0,1,1,0,0,0,0,1,1,1,0,1,2,3,1,2,0,2,0,0,0,0,0.0625,0.0625,0.0625,0.0625,0.0625,0.125,0.125,0.125,0.125,0.0625,0,0.0625,0.0625,0,0,0,0,0,0,0,0,0.166666666666667,0.5,0.166666666666667,0,0.333333333333333,NA,0.333333333333333,0.333333333333333,NA,NA,NA,0,0.333333333333333,0.333333333333333,0.333333333333333,0,0.166666666666667,0.333333333333333,0.5,0.166666666666667,0.666666666666667,NA,0.666666666666667,0,NA,NA,NA,0,1,1,1,0,0,1,2,1,1,0,2,0,0,0,0,3,2,2,2,3,5,2,3,5,1,0,0,2,0,0,0,0,0,0,0,0,1,1,1,0,1,0,0,0,0,0,0,0,0,0,0,0,0,2,0,0,0,0,1,1,0,0,0,0,0.333333333333333,0.333333333333333,0.333333333333333,0,0,0.166666666666667,0.333333333333333,0.166666666666667,0.333333333333333,NA,0.666666666666667,0,NA,NA,NA,1,0.666666666666667,0.666666666666667,0.666666666666667,1,0.833333333333333,0.333333333333333,0.5,0.833333333333333,0.333333333333333,NA,0,0.666666666666667,NA,NA,NA,0,0,0,0,0,0.166666666666667,0.166666666666667,0.166666666666667,0,0.333333333333333,NA,0,0,NA,NA,NA,0,0,0,0,0,0,0.333333333333333,0,0,0,NA,0.333333333333333,0.333333333333333,NA,NA,NA
"336",3,3,6,6,0,6,6,0,3,6,0,0,6,0,0,0,0,0,0,1,0,1,1,0,0,1,0,0,0,0,0,0,0,0,1,3,0,1,4,0,0,5,0,0,3,0,0,0,0.0666666666666667,0.0666666666666667,0.133333333333333,0.133333333333333,0,0.133333333333333,0.133333333333333,0,0.0666666666666667,0.133333333333333,0,0,0.133333333333333,0,0,0,0,0,0,0.166666666666667,NA,0.166666666666667,0.166666666666667,NA,0,0.166666666666667,NA,NA,0,NA,NA,NA,0,0,0.166666666666667,0.5,NA,0.166666666666667,0.666666666666667,NA,0,0.833333333333333,NA,NA,0.5,NA,NA,NA,0,0,1,2,0,1,3,0,0,5,0,0,3,0,0,0,3,3,5,3,0,4,2,0,3,0,0,0,3,0,0,0,0,0,0,1,0,0,1,0,0,0,0,0,0,0,0,0,0,0,0,0,0,1,0,0,0,1,0,0,0,0,0,0,0,0,0.166666666666667,0.333333333333333,NA,0.166666666666667,0.5,NA,0,0.833333333333333,NA,NA,0.5,NA,NA,NA,1,1,0.833333333333333,0.5,NA,0.666666666666667,0.333333333333333,NA,1,0,NA,NA,0.5,NA,NA,NA,0,0,0,0.166666666666667,NA,0,0.166666666666667,NA,0,0,NA,NA,0,NA,NA,NA,0,0,0,0,NA,0.166666666666667,0,NA,0,0.166666666666667,NA,NA,0,NA,NA,NA
"337",3,3,6,6,0,3,6,3,3,6,0,0,3,6,0,0,0,0,1,1,0,0,1,1,0,0,0,0,0,2,0,0,0,0,1,2,0,0,6,2,1,1,0,0,1,2,0,0,0.0625,0.0625,0.125,0.125,0,0.0625,0.125,0.0625,0.0625,0.125,0,0,0.0625,0.125,0,0,0,0,0.166666666666667,0.166666666666667,NA,0,0.166666666666667,0.333333333333333,0,0,NA,NA,0,0.333333333333333,NA,NA,0,0,0.166666666666667,0.333333333333333,NA,0,1,0.666666666666667,0.333333333333333,0.166666666666667,NA,NA,0.333333333333333,0.333333333333333,NA,NA,0,0,0,1,0,0,5,1,1,1,0,0,1,1,0,0,3,3,5,4,0,3,0,1,2,5,0,0,2,3,0,0,0,0,1,1,0,0,1,1,0,0,0,0,0,1,0,0,0,0,0,0,0,0,0,0,0,0,0,0,0,1,0,0,0,0,0,0.166666666666667,NA,0,0.833333333333333,0.333333333333333,0.333333333333333,0.166666666666667,NA,NA,0.333333333333333,0.166666666666667,NA,NA,1,1,0.833333333333333,0.666666666666667,NA,1,0,0.333333333333333,0.666666666666667,0.833333333333333,NA,NA,0.666666666666667,0.5,NA,NA,0,0,0.166666666666667,0.166666666666667,NA,0,0.166666666666667,0.333333333333333,0,0,NA,NA,0,0.166666666666667,NA,NA,0,0,0,0,NA,0,0,0,0,0,NA,NA,0,0.166666666666667,NA,NA
"338",3,3,6,6,0,3,0,0,3,6,0,0,6,3,0,0,0,0,1,3,0,0,0,0,0,0,0,0,0,2,0,0,0,0,0,4,0,1,0,0,1,3,0,0,2,2,0,0,0.0769230769230769,0.0769230769230769,0.153846153846154,0.153846153846154,0,0.0769230769230769,0,0,0.0769230769230769,0.153846153846154,0,0,0.153846153846154,0.0769230769230769,0,0,0,0,0.166666666666667,0.5,NA,0,NA,NA,0,0,NA,NA,0,0.666666666666667,NA,NA,0,0,0,0.666666666666667,NA,0.333333333333333,NA,NA,0.333333333333333,0.5,NA,NA,0.333333333333333,0.666666666666667,NA,NA,0,0,0,2,0,1,0,0,1,3,0,0,2,1,0,0,3,3,5,1,0,2,0,0,2,3,0,0,4,0,0,0,0,0,0,2,0,0,0,0,0,0,0,0,0,1,0,0,0,0,1,1,0,0,0,0,0,0,0,0,0,1,0,0,0,0,0,0.333333333333333,NA,0.333333333333333,NA,NA,0.333333333333333,0.5,NA,NA,0.333333333333333,0.333333333333333,NA,NA,1,1,0.833333333333333,0.166666666666667,NA,0.666666666666667,NA,NA,0.666666666666667,0.5,NA,NA,0.666666666666667,0,NA,NA,0,0,0,0.333333333333333,NA,0,NA,NA,0,0,NA,NA,0,0.333333333333333,NA,NA,0,0,0.166666666666667,0.166666666666667,NA,0,NA,NA,0,0,NA,NA,0,0.333333333333333,NA,NA
"339",3,3,6,6,6,6,6,3,6,3,0,0,0,0,0,0,0,0,0,1,0,1,1,1,1,1,0,0,0,0,0,0,1,1,2,0,1,1,4,3,1,0,0,0,0,0,0,0,0.0625,0.0625,0.125,0.125,0.125,0.125,0.125,0.0625,0.125,0.0625,0,0,0,0,0,0,0,0,0,0.166666666666667,0,0.166666666666667,0.166666666666667,0.333333333333333,0.166666666666667,0.333333333333333,NA,NA,NA,NA,NA,NA,0.333333333333333,0.333333333333333,0.333333333333333,0,0.166666666666667,0.166666666666667,0.666666666666667,1,0.166666666666667,0,NA,NA,NA,NA,NA,NA,1,1,2,0,1,1,3,2,1,0,0,0,0,0,0,0,2,2,4,5,5,4,2,0,4,2,0,0,0,0,0,0,0,0,0,0,0,0,1,1,0,0,0,0,0,0,0,0,0,0,0,1,0,1,0,0,1,1,0,0,0,0,0,0,0.333333333333333,0.333333333333333,0.333333333333333,0,0.166666666666667,0.166666666666667,0.5,0.666666666666667,0.166666666666667,0,NA,NA,NA,NA,NA,NA,0.666666666666667,0.666666666666667,0.666666666666667,0.833333333333333,0.833333333333333,0.666666666666667,0.333333333333333,0,0.666666666666667,0.666666666666667,NA,NA,NA,NA,NA,NA,0,0,0,0,0,0,0.166666666666667,0.333333333333333,0,0,NA,NA,NA,NA,NA,NA,0,0,0,0.166666666666667,0,0.166666666666667,0,0,0.166666666666667,0.333333333333333,NA,NA,NA,NA,NA,NA
"340",3,6,3,6,3,6,6,6,3,0,0,0,6,0,0,0,0,0,0,0,0,0,0,3,0,0,0,0,0,0,0,0,0,2,0,2,0,4,3,4,1,0,0,0,3,0,0,0,0.0625,0.125,0.0625,0.125,0.0625,0.125,0.125,0.125,0.0625,0,0,0,0.125,0,0,0,0,0,0,0,0,0,0,0.5,0,NA,NA,NA,0,NA,NA,NA,0,0.333333333333333,0,0.333333333333333,0,0.666666666666667,0.5,0.666666666666667,0.333333333333333,NA,NA,NA,0.5,NA,NA,NA,0,2,0,2,0,4,3,1,1,0,0,0,3,0,0,0,3,4,3,4,3,2,3,2,2,0,0,0,3,0,0,0,0,0,0,0,0,0,0,3,0,0,0,0,0,0,0,0,0,0,0,0,0,0,0,0,0,0,0,0,0,0,0,0,0,0.333333333333333,0,0.333333333333333,0,0.666666666666667,0.5,0.166666666666667,0.333333333333333,NA,NA,NA,0.5,NA,NA,NA,1,0.666666666666667,1,0.666666666666667,1,0.333333333333333,0.5,0.333333333333333,0.666666666666667,NA,NA,NA,0.5,NA,NA,NA,0,0,0,0,0,0,0,0.5,0,NA,NA,NA,0,NA,NA,NA,0,0,0,0,0,0,0,0,0,NA,NA,NA,0,NA,NA,NA
"341",3,3,6,6,6,3,0,3,6,6,0,0,0,6,0,0,0,0,0,2,0,0,0,2,3,0,0,0,0,3,0,0,1,0,2,3,1,1,0,3,2,2,0,0,0,3,0,0,0.0625,0.0625,0.125,0.125,0.125,0.0625,0,0.0625,0.125,0.125,0,0,0,0.125,0,0,0,0,0,0.333333333333333,0,0,NA,0.666666666666667,0.5,0,NA,NA,NA,0.5,NA,NA,0.333333333333333,0,0.333333333333333,0.5,0.166666666666667,0.333333333333333,NA,1,0.333333333333333,0.333333333333333,NA,NA,NA,0.5,NA,NA,1,0,2,1,1,1,0,1,1,2,0,0,0,1,0,0,2,3,4,3,5,2,0,0,2,4,0,0,0,2,0,0,0,0,0,2,0,0,0,2,1,0,0,0,0,2,0,0,0,0,0,0,0,0,0,0,2,0,0,0,0,1,0,0,0.333333333333333,0,0.333333333333333,0.166666666666667,0.166666666666667,0.333333333333333,NA,0.333333333333333,0.166666666666667,0.333333333333333,NA,NA,NA,0.166666666666667,NA,NA,0.666666666666667,1,0.666666666666667,0.5,0.833333333333333,0.666666666666667,NA,0,0.333333333333333,0.666666666666667,NA,NA,NA,0.333333333333333,NA,NA,0,0,0,0.333333333333333,0,0,NA,0.666666666666667,0.166666666666667,0,NA,NA,NA,0.333333333333333,NA,NA,0,0,0,0,0,0,NA,0,0.333333333333333,0,NA,NA,NA,0.166666666666667,NA,NA
"342",6,0,0,0,6,0,0,0,3,0,0,0,0,0,0,0,0,0,0,0,1,0,0,0,1,0,0,0,0,0,0,0,3,0,0,0,0,0,0,0,0,0,0,0,0,0,0,0,0.4,0,0,0,0.4,0,0,0,0.2,0,0,0,0,0,0,0,0,NA,NA,NA,0.166666666666667,NA,NA,NA,0.333333333333333,NA,NA,NA,NA,NA,NA,NA,0.5,NA,NA,NA,0,NA,NA,NA,0,NA,NA,NA,NA,NA,NA,NA,3,0,0,0,0,0,0,0,0,0,0,0,0,0,0,0,3,0,0,0,5,0,0,0,2,0,0,0,0,0,0,0,0,0,0,0,0,0,0,0,0,0,0,0,0,0,0,0,0,0,0,0,1,0,0,0,1,0,0,0,0,0,0,0,0.5,NA,NA,NA,0,NA,NA,NA,0,NA,NA,NA,NA,NA,NA,NA,0.5,NA,NA,NA,0.833333333333333,NA,NA,NA,0.666666666666667,NA,NA,NA,NA,NA,NA,NA,0,NA,NA,NA,0,NA,NA,NA,0,NA,NA,NA,NA,NA,NA,NA,0,NA,NA,NA,0.166666666666667,NA,NA,NA,0.333333333333333,NA,NA,NA,NA,NA,NA,NA
"343",3,6,6,3,3,6,0,0,6,6,0,0,6,3,0,0,0,0,1,1,0,1,0,0,1,2,0,0,3,1,0,0,0,1,2,2,1,0,0,0,0,2,0,0,3,3,0,0,0.0625,0.125,0.125,0.0625,0.0625,0.125,0,0,0.125,0.125,0,0,0.125,0.0625,0,0,0,0,0.166666666666667,0.333333333333333,0,0.166666666666667,NA,NA,0.166666666666667,0.333333333333333,NA,NA,0.5,0.333333333333333,NA,NA,0,0.166666666666667,0.333333333333333,0.666666666666667,0.333333333333333,0,NA,NA,0,0.333333333333333,NA,NA,0.5,1,NA,NA,0,1,2,2,1,0,0,0,0,1,0,0,1,2,0,0,3,5,3,0,2,5,0,0,5,3,0,0,2,0,0,0,0,0,0,0,0,0,0,0,0,1,0,0,2,1,0,0,0,0,1,1,0,1,0,0,1,1,0,0,1,0,0,0,0,0.166666666666667,0.333333333333333,0.666666666666667,0.333333333333333,0,NA,NA,0,0.166666666666667,NA,NA,0.166666666666667,0.666666666666667,NA,NA,1,0.833333333333333,0.5,0,0.666666666666667,0.833333333333333,NA,NA,0.833333333333333,0.5,NA,NA,0.333333333333333,0,NA,NA,0,0,0,0,0,0,NA,NA,0,0.166666666666667,NA,NA,0.333333333333333,0.333333333333333,NA,NA,0,0,0.166666666666667,0.333333333333333,0,0.166666666666667,NA,NA,0.166666666666667,0.166666666666667,NA,NA,0.166666666666667,0,NA,NA
"344",3,3,3,6,0,6,6,3,6,6,3,0,3,0,0,0,0,0,0,0,0,0,0,3,0,1,1,0,1,0,0,0,0,1,1,2,0,2,3,1,0,3,2,0,1,0,0,0,0.0625,0.0625,0.0625,0.125,0,0.125,0.125,0.0625,0.125,0.125,0.0625,0,0.0625,0,0,0,0,0,0,0,NA,0,0,1,0,0.166666666666667,0.333333333333333,NA,0.333333333333333,NA,NA,NA,0,0.333333333333333,0.333333333333333,0.333333333333333,NA,0.333333333333333,0.5,0.333333333333333,0,0.5,0.666666666666667,NA,0.333333333333333,NA,NA,NA,0,1,1,2,0,2,3,0,0,3,1,0,1,0,0,0,3,2,2,4,0,4,3,0,6,2,1,0,1,0,0,0,0,0,0,0,0,0,0,1,0,0,1,0,0,0,0,0,0,0,0,0,0,0,0,2,0,1,0,0,1,0,0,0,0,0.333333333333333,0.333333333333333,0.333333333333333,NA,0.333333333333333,0.5,0,0,0.5,0.333333333333333,NA,0.333333333333333,NA,NA,NA,1,0.666666666666667,0.666666666666667,0.666666666666667,NA,0.666666666666667,0.5,0,1,0.333333333333333,0.333333333333333,NA,0.333333333333333,NA,NA,NA,0,0,0,0,NA,0,0,0.333333333333333,0,0,0.333333333333333,NA,0,NA,NA,NA,0,0,0,0,NA,0,0,0.666666666666667,0,0.166666666666667,0,NA,0.333333333333333,NA,NA,NA
"345",3,3,3,6,6,6,6,6,0,0,0,0,0,0,0,0,0,0,0,0,0,0,0,3,0,0,0,0,0,0,0,0,1,1,0,2,3,3,3,4,0,0,0,0,0,0,0,0,0.0769230769230769,0.0769230769230769,0.0769230769230769,0.153846153846154,0.153846153846154,0.153846153846154,0.153846153846154,0.153846153846154,0,0,0,0,0,0,0,0,0,0,0,0,0,0,0,0.5,NA,NA,NA,NA,NA,NA,NA,NA,0.333333333333333,0.333333333333333,0,0.333333333333333,0.5,0.5,0.5,0.666666666666667,NA,NA,NA,NA,NA,NA,NA,NA,1,1,0,2,3,3,3,2,0,0,0,0,0,0,0,0,2,2,3,4,3,3,3,1,0,0,0,0,0,0,0,0,0,0,0,0,0,0,0,2,0,0,0,0,0,0,0,0,0,0,0,0,0,0,0,1,0,0,0,0,0,0,0,0,0.333333333333333,0.333333333333333,0,0.333333333333333,0.5,0.5,0.5,0.333333333333333,NA,NA,NA,NA,NA,NA,NA,NA,0.666666666666667,0.666666666666667,1,0.666666666666667,0.5,0.5,0.5,0.166666666666667,NA,NA,NA,NA,NA,NA,NA,NA,0,0,0,0,0,0,0,0.333333333333333,NA,NA,NA,NA,NA,NA,NA,NA,0,0,0,0,0,0,0,0.166666666666667,NA,NA,NA,NA,NA,NA,NA,NA
"346",3,3,6,3,6,6,0,0,6,6,0,0,0,0,0,0,0,0,1,2,0,0,0,0,2,2,0,0,0,0,0,0,0,0,2,1,1,2,0,0,0,3,0,0,0,0,0,0,0.0769230769230769,0.0769230769230769,0.153846153846154,0.0769230769230769,0.153846153846154,0.153846153846154,0,0,0.153846153846154,0.153846153846154,0,0,0,0,0,0,0,0,0.166666666666667,0.666666666666667,0,0,NA,NA,0.333333333333333,0.333333333333333,NA,NA,NA,NA,NA,NA,0,0,0.333333333333333,0.333333333333333,0.166666666666667,0.333333333333333,NA,NA,0,0.5,NA,NA,NA,NA,NA,NA,0,0,2,0,1,2,0,0,0,1,0,0,0,0,0,0,3,3,3,1,5,4,0,0,4,3,0,0,0,0,0,0,0,0,0,1,0,0,0,0,0,2,0,0,0,0,0,0,0,0,1,1,0,0,0,0,2,0,0,0,0,0,0,0,0,0,0.333333333333333,0,0.166666666666667,0.333333333333333,NA,NA,0,0.166666666666667,NA,NA,NA,NA,NA,NA,1,1,0.5,0.333333333333333,0.833333333333333,0.666666666666667,NA,NA,0.666666666666667,0.5,NA,NA,NA,NA,NA,NA,0,0,0,0.333333333333333,0,0,NA,NA,0,0.333333333333333,NA,NA,NA,NA,NA,NA,0,0,0.166666666666667,0.333333333333333,0,0,NA,NA,0.333333333333333,0,NA,NA,NA,NA,NA,NA
"347",3,3,3,6,0,6,6,6,3,6,0,0,6,0,0,0,0,0,0,0,0,1,2,2,0,0,0,0,0,0,0,0,0,0,1,2,0,1,5,5,0,4,0,0,3,0,0,0,0.0625,0.0625,0.0625,0.125,0,0.125,0.125,0.125,0.0625,0.125,0,0,0.125,0,0,0,0,0,0,0,NA,0.166666666666667,0.333333333333333,0.333333333333333,0,0,NA,NA,0,NA,NA,NA,0,0,0.333333333333333,0.333333333333333,NA,0.166666666666667,0.833333333333333,0.833333333333333,0,0.666666666666667,NA,NA,0.5,NA,NA,NA,0,0,1,2,0,1,3,3,0,4,0,0,3,0,0,0,3,3,2,4,0,4,1,1,3,2,0,0,3,0,0,0,0,0,0,0,0,0,2,2,0,0,0,0,0,0,0,0,0,0,0,0,0,1,0,0,0,0,0,0,0,0,0,0,0,0,0.333333333333333,0.333333333333333,NA,0.166666666666667,0.5,0.5,0,0.666666666666667,NA,NA,0.5,NA,NA,NA,1,1,0.666666666666667,0.666666666666667,NA,0.666666666666667,0.166666666666667,0.166666666666667,1,0.333333333333333,NA,NA,0.5,NA,NA,NA,0,0,0,0,NA,0,0.333333333333333,0.333333333333333,0,0,NA,NA,0,NA,NA,NA,0,0,0,0,NA,0.166666666666667,0,0,0,0,NA,NA,0,NA,NA,NA
"348",6,6,6,3,3,6,0,0,6,3,0,0,6,0,0,0,0,1,1,1,0,2,0,0,1,1,0,0,2,0,0,0,0,1,2,1,0,0,0,0,1,2,0,0,2,0,0,0,0.133333333333333,0.133333333333333,0.133333333333333,0.0666666666666667,0.0666666666666667,0.133333333333333,0,0,0.133333333333333,0.0666666666666667,0,0,0.133333333333333,0,0,0,0,0.166666666666667,0.166666666666667,0.333333333333333,0,0.333333333333333,NA,NA,0.166666666666667,0.333333333333333,NA,NA,0.333333333333333,NA,NA,NA,0,0.166666666666667,0.333333333333333,0.333333333333333,0,0,NA,NA,0.166666666666667,0.666666666666667,NA,NA,0.333333333333333,NA,NA,NA,0,1,1,0,0,0,0,0,1,1,0,0,1,0,0,0,6,4,4,2,3,4,0,0,4,1,0,0,3,0,0,0,0,0,1,1,0,0,0,0,0,1,0,0,1,0,0,0,0,1,0,0,0,2,0,0,1,0,0,0,1,0,0,0,0,0.166666666666667,0.166666666666667,0,0,0,NA,NA,0.166666666666667,0.333333333333333,NA,NA,0.166666666666667,NA,NA,NA,1,0.666666666666667,0.666666666666667,0.666666666666667,1,0.666666666666667,NA,NA,0.666666666666667,0.333333333333333,NA,NA,0.5,NA,NA,NA,0,0,0.166666666666667,0.333333333333333,0,0,NA,NA,0,0.333333333333333,NA,NA,0.166666666666667,NA,NA,NA,0,0.166666666666667,0,0,0,0.333333333333333,NA,NA,0.166666666666667,0,NA,NA,0.166666666666667,NA,NA,NA
"349",6,6,6,0,6,0,0,0,6,0,0,0,6,0,0,0,1,0,2,0,0,0,0,0,1,0,0,0,1,0,0,0,1,0,0,0,0,0,0,0,1,0,0,0,2,0,0,0,0.166666666666667,0.166666666666667,0.166666666666667,0,0.166666666666667,0,0,0,0.166666666666667,0,0,0,0.166666666666667,0,0,0,0.166666666666667,0,0.333333333333333,NA,0,NA,NA,NA,0.166666666666667,NA,NA,NA,0.166666666666667,NA,NA,NA,0.166666666666667,0,0,NA,0,NA,NA,NA,0.166666666666667,NA,NA,NA,0.333333333333333,NA,NA,NA,1,0,0,0,0,0,0,0,1,0,0,0,2,0,0,0,4,6,4,0,6,0,0,0,4,0,0,0,3,0,0,0,0,0,0,0,0,0,0,0,0,0,0,0,0,0,0,0,1,0,2,0,0,0,0,0,1,0,0,0,1,0,0,0,0.166666666666667,0,0,NA,0,NA,NA,NA,0.166666666666667,NA,NA,NA,0.333333333333333,NA,NA,NA,0.666666666666667,1,0.666666666666667,NA,1,NA,NA,NA,0.666666666666667,NA,NA,NA,0.5,NA,NA,NA,0,0,0,NA,0,NA,NA,NA,0,NA,NA,NA,0,NA,NA,NA,0.166666666666667,0,0.333333333333333,NA,0,NA,NA,NA,0.166666666666667,NA,NA,NA,0.166666666666667,NA,NA,NA
"350",3,3,3,6,3,6,6,0,6,3,0,0,6,0,0,0,0,0,0,0,0,0,0,0,1,1,0,0,3,0,0,0,0,0,0,5,0,3,3,0,0,1,0,0,3,0,0,0,0.0666666666666667,0.0666666666666667,0.0666666666666667,0.133333333333333,0.0666666666666667,0.133333333333333,0.133333333333333,0,0.133333333333333,0.0666666666666667,0,0,0.133333333333333,0,0,0,0,0,0,0,0,0,0,NA,0.166666666666667,0.333333333333333,NA,NA,0.5,NA,NA,NA,0,0,0,0.833333333333333,0,0.5,0.5,NA,0,0.333333333333333,NA,NA,0.5,NA,NA,NA,0,0,0,5,0,3,3,0,0,1,0,0,2,0,0,0,3,3,3,1,3,3,3,0,5,1,0,0,1,0,0,0,0,0,0,0,0,0,0,0,0,0,0,0,1,0,0,0,0,0,0,0,0,0,0,0,1,1,0,0,2,0,0,0,0,0,0,0.833333333333333,0,0.5,0.5,NA,0,0.333333333333333,NA,NA,0.333333333333333,NA,NA,NA,1,1,1,0.166666666666667,1,0.5,0.5,NA,0.833333333333333,0.333333333333333,NA,NA,0.166666666666667,NA,NA,NA,0,0,0,0,0,0,0,NA,0,0,NA,NA,0.166666666666667,NA,NA,NA,0,0,0,0,0,0,0,NA,0.166666666666667,0.333333333333333,NA,NA,0.333333333333333,NA,NA,NA
"351",3,6,6,6,3,6,6,0,3,6,0,0,0,3,0,0,0,0,0,1,0,1,2,0,1,1,0,0,0,2,0,0,1,2,2,5,1,2,5,0,0,3,0,0,0,3,0,0,0.0625,0.125,0.125,0.125,0.0625,0.125,0.125,0,0.0625,0.125,0,0,0,0.0625,0,0,0,0,0,0.166666666666667,0,0.166666666666667,0.333333333333333,NA,0.333333333333333,0.166666666666667,NA,NA,NA,0.666666666666667,NA,NA,0.333333333333333,0.333333333333333,0.333333333333333,0.833333333333333,0.333333333333333,0.333333333333333,0.833333333333333,NA,0,0.5,NA,NA,NA,1,NA,NA,1,2,2,4,1,1,3,0,0,2,0,0,0,1,0,0,2,4,4,1,2,4,1,0,2,3,0,0,0,0,0,0,0,0,0,1,0,1,2,0,0,1,0,0,0,2,0,0,0,0,0,0,0,0,0,0,1,0,0,0,0,0,0,0,0.333333333333333,0.333333333333333,0.333333333333333,0.666666666666667,0.333333333333333,0.166666666666667,0.5,NA,0,0.333333333333333,NA,NA,NA,0.333333333333333,NA,NA,0.666666666666667,0.666666666666667,0.666666666666667,0.166666666666667,0.666666666666667,0.666666666666667,0.166666666666667,NA,0.666666666666667,0.5,NA,NA,NA,0,NA,NA,0,0,0,0.166666666666667,0,0.166666666666667,0.333333333333333,NA,0,0.166666666666667,NA,NA,NA,0.666666666666667,NA,NA,0,0,0,0,0,0,0,NA,0.333333333333333,0,NA,NA,NA,0,NA,NA
"352",6,6,0,0,3,0,0,0,3,0,0,0,6,0,0,0,0,2,0,0,0,0,0,0,0,0,0,0,0,0,0,0,0,0,0,0,1,0,0,0,1,0,0,0,1,0,0,0,0.25,0.25,0,0,0.125,0,0,0,0.125,0,0,0,0.25,0,0,0,0,0.333333333333333,NA,NA,0,NA,NA,NA,0,NA,NA,NA,0,NA,NA,NA,0,0,NA,NA,0.333333333333333,NA,NA,NA,0.333333333333333,NA,NA,NA,0.166666666666667,NA,NA,NA,0,0,0,0,1,0,0,0,1,0,0,0,1,0,0,0,6,4,0,0,2,0,0,0,2,0,0,0,5,0,0,0,0,0,0,0,0,0,0,0,0,0,0,0,0,0,0,0,0,2,0,0,0,0,0,0,0,0,0,0,0,0,0,0,0,0,NA,NA,0.333333333333333,NA,NA,NA,0.333333333333333,NA,NA,NA,0.166666666666667,NA,NA,NA,1,0.666666666666667,NA,NA,0.666666666666667,NA,NA,NA,0.666666666666667,NA,NA,NA,0.833333333333333,NA,NA,NA,0,0,NA,NA,0,NA,NA,NA,0,NA,NA,NA,0,NA,NA,NA,0,0.333333333333333,NA,NA,0,NA,NA,NA,0,NA,NA,NA,0,NA,NA,NA
"353",3,6,6,6,0,6,6,6,0,3,6,0,0,0,0,0,0,0,1,0,0,1,0,1,0,1,4,0,0,0,0,0,0,1,1,2,0,0,1,4,0,0,2,0,0,0,0,0,0.0625,0.125,0.125,0.125,0,0.125,0.125,0.125,0,0.0625,0.125,0,0,0,0,0,0,0,0.166666666666667,0,NA,0.166666666666667,0,0.166666666666667,NA,0.333333333333333,0.666666666666667,NA,NA,NA,NA,NA,0,0.166666666666667,0.166666666666667,0.333333333333333,NA,0,0.166666666666667,0.666666666666667,NA,0,0.333333333333333,NA,NA,NA,NA,NA,0,1,1,2,0,0,1,3,0,0,0,0,0,0,0,0,3,5,4,4,0,5,5,2,0,2,2,0,0,0,0,0,0,0,0,0,0,0,0,1,0,0,2,0,0,0,0,0,0,0,1,0,0,1,0,0,0,1,2,0,0,0,0,0,0,0.166666666666667,0.166666666666667,0.333333333333333,NA,0,0.166666666666667,0.5,NA,0,0,NA,NA,NA,NA,NA,1,0.833333333333333,0.666666666666667,0.666666666666667,NA,0.833333333333333,0.833333333333333,0.333333333333333,NA,0.666666666666667,0.333333333333333,NA,NA,NA,NA,NA,0,0,0,0,NA,0,0,0.166666666666667,NA,0,0.333333333333333,NA,NA,NA,NA,NA,0,0,0.166666666666667,0,NA,0.166666666666667,0,0,NA,0.333333333333333,0.333333333333333,NA,NA,NA,NA,NA
"354",3,3,6,0,0,6,0,0,3,6,0,0,6,3,0,0,0,0,1,0,0,1,0,0,0,0,0,0,0,1,0,0,0,0,3,0,0,2,0,0,0,3,0,0,3,3,0,0,0.0833333333333333,0.0833333333333333,0.166666666666667,0,0,0.166666666666667,0,0,0.0833333333333333,0.166666666666667,0,0,0.166666666666667,0.0833333333333333,0,0,0,0,0.166666666666667,NA,NA,0.166666666666667,NA,NA,0,0,NA,NA,0,0.333333333333333,NA,NA,0,0,0.5,NA,NA,0.333333333333333,NA,NA,0,0.5,NA,NA,0.5,1,NA,NA,0,0,3,0,0,1,0,0,0,3,0,0,3,2,0,0,3,3,2,0,0,4,0,0,3,3,0,0,3,0,0,0,0,0,0,0,0,1,0,0,0,0,0,0,0,1,0,0,0,0,1,0,0,0,0,0,0,0,0,0,0,0,0,0,0,0,0.5,NA,NA,0.166666666666667,NA,NA,0,0.5,NA,NA,0.5,0.666666666666667,NA,NA,1,1,0.333333333333333,NA,NA,0.666666666666667,NA,NA,1,0.5,NA,NA,0.5,0,NA,NA,0,0,0,NA,NA,0.166666666666667,NA,NA,0,0,NA,NA,0,0.333333333333333,NA,NA,0,0,0.166666666666667,NA,NA,0,NA,NA,0,0,NA,NA,0,0,NA,NA
"355",6,6,3,6,3,6,6,0,6,3,0,0,3,0,0,0,0,1,0,1,0,1,1,0,0,1,0,0,0,0,0,0,1,1,0,3,1,2,4,0,2,0,0,0,1,0,0,0,0.125,0.125,0.0625,0.125,0.0625,0.125,0.125,0,0.125,0.0625,0,0,0.0625,0,0,0,0,0.166666666666667,0,0.166666666666667,0,0.166666666666667,0.166666666666667,NA,0,0.333333333333333,NA,NA,0,NA,NA,NA,0.166666666666667,0.166666666666667,0,0.5,0.333333333333333,0.333333333333333,0.666666666666667,NA,0.333333333333333,0,NA,NA,0.333333333333333,NA,NA,NA,1,1,0,2,1,2,4,0,2,0,0,0,1,0,0,0,5,4,3,3,2,3,1,0,4,2,0,0,2,0,0,0,0,0,0,1,0,0,0,0,0,0,0,0,0,0,0,0,0,1,0,0,0,1,1,0,0,1,0,0,0,0,0,0,0.166666666666667,0.166666666666667,0,0.333333333333333,0.333333333333333,0.333333333333333,0.666666666666667,NA,0.333333333333333,0,NA,NA,0.333333333333333,NA,NA,NA,0.833333333333333,0.666666666666667,1,0.5,0.666666666666667,0.5,0.166666666666667,NA,0.666666666666667,0.666666666666667,NA,NA,0.666666666666667,NA,NA,NA,0,0,0,0.166666666666667,0,0,0,NA,0,0,NA,NA,0,NA,NA,NA,0,0.166666666666667,0,0,0,0.166666666666667,0.166666666666667,NA,0,0.333333333333333,NA,NA,0,NA,NA,NA
"356",3,3,6,0,6,6,0,0,6,6,0,0,6,0,0,0,0,0,0,0,1,0,0,0,0,3,0,0,2,0,0,0,0,1,4,0,1,2,0,0,0,4,0,0,3,0,0,0,0.0714285714285714,0.0714285714285714,0.142857142857143,0,0.142857142857143,0.142857142857143,0,0,0.142857142857143,0.142857142857143,0,0,0.142857142857143,0,0,0,0,0,0,NA,0.166666666666667,0,NA,NA,0,0.5,NA,NA,0.333333333333333,NA,NA,NA,0,0.333333333333333,0.666666666666667,NA,0.166666666666667,0.333333333333333,NA,NA,0,0.666666666666667,NA,NA,0.5,NA,NA,NA,0,1,4,0,1,2,0,0,0,2,0,0,2,0,0,0,3,2,2,0,4,4,0,0,6,1,0,0,2,0,0,0,0,0,0,0,0,0,0,0,0,2,0,0,1,0,0,0,0,0,0,0,1,0,0,0,0,1,0,0,1,0,0,0,0,0.333333333333333,0.666666666666667,NA,0.166666666666667,0.333333333333333,NA,NA,0,0.333333333333333,NA,NA,0.333333333333333,NA,NA,NA,1,0.666666666666667,0.333333333333333,NA,0.666666666666667,0.666666666666667,NA,NA,1,0.166666666666667,NA,NA,0.333333333333333,NA,NA,NA,0,0,0,NA,0,0,NA,NA,0,0.333333333333333,NA,NA,0.166666666666667,NA,NA,NA,0,0,0,NA,0.166666666666667,0,NA,NA,0,0.166666666666667,NA,NA,0.166666666666667,NA,NA,NA
"357",3,3,6,3,6,6,0,0,6,0,0,0,6,0,0,0,0,0,0,1,1,1,0,0,0,0,0,0,2,0,0,0,1,1,3,0,0,3,0,0,0,0,0,0,2,0,0,0,0.0769230769230769,0.0769230769230769,0.153846153846154,0.0769230769230769,0.153846153846154,0.153846153846154,0,0,0.153846153846154,0,0,0,0.153846153846154,0,0,0,0,0,0,0.333333333333333,0.166666666666667,0.166666666666667,NA,NA,0,NA,NA,NA,0.333333333333333,NA,NA,NA,0.333333333333333,0.333333333333333,0.5,0,0,0.5,NA,NA,0,NA,NA,NA,0.333333333333333,NA,NA,NA,1,1,3,0,0,3,0,0,0,0,0,0,1,0,0,0,2,2,3,2,5,2,0,0,6,0,0,0,3,0,0,0,0,0,0,0,0,0,0,0,0,0,0,0,1,0,0,0,0,0,0,1,1,1,0,0,0,0,0,0,1,0,0,0,0.333333333333333,0.333333333333333,0.5,0,0,0.5,NA,NA,0,NA,NA,NA,0.166666666666667,NA,NA,NA,0.666666666666667,0.666666666666667,0.5,0.666666666666667,0.833333333333333,0.333333333333333,NA,NA,1,NA,NA,NA,0.5,NA,NA,NA,0,0,0,0,0,0,NA,NA,0,NA,NA,NA,0.166666666666667,NA,NA,NA,0,0,0,0.333333333333333,0.166666666666667,0.166666666666667,NA,NA,0,NA,NA,NA,0.166666666666667,NA,NA,NA
"358",3,3,3,6,0,3,6,6,6,6,3,0,3,0,0,0,0,0,0,1,0,0,0,3,0,0,2,0,1,0,0,0,0,0,1,1,0,1,3,6,2,4,3,0,1,0,0,0,0.0625,0.0625,0.0625,0.125,0,0.0625,0.125,0.125,0.125,0.125,0.0625,0,0.0625,0,0,0,0,0,0,0.166666666666667,NA,0,0,0.5,0,0,0.666666666666667,NA,0.333333333333333,NA,NA,NA,0,0,0.333333333333333,0.166666666666667,NA,0.333333333333333,0.5,1,0.333333333333333,0.666666666666667,1,NA,0.333333333333333,NA,NA,NA,0,0,1,0,0,1,3,3,2,4,1,0,1,0,0,0,3,3,2,5,0,2,3,0,4,2,0,0,1,0,0,0,0,0,0,1,0,0,0,3,0,0,2,0,0,0,0,0,0,0,0,0,0,0,0,0,0,0,0,0,1,0,0,0,0,0,0.333333333333333,0,NA,0.333333333333333,0.5,0.5,0.333333333333333,0.666666666666667,0.333333333333333,NA,0.333333333333333,NA,NA,NA,1,1,0.666666666666667,0.833333333333333,NA,0.666666666666667,0.5,0,0.666666666666667,0.333333333333333,0,NA,0.333333333333333,NA,NA,NA,0,0,0,0.166666666666667,NA,0,0,0.5,0,0,0.666666666666667,NA,0,NA,NA,NA,0,0,0,0,NA,0,0,0,0,0,0,NA,0.333333333333333,NA,NA,NA
"359",3,3,6,6,0,0,3,0,6,6,6,0,0,0,0,0,0,0,0,1,0,0,0,0,1,0,1,0,0,0,0,0,0,1,1,3,0,0,1,0,3,4,5,0,0,0,0,0,0.0769230769230769,0.0769230769230769,0.153846153846154,0.153846153846154,0,0,0.0769230769230769,0,0.153846153846154,0.153846153846154,0.153846153846154,0,0,0,0,0,0,0,0,0.166666666666667,NA,NA,0,NA,0.166666666666667,0,0.166666666666667,NA,NA,NA,NA,NA,0,0.333333333333333,0.166666666666667,0.5,NA,NA,0.333333333333333,NA,0.5,0.666666666666667,0.833333333333333,NA,NA,NA,NA,NA,0,1,1,3,0,0,1,0,2,4,4,0,0,0,0,0,3,2,5,2,0,0,2,0,3,2,1,0,0,0,0,0,0,0,0,0,0,0,0,0,1,0,1,0,0,0,0,0,0,0,0,1,0,0,0,0,0,0,0,0,0,0,0,0,0,0.333333333333333,0.166666666666667,0.5,NA,NA,0.333333333333333,NA,0.333333333333333,0.666666666666667,0.666666666666667,NA,NA,NA,NA,NA,1,0.666666666666667,0.833333333333333,0.333333333333333,NA,NA,0.666666666666667,NA,0.5,0.333333333333333,0.166666666666667,NA,NA,NA,NA,NA,0,0,0,0,NA,NA,0,NA,0.166666666666667,0,0.166666666666667,NA,NA,NA,NA,NA,0,0,0,0.166666666666667,NA,NA,0,NA,0,0,0,NA,NA,NA,NA,NA
"360",6,3,0,0,3,0,0,0,6,0,0,0,0,0,0,0,1,1,0,0,0,0,0,0,0,0,0,0,0,0,0,0,2,1,0,0,0,0,0,0,4,0,0,0,0,0,0,0,0.333333333333333,0.166666666666667,0,0,0.166666666666667,0,0,0,0.333333333333333,0,0,0,0,0,0,0,0.166666666666667,0.333333333333333,NA,NA,0,NA,NA,NA,0,NA,NA,NA,NA,NA,NA,NA,0.333333333333333,0.333333333333333,NA,NA,0,NA,NA,NA,0.666666666666667,NA,NA,NA,NA,NA,NA,NA,2,0,0,0,0,0,0,0,4,0,0,0,0,0,0,0,3,2,0,0,3,0,0,0,2,0,0,0,0,0,0,0,0,1,0,0,0,0,0,0,0,0,0,0,0,0,0,0,1,0,0,0,0,0,0,0,0,0,0,0,0,0,0,0,0.333333333333333,0,NA,NA,0,NA,NA,NA,0.666666666666667,NA,NA,NA,NA,NA,NA,NA,0.5,0.666666666666667,NA,NA,1,NA,NA,NA,0.333333333333333,NA,NA,NA,NA,NA,NA,NA,0,0.333333333333333,NA,NA,0,NA,NA,NA,0,NA,NA,NA,NA,NA,NA,NA,0.166666666666667,0,NA,NA,0,NA,NA,NA,0,NA,NA,NA,NA,NA,NA,NA
"361",3,3,6,0,0,3,0,0,3,3,0,0,6,6,0,0,0,0,0,0,0,0,0,0,0,0,0,0,1,1,0,0,0,1,3,0,0,0,0,0,1,1,0,0,2,3,0,0,0.0909090909090909,0.0909090909090909,0.181818181818182,0,0,0.0909090909090909,0,0,0.0909090909090909,0.0909090909090909,0,0,0.181818181818182,0.181818181818182,0,0,0,0,0,NA,NA,0,NA,NA,0,0,NA,NA,0.166666666666667,0.166666666666667,NA,NA,0,0.333333333333333,0.5,NA,NA,0,NA,NA,0.333333333333333,0.333333333333333,NA,NA,0.333333333333333,0.5,NA,NA,0,1,3,0,0,0,0,0,1,1,0,0,2,2,0,0,3,2,3,0,0,3,0,0,2,2,0,0,3,3,0,0,0,0,0,0,0,0,0,0,0,0,0,0,0,1,0,0,0,0,0,0,0,0,0,0,0,0,0,0,1,0,0,0,0,0.333333333333333,0.5,NA,NA,0,NA,NA,0.333333333333333,0.333333333333333,NA,NA,0.333333333333333,0.333333333333333,NA,NA,1,0.666666666666667,0.5,NA,NA,1,NA,NA,0.666666666666667,0.666666666666667,NA,NA,0.5,0.5,NA,NA,0,0,0,NA,NA,0,NA,NA,0,0,NA,NA,0,0.166666666666667,NA,NA,0,0,0,NA,NA,0,NA,NA,0,0,NA,NA,0.166666666666667,0,NA,NA
"362",3,3,6,0,3,6,0,0,3,0,0,0,6,0,0,0,0,0,1,0,0,0,0,0,0,0,0,0,1,0,0,0,0,0,4,0,1,3,0,0,0,0,0,0,4,0,0,0,0.1,0.1,0.2,0,0.1,0.2,0,0,0.1,0,0,0,0.2,0,0,0,0,0,0.166666666666667,NA,0,0,NA,NA,0,NA,NA,NA,0.166666666666667,NA,NA,NA,0,0,0.666666666666667,NA,0.333333333333333,0.5,NA,NA,0,NA,NA,NA,0.666666666666667,NA,NA,NA,0,0,4,0,1,3,0,0,0,0,0,0,3,0,0,0,3,3,1,0,2,3,0,0,3,0,0,0,2,0,0,0,0,0,0,0,0,0,0,0,0,0,0,0,1,0,0,0,0,0,1,0,0,0,0,0,0,0,0,0,0,0,0,0,0,0,0.666666666666667,NA,0.333333333333333,0.5,NA,NA,0,NA,NA,NA,0.5,NA,NA,NA,1,1,0.166666666666667,NA,0.666666666666667,0.5,NA,NA,1,NA,NA,NA,0.333333333333333,NA,NA,NA,0,0,0,NA,0,0,NA,NA,0,NA,NA,NA,0.166666666666667,NA,NA,NA,0,0,0.166666666666667,NA,0,0,NA,NA,0,NA,NA,NA,0,NA,NA,NA
"363",3,3,6,6,0,6,6,6,3,6,0,0,3,0,0,0,0,0,0,1,0,0,3,2,0,1,0,0,0,0,0,0,0,0,2,1,0,1,3,5,0,5,0,0,1,0,0,0,0.0625,0.0625,0.125,0.125,0,0.125,0.125,0.125,0.0625,0.125,0,0,0.0625,0,0,0,0,0,0,0.166666666666667,NA,0,0.5,0.333333333333333,0,0.166666666666667,NA,NA,0,NA,NA,NA,0,0,0.333333333333333,0.166666666666667,NA,0.166666666666667,0.5,0.833333333333333,0,0.833333333333333,NA,NA,0.333333333333333,NA,NA,NA,0,0,2,1,0,1,1,3,0,5,0,0,1,0,0,0,3,3,4,4,0,5,2,1,3,0,0,0,2,0,0,0,0,0,0,0,0,0,2,2,0,0,0,0,0,0,0,0,0,0,0,1,0,0,1,0,0,1,0,0,0,0,0,0,0,0,0.333333333333333,0.166666666666667,NA,0.166666666666667,0.166666666666667,0.5,0,0.833333333333333,NA,NA,0.333333333333333,NA,NA,NA,1,1,0.666666666666667,0.666666666666667,NA,0.833333333333333,0.333333333333333,0.166666666666667,1,0,NA,NA,0.666666666666667,NA,NA,NA,0,0,0,0,NA,0,0.333333333333333,0.333333333333333,0,0,NA,NA,0,NA,NA,NA,0,0,0,0.166666666666667,NA,0,0.166666666666667,0,0,0.166666666666667,NA,NA,0,NA,NA,NA
"364",3,3,3,3,0,3,6,6,3,6,0,6,3,3,0,0,0,0,0,0,0,0,2,1,0,0,0,4,0,1,0,0,1,0,1,0,0,0,3,1,0,3,0,5,1,1,0,0,0.0625,0.0625,0.0625,0.0625,0,0.0625,0.125,0.125,0.0625,0.125,0,0.125,0.0625,0.0625,0,0,0,0,0,0,NA,0,0.333333333333333,0.166666666666667,0,0,NA,0.666666666666667,0,0.333333333333333,NA,NA,0.333333333333333,0,0.333333333333333,0,NA,0,0.5,0.166666666666667,0,0.5,NA,0.833333333333333,0.333333333333333,0.333333333333333,NA,NA,1,0,1,0,0,0,2,1,0,3,0,2,1,1,0,0,2,3,2,3,0,3,2,4,3,3,0,0,2,1,0,0,0,0,0,0,0,0,1,0,0,0,0,3,0,0,0,0,0,0,0,0,0,0,1,1,0,0,0,1,0,1,0,0,0.333333333333333,0,0.333333333333333,0,NA,0,0.333333333333333,0.166666666666667,0,0.5,NA,0.333333333333333,0.333333333333333,0.333333333333333,NA,NA,0.666666666666667,1,0.666666666666667,1,NA,1,0.333333333333333,0.666666666666667,1,0.5,NA,0,0.666666666666667,0.333333333333333,NA,NA,0,0,0,0,NA,0,0.166666666666667,0,0,0,NA,0.5,0,0,NA,NA,0,0,0,0,NA,0,0.166666666666667,0.166666666666667,0,0,NA,0.166666666666667,0,0.333333333333333,NA,NA
"365",3,3,6,6,0,0,3,0,6,3,6,0,6,6,0,0,0,0,0,1,0,0,0,0,0,0,0,0,1,1,0,0,1,0,0,3,0,0,1,0,2,1,4,0,0,4,0,0,0.0625,0.0625,0.125,0.125,0,0,0.0625,0,0.125,0.0625,0.125,0,0.125,0.125,0,0,0,0,0,0.166666666666667,NA,NA,0,NA,0,0,0,NA,0.166666666666667,0.166666666666667,NA,NA,0.333333333333333,0,0,0.5,NA,NA,0.333333333333333,NA,0.333333333333333,0.333333333333333,0.666666666666667,NA,0,0.666666666666667,NA,NA,1,0,0,2,0,0,1,0,2,1,4,0,0,4,0,0,2,3,6,3,0,0,2,0,4,2,2,0,5,1,0,0,0,0,0,1,0,0,0,0,0,0,0,0,0,0,0,0,0,0,0,0,0,0,0,0,0,0,0,0,1,1,0,0,0.333333333333333,0,0,0.333333333333333,NA,NA,0.333333333333333,NA,0.333333333333333,0.333333333333333,0.666666666666667,NA,0,0.666666666666667,NA,NA,0.666666666666667,1,1,0.5,NA,NA,0.666666666666667,NA,0.666666666666667,0.666666666666667,0.333333333333333,NA,0.833333333333333,0.166666666666667,NA,NA,0,0,0,0.166666666666667,NA,NA,0,NA,0,0,0,NA,0,0,NA,NA,0,0,0,0,NA,NA,0,NA,0,0,0,NA,0.166666666666667,0.166666666666667,NA,NA
"366",3,3,6,0,6,6,0,0,3,3,0,0,0,0,0,0,0,0,0,0,1,1,0,0,1,1,0,0,0,0,0,0,1,0,3,0,1,1,0,0,0,3,0,0,0,0,0,0,0.1,0.1,0.2,0,0.2,0.2,0,0,0.1,0.1,0,0,0,0,0,0,0,0,0,NA,0.166666666666667,0.166666666666667,NA,NA,0.333333333333333,0.333333333333333,NA,NA,NA,NA,NA,NA,0.333333333333333,0,0.5,NA,0.166666666666667,0.166666666666667,NA,NA,0,1,NA,NA,NA,NA,NA,NA,1,0,3,0,0,1,0,0,0,2,0,0,0,0,0,0,2,3,3,0,5,4,0,0,2,0,0,0,0,0,0,0,0,0,0,0,1,0,0,0,0,1,0,0,0,0,0,0,0,0,0,0,0,1,0,0,1,0,0,0,0,0,0,0,0.333333333333333,0,0.5,NA,0,0.166666666666667,NA,NA,0,0.666666666666667,NA,NA,NA,NA,NA,NA,0.666666666666667,1,0.5,NA,0.833333333333333,0.666666666666667,NA,NA,0.666666666666667,0,NA,NA,NA,NA,NA,NA,0,0,0,NA,0.166666666666667,0,NA,NA,0,0.333333333333333,NA,NA,NA,NA,NA,NA,0,0,0,NA,0,0.166666666666667,NA,NA,0.333333333333333,0,NA,NA,NA,NA,NA,NA
"367",6,6,3,6,0,6,6,0,3,6,0,0,6,0,0,0,0,1,0,0,0,0,1,0,0,1,0,0,0,0,0,0,2,2,1,4,0,2,5,0,0,3,0,0,4,0,0,0,0.125,0.125,0.0625,0.125,0,0.125,0.125,0,0.0625,0.125,0,0,0.125,0,0,0,0,0.166666666666667,0,0,NA,0,0.166666666666667,NA,0,0.166666666666667,NA,NA,0,NA,NA,NA,0.333333333333333,0.333333333333333,0.333333333333333,0.666666666666667,NA,0.333333333333333,0.833333333333333,NA,0,0.5,NA,NA,0.666666666666667,NA,NA,NA,2,1,1,4,0,2,4,0,0,3,0,0,4,0,0,0,4,4,2,2,0,4,1,0,3,2,0,0,2,0,0,0,0,1,0,0,0,0,1,0,0,0,0,0,0,0,0,0,0,0,0,0,0,0,0,0,0,1,0,0,0,0,0,0,0.333333333333333,0.166666666666667,0.333333333333333,0.666666666666667,NA,0.333333333333333,0.666666666666667,NA,0,0.5,NA,NA,0.666666666666667,NA,NA,NA,0.666666666666667,0.666666666666667,0.666666666666667,0.333333333333333,NA,0.666666666666667,0.166666666666667,NA,1,0.333333333333333,NA,NA,0.333333333333333,NA,NA,NA,0,0.166666666666667,0,0,NA,0,0.166666666666667,NA,0,0,NA,NA,0,NA,NA,NA,0,0,0,0,NA,0,0,NA,0,0.166666666666667,NA,NA,0,NA,NA,NA
"368",3,3,3,6,3,6,6,0,6,6,0,0,3,0,0,0,0,0,0,0,0,0,1,0,3,1,0,0,1,0,0,0,0,1,0,5,0,1,3,0,1,3,0,0,1,0,0,0,0.0666666666666667,0.0666666666666667,0.0666666666666667,0.133333333333333,0.0666666666666667,0.133333333333333,0.133333333333333,0,0.133333333333333,0.133333333333333,0,0,0.0666666666666667,0,0,0,0,0,0,0,0,0,0.166666666666667,NA,0.5,0.166666666666667,NA,NA,0.333333333333333,NA,NA,NA,0,0.333333333333333,0,0.833333333333333,0,0.166666666666667,0.5,NA,0.166666666666667,0.5,NA,NA,0.333333333333333,NA,NA,NA,0,1,0,5,0,1,2,0,0,3,0,0,0,0,0,0,3,2,3,1,3,5,3,0,3,2,0,0,2,0,0,0,0,0,0,0,0,0,1,0,1,0,0,0,1,0,0,0,0,0,0,0,0,0,0,0,2,1,0,0,0,0,0,0,0,0.333333333333333,0,0.833333333333333,0,0.166666666666667,0.333333333333333,NA,0,0.5,NA,NA,0,NA,NA,NA,1,0.666666666666667,1,0.166666666666667,1,0.833333333333333,0.5,NA,0.5,0.333333333333333,NA,NA,0.666666666666667,NA,NA,NA,0,0,0,0,0,0,0.166666666666667,NA,0.166666666666667,0,NA,NA,0.333333333333333,NA,NA,NA,0,0,0,0,0,0,0,NA,0.333333333333333,0.166666666666667,NA,NA,0,NA,NA,NA
"369",3,3,6,6,0,3,6,0,6,6,0,0,6,3,0,0,0,0,0,1,0,0,2,0,0,0,0,0,3,1,0,0,0,1,2,4,0,1,3,0,1,2,0,0,1,1,0,0,0.0625,0.0625,0.125,0.125,0,0.0625,0.125,0,0.125,0.125,0,0,0.125,0.0625,0,0,0,0,0,0.166666666666667,NA,0,0.333333333333333,NA,0,0,NA,NA,0.5,0.333333333333333,NA,NA,0,0.333333333333333,0.333333333333333,0.666666666666667,NA,0.333333333333333,0.5,NA,0.166666666666667,0.333333333333333,NA,NA,0.166666666666667,0.333333333333333,NA,NA,0,1,2,3,0,1,2,0,1,2,0,0,0,0,0,0,3,2,4,2,0,2,2,0,5,4,0,0,3,2,0,0,0,0,0,1,0,0,1,0,0,0,0,0,1,1,0,0,0,0,0,0,0,0,1,0,0,0,0,0,2,0,0,0,0,0.333333333333333,0.333333333333333,0.5,NA,0.333333333333333,0.333333333333333,NA,0.166666666666667,0.333333333333333,NA,NA,0,0,NA,NA,1,0.666666666666667,0.666666666666667,0.333333333333333,NA,0.666666666666667,0.333333333333333,NA,0.833333333333333,0.666666666666667,NA,NA,0.5,0.666666666666667,NA,NA,0,0,0,0.166666666666667,NA,0,0.166666666666667,NA,0,0,NA,NA,0.166666666666667,0.333333333333333,NA,NA,0,0,0,0,NA,0,0.166666666666667,NA,0,0,NA,NA,0.333333333333333,0,NA,NA
"370",3,3,3,3,0,3,6,6,6,6,6,0,3,0,0,0,0,0,0,0,0,0,1,0,1,0,3,0,1,0,0,0,0,0,0,0,0,0,2,4,1,4,5,0,2,0,0,0,0.0625,0.0625,0.0625,0.0625,0,0.0625,0.125,0.125,0.125,0.125,0.125,0,0.0625,0,0,0,0,0,0,0,NA,0,0.166666666666667,0,0.166666666666667,0,0.5,NA,0.333333333333333,NA,NA,NA,0,0,0,0,NA,0,0.333333333333333,0.666666666666667,0.166666666666667,0.666666666666667,0.833333333333333,NA,0.666666666666667,NA,NA,NA,0,0,0,0,0,0,1,4,1,4,2,0,1,0,0,0,3,3,3,3,0,3,4,2,4,2,1,0,1,0,0,0,0,0,0,0,0,0,1,0,0,0,3,0,1,0,0,0,0,0,0,0,0,0,0,0,1,0,0,0,0,0,0,0,0,0,0,0,NA,0,0.166666666666667,0.666666666666667,0.166666666666667,0.666666666666667,0.333333333333333,NA,0.333333333333333,NA,NA,NA,1,1,1,1,NA,1,0.666666666666667,0.333333333333333,0.666666666666667,0.333333333333333,0.166666666666667,NA,0.333333333333333,NA,NA,NA,0,0,0,0,NA,0,0.166666666666667,0,0,0,0.5,NA,0.333333333333333,NA,NA,NA,0,0,0,0,NA,0,0,0,0.166666666666667,0,0,NA,0,NA,NA,NA
"371",3,3,6,3,6,6,0,0,3,0,0,0,6,0,0,0,0,0,1,1,0,0,0,0,0,0,0,0,1,0,0,0,0,1,0,1,2,5,0,0,0,0,0,0,2,0,0,0,0.0833333333333333,0.0833333333333333,0.166666666666667,0.0833333333333333,0.166666666666667,0.166666666666667,0,0,0.0833333333333333,0,0,0,0.166666666666667,0,0,0,0,0,0.166666666666667,0.333333333333333,0,0,NA,NA,0,NA,NA,NA,0.166666666666667,NA,NA,NA,0,0.333333333333333,0,0.333333333333333,0.333333333333333,0.833333333333333,NA,NA,0,NA,NA,NA,0.333333333333333,NA,NA,NA,0,1,0,1,2,5,0,0,0,0,0,0,1,0,0,0,3,2,5,1,4,1,0,0,3,0,0,0,4,0,0,0,0,0,0,0,0,0,0,0,0,0,0,0,1,0,0,0,0,0,1,1,0,0,0,0,0,0,0,0,0,0,0,0,0,0.333333333333333,0,0.333333333333333,0.333333333333333,0.833333333333333,NA,NA,0,NA,NA,NA,0.166666666666667,NA,NA,NA,1,0.666666666666667,0.833333333333333,0.333333333333333,0.666666666666667,0.166666666666667,NA,NA,1,NA,NA,NA,0.666666666666667,NA,NA,NA,0,0,0,0,0,0,NA,NA,0,NA,NA,NA,0.166666666666667,NA,NA,NA,0,0,0.166666666666667,0.333333333333333,0,0,NA,NA,0,NA,NA,NA,0,NA,NA,NA
"372",3,3,3,6,6,6,6,0,6,6,0,0,0,3,0,0,0,0,0,1,0,1,1,0,3,1,0,0,0,1,0,0,1,1,1,3,0,2,3,0,2,2,0,0,0,1,0,0,0.0625,0.0625,0.0625,0.125,0.125,0.125,0.125,0,0.125,0.125,0,0,0,0.0625,0,0,0,0,0,0.166666666666667,0,0.166666666666667,0.166666666666667,NA,0.5,0.166666666666667,NA,NA,NA,0.333333333333333,NA,NA,0.333333333333333,0.333333333333333,0.333333333333333,0.5,0,0.333333333333333,0.5,NA,0.333333333333333,0.333333333333333,NA,NA,NA,0.333333333333333,NA,NA,1,1,1,3,0,2,2,0,1,2,0,0,0,1,0,0,2,2,2,2,6,3,3,0,2,3,0,0,0,1,0,0,0,0,0,0,0,0,1,0,1,0,0,0,0,0,0,0,0,0,0,1,0,1,0,0,2,1,0,0,0,1,0,0,0.333333333333333,0.333333333333333,0.333333333333333,0.5,0,0.333333333333333,0.333333333333333,NA,0.166666666666667,0.333333333333333,NA,NA,NA,0.333333333333333,NA,NA,0.666666666666667,0.666666666666667,0.666666666666667,0.333333333333333,1,0.5,0.5,NA,0.333333333333333,0.5,NA,NA,NA,0.333333333333333,NA,NA,0,0,0,0,0,0,0.166666666666667,NA,0.166666666666667,0,NA,NA,NA,0,NA,NA,0,0,0,0.166666666666667,0,0.166666666666667,0,NA,0.333333333333333,0.166666666666667,NA,NA,NA,0.333333333333333,NA,NA
"373",3,3,6,6,0,6,6,6,3,6,0,3,0,0,0,0,0,0,0,1,0,0,0,0,2,0,0,1,0,0,0,0,0,1,2,1,0,2,4,2,0,3,0,1,0,0,0,0,0.0625,0.0625,0.125,0.125,0,0.125,0.125,0.125,0.0625,0.125,0,0.0625,0,0,0,0,0,0,0,0.166666666666667,NA,0,0,0,0.666666666666667,0,NA,0.333333333333333,NA,NA,NA,NA,0,0.333333333333333,0.333333333333333,0.166666666666667,NA,0.333333333333333,0.666666666666667,0.333333333333333,0,0.5,NA,0.333333333333333,NA,NA,NA,NA,0,1,2,0,0,2,4,2,0,3,0,1,0,0,0,0,3,2,4,5,0,4,2,4,1,3,0,1,0,0,0,0,0,0,0,1,0,0,0,0,0,0,0,0,0,0,0,0,0,0,0,0,0,0,0,0,2,0,0,1,0,0,0,0,0,0.333333333333333,0.333333333333333,0,NA,0.333333333333333,0.666666666666667,0.333333333333333,0,0.5,NA,0.333333333333333,NA,NA,NA,NA,1,0.666666666666667,0.666666666666667,0.833333333333333,NA,0.666666666666667,0.333333333333333,0.666666666666667,0.333333333333333,0.5,NA,0.333333333333333,NA,NA,NA,NA,0,0,0,0.166666666666667,NA,0,0,0,0,0,NA,0,NA,NA,NA,NA,0,0,0,0,NA,0,0,0,0.666666666666667,0,NA,0.333333333333333,NA,NA,NA,NA
"374",3,3,6,6,3,6,6,0,3,6,3,0,3,0,0,0,0,0,0,1,0,1,1,0,0,3,1,0,0,0,0,0,0,0,1,3,0,0,2,0,0,3,3,0,2,0,0,0,0.0625,0.0625,0.125,0.125,0.0625,0.125,0.125,0,0.0625,0.125,0.0625,0,0.0625,0,0,0,0,0,0,0.166666666666667,0,0.166666666666667,0.166666666666667,NA,0,0.5,0.333333333333333,NA,0,NA,NA,NA,0,0,0.166666666666667,0.5,0,0,0.333333333333333,NA,0,0.5,1,NA,0.666666666666667,NA,NA,NA,0,0,1,2,0,0,1,0,0,2,2,0,2,0,0,0,3,3,5,3,3,5,4,0,3,1,0,0,1,0,0,0,0,0,0,1,0,0,1,0,0,1,1,0,0,0,0,0,0,0,0,0,0,1,0,0,0,2,0,0,0,0,0,0,0,0,0.166666666666667,0.333333333333333,0,0,0.166666666666667,NA,0,0.333333333333333,0.666666666666667,NA,0.666666666666667,NA,NA,NA,1,1,0.833333333333333,0.5,1,0.833333333333333,0.666666666666667,NA,1,0.166666666666667,0,NA,0.333333333333333,NA,NA,NA,0,0,0,0.166666666666667,0,0,0.166666666666667,NA,0,0.166666666666667,0.333333333333333,NA,0,NA,NA,NA,0,0,0,0,0,0.166666666666667,0,NA,0,0.333333333333333,0,NA,0,NA,NA,NA
"375",6,3,3,3,0,3,6,6,3,6,0,6,3,0,0,0,1,0,0,0,0,0,1,0,0,0,0,4,0,0,0,0,0,0,1,0,0,0,5,2,0,5,0,5,3,0,0,0,0.125,0.0625,0.0625,0.0625,0,0.0625,0.125,0.125,0.0625,0.125,0,0.125,0.0625,0,0,0,0.166666666666667,0,0,0,NA,0,0.166666666666667,0,0,0,NA,0.666666666666667,0,NA,NA,NA,0,0,0.333333333333333,0,NA,0,0.833333333333333,0.333333333333333,0,0.833333333333333,NA,0.833333333333333,1,NA,NA,NA,0,0,1,0,0,0,4,2,0,5,0,2,3,0,0,0,5,3,2,3,0,3,1,4,3,1,0,0,0,0,0,0,0,0,0,0,0,0,1,0,0,0,0,3,0,0,0,0,1,0,0,0,0,0,0,0,0,0,0,1,0,0,0,0,0,0,0.333333333333333,0,NA,0,0.666666666666667,0.333333333333333,0,0.833333333333333,NA,0.333333333333333,1,NA,NA,NA,0.833333333333333,1,0.666666666666667,1,NA,1,0.166666666666667,0.666666666666667,1,0.166666666666667,NA,0,0,NA,NA,NA,0,0,0,0,NA,0,0.166666666666667,0,0,0,NA,0.5,0,NA,NA,NA,0.166666666666667,0,0,0,NA,0,0,0,0,0,NA,0.166666666666667,0,NA,NA,NA
"376",3,3,3,3,3,6,6,6,0,6,0,6,0,0,0,3,0,0,0,0,0,1,1,1,0,2,0,2,0,0,0,2,0,0,0,1,2,1,5,3,0,5,0,4,0,0,0,2,0.0625,0.0625,0.0625,0.0625,0.0625,0.125,0.125,0.125,0,0.125,0,0.125,0,0,0,0.0625,0,0,0,0,0,0.166666666666667,0.166666666666667,0.166666666666667,NA,0.333333333333333,NA,0.333333333333333,NA,NA,NA,0.666666666666667,0,0,0,0.333333333333333,0.666666666666667,0.166666666666667,0.833333333333333,0.5,NA,0.833333333333333,NA,0.666666666666667,NA,NA,NA,0.666666666666667,0,0,0,1,2,0,4,2,0,3,0,2,0,0,0,1,3,3,3,2,1,5,1,3,0,1,0,2,0,0,0,0,0,0,0,0,0,1,1,1,0,2,0,2,0,0,0,1,0,0,0,0,0,0,0,0,0,0,0,0,0,0,0,1,0,0,0,0.333333333333333,0.666666666666667,0,0.666666666666667,0.333333333333333,NA,0.5,NA,0.333333333333333,NA,NA,NA,0.333333333333333,1,1,1,0.666666666666667,0.333333333333333,0.833333333333333,0.166666666666667,0.5,NA,0.166666666666667,NA,0.333333333333333,NA,NA,NA,0,0,0,0,0,0,0.166666666666667,0.166666666666667,0.166666666666667,NA,0.333333333333333,NA,0.333333333333333,NA,NA,NA,0.333333333333333,0,0,0,0,0,0,0,0,NA,0,NA,0,NA,NA,NA,0.333333333333333
"377",3,3,3,6,0,0,6,6,3,6,6,0,6,0,0,0,0,0,0,0,0,0,0,1,0,0,1,0,1,0,0,0,0,1,1,2,0,0,2,5,1,4,6,0,3,0,0,0,0.0625,0.0625,0.0625,0.125,0,0,0.125,0.125,0.0625,0.125,0.125,0,0.125,0,0,0,0,0,0,0,NA,NA,0,0.166666666666667,0,0,0.166666666666667,NA,0.166666666666667,NA,NA,NA,0,0.333333333333333,0.333333333333333,0.333333333333333,NA,NA,0.333333333333333,0.833333333333333,0.333333333333333,0.666666666666667,1,NA,0.5,NA,NA,NA,0,1,1,2,0,0,2,4,1,4,5,0,2,0,0,0,3,2,2,4,0,0,4,1,2,2,0,0,3,0,0,0,0,0,0,0,0,0,0,1,0,0,1,0,1,0,0,0,0,0,0,0,0,0,0,0,0,0,0,0,0,0,0,0,0,0.333333333333333,0.333333333333333,0.333333333333333,NA,NA,0.333333333333333,0.666666666666667,0.333333333333333,0.666666666666667,0.833333333333333,NA,0.333333333333333,NA,NA,NA,1,0.666666666666667,0.666666666666667,0.666666666666667,NA,NA,0.666666666666667,0.166666666666667,0.666666666666667,0.333333333333333,0,NA,0.5,NA,NA,NA,0,0,0,0,NA,NA,0,0.166666666666667,0,0,0.166666666666667,NA,0.166666666666667,NA,NA,NA,0,0,0,0,NA,NA,0,0,0,0,0,NA,0,NA,NA,NA
"378",6,6,3,6,3,6,6,0,6,6,0,0,0,0,0,0,0,1,0,0,0,1,0,0,1,0,0,0,0,0,0,0,0,1,1,4,1,1,5,0,4,6,0,0,0,0,0,0,0.125,0.125,0.0625,0.125,0.0625,0.125,0.125,0,0.125,0.125,0,0,0,0,0,0,0,0.166666666666667,0,0,0,0.166666666666667,0,NA,0.166666666666667,0,NA,NA,NA,NA,NA,NA,0,0.166666666666667,0.333333333333333,0.666666666666667,0.333333333333333,0.166666666666667,0.833333333333333,NA,0.666666666666667,1,NA,NA,NA,NA,NA,NA,0,1,1,4,1,1,5,0,4,6,0,0,0,0,0,0,6,4,2,2,2,4,1,0,1,0,0,0,0,0,0,0,0,0,0,0,0,0,0,0,0,0,0,0,0,0,0,0,0,1,0,0,0,1,0,0,1,0,0,0,0,0,0,0,0,0.166666666666667,0.333333333333333,0.666666666666667,0.333333333333333,0.166666666666667,0.833333333333333,NA,0.666666666666667,1,NA,NA,NA,NA,NA,NA,1,0.666666666666667,0.666666666666667,0.333333333333333,0.666666666666667,0.666666666666667,0.166666666666667,NA,0.166666666666667,0,NA,NA,NA,NA,NA,NA,0,0,0,0,0,0,0,NA,0,0,NA,NA,NA,NA,NA,NA,0,0.166666666666667,0,0,0,0.166666666666667,0,NA,0.166666666666667,0,NA,NA,NA,NA,NA,NA
"379",3,3,3,6,0,6,6,0,6,6,6,0,3,0,0,0,0,0,0,0,0,1,0,0,0,1,2,0,0,0,0,0,0,1,0,3,0,2,2,0,2,6,4,0,1,0,0,0,0.0625,0.0625,0.0625,0.125,0,0.125,0.125,0,0.125,0.125,0.125,0,0.0625,0,0,0,0,0,0,0,NA,0.166666666666667,0,NA,0,0.166666666666667,0.333333333333333,NA,0,NA,NA,NA,0,0.333333333333333,0,0.5,NA,0.333333333333333,0.333333333333333,NA,0.333333333333333,1,0.666666666666667,NA,0.333333333333333,NA,NA,NA,0,1,0,3,0,2,2,0,2,5,3,0,1,0,0,0,3,2,3,3,0,3,4,0,4,0,1,0,2,0,0,0,0,0,0,0,0,0,0,0,0,1,1,0,0,0,0,0,0,0,0,0,0,1,0,0,0,0,1,0,0,0,0,0,0,0.333333333333333,0,0.5,NA,0.333333333333333,0.333333333333333,NA,0.333333333333333,0.833333333333333,0.5,NA,0.333333333333333,NA,NA,NA,1,0.666666666666667,1,0.5,NA,0.5,0.666666666666667,NA,0.666666666666667,0,0.166666666666667,NA,0.666666666666667,NA,NA,NA,0,0,0,0,NA,0,0,NA,0,0.166666666666667,0.166666666666667,NA,0,NA,NA,NA,0,0,0,0,NA,0.166666666666667,0,NA,0,0,0.166666666666667,NA,0,NA,NA,NA
"380",3,3,3,6,0,3,6,6,3,6,0,0,6,0,0,0,0,0,0,0,0,0,0,2,0,1,0,0,0,0,0,0,1,1,0,2,0,1,4,4,1,6,0,0,3,0,0,0,0.0666666666666667,0.0666666666666667,0.0666666666666667,0.133333333333333,0,0.0666666666666667,0.133333333333333,0.133333333333333,0.0666666666666667,0.133333333333333,0,0,0.133333333333333,0,0,0,0,0,0,0,NA,0,0,0.333333333333333,0,0.166666666666667,NA,NA,0,NA,NA,NA,0.333333333333333,0.333333333333333,0,0.333333333333333,NA,0.333333333333333,0.666666666666667,0.666666666666667,0.333333333333333,1,NA,NA,0.5,NA,NA,NA,1,1,0,2,0,1,4,4,1,5,0,0,3,0,0,0,2,2,3,4,0,2,2,0,2,0,0,0,3,0,0,0,0,0,0,0,0,0,0,0,0,1,0,0,0,0,0,0,0,0,0,0,0,0,0,2,0,0,0,0,0,0,0,0,0.333333333333333,0.333333333333333,0,0.333333333333333,NA,0.333333333333333,0.666666666666667,0.666666666666667,0.333333333333333,0.833333333333333,NA,NA,0.5,NA,NA,NA,0.666666666666667,0.666666666666667,1,0.666666666666667,NA,0.666666666666667,0.333333333333333,0,0.666666666666667,0,NA,NA,0.5,NA,NA,NA,0,0,0,0,NA,0,0,0,0,0.166666666666667,NA,NA,0,NA,NA,NA,0,0,0,0,NA,0,0,0.333333333333333,0,0,NA,NA,0,NA,NA,NA
"381",3,3,6,6,3,6,0,0,6,6,0,0,6,0,0,0,0,0,0,2,0,0,0,0,0,2,0,0,0,0,0,0,0,1,2,2,0,2,0,0,2,1,0,0,2,0,0,0,0.0666666666666667,0.0666666666666667,0.133333333333333,0.133333333333333,0.0666666666666667,0.133333333333333,0,0,0.133333333333333,0.133333333333333,0,0,0.133333333333333,0,0,0,0,0,0,0.333333333333333,0,0,NA,NA,0,0.333333333333333,NA,NA,0,NA,NA,NA,0,0.333333333333333,0.333333333333333,0.333333333333333,0,0.333333333333333,NA,NA,0.333333333333333,0.166666666666667,NA,NA,0.333333333333333,NA,NA,NA,0,1,2,2,0,2,0,0,2,1,0,0,2,0,0,0,3,2,4,2,3,4,0,0,4,3,0,0,4,0,0,0,0,0,0,0,0,0,0,0,0,0,0,0,0,0,0,0,0,0,0,2,0,0,0,0,0,2,0,0,0,0,0,0,0,0.333333333333333,0.333333333333333,0.333333333333333,0,0.333333333333333,NA,NA,0.333333333333333,0.166666666666667,NA,NA,0.333333333333333,NA,NA,NA,1,0.666666666666667,0.666666666666667,0.333333333333333,1,0.666666666666667,NA,NA,0.666666666666667,0.5,NA,NA,0.666666666666667,NA,NA,NA,0,0,0,0,0,0,NA,NA,0,0,NA,NA,0,NA,NA,NA,0,0,0,0.333333333333333,0,0,NA,NA,0,0.333333333333333,NA,NA,0,NA,NA,NA
"382",3,6,6,0,6,6,0,0,6,6,0,0,0,0,0,0,0,0,1,0,1,1,0,0,3,0,0,0,0,0,0,0,1,0,3,0,0,2,0,0,0,5,0,0,0,0,0,0,0.0769230769230769,0.153846153846154,0.153846153846154,0,0.153846153846154,0.153846153846154,0,0,0.153846153846154,0.153846153846154,0,0,0,0,0,0,0,0,0.166666666666667,NA,0.166666666666667,0.166666666666667,NA,NA,0.5,0,NA,NA,NA,NA,NA,NA,0.333333333333333,0,0.5,NA,0,0.333333333333333,NA,NA,0,0.833333333333333,NA,NA,NA,NA,NA,NA,1,0,3,0,0,2,0,0,0,5,0,0,0,0,0,0,2,6,2,0,5,3,0,0,3,1,0,0,0,0,0,0,0,0,0,0,0,0,0,0,0,0,0,0,0,0,0,0,0,0,1,0,1,1,0,0,3,0,0,0,0,0,0,0,0.333333333333333,0,0.5,NA,0,0.333333333333333,NA,NA,0,0.833333333333333,NA,NA,NA,NA,NA,NA,0.666666666666667,1,0.333333333333333,NA,0.833333333333333,0.5,NA,NA,0.5,0.166666666666667,NA,NA,NA,NA,NA,NA,0,0,0,NA,0,0,NA,NA,0,0,NA,NA,NA,NA,NA,NA,0,0,0.166666666666667,NA,0.166666666666667,0.166666666666667,NA,NA,0.5,0,NA,NA,NA,NA,NA,NA
"383",3,6,6,0,6,6,0,0,3,0,0,0,0,0,0,0,0,0,1,0,0,1,0,0,2,0,0,0,0,0,0,0,0,2,3,0,2,3,0,0,1,0,0,0,0,0,0,0,0.1,0.2,0.2,0,0.2,0.2,0,0,0.1,0,0,0,0,0,0,0,0,0,0.166666666666667,NA,0,0.166666666666667,NA,NA,0.666666666666667,NA,NA,NA,NA,NA,NA,NA,0,0.333333333333333,0.5,NA,0.333333333333333,0.5,NA,NA,0.333333333333333,NA,NA,NA,NA,NA,NA,NA,0,2,2,0,2,3,0,0,1,0,0,0,0,0,0,0,3,4,3,0,4,2,0,0,0,0,0,0,0,0,0,0,0,0,1,0,0,0,0,0,0,0,0,0,0,0,0,0,0,0,0,0,0,1,0,0,2,0,0,0,0,0,0,0,0,0.333333333333333,0.333333333333333,NA,0.333333333333333,0.5,NA,NA,0.333333333333333,NA,NA,NA,NA,NA,NA,NA,1,0.666666666666667,0.5,NA,0.666666666666667,0.333333333333333,NA,NA,0,NA,NA,NA,NA,NA,NA,NA,0,0,0.166666666666667,NA,0,0,NA,NA,0,NA,NA,NA,NA,NA,NA,NA,0,0,0,NA,0,0.166666666666667,NA,NA,0.666666666666667,NA,NA,NA,NA,NA,NA,NA
"384",3,6,0,0,6,0,0,0,3,0,0,0,6,0,0,0,0,0,0,0,0,0,0,0,0,0,0,0,0,0,0,0,1,3,0,0,2,0,0,0,1,0,0,0,2,0,0,0,0.125,0.25,0,0,0.25,0,0,0,0.125,0,0,0,0.25,0,0,0,0,0,NA,NA,0,NA,NA,NA,0,NA,NA,NA,0,NA,NA,NA,0.333333333333333,0.5,NA,NA,0.333333333333333,NA,NA,NA,0.333333333333333,NA,NA,NA,0.333333333333333,NA,NA,NA,1,3,0,0,2,0,0,0,1,0,0,0,2,0,0,0,2,3,0,0,4,0,0,0,2,0,0,0,4,0,0,0,0,0,0,0,0,0,0,0,0,0,0,0,0,0,0,0,0,0,0,0,0,0,0,0,0,0,0,0,0,0,0,0,0.333333333333333,0.5,NA,NA,0.333333333333333,NA,NA,NA,0.333333333333333,NA,NA,NA,0.333333333333333,NA,NA,NA,0.666666666666667,0.5,NA,NA,0.666666666666667,NA,NA,NA,0.666666666666667,NA,NA,NA,0.666666666666667,NA,NA,NA,0,0,NA,NA,0,NA,NA,NA,0,NA,NA,NA,0,NA,NA,NA,0,0,NA,NA,0,NA,NA,NA,0,NA,NA,NA,0,NA,NA,NA
"385",3,3,3,6,3,6,6,6,3,6,0,0,0,3,0,0,0,0,0,1,0,1,1,3,1,1,0,0,0,2,0,0,0,1,0,2,0,2,4,5,0,4,0,0,0,3,0,0,0.0625,0.0625,0.0625,0.125,0.0625,0.125,0.125,0.125,0.0625,0.125,0,0,0,0.0625,0,0,0,0,0,0.166666666666667,0,0.166666666666667,0.166666666666667,0.5,0.333333333333333,0.166666666666667,NA,NA,NA,0.666666666666667,NA,NA,0,0.333333333333333,0,0.333333333333333,0,0.333333333333333,0.666666666666667,0.833333333333333,0,0.666666666666667,NA,NA,NA,1,NA,NA,0,1,0,2,0,2,3,2,0,3,0,0,0,1,0,0,3,2,3,3,3,3,2,1,2,2,0,0,0,0,0,0,0,0,0,0,0,0,1,3,0,1,0,0,0,2,0,0,0,0,0,1,0,1,0,0,1,0,0,0,0,0,0,0,0,0.333333333333333,0,0.333333333333333,0,0.333333333333333,0.5,0.333333333333333,0,0.5,NA,NA,NA,0.333333333333333,NA,NA,1,0.666666666666667,1,0.5,1,0.5,0.333333333333333,0.166666666666667,0.666666666666667,0.333333333333333,NA,NA,NA,0,NA,NA,0,0,0,0,0,0,0.166666666666667,0.5,0,0.166666666666667,NA,NA,NA,0.666666666666667,NA,NA,0,0,0,0.166666666666667,0,0.166666666666667,0,0,0.333333333333333,0,NA,NA,NA,0,NA,NA
"386",3,3,6,6,3,6,6,3,3,0,0,0,6,0,0,0,0,0,0,1,0,2,2,1,0,0,0,0,1,0,0,0,0,1,2,2,1,1,4,3,1,0,0,0,2,0,0,0,0.0666666666666667,0.0666666666666667,0.133333333333333,0.133333333333333,0.0666666666666667,0.133333333333333,0.133333333333333,0.0666666666666667,0.0666666666666667,0,0,0,0.133333333333333,0,0,0,0,0,0,0.166666666666667,0,0.333333333333333,0.333333333333333,0.333333333333333,0,NA,NA,NA,0.166666666666667,NA,NA,NA,0,0.333333333333333,0.333333333333333,0.333333333333333,0.333333333333333,0.166666666666667,0.666666666666667,1,0.333333333333333,NA,NA,NA,0.333333333333333,NA,NA,NA,0,1,2,2,1,0,4,2,1,0,0,0,2,0,0,0,3,2,4,3,2,4,0,0,2,0,0,0,3,0,0,0,0,0,0,0,0,1,0,1,0,0,0,0,0,0,0,0,0,0,0,1,0,1,2,0,0,0,0,0,1,0,0,0,0,0.333333333333333,0.333333333333333,0.333333333333333,0.333333333333333,0,0.666666666666667,0.666666666666667,0.333333333333333,NA,NA,NA,0.333333333333333,NA,NA,NA,1,0.666666666666667,0.666666666666667,0.5,0.666666666666667,0.666666666666667,0,0,0.666666666666667,NA,NA,NA,0.5,NA,NA,NA,0,0,0,0,0,0.166666666666667,0,0.333333333333333,0,NA,NA,NA,0,NA,NA,NA,0,0,0,0.166666666666667,0,0.166666666666667,0.333333333333333,0,0,NA,NA,NA,0.166666666666667,NA,NA,NA
"387",3,3,6,6,6,6,0,0,0,0,0,0,0,0,0,0,0,0,0,2,2,1,0,0,0,0,0,0,0,0,0,0,1,1,2,2,0,3,0,0,0,0,0,0,0,0,0,0,0.1,0.1,0.2,0.2,0.2,0.2,0,0,0,0,0,0,0,0,0,0,0,0,0,0.333333333333333,0.333333333333333,0.166666666666667,NA,NA,NA,NA,NA,NA,NA,NA,NA,NA,0.333333333333333,0.333333333333333,0.333333333333333,0.333333333333333,0,0.5,NA,NA,NA,NA,NA,NA,NA,NA,NA,NA,1,1,2,1,0,2,0,0,0,0,0,0,0,0,0,0,2,2,4,3,4,3,0,0,0,0,0,0,0,0,0,0,0,0,0,1,0,1,0,0,0,0,0,0,0,0,0,0,0,0,0,1,2,0,0,0,0,0,0,0,0,0,0,0,0.333333333333333,0.333333333333333,0.333333333333333,0.166666666666667,0,0.333333333333333,NA,NA,NA,NA,NA,NA,NA,NA,NA,NA,0.666666666666667,0.666666666666667,0.666666666666667,0.5,0.666666666666667,0.5,NA,NA,NA,NA,NA,NA,NA,NA,NA,NA,0,0,0,0.166666666666667,0,0.166666666666667,NA,NA,NA,NA,NA,NA,NA,NA,NA,NA,0,0,0,0.166666666666667,0.333333333333333,0,NA,NA,NA,NA,NA,NA,NA,NA,NA,NA
"388",3,6,6,0,3,6,0,0,6,6,0,0,6,0,0,0,0,0,0,0,0,0,0,0,0,2,0,0,1,0,0,0,1,2,3,0,0,1,0,0,1,4,0,0,1,0,0,0,0.0714285714285714,0.142857142857143,0.142857142857143,0,0.0714285714285714,0.142857142857143,0,0,0.142857142857143,0.142857142857143,0,0,0.142857142857143,0,0,0,0,0,0,NA,0,0,NA,NA,0,0.333333333333333,NA,NA,0.166666666666667,NA,NA,NA,0.333333333333333,0.333333333333333,0.5,NA,0,0.166666666666667,NA,NA,0.166666666666667,0.666666666666667,NA,NA,0.166666666666667,NA,NA,NA,1,2,3,0,0,1,0,0,1,4,0,0,1,0,0,0,2,4,3,0,3,5,0,0,5,0,0,0,4,0,0,0,0,0,0,0,0,0,0,0,0,0,0,0,0,0,0,0,0,0,0,0,0,0,0,0,0,2,0,0,1,0,0,0,0.333333333333333,0.333333333333333,0.5,NA,0,0.166666666666667,NA,NA,0.166666666666667,0.666666666666667,NA,NA,0.166666666666667,NA,NA,NA,0.666666666666667,0.666666666666667,0.5,NA,1,0.833333333333333,NA,NA,0.833333333333333,0,NA,NA,0.666666666666667,NA,NA,NA,0,0,0,NA,0,0,NA,NA,0,0,NA,NA,0,NA,NA,NA,0,0,0,NA,0,0,NA,NA,0,0.333333333333333,NA,NA,0.166666666666667,NA,NA,NA
"389",3,6,6,0,6,6,0,0,6,0,0,0,0,0,0,0,0,0,1,0,1,1,0,0,0,0,0,0,0,0,0,0,1,0,3,0,1,3,0,0,3,0,0,0,0,0,0,0,0.0909090909090909,0.181818181818182,0.181818181818182,0,0.181818181818182,0.181818181818182,0,0,0.181818181818182,0,0,0,0,0,0,0,0,0,0.166666666666667,NA,0.166666666666667,0.166666666666667,NA,NA,0,NA,NA,NA,NA,NA,NA,NA,0.333333333333333,0,0.5,NA,0.166666666666667,0.5,NA,NA,0.5,NA,NA,NA,NA,NA,NA,NA,1,0,3,0,0,3,0,0,3,0,0,0,0,0,0,0,2,6,2,0,5,2,0,0,3,0,0,0,0,0,0,0,0,0,0,0,1,0,0,0,0,0,0,0,0,0,0,0,0,0,1,0,0,1,0,0,0,0,0,0,0,0,0,0,0.333333333333333,0,0.5,NA,0,0.5,NA,NA,0.5,NA,NA,NA,NA,NA,NA,NA,0.666666666666667,1,0.333333333333333,NA,0.833333333333333,0.333333333333333,NA,NA,0.5,NA,NA,NA,NA,NA,NA,NA,0,0,0,NA,0.166666666666667,0,NA,NA,0,NA,NA,NA,NA,NA,NA,NA,0,0,0.166666666666667,NA,0,0.166666666666667,NA,NA,0,NA,NA,NA,NA,NA,NA,NA
"390",3,3,3,6,0,3,6,6,3,6,0,0,3,6,0,0,0,0,0,0,0,0,1,2,0,0,0,0,0,2,0,0,0,1,0,2,0,1,6,4,0,3,0,0,1,4,0,0,0.0625,0.0625,0.0625,0.125,0,0.0625,0.125,0.125,0.0625,0.125,0,0,0.0625,0.125,0,0,0,0,0,0,NA,0,0.166666666666667,0.333333333333333,0,0,NA,NA,0,0.333333333333333,NA,NA,0,0.333333333333333,0,0.333333333333333,NA,0.333333333333333,1,0.666666666666667,0,0.5,NA,NA,0.333333333333333,0.666666666666667,NA,NA,0,1,0,2,0,1,5,3,0,3,0,0,1,3,0,0,3,2,3,4,0,2,0,1,3,3,0,0,2,1,0,0,0,0,0,0,0,0,1,1,0,0,0,0,0,1,0,0,0,0,0,0,0,0,0,1,0,0,0,0,0,1,0,0,0,0.333333333333333,0,0.333333333333333,NA,0.333333333333333,0.833333333333333,0.5,0,0.5,NA,NA,0.333333333333333,0.5,NA,NA,1,0.666666666666667,1,0.666666666666667,NA,0.666666666666667,0,0.166666666666667,1,0.5,NA,NA,0.666666666666667,0.166666666666667,NA,NA,0,0,0,0,NA,0,0.166666666666667,0.166666666666667,0,0,NA,NA,0,0.166666666666667,NA,NA,0,0,0,0,NA,0,0,0.166666666666667,0,0,NA,NA,0,0.166666666666667,NA,NA
"391",3,3,3,6,6,6,6,6,0,0,0,0,0,0,0,0,0,0,0,0,0,2,0,3,0,0,0,0,0,0,0,0,0,1,1,1,3,3,5,3,0,0,0,0,0,0,0,0,0.0769230769230769,0.0769230769230769,0.0769230769230769,0.153846153846154,0.153846153846154,0.153846153846154,0.153846153846154,0.153846153846154,0,0,0,0,0,0,0,0,0,0,0,0,0,0.333333333333333,0,0.5,NA,NA,NA,NA,NA,NA,NA,NA,0,0.333333333333333,0.333333333333333,0.166666666666667,0.5,0.5,0.833333333333333,0.5,NA,NA,NA,NA,NA,NA,NA,NA,0,1,1,1,3,3,5,2,0,0,0,0,0,0,0,0,3,2,2,5,3,1,1,1,0,0,0,0,0,0,0,0,0,0,0,0,0,0,0,1,0,0,0,0,0,0,0,0,0,0,0,0,0,2,0,2,0,0,0,0,0,0,0,0,0,0.333333333333333,0.333333333333333,0.166666666666667,0.5,0.5,0.833333333333333,0.333333333333333,NA,NA,NA,NA,NA,NA,NA,NA,1,0.666666666666667,0.666666666666667,0.833333333333333,0.5,0.166666666666667,0.166666666666667,0.166666666666667,NA,NA,NA,NA,NA,NA,NA,NA,0,0,0,0,0,0,0,0.166666666666667,NA,NA,NA,NA,NA,NA,NA,NA,0,0,0,0,0,0.333333333333333,0,0.333333333333333,NA,NA,NA,NA,NA,NA,NA,NA
"392",3,3,6,6,3,6,6,6,3,3,0,3,0,0,0,0,0,0,0,1,0,2,0,0,0,1,0,1,0,0,0,0,1,0,2,2,0,2,3,3,0,1,0,1,0,0,0,0,0.0625,0.0625,0.125,0.125,0.0625,0.125,0.125,0.125,0.0625,0.0625,0,0.0625,0,0,0,0,0,0,0,0.166666666666667,0,0.333333333333333,0,0,0,0.333333333333333,NA,0.333333333333333,NA,NA,NA,NA,0.333333333333333,0,0.333333333333333,0.333333333333333,0,0.333333333333333,0.5,0.5,0,0.333333333333333,NA,0.333333333333333,NA,NA,NA,NA,1,0,2,1,0,1,3,3,0,0,0,1,0,0,0,0,2,3,4,4,3,3,3,3,3,2,0,1,0,0,0,0,0,0,0,1,0,1,0,0,0,1,0,0,0,0,0,0,0,0,0,0,0,1,0,0,0,0,0,1,0,0,0,0,0.333333333333333,0,0.333333333333333,0.166666666666667,0,0.166666666666667,0.5,0.5,0,0,NA,0.333333333333333,NA,NA,NA,NA,0.666666666666667,1,0.666666666666667,0.666666666666667,1,0.5,0.5,0.5,1,0.666666666666667,NA,0.333333333333333,NA,NA,NA,NA,0,0,0,0.166666666666667,0,0.166666666666667,0,0,0,0.333333333333333,NA,0,NA,NA,NA,NA,0,0,0,0,0,0.166666666666667,0,0,0,0,NA,0.333333333333333,NA,NA,NA,NA
"393",6,3,6,6,6,6,0,0,6,6,0,0,3,0,0,0,1,0,0,3,1,1,0,0,1,1,0,0,1,0,0,0,0,1,1,2,1,0,0,0,2,4,0,0,0,0,0,0,0.125,0.0625,0.125,0.125,0.125,0.125,0,0,0.125,0.125,0,0,0.0625,0,0,0,0.166666666666667,0,0,0.5,0.166666666666667,0.166666666666667,NA,NA,0.166666666666667,0.166666666666667,NA,NA,0.333333333333333,NA,NA,NA,0,0.333333333333333,0.166666666666667,0.333333333333333,0.166666666666667,0,NA,NA,0.333333333333333,0.666666666666667,NA,NA,0,NA,NA,NA,0,1,1,1,1,0,0,0,2,3,0,0,0,0,0,0,5,2,5,2,4,5,0,0,3,2,0,0,2,0,0,0,0,0,0,1,0,0,0,0,0,1,0,0,0,0,0,0,1,0,0,2,1,1,0,0,1,0,0,0,1,0,0,0,0,0.333333333333333,0.166666666666667,0.166666666666667,0.166666666666667,0,NA,NA,0.333333333333333,0.5,NA,NA,0,NA,NA,NA,0.833333333333333,0.666666666666667,0.833333333333333,0.333333333333333,0.666666666666667,0.833333333333333,NA,NA,0.5,0.333333333333333,NA,NA,0.666666666666667,NA,NA,NA,0,0,0,0.166666666666667,0,0,NA,NA,0,0.166666666666667,NA,NA,0,NA,NA,NA,0.166666666666667,0,0,0.333333333333333,0.166666666666667,0.166666666666667,NA,NA,0.166666666666667,0,NA,NA,0.333333333333333,NA,NA,NA
"394",3,3,3,6,0,0,6,6,6,6,6,0,0,3,0,0,0,0,0,0,0,0,0,2,0,1,1,0,0,1,0,0,0,0,0,2,0,0,1,6,2,4,3,0,0,2,0,0,0.0625,0.0625,0.0625,0.125,0,0,0.125,0.125,0.125,0.125,0.125,0,0,0.0625,0,0,0,0,0,0,NA,NA,0,0.333333333333333,0,0.166666666666667,0.166666666666667,NA,NA,0.333333333333333,NA,NA,0,0,0,0.333333333333333,NA,NA,0.166666666666667,1,0.333333333333333,0.666666666666667,0.5,NA,NA,0.666666666666667,NA,NA,0,0,0,2,0,0,1,4,2,3,2,0,0,2,0,0,3,3,3,4,0,0,5,0,4,2,3,0,0,0,0,0,0,0,0,0,0,0,0,2,0,1,1,0,0,0,0,0,0,0,0,0,0,0,0,0,0,0,0,0,0,1,0,0,0,0,0,0.333333333333333,NA,NA,0.166666666666667,0.666666666666667,0.333333333333333,0.5,0.333333333333333,NA,NA,0.666666666666667,NA,NA,1,1,1,0.666666666666667,NA,NA,0.833333333333333,0,0.666666666666667,0.333333333333333,0.5,NA,NA,0,NA,NA,0,0,0,0,NA,NA,0,0.333333333333333,0,0.166666666666667,0.166666666666667,NA,NA,0,NA,NA,0,0,0,0,NA,NA,0,0,0,0,0,NA,NA,0.333333333333333,NA,NA
"395",6,3,3,3,6,6,6,6,6,0,0,0,3,0,0,0,0,0,0,0,0,2,0,1,1,0,0,0,1,0,0,0,2,1,0,1,3,4,4,4,1,0,0,0,0,0,0,0,0.125,0.0625,0.0625,0.0625,0.125,0.125,0.125,0.125,0.125,0,0,0,0.0625,0,0,0,0,0,0,0,0,0.333333333333333,0,0.166666666666667,0.166666666666667,NA,NA,NA,0.333333333333333,NA,NA,NA,0.333333333333333,0.333333333333333,0,0.333333333333333,0.5,0.666666666666667,0.666666666666667,0.666666666666667,0.166666666666667,NA,NA,NA,0,NA,NA,NA,2,1,0,1,3,3,4,3,1,0,0,0,0,0,0,0,4,2,3,2,3,1,2,2,4,0,0,0,2,0,0,0,0,0,0,0,0,1,0,1,0,0,0,0,0,0,0,0,0,0,0,0,0,1,0,0,1,0,0,0,1,0,0,0,0.333333333333333,0.333333333333333,0,0.333333333333333,0.5,0.5,0.666666666666667,0.5,0.166666666666667,NA,NA,NA,0,NA,NA,NA,0.666666666666667,0.666666666666667,1,0.666666666666667,0.5,0.166666666666667,0.333333333333333,0.333333333333333,0.666666666666667,NA,NA,NA,0.666666666666667,NA,NA,NA,0,0,0,0,0,0.166666666666667,0,0.166666666666667,0,NA,NA,NA,0,NA,NA,NA,0,0,0,0,0,0.166666666666667,0,0,0.166666666666667,NA,NA,NA,0.333333333333333,NA,NA,NA
"396",3,3,3,6,6,3,6,0,3,6,0,0,0,3,0,0,0,0,0,1,1,0,0,0,1,0,0,0,0,3,0,0,0,0,1,5,1,0,3,0,0,2,0,0,0,2,0,0,0.0714285714285714,0.0714285714285714,0.0714285714285714,0.142857142857143,0.142857142857143,0.0714285714285714,0.142857142857143,0,0.0714285714285714,0.142857142857143,0,0,0,0.0714285714285714,0,0,0,0,0,0.166666666666667,0.166666666666667,0,0,NA,0.333333333333333,0,NA,NA,NA,1,NA,NA,0,0,0.333333333333333,0.833333333333333,0.166666666666667,0,0.5,NA,0,0.333333333333333,NA,NA,NA,0.666666666666667,NA,NA,0,0,1,5,1,0,3,0,0,2,0,0,0,0,0,0,3,3,2,0,4,3,3,0,2,4,0,0,0,0,0,0,0,0,0,0,0,0,0,0,0,0,0,0,0,2,0,0,0,0,0,1,1,0,0,0,1,0,0,0,0,1,0,0,0,0,0.333333333333333,0.833333333333333,0.166666666666667,0,0.5,NA,0,0.333333333333333,NA,NA,NA,0,NA,NA,1,1,0.666666666666667,0,0.666666666666667,1,0.5,NA,0.666666666666667,0.666666666666667,NA,NA,NA,0,NA,NA,0,0,0,0,0,0,0,NA,0,0,NA,NA,NA,0.666666666666667,NA,NA,0,0,0,0.166666666666667,0.166666666666667,0,0,NA,0.333333333333333,0,NA,NA,NA,0.333333333333333,NA,NA
"397",6,3,6,0,3,6,0,0,6,0,0,0,0,0,0,0,1,0,0,0,0,0,0,0,0,0,0,0,0,0,0,0,1,0,3,0,0,6,0,0,4,0,0,0,0,0,0,0,0.2,0.1,0.2,0,0.1,0.2,0,0,0.2,0,0,0,0,0,0,0,0.166666666666667,0,0,NA,0,0,NA,NA,0,NA,NA,NA,NA,NA,NA,NA,0.166666666666667,0,0.5,NA,0,1,NA,NA,0.666666666666667,NA,NA,NA,NA,NA,NA,NA,1,0,3,0,0,6,0,0,4,0,0,0,0,0,0,0,4,3,3,0,3,0,0,0,2,0,0,0,0,0,0,0,0,0,0,0,0,0,0,0,0,0,0,0,0,0,0,0,1,0,0,0,0,0,0,0,0,0,0,0,0,0,0,0,0.166666666666667,0,0.5,NA,0,1,NA,NA,0.666666666666667,NA,NA,NA,NA,NA,NA,NA,0.666666666666667,1,0.5,NA,1,0,NA,NA,0.333333333333333,NA,NA,NA,NA,NA,NA,NA,0,0,0,NA,0,0,NA,NA,0,NA,NA,NA,NA,NA,NA,NA,0.166666666666667,0,0,NA,0,0,NA,NA,0,NA,NA,NA,NA,NA,NA,NA
"398",6,6,0,0,3,0,0,0,3,0,0,0,6,0,0,0,0,2,0,0,0,0,0,0,0,0,0,0,1,0,0,0,1,1,0,0,0,0,0,0,0,0,0,0,2,0,0,0,0.25,0.25,0,0,0.125,0,0,0,0.125,0,0,0,0.25,0,0,0,0,0.333333333333333,NA,NA,0,NA,NA,NA,0,NA,NA,NA,0.166666666666667,NA,NA,NA,0.166666666666667,0.166666666666667,NA,NA,0,NA,NA,NA,0,NA,NA,NA,0.333333333333333,NA,NA,NA,1,1,0,0,0,0,0,0,0,0,0,0,2,0,0,0,5,3,0,0,3,0,0,0,3,0,0,0,3,0,0,0,0,0,0,0,0,0,0,0,0,0,0,0,0,0,0,0,0,2,0,0,0,0,0,0,0,0,0,0,1,0,0,0,0.166666666666667,0.166666666666667,NA,NA,0,NA,NA,NA,0,NA,NA,NA,0.333333333333333,NA,NA,NA,0.833333333333333,0.5,NA,NA,1,NA,NA,NA,1,NA,NA,NA,0.5,NA,NA,NA,0,0,NA,NA,0,NA,NA,NA,0,NA,NA,NA,0,NA,NA,NA,0,0.333333333333333,NA,NA,0,NA,NA,NA,0,NA,NA,NA,0.166666666666667,NA,NA,NA
"399",6,3,3,6,3,6,6,3,3,6,0,0,3,0,0,0,1,0,0,0,0,0,1,1,0,2,0,0,0,0,0,0,0,0,1,3,1,1,3,2,0,5,0,0,0,0,0,0,0.125,0.0625,0.0625,0.125,0.0625,0.125,0.125,0.0625,0.0625,0.125,0,0,0.0625,0,0,0,0.166666666666667,0,0,0,0,0,0.166666666666667,0.333333333333333,0,0.333333333333333,NA,NA,0,NA,NA,NA,0,0,0.333333333333333,0.5,0.333333333333333,0.166666666666667,0.5,0.666666666666667,0,0.833333333333333,NA,NA,0,NA,NA,NA,0,0,1,3,1,1,2,1,0,3,0,0,0,0,0,0,5,3,2,3,2,5,3,1,3,1,0,0,3,0,0,0,0,0,0,0,0,0,1,1,0,2,0,0,0,0,0,0,1,0,0,0,0,0,0,0,0,0,0,0,0,0,0,0,0,0,0.333333333333333,0.5,0.333333333333333,0.166666666666667,0.333333333333333,0.333333333333333,0,0.5,NA,NA,0,NA,NA,NA,0.833333333333333,1,0.666666666666667,0.5,0.666666666666667,0.833333333333333,0.5,0.333333333333333,1,0.166666666666667,NA,NA,1,NA,NA,NA,0,0,0,0,0,0,0.166666666666667,0.333333333333333,0,0.333333333333333,NA,NA,0,NA,NA,NA,0.166666666666667,0,0,0,0,0,0,0,0,0,NA,NA,0,NA,NA,NA
"400",6,6,3,0,3,0,0,0,6,0,0,0,6,0,0,0,0,1,1,0,0,0,0,0,0,0,0,0,3,0,0,0,1,1,1,0,0,0,0,0,0,0,0,0,3,0,0,0,0.2,0.2,0.1,0,0.1,0,0,0,0.2,0,0,0,0.2,0,0,0,0,0.166666666666667,0.333333333333333,NA,0,NA,NA,NA,0,NA,NA,NA,0.5,NA,NA,NA,0.166666666666667,0.166666666666667,0.333333333333333,NA,0,NA,NA,NA,0,NA,NA,NA,0.5,NA,NA,NA,1,1,1,0,0,0,0,0,0,0,0,0,2,0,0,0,5,4,1,0,3,0,0,0,6,0,0,0,1,0,0,0,0,0,0,0,0,0,0,0,0,0,0,0,1,0,0,0,0,1,1,0,0,0,0,0,0,0,0,0,2,0,0,0,0.166666666666667,0.166666666666667,0.333333333333333,NA,0,NA,NA,NA,0,NA,NA,NA,0.333333333333333,NA,NA,NA,0.833333333333333,0.666666666666667,0.333333333333333,NA,1,NA,NA,NA,1,NA,NA,NA,0.166666666666667,NA,NA,NA,0,0,0,NA,0,NA,NA,NA,0,NA,NA,NA,0.166666666666667,NA,NA,NA,0,0.166666666666667,0.333333333333333,NA,0,NA,NA,NA,0,NA,NA,NA,0.333333333333333,NA,NA,NA
"401",3,6,0,0,3,0,0,0,3,0,0,0,6,0,0,0,0,0,0,0,0,0,0,0,0,0,0,0,1,0,0,0,1,3,0,0,0,0,0,0,1,0,0,0,5,0,0,0,0.142857142857143,0.285714285714286,0,0,0.142857142857143,0,0,0,0.142857142857143,0,0,0,0.285714285714286,0,0,0,0,0,NA,NA,0,NA,NA,NA,0,NA,NA,NA,0.166666666666667,NA,NA,NA,0.333333333333333,0.5,NA,NA,0,NA,NA,NA,0.333333333333333,NA,NA,NA,0.833333333333333,NA,NA,NA,1,3,0,0,0,0,0,0,1,0,0,0,4,0,0,0,2,3,0,0,3,0,0,0,2,0,0,0,1,0,0,0,0,0,0,0,0,0,0,0,0,0,0,0,1,0,0,0,0,0,0,0,0,0,0,0,0,0,0,0,0,0,0,0,0.333333333333333,0.5,NA,NA,0,NA,NA,NA,0.333333333333333,NA,NA,NA,0.666666666666667,NA,NA,NA,0.666666666666667,0.5,NA,NA,1,NA,NA,NA,0.666666666666667,NA,NA,NA,0.166666666666667,NA,NA,NA,0,0,NA,NA,0,NA,NA,NA,0,NA,NA,NA,0.166666666666667,NA,NA,NA,0,0,NA,NA,0,NA,NA,NA,0,NA,NA,NA,0,NA,NA,NA
"402",3,3,6,6,3,6,6,6,6,0,0,0,3,0,0,0,0,0,0,1,0,2,2,0,0,0,0,0,1,0,0,0,0,0,1,1,0,2,3,5,1,0,0,0,0,0,0,0,0.0625,0.0625,0.125,0.125,0.0625,0.125,0.125,0.125,0.125,0,0,0,0.0625,0,0,0,0,0,0,0.166666666666667,0,0.333333333333333,0.333333333333333,0,0,NA,NA,NA,0.333333333333333,NA,NA,NA,0,0,0.166666666666667,0.166666666666667,0,0.333333333333333,0.5,0.833333333333333,0.166666666666667,NA,NA,NA,0,NA,NA,NA,0,0,1,1,0,0,1,5,1,0,0,0,0,0,0,0,3,3,5,4,3,4,3,1,5,0,0,0,2,0,0,0,0,0,0,0,0,2,2,0,0,0,0,0,0,0,0,0,0,0,0,1,0,0,0,0,0,0,0,0,1,0,0,0,0,0,0.166666666666667,0.166666666666667,0,0,0.166666666666667,0.833333333333333,0.166666666666667,NA,NA,NA,0,NA,NA,NA,1,1,0.833333333333333,0.666666666666667,1,0.666666666666667,0.5,0.166666666666667,0.833333333333333,NA,NA,NA,0.666666666666667,NA,NA,NA,0,0,0,0,0,0.333333333333333,0.333333333333333,0,0,NA,NA,NA,0,NA,NA,NA,0,0,0,0.166666666666667,0,0,0,0,0,NA,NA,NA,0.333333333333333,NA,NA,NA
"403",3,3,6,6,3,6,6,0,3,0,0,0,6,0,0,0,0,0,0,1,0,1,1,0,0,0,0,0,1,0,0,0,0,1,2,3,0,3,5,0,1,0,0,0,2,0,0,0,0.0714285714285714,0.0714285714285714,0.142857142857143,0.142857142857143,0.0714285714285714,0.142857142857143,0.142857142857143,0,0.0714285714285714,0,0,0,0.142857142857143,0,0,0,0,0,0,0.166666666666667,0,0.166666666666667,0.166666666666667,NA,0,NA,NA,NA,0.166666666666667,NA,NA,NA,0,0.333333333333333,0.333333333333333,0.5,0,0.5,0.833333333333333,NA,0.333333333333333,NA,NA,NA,0.333333333333333,NA,NA,NA,0,1,2,2,0,3,4,0,1,0,0,0,2,0,0,0,3,2,4,3,3,2,1,0,2,0,0,0,3,0,0,0,0,0,0,1,0,0,1,0,0,0,0,0,0,0,0,0,0,0,0,0,0,1,0,0,0,0,0,0,1,0,0,0,0,0.333333333333333,0.333333333333333,0.333333333333333,0,0.5,0.666666666666667,NA,0.333333333333333,NA,NA,NA,0.333333333333333,NA,NA,NA,1,0.666666666666667,0.666666666666667,0.5,1,0.333333333333333,0.166666666666667,NA,0.666666666666667,NA,NA,NA,0.5,NA,NA,NA,0,0,0,0.166666666666667,0,0,0.166666666666667,NA,0,NA,NA,NA,0,NA,NA,NA,0,0,0,0,0,0.166666666666667,0,NA,0,NA,NA,NA,0.166666666666667,NA,NA,NA
"404",6,6,0,0,6,0,0,0,6,0,0,0,0,0,0,0,0,2,0,0,0,0,0,0,2,0,0,0,0,0,0,0,1,1,0,0,1,0,0,0,1,0,0,0,0,0,0,0,0.25,0.25,0,0,0.25,0,0,0,0.25,0,0,0,0,0,0,0,0,0.333333333333333,NA,NA,0,NA,NA,NA,0.333333333333333,NA,NA,NA,NA,NA,NA,NA,0.166666666666667,0.166666666666667,NA,NA,0.166666666666667,NA,NA,NA,0.166666666666667,NA,NA,NA,NA,NA,NA,NA,1,0,0,0,1,0,0,0,0,0,0,0,0,0,0,0,5,4,0,0,5,0,0,0,4,0,0,0,0,0,0,0,0,1,0,0,0,0,0,0,1,0,0,0,0,0,0,0,0,1,0,0,0,0,0,0,1,0,0,0,0,0,0,0,0.166666666666667,0,NA,NA,0.166666666666667,NA,NA,NA,0,NA,NA,NA,NA,NA,NA,NA,0.833333333333333,0.666666666666667,NA,NA,0.833333333333333,NA,NA,NA,0.666666666666667,NA,NA,NA,NA,NA,NA,NA,0,0.166666666666667,NA,NA,0,NA,NA,NA,0.166666666666667,NA,NA,NA,NA,NA,NA,NA,0,0.166666666666667,NA,NA,0,NA,NA,NA,0.166666666666667,NA,NA,NA,NA,NA,NA,NA
"405",3,3,6,0,6,6,0,0,3,0,0,0,6,0,0,0,0,0,0,0,1,2,0,0,0,0,0,0,0,0,0,0,0,0,3,0,1,3,0,0,1,0,0,0,3,0,0,0,0.0909090909090909,0.0909090909090909,0.181818181818182,0,0.181818181818182,0.181818181818182,0,0,0.0909090909090909,0,0,0,0.181818181818182,0,0,0,0,0,0,NA,0.166666666666667,0.333333333333333,NA,NA,0,NA,NA,NA,0,NA,NA,NA,0,0,0.5,NA,0.166666666666667,0.5,NA,NA,0.333333333333333,NA,NA,NA,0.5,NA,NA,NA,0,0,3,0,1,2,0,0,1,0,0,0,3,0,0,0,3,3,3,0,4,2,0,0,2,0,0,0,3,0,0,0,0,0,0,0,0,1,0,0,0,0,0,0,0,0,0,0,0,0,0,0,1,1,0,0,0,0,0,0,0,0,0,0,0,0,0.5,NA,0.166666666666667,0.333333333333333,NA,NA,0.333333333333333,NA,NA,NA,0.5,NA,NA,NA,1,1,0.5,NA,0.666666666666667,0.333333333333333,NA,NA,0.666666666666667,NA,NA,NA,0.5,NA,NA,NA,0,0,0,NA,0,0.166666666666667,NA,NA,0,NA,NA,NA,0,NA,NA,NA,0,0,0,NA,0.166666666666667,0.166666666666667,NA,NA,0,NA,NA,NA,0,NA,NA,NA
"406",3,3,3,6,6,6,6,0,0,0,0,0,0,0,0,0,0,0,0,1,2,2,3,0,0,0,0,0,0,0,0,0,1,0,0,5,1,2,5,0,0,0,0,0,0,0,0,0,0.0909090909090909,0.0909090909090909,0.0909090909090909,0.181818181818182,0.181818181818182,0.181818181818182,0.181818181818182,0,0,0,0,0,0,0,0,0,0,0,0,0.166666666666667,0.333333333333333,0.333333333333333,0.5,NA,NA,NA,NA,NA,NA,NA,NA,NA,0.333333333333333,0,0,0.833333333333333,0.166666666666667,0.333333333333333,0.833333333333333,NA,NA,NA,NA,NA,NA,NA,NA,NA,1,0,0,5,1,2,2,0,0,0,0,0,0,0,0,0,2,3,3,0,3,2,1,0,0,0,0,0,0,0,0,0,0,0,0,0,0,0,3,0,0,0,0,0,0,0,0,0,0,0,0,1,2,2,0,0,0,0,0,0,0,0,0,0,0.333333333333333,0,0,0.833333333333333,0.166666666666667,0.333333333333333,0.333333333333333,NA,NA,NA,NA,NA,NA,NA,NA,NA,0.666666666666667,1,1,0,0.5,0.333333333333333,0.166666666666667,NA,NA,NA,NA,NA,NA,NA,NA,NA,0,0,0,0,0,0,0.5,NA,NA,NA,NA,NA,NA,NA,NA,NA,0,0,0,0.166666666666667,0.333333333333333,0.333333333333333,0,NA,NA,NA,NA,NA,NA,NA,NA,NA
"407",3,6,0,0,6,0,0,0,6,0,0,0,6,0,0,0,0,0,0,0,0,0,0,0,1,0,0,0,0,0,0,0,1,3,0,0,2,0,0,0,0,0,0,0,4,0,0,0,0.111111111111111,0.222222222222222,0,0,0.222222222222222,0,0,0,0.222222222222222,0,0,0,0.222222222222222,0,0,0,0,0,NA,NA,0,NA,NA,NA,0.166666666666667,NA,NA,NA,0,NA,NA,NA,0.333333333333333,0.5,NA,NA,0.333333333333333,NA,NA,NA,0,NA,NA,NA,0.666666666666667,NA,NA,NA,1,3,0,0,2,0,0,0,0,0,0,0,4,0,0,0,2,3,0,0,4,0,0,0,5,0,0,0,2,0,0,0,0,0,0,0,0,0,0,0,0,0,0,0,0,0,0,0,0,0,0,0,0,0,0,0,1,0,0,0,0,0,0,0,0.333333333333333,0.5,NA,NA,0.333333333333333,NA,NA,NA,0,NA,NA,NA,0.666666666666667,NA,NA,NA,0.666666666666667,0.5,NA,NA,0.666666666666667,NA,NA,NA,0.833333333333333,NA,NA,NA,0.333333333333333,NA,NA,NA,0,0,NA,NA,0,NA,NA,NA,0,NA,NA,NA,0,NA,NA,NA,0,0,NA,NA,0,NA,NA,NA,0.166666666666667,NA,NA,NA,0,NA,NA,NA
"408",3,3,3,6,6,6,6,3,3,3,0,0,6,0,0,0,0,0,0,1,1,1,1,1,0,1,0,0,0,0,0,0,1,0,0,3,1,2,4,2,0,3,0,0,2,0,0,0,0.0625,0.0625,0.0625,0.125,0.125,0.125,0.125,0.0625,0.0625,0.0625,0,0,0.125,0,0,0,0,0,0,0.166666666666667,0.166666666666667,0.166666666666667,0.166666666666667,0.333333333333333,0,0.333333333333333,NA,NA,0,NA,NA,NA,0.333333333333333,0,0,0.5,0.166666666666667,0.333333333333333,0.666666666666667,0.666666666666667,0,1,NA,NA,0.333333333333333,NA,NA,NA,1,0,0,3,0,2,3,2,0,2,0,0,2,0,0,0,2,3,3,2,5,3,2,0,3,0,0,0,4,0,0,0,0,0,0,0,1,0,1,0,0,1,0,0,0,0,0,0,0,0,0,1,0,1,0,1,0,0,0,0,0,0,0,0,0.333333333333333,0,0,0.5,0,0.333333333333333,0.5,0.666666666666667,0,0.666666666666667,NA,NA,0.333333333333333,NA,NA,NA,0.666666666666667,1,1,0.333333333333333,0.833333333333333,0.5,0.333333333333333,0,1,0,NA,NA,0.666666666666667,NA,NA,NA,0,0,0,0,0.166666666666667,0,0.166666666666667,0,0,0.333333333333333,NA,NA,0,NA,NA,NA,0,0,0,0.166666666666667,0,0.166666666666667,0,0.333333333333333,0,0,NA,NA,0,NA,NA,NA
"409",3,3,6,6,3,6,6,3,3,0,3,0,6,0,0,0,0,0,0,0,0,2,1,3,0,0,1,0,0,0,0,0,0,0,2,2,0,0,2,3,0,0,3,0,3,0,0,0,0.0625,0.0625,0.125,0.125,0.0625,0.125,0.125,0.0625,0.0625,0,0.0625,0,0.125,0,0,0,0,0,0,0,0,0.333333333333333,0.166666666666667,1,0,NA,0.333333333333333,NA,0,NA,NA,NA,0,0,0.333333333333333,0.333333333333333,0,0,0.333333333333333,1,0,NA,1,NA,0.5,NA,NA,NA,0,0,2,2,0,0,1,0,0,0,2,0,3,0,0,0,3,3,4,4,3,4,4,0,3,0,0,0,3,0,0,0,0,0,0,0,0,0,1,3,0,0,1,0,0,0,0,0,0,0,0,0,0,2,0,0,0,0,0,0,0,0,0,0,0,0,0.333333333333333,0.333333333333333,0,0,0.166666666666667,0,0,NA,0.666666666666667,NA,0.5,NA,NA,NA,1,1,0.666666666666667,0.666666666666667,1,0.666666666666667,0.666666666666667,0,1,NA,0,NA,0.5,NA,NA,NA,0,0,0,0,0,0,0.166666666666667,1,0,NA,0.333333333333333,NA,0,NA,NA,NA,0,0,0,0,0,0.333333333333333,0,0,0,NA,0,NA,0,NA,NA,NA
"410",3,3,3,6,3,6,6,6,3,3,0,0,6,0,0,0,0,0,0,0,0,0,0,3,0,1,0,0,0,0,0,0,0,1,1,2,1,2,4,4,0,2,0,0,3,0,0,0,0.0625,0.0625,0.0625,0.125,0.0625,0.125,0.125,0.125,0.0625,0.0625,0,0,0.125,0,0,0,0,0,0,0,0,0,0,0.5,0,0.333333333333333,NA,NA,0,NA,NA,NA,0,0.333333333333333,0.333333333333333,0.333333333333333,0.333333333333333,0.333333333333333,0.666666666666667,0.666666666666667,0,0.666666666666667,NA,NA,0.5,NA,NA,NA,0,1,1,2,1,2,4,1,0,2,0,0,3,0,0,0,3,2,2,4,2,4,2,2,3,0,0,0,3,0,0,0,0,0,0,0,0,0,0,3,0,0,0,0,0,0,0,0,0,0,0,0,0,0,0,0,0,1,0,0,0,0,0,0,0,0.333333333333333,0.333333333333333,0.333333333333333,0.333333333333333,0.333333333333333,0.666666666666667,0.166666666666667,0,0.666666666666667,NA,NA,0.5,NA,NA,NA,1,0.666666666666667,0.666666666666667,0.666666666666667,0.666666666666667,0.666666666666667,0.333333333333333,0.333333333333333,1,0,NA,NA,0.5,NA,NA,NA,0,0,0,0,0,0,0,0.5,0,0,NA,NA,0,NA,NA,NA,0,0,0,0,0,0,0,0,0,0.333333333333333,NA,NA,0,NA,NA,NA
"411",3,3,3,6,6,6,6,0,0,0,6,0,0,0,0,0,0,0,0,0,2,0,0,0,0,0,3,0,0,0,0,0,1,1,1,4,0,4,2,0,0,0,4,0,0,0,0,0,0.0769230769230769,0.0769230769230769,0.0769230769230769,0.153846153846154,0.153846153846154,0.153846153846154,0.153846153846154,0,0,0,0.153846153846154,0,0,0,0,0,0,0,0,0,0.333333333333333,0,0,NA,NA,NA,0.5,NA,NA,NA,NA,NA,0.333333333333333,0.333333333333333,0.333333333333333,0.666666666666667,0,0.666666666666667,0.333333333333333,NA,NA,NA,0.666666666666667,NA,NA,NA,NA,NA,1,1,1,4,0,4,2,0,0,0,2,0,0,0,0,0,2,2,2,2,4,2,4,0,0,0,1,0,0,0,0,0,0,0,0,0,0,0,0,0,0,0,2,0,0,0,0,0,0,0,0,0,2,0,0,0,0,0,1,0,0,0,0,0,0.333333333333333,0.333333333333333,0.333333333333333,0.666666666666667,0,0.666666666666667,0.333333333333333,NA,NA,NA,0.333333333333333,NA,NA,NA,NA,NA,0.666666666666667,0.666666666666667,0.666666666666667,0.333333333333333,0.666666666666667,0.333333333333333,0.666666666666667,NA,NA,NA,0.166666666666667,NA,NA,NA,NA,NA,0,0,0,0,0,0,0,NA,NA,NA,0.333333333333333,NA,NA,NA,NA,NA,0,0,0,0,0.333333333333333,0,0,NA,NA,NA,0.166666666666667,NA,NA,NA,NA,NA
"412",3,3,3,3,3,6,6,6,6,0,0,0,6,0,0,0,0,0,0,0,0,2,2,1,0,0,0,0,1,0,0,0,0,0,0,0,0,3,3,5,1,0,0,0,3,0,0,0,0.0666666666666667,0.0666666666666667,0.0666666666666667,0.0666666666666667,0.0666666666666667,0.133333333333333,0.133333333333333,0.133333333333333,0.133333333333333,0,0,0,0.133333333333333,0,0,0,0,0,0,0,0,0.333333333333333,0.333333333333333,0.166666666666667,0,NA,NA,NA,0.166666666666667,NA,NA,NA,0,0,0,0,0,0.5,0.5,0.833333333333333,0.166666666666667,NA,NA,NA,0.5,NA,NA,NA,0,0,0,0,0,2,2,4,1,0,0,0,2,0,0,0,3,3,3,3,3,2,2,1,5,0,0,0,3,0,0,0,0,0,0,0,0,1,1,1,0,0,0,0,1,0,0,0,0,0,0,0,0,1,1,0,0,0,0,0,0,0,0,0,0,0,0,0,0,0.333333333333333,0.333333333333333,0.666666666666667,0.166666666666667,NA,NA,NA,0.333333333333333,NA,NA,NA,1,1,1,1,1,0.333333333333333,0.333333333333333,0.166666666666667,0.833333333333333,NA,NA,NA,0.5,NA,NA,NA,0,0,0,0,0,0.166666666666667,0.166666666666667,0.166666666666667,0,NA,NA,NA,0.166666666666667,NA,NA,NA,0,0,0,0,0,0.166666666666667,0.166666666666667,0,0,NA,NA,NA,0,NA,NA,NA
"413",3,3,3,3,0,6,6,6,3,6,0,0,6,3,0,0,0,0,0,0,0,0,0,1,0,0,0,0,0,1,0,0,1,0,1,1,0,2,5,4,1,4,0,0,2,2,0,0,0.0625,0.0625,0.0625,0.0625,0,0.125,0.125,0.125,0.0625,0.125,0,0,0.125,0.0625,0,0,0,0,0,0,NA,0,0,0.166666666666667,0,0,NA,NA,0,0.333333333333333,NA,NA,0.333333333333333,0,0.333333333333333,0.333333333333333,NA,0.333333333333333,0.833333333333333,0.666666666666667,0.333333333333333,0.666666666666667,NA,NA,0.333333333333333,0.666666666666667,NA,NA,1,0,1,1,0,2,5,4,1,4,0,0,2,2,0,0,2,3,2,2,0,4,1,1,2,2,0,0,4,0,0,0,0,0,0,0,0,0,0,0,0,0,0,0,0,0,0,0,0,0,0,0,0,0,0,1,0,0,0,0,0,1,0,0,0.333333333333333,0,0.333333333333333,0.333333333333333,NA,0.333333333333333,0.833333333333333,0.666666666666667,0.333333333333333,0.666666666666667,NA,NA,0.333333333333333,0.666666666666667,NA,NA,0.666666666666667,1,0.666666666666667,0.666666666666667,NA,0.666666666666667,0.166666666666667,0.166666666666667,0.666666666666667,0.333333333333333,NA,NA,0.666666666666667,0,NA,NA,0,0,0,0,NA,0,0,0,0,0,NA,NA,0,0,NA,NA,0,0,0,0,NA,0,0,0.166666666666667,0,0,NA,NA,0,0.333333333333333,NA,NA
"414",3,6,3,6,0,0,6,6,3,6,6,0,0,0,3,0,0,0,0,0,0,0,0,2,0,0,2,0,0,0,2,0,1,2,1,1,0,0,2,4,0,6,2,0,0,0,3,0,0.0625,0.125,0.0625,0.125,0,0,0.125,0.125,0.0625,0.125,0.125,0,0,0,0.0625,0,0,0,0,0,NA,NA,0,0.333333333333333,0,0,0.333333333333333,NA,NA,NA,0.666666666666667,NA,0.333333333333333,0.333333333333333,0.333333333333333,0.166666666666667,NA,NA,0.333333333333333,0.666666666666667,0,1,0.333333333333333,NA,NA,NA,1,NA,1,2,1,1,0,0,2,3,0,6,1,0,0,0,1,0,2,4,2,5,0,0,4,1,3,0,3,0,0,0,0,0,0,0,0,0,0,0,0,1,0,0,1,0,0,0,2,0,0,0,0,0,0,0,0,1,0,0,1,0,0,0,0,0,0.333333333333333,0.333333333333333,0.333333333333333,0.166666666666667,NA,NA,0.333333333333333,0.5,0,1,0.166666666666667,NA,NA,NA,0.333333333333333,NA,0.666666666666667,0.666666666666667,0.666666666666667,0.833333333333333,NA,NA,0.666666666666667,0.166666666666667,1,0,0.5,NA,NA,NA,0,NA,0,0,0,0,NA,NA,0,0.166666666666667,0,0,0.166666666666667,NA,NA,NA,0.666666666666667,NA,0,0,0,0,NA,NA,0,0.166666666666667,0,0,0.166666666666667,NA,NA,NA,0,NA
"415",3,3,6,0,0,3,0,0,6,6,0,0,6,0,0,0,0,0,0,0,0,0,0,0,0,1,0,0,2,0,0,0,0,1,3,0,0,1,0,0,1,4,0,0,1,0,0,0,0.0909090909090909,0.0909090909090909,0.181818181818182,0,0,0.0909090909090909,0,0,0.181818181818182,0.181818181818182,0,0,0.181818181818182,0,0,0,0,0,0,NA,NA,0,NA,NA,0,0.166666666666667,NA,NA,0.333333333333333,NA,NA,NA,0,0.333333333333333,0.5,NA,NA,0.333333333333333,NA,NA,0.166666666666667,0.666666666666667,NA,NA,0.166666666666667,NA,NA,NA,0,1,3,0,0,1,0,0,1,3,0,0,1,0,0,0,3,2,3,0,0,2,0,0,5,2,0,0,3,0,0,0,0,0,0,0,0,0,0,0,0,1,0,0,0,0,0,0,0,0,0,0,0,0,0,0,0,0,0,0,2,0,0,0,0,0.333333333333333,0.5,NA,NA,0.333333333333333,NA,NA,0.166666666666667,0.5,NA,NA,0.166666666666667,NA,NA,NA,1,0.666666666666667,0.5,NA,NA,0.666666666666667,NA,NA,0.833333333333333,0.333333333333333,NA,NA,0.5,NA,NA,NA,0,0,0,NA,NA,0,NA,NA,0,0.166666666666667,NA,NA,0,NA,NA,NA,0,0,0,NA,NA,0,NA,NA,0,0,NA,NA,0.333333333333333,NA,NA,NA
"416",3,6,6,6,0,6,6,0,3,6,0,0,3,3,0,0,0,0,1,1,0,0,2,0,0,1,0,0,0,1,0,0,0,0,1,5,0,1,3,0,0,2,0,0,2,2,0,0,0.0625,0.125,0.125,0.125,0,0.125,0.125,0,0.0625,0.125,0,0,0.0625,0.0625,0,0,0,0,0.166666666666667,0.166666666666667,NA,0,0.333333333333333,NA,0,0.166666666666667,NA,NA,0,0.333333333333333,NA,NA,0,0,0.166666666666667,0.833333333333333,NA,0.166666666666667,0.5,NA,0,0.333333333333333,NA,NA,0.666666666666667,0.666666666666667,NA,NA,0,0,0,4,0,1,3,0,0,2,0,0,2,1,0,0,3,6,5,1,0,5,1,0,3,3,0,0,1,1,0,0,0,0,1,1,0,0,0,0,0,0,0,0,0,1,0,0,0,0,0,0,0,0,2,0,0,1,0,0,0,0,0,0,0,0,0,0.666666666666667,NA,0.166666666666667,0.5,NA,0,0.333333333333333,NA,NA,0.666666666666667,0.333333333333333,NA,NA,1,1,0.833333333333333,0.166666666666667,NA,0.833333333333333,0.166666666666667,NA,1,0.5,NA,NA,0.333333333333333,0.333333333333333,NA,NA,0,0,0.166666666666667,0.166666666666667,NA,0,0,NA,0,0,NA,NA,0,0.333333333333333,NA,NA,0,0,0,0,NA,0,0.333333333333333,NA,0,0.166666666666667,NA,NA,0,0,NA,NA
"417",3,6,0,0,3,0,0,0,6,0,0,0,3,0,0,0,0,0,0,0,0,0,0,0,1,0,0,0,1,0,0,0,0,3,0,0,0,0,0,0,3,0,0,0,2,0,0,0,0.142857142857143,0.285714285714286,0,0,0.142857142857143,0,0,0,0.285714285714286,0,0,0,0.142857142857143,0,0,0,0,0,NA,NA,0,NA,NA,NA,0.166666666666667,NA,NA,NA,0.333333333333333,NA,NA,NA,0,0.5,NA,NA,0,NA,NA,NA,0.5,NA,NA,NA,0.666666666666667,NA,NA,NA,0,3,0,0,0,0,0,0,3,0,0,0,1,0,0,0,3,3,0,0,3,0,0,0,2,0,0,0,1,0,0,0,0,0,0,0,0,0,0,0,0,0,0,0,1,0,0,0,0,0,0,0,0,0,0,0,1,0,0,0,0,0,0,0,0,0.5,NA,NA,0,NA,NA,NA,0.5,NA,NA,NA,0.333333333333333,NA,NA,NA,1,0.5,NA,NA,1,NA,NA,NA,0.333333333333333,NA,NA,NA,0.333333333333333,NA,NA,NA,0,0,NA,NA,0,NA,NA,NA,0,NA,NA,NA,0.333333333333333,NA,NA,NA,0,0,NA,NA,0,NA,NA,NA,0.166666666666667,NA,NA,NA,0,NA,NA,NA
"418",3,6,6,0,3,0,0,0,6,0,0,0,3,0,0,0,0,0,2,0,0,0,0,0,1,0,0,0,1,0,0,0,0,0,1,0,1,0,0,0,2,0,0,0,0,0,0,0,0.111111111111111,0.222222222222222,0.222222222222222,0,0.111111111111111,0,0,0,0.222222222222222,0,0,0,0.111111111111111,0,0,0,0,0,0.333333333333333,NA,0,NA,NA,NA,0.166666666666667,NA,NA,NA,0.333333333333333,NA,NA,NA,0,0,0.166666666666667,NA,0.333333333333333,NA,NA,NA,0.333333333333333,NA,NA,NA,0,NA,NA,NA,0,0,1,0,1,0,0,0,2,0,0,0,0,0,0,0,3,6,3,0,2,0,0,0,3,0,0,0,2,0,0,0,0,0,0,0,0,0,0,0,0,0,0,0,0,0,0,0,0,0,2,0,0,0,0,0,1,0,0,0,1,0,0,0,0,0,0.166666666666667,NA,0.333333333333333,NA,NA,NA,0.333333333333333,NA,NA,NA,0,NA,NA,NA,1,1,0.5,NA,0.666666666666667,NA,NA,NA,0.5,NA,NA,NA,0.666666666666667,NA,NA,NA,0,0,0,NA,0,NA,NA,NA,0,NA,NA,NA,0,NA,NA,NA,0,0,0.333333333333333,NA,0,NA,NA,NA,0.166666666666667,NA,NA,NA,0.333333333333333,NA,NA,NA
"419",3,3,3,6,3,6,6,6,3,0,6,0,3,0,0,0,0,0,0,1,0,3,0,2,0,0,3,0,2,0,0,0,1,0,1,2,1,2,2,6,1,0,3,0,0,0,0,0,0.0625,0.0625,0.0625,0.125,0.0625,0.125,0.125,0.125,0.0625,0,0.125,0,0.0625,0,0,0,0,0,0,0.166666666666667,0,0.5,0,0.333333333333333,0,NA,0.5,NA,0.666666666666667,NA,NA,NA,0.333333333333333,0,0.333333333333333,0.333333333333333,0.333333333333333,0.333333333333333,0.333333333333333,1,0.333333333333333,NA,0.5,NA,0,NA,NA,NA,1,0,1,2,1,1,2,4,1,0,1,0,0,0,0,0,2,3,2,3,2,2,4,0,2,0,2,0,1,0,0,0,0,0,0,0,0,1,0,2,0,0,2,0,0,0,0,0,0,0,0,1,0,2,0,0,0,0,1,0,2,0,0,0,0.333333333333333,0,0.333333333333333,0.333333333333333,0.333333333333333,0.166666666666667,0.333333333333333,0.666666666666667,0.333333333333333,NA,0.166666666666667,NA,0,NA,NA,NA,0.666666666666667,1,0.666666666666667,0.5,0.666666666666667,0.333333333333333,0.666666666666667,0,0.666666666666667,NA,0.333333333333333,NA,0.333333333333333,NA,NA,NA,0,0,0,0,0,0.166666666666667,0,0.333333333333333,0,NA,0.333333333333333,NA,0,NA,NA,NA,0,0,0,0.166666666666667,0,0.333333333333333,0,0,0,NA,0.166666666666667,NA,0.666666666666667,NA,NA,NA
"420",3,3,3,6,0,6,6,6,3,6,6,0,0,0,0,0,0,0,0,0,0,0,0,1,1,1,4,0,0,0,0,0,1,1,0,1,0,2,2,5,0,4,5,0,0,0,0,0,0.0625,0.0625,0.0625,0.125,0,0.125,0.125,0.125,0.0625,0.125,0.125,0,0,0,0,0,0,0,0,0,NA,0,0,0.166666666666667,0.333333333333333,0.166666666666667,0.666666666666667,NA,NA,NA,NA,NA,0.333333333333333,0.333333333333333,0,0.166666666666667,NA,0.333333333333333,0.333333333333333,0.833333333333333,0,0.666666666666667,0.833333333333333,NA,NA,NA,NA,NA,1,1,0,1,0,2,2,5,0,4,2,0,0,0,0,0,2,2,3,5,0,4,4,0,2,1,0,0,0,0,0,0,0,0,0,0,0,0,0,0,0,0,3,0,0,0,0,0,0,0,0,0,0,0,0,1,1,1,1,0,0,0,0,0,0.333333333333333,0.333333333333333,0,0.166666666666667,NA,0.333333333333333,0.333333333333333,0.833333333333333,0,0.666666666666667,0.333333333333333,NA,NA,NA,NA,NA,0.666666666666667,0.666666666666667,1,0.833333333333333,NA,0.666666666666667,0.666666666666667,0,0.666666666666667,0.166666666666667,0,NA,NA,NA,NA,NA,0,0,0,0,NA,0,0,0,0,0,0.5,NA,NA,NA,NA,NA,0,0,0,0,NA,0,0,0.166666666666667,0.333333333333333,0.166666666666667,0.166666666666667,NA,NA,NA,NA,NA
"421",3,3,6,6,0,6,6,3,3,6,0,0,6,0,0,0,0,0,0,1,0,0,2,2,0,1,0,0,0,0,0,0,0,1,0,1,0,1,1,2,0,4,0,0,2,0,0,0,0.0625,0.0625,0.125,0.125,0,0.125,0.125,0.0625,0.0625,0.125,0,0,0.125,0,0,0,0,0,0,0.166666666666667,NA,0,0.333333333333333,0.666666666666667,0,0.166666666666667,NA,NA,0,NA,NA,NA,0,0.333333333333333,0,0.166666666666667,NA,0.166666666666667,0.166666666666667,0.666666666666667,0,0.666666666666667,NA,NA,0.333333333333333,NA,NA,NA,0,1,0,1,0,1,1,1,0,3,0,0,2,0,0,0,3,2,6,4,0,5,3,0,3,2,0,0,4,0,0,0,0,0,0,0,0,0,0,1,0,1,0,0,0,0,0,0,0,0,0,1,0,0,2,1,0,0,0,0,0,0,0,0,0,0.333333333333333,0,0.166666666666667,NA,0.166666666666667,0.166666666666667,0.333333333333333,0,0.5,NA,NA,0.333333333333333,NA,NA,NA,1,0.666666666666667,1,0.666666666666667,NA,0.833333333333333,0.5,0,1,0.333333333333333,NA,NA,0.666666666666667,NA,NA,NA,0,0,0,0,NA,0,0,0.333333333333333,0,0.166666666666667,NA,NA,0,NA,NA,NA,0,0,0,0.166666666666667,NA,0,0.333333333333333,0.333333333333333,0,0,NA,NA,0,NA,NA,NA
"422",3,3,3,6,0,3,6,0,3,6,0,0,6,0,0,0,0,0,0,0,0,0,0,0,0,0,0,0,0,0,0,0,1,1,0,4,0,1,5,0,0,3,0,0,2,0,0,0,0.0769230769230769,0.0769230769230769,0.0769230769230769,0.153846153846154,0,0.0769230769230769,0.153846153846154,0,0.0769230769230769,0.153846153846154,0,0,0.153846153846154,0,0,0,0,0,0,0,NA,0,0,NA,0,0,NA,NA,0,NA,NA,NA,0.333333333333333,0.333333333333333,0,0.666666666666667,NA,0.333333333333333,0.833333333333333,NA,0,0.5,NA,NA,0.333333333333333,NA,NA,NA,1,1,0,4,0,1,5,0,0,3,0,0,2,0,0,0,2,2,3,2,0,2,1,0,3,3,0,0,4,0,0,0,0,0,0,0,0,0,0,0,0,0,0,0,0,0,0,0,0,0,0,0,0,0,0,0,0,0,0,0,0,0,0,0,0.333333333333333,0.333333333333333,0,0.666666666666667,NA,0.333333333333333,0.833333333333333,NA,0,0.5,NA,NA,0.333333333333333,NA,NA,NA,0.666666666666667,0.666666666666667,1,0.333333333333333,NA,0.666666666666667,0.166666666666667,NA,1,0.5,NA,NA,0.666666666666667,NA,NA,NA,0,0,0,0,NA,0,0,NA,0,0,NA,NA,0,NA,NA,NA,0,0,0,0,NA,0,0,NA,0,0,NA,NA,0,NA,NA,NA
"423",3,6,3,6,3,6,6,0,6,6,0,0,3,0,0,0,0,0,0,0,0,1,1,0,0,2,0,0,1,0,0,0,0,2,1,5,1,1,3,0,0,2,0,0,1,0,0,0,0.0625,0.125,0.0625,0.125,0.0625,0.125,0.125,0,0.125,0.125,0,0,0.0625,0,0,0,0,0,0,0,0,0.166666666666667,0.166666666666667,NA,0,0.333333333333333,NA,NA,0.333333333333333,NA,NA,NA,0,0.333333333333333,0.333333333333333,0.833333333333333,0.333333333333333,0.166666666666667,0.5,NA,0,0.333333333333333,NA,NA,0.333333333333333,NA,NA,NA,0,2,1,5,1,0,2,0,0,1,0,0,1,0,0,0,3,4,2,1,2,5,3,0,6,3,0,0,1,0,0,0,0,0,0,0,0,1,1,0,0,1,0,0,0,0,0,0,0,0,0,0,0,0,0,0,0,1,0,0,1,0,0,0,0,0.333333333333333,0.333333333333333,0.833333333333333,0.333333333333333,0,0.333333333333333,NA,0,0.166666666666667,NA,NA,0.333333333333333,NA,NA,NA,1,0.666666666666667,0.666666666666667,0.166666666666667,0.666666666666667,0.833333333333333,0.5,NA,1,0.5,NA,NA,0.333333333333333,NA,NA,NA,0,0,0,0,0,0.166666666666667,0.166666666666667,NA,0,0.166666666666667,NA,NA,0,NA,NA,NA,0,0,0,0,0,0,0,NA,0,0.166666666666667,NA,NA,0.333333333333333,NA,NA,NA
"424",6,3,6,0,0,3,0,0,3,6,0,0,6,0,0,0,0,0,0,0,0,0,0,0,0,0,0,0,1,0,0,0,2,0,3,0,0,0,0,0,1,4,0,0,3,0,0,0,0.181818181818182,0.0909090909090909,0.181818181818182,0,0,0.0909090909090909,0,0,0.0909090909090909,0.181818181818182,0,0,0.181818181818182,0,0,0,0,0,0,NA,NA,0,NA,NA,0,0,NA,NA,0.166666666666667,NA,NA,NA,0.333333333333333,0,0.5,NA,NA,0,NA,NA,0.333333333333333,0.666666666666667,NA,NA,0.5,NA,NA,NA,2,0,3,0,0,0,0,0,1,4,0,0,3,0,0,0,4,3,3,0,0,3,0,0,2,2,0,0,2,0,0,0,0,0,0,0,0,0,0,0,0,0,0,0,0,0,0,0,0,0,0,0,0,0,0,0,0,0,0,0,1,0,0,0,0.333333333333333,0,0.5,NA,NA,0,NA,NA,0.333333333333333,0.666666666666667,NA,NA,0.5,NA,NA,NA,0.666666666666667,1,0.5,NA,NA,1,NA,NA,0.666666666666667,0.333333333333333,NA,NA,0.333333333333333,NA,NA,NA,0,0,0,NA,NA,0,NA,NA,0,0,NA,NA,0,NA,NA,NA,0,0,0,NA,NA,0,NA,NA,0,0,NA,NA,0.166666666666667,NA,NA,NA
"425",6,6,0,0,6,0,0,0,6,0,0,0,3,0,0,0,0,2,0,0,0,0,0,0,1,0,0,0,1,0,0,0,0,1,0,0,1,0,0,0,2,0,0,0,1,0,0,0,0.222222222222222,0.222222222222222,0,0,0.222222222222222,0,0,0,0.222222222222222,0,0,0,0.111111111111111,0,0,0,0,0.333333333333333,NA,NA,0,NA,NA,NA,0.166666666666667,NA,NA,NA,0.333333333333333,NA,NA,NA,0,0.166666666666667,NA,NA,0.166666666666667,NA,NA,NA,0.333333333333333,NA,NA,NA,0.333333333333333,NA,NA,NA,0,1,0,0,1,0,0,0,2,0,0,0,1,0,0,0,6,3,0,0,5,0,0,0,3,0,0,0,1,0,0,0,0,0,0,0,0,0,0,0,0,0,0,0,0,0,0,0,0,2,0,0,0,0,0,0,1,0,0,0,1,0,0,0,0,0.166666666666667,NA,NA,0.166666666666667,NA,NA,NA,0.333333333333333,NA,NA,NA,0.333333333333333,NA,NA,NA,1,0.5,NA,NA,0.833333333333333,NA,NA,NA,0.5,NA,NA,NA,0.333333333333333,NA,NA,NA,0,0,NA,NA,0,NA,NA,NA,0,NA,NA,NA,0,NA,NA,NA,0,0.333333333333333,NA,NA,0,NA,NA,NA,0.166666666666667,NA,NA,NA,0.333333333333333,NA,NA,NA
"426",3,3,3,6,0,6,6,0,6,6,3,0,6,0,0,0,0,0,0,0,0,1,0,0,2,0,1,0,2,0,0,0,1,0,0,3,0,1,4,0,1,5,1,0,2,0,0,0,0.0625,0.0625,0.0625,0.125,0,0.125,0.125,0,0.125,0.125,0.0625,0,0.125,0,0,0,0,0,0,0,NA,0.166666666666667,0,NA,0.333333333333333,0,0.333333333333333,NA,0.333333333333333,NA,NA,NA,0.333333333333333,0,0,0.5,NA,0.166666666666667,0.666666666666667,NA,0.166666666666667,0.833333333333333,0.333333333333333,NA,0.333333333333333,NA,NA,NA,1,0,0,3,0,1,4,0,1,5,0,0,2,0,0,0,2,3,3,3,0,4,2,0,3,1,2,0,2,0,0,0,0,0,0,0,0,0,0,0,0,0,1,0,0,0,0,0,0,0,0,0,0,1,0,0,2,0,0,0,2,0,0,0,0.333333333333333,0,0,0.5,NA,0.166666666666667,0.666666666666667,NA,0.166666666666667,0.833333333333333,0,NA,0.333333333333333,NA,NA,NA,0.666666666666667,1,1,0.5,NA,0.666666666666667,0.333333333333333,NA,0.5,0.166666666666667,0.666666666666667,NA,0.333333333333333,NA,NA,NA,0,0,0,0,NA,0,0,NA,0,0,0.333333333333333,NA,0,NA,NA,NA,0,0,0,0,NA,0.166666666666667,0,NA,0.333333333333333,0,0,NA,0.333333333333333,NA,NA,NA
"427",3,3,3,6,3,6,6,0,3,6,0,0,6,0,0,0,0,0,0,1,0,1,3,0,0,2,0,0,0,0,0,0,0,1,1,5,1,0,5,0,0,6,0,0,3,0,0,0,0.0666666666666667,0.0666666666666667,0.0666666666666667,0.133333333333333,0.0666666666666667,0.133333333333333,0.133333333333333,0,0.0666666666666667,0.133333333333333,0,0,0.133333333333333,0,0,0,0,0,0,0.166666666666667,0,0.166666666666667,0.5,NA,0,0.333333333333333,NA,NA,0,NA,NA,NA,0,0.333333333333333,0.333333333333333,0.833333333333333,0.333333333333333,0,0.833333333333333,NA,0,1,NA,NA,0.5,NA,NA,NA,0,1,1,4,1,0,2,0,0,4,0,0,3,0,0,0,3,2,2,1,2,5,1,0,3,0,0,0,3,0,0,0,0,0,0,1,0,0,3,0,0,2,0,0,0,0,0,0,0,0,0,0,0,1,0,0,0,0,0,0,0,0,0,0,0,0.333333333333333,0.333333333333333,0.666666666666667,0.333333333333333,0,0.333333333333333,NA,0,0.666666666666667,NA,NA,0.5,NA,NA,NA,1,0.666666666666667,0.666666666666667,0.166666666666667,0.666666666666667,0.833333333333333,0.166666666666667,NA,1,0,NA,NA,0.5,NA,NA,NA,0,0,0,0.166666666666667,0,0,0.5,NA,0,0.333333333333333,NA,NA,0,NA,NA,NA,0,0,0,0,0,0.166666666666667,0,NA,0,0,NA,NA,0,NA,NA,NA
"428",3,3,6,0,0,6,0,0,3,6,0,0,6,0,0,0,0,0,0,0,0,1,0,0,0,0,0,0,0,0,0,0,0,1,3,0,0,2,0,0,0,5,0,0,3,0,0,0,0.0909090909090909,0.0909090909090909,0.181818181818182,0,0,0.181818181818182,0,0,0.0909090909090909,0.181818181818182,0,0,0.181818181818182,0,0,0,0,0,0,NA,NA,0.166666666666667,NA,NA,0,0,NA,NA,0,NA,NA,NA,0,0.333333333333333,0.5,NA,NA,0.333333333333333,NA,NA,0,0.833333333333333,NA,NA,0.5,NA,NA,NA,0,1,3,0,0,2,0,0,0,5,0,0,3,0,0,0,3,2,3,0,0,3,0,0,3,1,0,0,3,0,0,0,0,0,0,0,0,0,0,0,0,0,0,0,0,0,0,0,0,0,0,0,0,1,0,0,0,0,0,0,0,0,0,0,0,0.333333333333333,0.5,NA,NA,0.333333333333333,NA,NA,0,0.833333333333333,NA,NA,0.5,NA,NA,NA,1,0.666666666666667,0.5,NA,NA,0.5,NA,NA,1,0.166666666666667,NA,NA,0.5,NA,NA,NA,0,0,0,NA,NA,0,NA,NA,0,0,NA,NA,0,NA,NA,NA,0,0,0,NA,NA,0.166666666666667,NA,NA,0,0,NA,NA,0,NA,NA,NA
"429",3,6,6,0,6,0,0,0,0,0,0,0,0,0,0,0,0,0,2,0,0,0,0,0,0,0,0,0,0,0,0,0,1,1,0,0,4,0,0,0,0,0,0,0,0,0,0,0,0.142857142857143,0.285714285714286,0.285714285714286,0,0.285714285714286,0,0,0,0,0,0,0,0,0,0,0,0,0,0.333333333333333,NA,0,NA,NA,NA,NA,NA,NA,NA,NA,NA,NA,NA,0.333333333333333,0.166666666666667,0,NA,0.666666666666667,NA,NA,NA,NA,NA,NA,NA,NA,NA,NA,NA,1,1,0,0,4,0,0,0,0,0,0,0,0,0,0,0,2,5,4,0,2,0,0,0,0,0,0,0,0,0,0,0,0,0,0,0,0,0,0,0,0,0,0,0,0,0,0,0,0,0,2,0,0,0,0,0,0,0,0,0,0,0,0,0,0.333333333333333,0.166666666666667,0,NA,0.666666666666667,NA,NA,NA,NA,NA,NA,NA,NA,NA,NA,NA,0.666666666666667,0.833333333333333,0.666666666666667,NA,0.333333333333333,NA,NA,NA,NA,NA,NA,NA,NA,NA,NA,NA,0,0,0,NA,0,NA,NA,NA,NA,NA,NA,NA,NA,NA,NA,NA,0,0,0.333333333333333,NA,0,NA,NA,NA,NA,NA,NA,NA,NA,NA,NA,NA
"430",3,6,3,0,6,0,0,0,6,0,0,0,3,0,0,0,0,1,1,0,0,0,0,0,1,0,0,0,1,0,0,0,0,0,0,0,0,0,0,0,2,0,0,0,1,0,0,0,0.111111111111111,0.222222222222222,0.111111111111111,0,0.222222222222222,0,0,0,0.222222222222222,0,0,0,0.111111111111111,0,0,0,0,0.166666666666667,0.333333333333333,NA,0,NA,NA,NA,0.166666666666667,NA,NA,NA,0.333333333333333,NA,NA,NA,0,0,0,NA,0,NA,NA,NA,0.333333333333333,NA,NA,NA,0.333333333333333,NA,NA,NA,0,0,0,0,0,0,0,0,2,0,0,0,0,0,0,0,3,5,2,0,6,0,0,0,3,0,0,0,2,0,0,0,0,0,0,0,0,0,0,0,0,0,0,0,1,0,0,0,0,1,1,0,0,0,0,0,1,0,0,0,0,0,0,0,0,0,0,NA,0,NA,NA,NA,0.333333333333333,NA,NA,NA,0,NA,NA,NA,1,0.833333333333333,0.666666666666667,NA,1,NA,NA,NA,0.5,NA,NA,NA,0.666666666666667,NA,NA,NA,0,0,0,NA,0,NA,NA,NA,0,NA,NA,NA,0.333333333333333,NA,NA,NA,0,0.166666666666667,0.333333333333333,NA,0,NA,NA,NA,0.166666666666667,NA,NA,NA,0,NA,NA,NA
"431",3,6,0,0,3,0,0,0,6,0,0,0,6,0,0,0,0,0,0,0,0,0,0,0,0,0,0,0,1,0,0,0,0,4,0,0,0,0,0,0,1,0,0,0,2,0,0,0,0.125,0.25,0,0,0.125,0,0,0,0.25,0,0,0,0.25,0,0,0,0,0,NA,NA,0,NA,NA,NA,0,NA,NA,NA,0.166666666666667,NA,NA,NA,0,0.666666666666667,NA,NA,0,NA,NA,NA,0.166666666666667,NA,NA,NA,0.333333333333333,NA,NA,NA,0,4,0,0,0,0,0,0,1,0,0,0,1,0,0,0,3,2,0,0,3,0,0,0,5,0,0,0,4,0,0,0,0,0,0,0,0,0,0,0,0,0,0,0,1,0,0,0,0,0,0,0,0,0,0,0,0,0,0,0,0,0,0,0,0,0.666666666666667,NA,NA,0,NA,NA,NA,0.166666666666667,NA,NA,NA,0.166666666666667,NA,NA,NA,1,0.333333333333333,NA,NA,1,NA,NA,NA,0.833333333333333,NA,NA,NA,0.666666666666667,NA,NA,NA,0,0,NA,NA,0,NA,NA,NA,0,NA,NA,NA,0.166666666666667,NA,NA,NA,0,0,NA,NA,0,NA,NA,NA,0,NA,NA,NA,0,NA,NA,NA
"432",3,3,3,6,3,6,6,6,6,3,0,0,3,0,0,0,0,0,0,0,0,2,1,2,0,1,0,0,1,0,0,0,0,0,1,1,0,0,5,3,2,1,0,0,1,0,0,0,0.0625,0.0625,0.0625,0.125,0.0625,0.125,0.125,0.125,0.125,0.0625,0,0,0.0625,0,0,0,0,0,0,0,0,0.333333333333333,0.166666666666667,0.333333333333333,0,0.333333333333333,NA,NA,0.333333333333333,NA,NA,NA,0,0,0.333333333333333,0.166666666666667,0,0,0.833333333333333,0.5,0.333333333333333,0.333333333333333,NA,NA,0.333333333333333,NA,NA,NA,0,0,1,1,0,0,4,2,2,1,0,0,1,0,0,0,3,3,2,5,3,4,1,2,4,1,0,0,1,0,0,0,0,0,0,0,0,0,1,1,0,0,0,0,0,0,0,0,0,0,0,0,0,2,0,1,0,1,0,0,1,0,0,0,0,0,0.333333333333333,0.166666666666667,0,0,0.666666666666667,0.333333333333333,0.333333333333333,0.333333333333333,NA,NA,0.333333333333333,NA,NA,NA,1,1,0.666666666666667,0.833333333333333,1,0.666666666666667,0.166666666666667,0.333333333333333,0.666666666666667,0.333333333333333,NA,NA,0.333333333333333,NA,NA,NA,0,0,0,0,0,0,0.166666666666667,0.166666666666667,0,0,NA,NA,0,NA,NA,NA,0,0,0,0,0,0.333333333333333,0,0.166666666666667,0,0.333333333333333,NA,NA,0.333333333333333,NA,NA,NA
"433",6,0,0,0,6,0,0,0,3,0,0,0,0,0,0,0,2,0,0,0,1,0,0,0,1,0,0,0,0,0,0,0,0,0,0,0,2,0,0,0,1,0,0,0,0,0,0,0,0.4,0,0,0,0.4,0,0,0,0.2,0,0,0,0,0,0,0,0.333333333333333,NA,NA,NA,0.166666666666667,NA,NA,NA,0.333333333333333,NA,NA,NA,NA,NA,NA,NA,0,NA,NA,NA,0.333333333333333,NA,NA,NA,0.333333333333333,NA,NA,NA,NA,NA,NA,NA,0,0,0,0,2,0,0,0,1,0,0,0,0,0,0,0,4,0,0,0,3,0,0,0,1,0,0,0,0,0,0,0,0,0,0,0,0,0,0,0,0,0,0,0,0,0,0,0,2,0,0,0,1,0,0,0,1,0,0,0,0,0,0,0,0,NA,NA,NA,0.333333333333333,NA,NA,NA,0.333333333333333,NA,NA,NA,NA,NA,NA,NA,0.666666666666667,NA,NA,NA,0.5,NA,NA,NA,0.333333333333333,NA,NA,NA,NA,NA,NA,NA,0,NA,NA,NA,0,NA,NA,NA,0,NA,NA,NA,NA,NA,NA,NA,0.333333333333333,NA,NA,NA,0.166666666666667,NA,NA,NA,0.333333333333333,NA,NA,NA,NA,NA,NA,NA
"434",3,6,0,0,6,0,0,0,6,0,0,0,3,0,0,0,0,0,0,0,0,0,0,0,1,0,0,0,1,0,0,0,0,3,0,0,1,0,0,0,1,0,0,0,0,0,0,0,0.125,0.25,0,0,0.25,0,0,0,0.25,0,0,0,0.125,0,0,0,0,0,NA,NA,0,NA,NA,NA,0.166666666666667,NA,NA,NA,0.333333333333333,NA,NA,NA,0,0.5,NA,NA,0.166666666666667,NA,NA,NA,0.166666666666667,NA,NA,NA,0,NA,NA,NA,0,3,0,0,1,0,0,0,1,0,0,0,0,0,0,0,3,3,0,0,5,0,0,0,4,0,0,0,2,0,0,0,0,0,0,0,0,0,0,0,0,0,0,0,0,0,0,0,0,0,0,0,0,0,0,0,1,0,0,0,1,0,0,0,0,0.5,NA,NA,0.166666666666667,NA,NA,NA,0.166666666666667,NA,NA,NA,0,NA,NA,NA,1,0.5,NA,NA,0.833333333333333,NA,NA,NA,0.666666666666667,NA,NA,NA,0.666666666666667,NA,NA,NA,0,0,NA,NA,0,NA,NA,NA,0,NA,NA,NA,0,NA,NA,NA,0,0,NA,NA,0,NA,NA,NA,0.166666666666667,NA,NA,NA,0.333333333333333,NA,NA,NA
"435",3,3,3,6,6,6,6,3,6,3,3,0,0,0,0,0,0,0,0,0,0,0,0,1,1,1,1,0,0,0,0,0,1,0,1,3,1,2,2,3,1,1,2,0,0,0,0,0,0.0625,0.0625,0.0625,0.125,0.125,0.125,0.125,0.0625,0.125,0.0625,0.0625,0,0,0,0,0,0,0,0,0,0,0,0,0.333333333333333,0.166666666666667,0.333333333333333,0.333333333333333,NA,NA,NA,NA,NA,0.333333333333333,0,0.333333333333333,0.5,0.166666666666667,0.333333333333333,0.333333333333333,1,0.166666666666667,0.333333333333333,0.666666666666667,NA,NA,NA,NA,NA,1,0,1,3,1,2,2,2,0,0,1,0,0,0,0,0,2,3,2,3,5,4,4,0,5,2,1,0,0,0,0,0,0,0,0,0,0,0,0,1,1,1,1,0,0,0,0,0,0,0,0,0,0,0,0,0,0,0,0,0,0,0,0,0,0.333333333333333,0,0.333333333333333,0.5,0.166666666666667,0.333333333333333,0.333333333333333,0.666666666666667,0,0,0.333333333333333,NA,NA,NA,NA,NA,0.666666666666667,1,0.666666666666667,0.5,0.833333333333333,0.666666666666667,0.666666666666667,0,0.833333333333333,0.666666666666667,0.333333333333333,NA,NA,NA,NA,NA,0,0,0,0,0,0,0,0.333333333333333,0.166666666666667,0.333333333333333,0.333333333333333,NA,NA,NA,NA,NA,0,0,0,0,0,0,0,0,0,0,0,NA,NA,NA,NA,NA
"436",3,6,6,6,0,3,6,0,6,6,0,0,6,0,0,0,0,1,1,0,0,0,0,0,0,1,0,0,1,0,0,0,0,1,2,3,0,0,6,0,2,5,0,0,4,0,0,0,0.0625,0.125,0.125,0.125,0,0.0625,0.125,0,0.125,0.125,0,0,0.125,0,0,0,0,0.166666666666667,0.166666666666667,0,NA,0,0,NA,0,0.166666666666667,NA,NA,0.166666666666667,NA,NA,NA,0,0.166666666666667,0.333333333333333,0.5,NA,0,1,NA,0.333333333333333,0.833333333333333,NA,NA,0.666666666666667,NA,NA,NA,0,1,2,3,0,0,6,0,2,4,0,0,3,0,0,0,3,4,3,3,0,3,0,0,4,1,0,0,2,0,0,0,0,0,0,0,0,0,0,0,0,1,0,0,1,0,0,0,0,1,1,0,0,0,0,0,0,0,0,0,0,0,0,0,0,0.166666666666667,0.333333333333333,0.5,NA,0,1,NA,0.333333333333333,0.666666666666667,NA,NA,0.5,NA,NA,NA,1,0.666666666666667,0.5,0.5,NA,1,0,NA,0.666666666666667,0.166666666666667,NA,NA,0.333333333333333,NA,NA,NA,0,0,0,0,NA,0,0,NA,0,0.166666666666667,NA,NA,0.166666666666667,NA,NA,NA,0,0.166666666666667,0.166666666666667,0,NA,0,0,NA,0,0,NA,NA,0,NA,NA,NA
"437",3,6,6,6,3,3,6,0,6,6,0,0,3,0,0,0,0,0,1,0,0,0,1,0,1,0,0,0,0,0,0,0,1,2,0,4,0,0,4,0,1,5,0,0,1,0,0,0,0.0625,0.125,0.125,0.125,0.0625,0.0625,0.125,0,0.125,0.125,0,0,0.0625,0,0,0,0,0,0.166666666666667,0,0,0,0.166666666666667,NA,0.166666666666667,0,NA,NA,0,NA,NA,NA,0.333333333333333,0.333333333333333,0,0.666666666666667,0,0,0.666666666666667,NA,0.166666666666667,0.833333333333333,NA,NA,0.333333333333333,NA,NA,NA,1,2,0,4,0,0,3,0,1,5,0,0,1,0,0,0,2,4,5,2,3,3,2,0,4,1,0,0,2,0,0,0,0,0,0,0,0,0,1,0,0,0,0,0,0,0,0,0,0,0,1,0,0,0,0,0,1,0,0,0,0,0,0,0,0.333333333333333,0.333333333333333,0,0.666666666666667,0,0,0.5,NA,0.166666666666667,0.833333333333333,NA,NA,0.333333333333333,NA,NA,NA,0.666666666666667,0.666666666666667,0.833333333333333,0.333333333333333,1,1,0.333333333333333,NA,0.666666666666667,0.166666666666667,NA,NA,0.666666666666667,NA,NA,NA,0,0,0,0,0,0,0.166666666666667,NA,0,0,NA,NA,0,NA,NA,NA,0,0,0.166666666666667,0,0,0,0,NA,0.166666666666667,0,NA,NA,0,NA,NA,NA
"438",3,3,6,6,6,6,6,0,3,3,0,0,6,0,0,0,0,0,1,3,1,0,0,0,0,2,0,0,0,0,0,0,1,1,1,4,2,2,3,0,1,2,0,0,3,0,0,0,0.0625,0.0625,0.125,0.125,0.125,0.125,0.125,0,0.0625,0.0625,0,0,0.125,0,0,0,0,0,0.166666666666667,0.5,0.166666666666667,0,0,NA,0,0.666666666666667,NA,NA,0,NA,NA,NA,0.333333333333333,0.333333333333333,0.166666666666667,0.666666666666667,0.333333333333333,0.333333333333333,0.5,NA,0.333333333333333,0.666666666666667,NA,NA,0.5,NA,NA,NA,1,1,1,3,2,2,3,0,1,1,0,0,3,0,0,0,2,2,4,0,3,4,3,0,2,0,0,0,3,0,0,0,0,0,0,1,0,0,0,0,0,1,0,0,0,0,0,0,0,0,1,2,1,0,0,0,0,1,0,0,0,0,0,0,0.333333333333333,0.333333333333333,0.166666666666667,0.5,0.333333333333333,0.333333333333333,0.5,NA,0.333333333333333,0.333333333333333,NA,NA,0.5,NA,NA,NA,0.666666666666667,0.666666666666667,0.666666666666667,0,0.5,0.666666666666667,0.5,NA,0.666666666666667,0,NA,NA,0.5,NA,NA,NA,0,0,0,0.166666666666667,0,0,0,NA,0,0.333333333333333,NA,NA,0,NA,NA,NA,0,0,0.166666666666667,0.333333333333333,0.166666666666667,0,0,NA,0,0.333333333333333,NA,NA,0,NA,NA,NA
"439",3,3,3,6,6,3,6,0,3,6,0,0,0,0,0,0,0,0,0,0,1,0,2,0,1,1,0,0,0,0,0,0,0,0,0,5,1,0,5,0,0,4,0,0,0,0,0,0,0.0769230769230769,0.0769230769230769,0.0769230769230769,0.153846153846154,0.153846153846154,0.0769230769230769,0.153846153846154,0,0.0769230769230769,0.153846153846154,0,0,0,0,0,0,0,0,0,0,0.166666666666667,0,0.333333333333333,NA,0.333333333333333,0.166666666666667,NA,NA,NA,NA,NA,NA,0,0,0,0.833333333333333,0.166666666666667,0,0.833333333333333,NA,0,0.666666666666667,NA,NA,NA,NA,NA,NA,0,0,0,5,1,0,3,0,0,3,0,0,0,0,0,0,3,3,3,1,4,3,1,0,2,2,0,0,0,0,0,0,0,0,0,0,0,0,2,0,0,1,0,0,0,0,0,0,0,0,0,0,1,0,0,0,1,0,0,0,0,0,0,0,0,0,0,0.833333333333333,0.166666666666667,0,0.5,NA,0,0.5,NA,NA,NA,NA,NA,NA,1,1,1,0.166666666666667,0.666666666666667,1,0.166666666666667,NA,0.666666666666667,0.333333333333333,NA,NA,NA,NA,NA,NA,0,0,0,0,0,0,0.333333333333333,NA,0,0.166666666666667,NA,NA,NA,NA,NA,NA,0,0,0,0,0.166666666666667,0,0,NA,0.333333333333333,0,NA,NA,NA,NA,NA,NA
"440",3,3,6,0,6,3,0,0,6,6,0,0,0,0,0,0,0,0,0,0,1,0,0,0,3,1,0,0,0,0,0,0,0,0,3,0,2,0,0,0,0,5,0,0,0,0,0,0,0.0909090909090909,0.0909090909090909,0.181818181818182,0,0.181818181818182,0.0909090909090909,0,0,0.181818181818182,0.181818181818182,0,0,0,0,0,0,0,0,0,NA,0.166666666666667,0,NA,NA,0.5,0.166666666666667,NA,NA,NA,NA,NA,NA,0,0,0.5,NA,0.333333333333333,0,NA,NA,0,0.833333333333333,NA,NA,NA,NA,NA,NA,0,0,3,0,1,0,0,0,0,4,0,0,0,0,0,0,3,3,3,0,4,3,0,0,3,1,0,0,0,0,0,0,0,0,0,0,1,0,0,0,0,1,0,0,0,0,0,0,0,0,0,0,0,0,0,0,3,0,0,0,0,0,0,0,0,0,0.5,NA,0.166666666666667,0,NA,NA,0,0.666666666666667,NA,NA,NA,NA,NA,NA,1,1,0.5,NA,0.666666666666667,1,NA,NA,0.5,0.166666666666667,NA,NA,NA,NA,NA,NA,0,0,0,NA,0.166666666666667,0,NA,NA,0,0.166666666666667,NA,NA,NA,NA,NA,NA,0,0,0,NA,0,0,NA,NA,0.5,0,NA,NA,NA,NA,NA,NA
"441",3,3,3,6,3,3,6,6,6,6,0,0,0,3,0,0,0,0,0,0,0,0,0,2,2,0,0,0,0,1,0,0,0,0,0,2,1,1,5,3,2,2,0,0,0,2,0,0,0.0625,0.0625,0.0625,0.125,0.0625,0.0625,0.125,0.125,0.125,0.125,0,0,0,0.0625,0,0,0,0,0,0,0,0,0,0.333333333333333,0.333333333333333,0,NA,NA,NA,0.333333333333333,NA,NA,0,0,0,0.333333333333333,0.333333333333333,0.333333333333333,0.833333333333333,0.5,0.333333333333333,0.333333333333333,NA,NA,NA,0.666666666666667,NA,NA,0,0,0,2,1,1,5,3,0,2,0,0,0,1,0,0,3,3,3,4,2,2,1,1,4,4,0,0,0,1,0,0,0,0,0,0,0,0,0,0,2,0,0,0,0,1,0,0,0,0,0,0,0,0,0,2,0,0,0,0,0,0,0,0,0,0,0,0.333333333333333,0.333333333333333,0.333333333333333,0.833333333333333,0.5,0,0.333333333333333,NA,NA,NA,0.333333333333333,NA,NA,1,1,1,0.666666666666667,0.666666666666667,0.666666666666667,0.166666666666667,0.166666666666667,0.666666666666667,0.666666666666667,NA,NA,NA,0.333333333333333,NA,NA,0,0,0,0,0,0,0,0,0.333333333333333,0,NA,NA,NA,0.333333333333333,NA,NA,0,0,0,0,0,0,0,0.333333333333333,0,0,NA,NA,NA,0,NA,NA
"442",3,3,6,6,6,6,6,0,3,0,0,0,0,0,0,0,0,0,0,1,1,0,2,0,1,0,0,0,0,0,0,0,0,0,2,5,1,4,5,0,0,0,0,0,0,0,0,0,0.0769230769230769,0.0769230769230769,0.153846153846154,0.153846153846154,0.153846153846154,0.153846153846154,0.153846153846154,0,0.0769230769230769,0,0,0,0,0,0,0,0,0,0,0.166666666666667,0.166666666666667,0,0.333333333333333,NA,0.333333333333333,NA,NA,NA,NA,NA,NA,NA,0,0,0.333333333333333,0.833333333333333,0.166666666666667,0.666666666666667,0.833333333333333,NA,0,NA,NA,NA,NA,NA,NA,NA,0,0,2,4,1,4,3,0,0,0,0,0,0,0,0,0,3,3,4,1,4,2,1,0,2,0,0,0,0,0,0,0,0,0,0,1,0,0,2,0,0,0,0,0,0,0,0,0,0,0,0,0,1,0,0,0,1,0,0,0,0,0,0,0,0,0,0.333333333333333,0.666666666666667,0.166666666666667,0.666666666666667,0.5,NA,0,NA,NA,NA,NA,NA,NA,NA,1,1,0.666666666666667,0.166666666666667,0.666666666666667,0.333333333333333,0.166666666666667,NA,0.666666666666667,NA,NA,NA,NA,NA,NA,NA,0,0,0,0.166666666666667,0,0,0.333333333333333,NA,0,NA,NA,NA,NA,NA,NA,NA,0,0,0,0,0.166666666666667,0,0,NA,0.333333333333333,NA,NA,NA,NA,NA,NA,NA
"443",3,3,6,0,3,6,0,0,3,3,0,0,6,0,0,0,0,0,0,0,0,1,0,0,0,1,0,0,1,0,0,0,0,0,3,0,0,1,0,0,0,3,0,0,3,0,0,0,0.0909090909090909,0.0909090909090909,0.181818181818182,0,0.0909090909090909,0.181818181818182,0,0,0.0909090909090909,0.0909090909090909,0,0,0.181818181818182,0,0,0,0,0,0,NA,0,0.166666666666667,NA,NA,0,0.333333333333333,NA,NA,0.166666666666667,NA,NA,NA,0,0,0.5,NA,0,0.166666666666667,NA,NA,0,1,NA,NA,0.5,NA,NA,NA,0,0,3,0,0,1,0,0,0,2,0,0,3,0,0,0,3,3,3,0,3,4,0,0,3,0,0,0,2,0,0,0,0,0,0,0,0,0,0,0,0,1,0,0,0,0,0,0,0,0,0,0,0,1,0,0,0,0,0,0,1,0,0,0,0,0,0.5,NA,0,0.166666666666667,NA,NA,0,0.666666666666667,NA,NA,0.5,NA,NA,NA,1,1,0.5,NA,1,0.666666666666667,NA,NA,1,0,NA,NA,0.333333333333333,NA,NA,NA,0,0,0,NA,0,0,NA,NA,0,0.333333333333333,NA,NA,0,NA,NA,NA,0,0,0,NA,0,0.166666666666667,NA,NA,0,0,NA,NA,0.166666666666667,NA,NA,NA
"444",3,3,3,3,0,0,6,6,3,3,6,0,6,6,0,0,0,0,0,0,0,0,0,0,0,0,3,0,1,1,0,0,0,0,0,0,0,0,2,4,1,1,5,0,4,4,0,0,0.0625,0.0625,0.0625,0.0625,0,0,0.125,0.125,0.0625,0.0625,0.125,0,0.125,0.125,0,0,0,0,0,0,NA,NA,0,0,0,0,0.5,NA,0.166666666666667,0.166666666666667,NA,NA,0,0,0,0,NA,NA,0.333333333333333,0.666666666666667,0.333333333333333,0.333333333333333,0.833333333333333,NA,0.666666666666667,0.666666666666667,NA,NA,0,0,0,0,0,0,2,4,1,1,2,0,4,3,0,0,3,3,3,3,0,0,4,2,2,2,1,0,1,2,0,0,0,0,0,0,0,0,0,0,0,0,3,0,0,1,0,0,0,0,0,0,0,0,0,0,0,0,0,0,1,0,0,0,0,0,0,0,NA,NA,0.333333333333333,0.666666666666667,0.333333333333333,0.333333333333333,0.333333333333333,NA,0.666666666666667,0.5,NA,NA,1,1,1,1,NA,NA,0.666666666666667,0.333333333333333,0.666666666666667,0.666666666666667,0.166666666666667,NA,0.166666666666667,0.333333333333333,NA,NA,0,0,0,0,NA,NA,0,0,0,0,0.5,NA,0,0.166666666666667,NA,NA,0,0,0,0,NA,NA,0,0,0,0,0,NA,0.166666666666667,0,NA,NA
"445",6,6,3,0,3,0,0,0,6,0,0,0,6,0,0,0,0,1,1,0,0,0,0,0,0,0,0,0,2,0,0,0,0,1,1,0,0,0,0,0,0,0,0,0,3,0,0,0,0.2,0.2,0.1,0,0.1,0,0,0,0.2,0,0,0,0.2,0,0,0,0,0.166666666666667,0.333333333333333,NA,0,NA,NA,NA,0,NA,NA,NA,0.333333333333333,NA,NA,NA,0,0.166666666666667,0.333333333333333,NA,0,NA,NA,NA,0,NA,NA,NA,0.5,NA,NA,NA,0,1,1,0,0,0,0,0,0,0,0,0,2,0,0,0,6,4,1,0,3,0,0,0,6,0,0,0,2,0,0,0,0,0,0,0,0,0,0,0,0,0,0,0,1,0,0,0,0,1,1,0,0,0,0,0,0,0,0,0,1,0,0,0,0,0.166666666666667,0.333333333333333,NA,0,NA,NA,NA,0,NA,NA,NA,0.333333333333333,NA,NA,NA,1,0.666666666666667,0.333333333333333,NA,1,NA,NA,NA,1,NA,NA,NA,0.333333333333333,NA,NA,NA,0,0,0,NA,0,NA,NA,NA,0,NA,NA,NA,0.166666666666667,NA,NA,NA,0,0.166666666666667,0.333333333333333,NA,0,NA,NA,NA,0,NA,NA,NA,0.166666666666667,NA,NA,NA
"446",6,6,6,6,3,6,6,0,3,6,0,0,0,0,0,0,0,1,0,1,0,1,0,0,1,0,0,0,0,0,0,0,2,1,2,3,1,1,5,0,0,5,0,0,0,0,0,0,0.125,0.125,0.125,0.125,0.0625,0.125,0.125,0,0.0625,0.125,0,0,0,0,0,0,0,0.166666666666667,0,0.166666666666667,0,0.166666666666667,0,NA,0.333333333333333,0,NA,NA,NA,NA,NA,NA,0.333333333333333,0.166666666666667,0.333333333333333,0.5,0.333333333333333,0.166666666666667,0.833333333333333,NA,0,0.833333333333333,NA,NA,NA,NA,NA,NA,2,1,2,2,1,1,5,0,0,5,0,0,0,0,0,0,4,4,4,3,2,4,1,0,2,1,0,0,0,0,0,0,0,0,0,1,0,0,0,0,0,0,0,0,0,0,0,0,0,1,0,0,0,1,0,0,1,0,0,0,0,0,0,0,0.333333333333333,0.166666666666667,0.333333333333333,0.333333333333333,0.333333333333333,0.166666666666667,0.833333333333333,NA,0,0.833333333333333,NA,NA,NA,NA,NA,NA,0.666666666666667,0.666666666666667,0.666666666666667,0.5,0.666666666666667,0.666666666666667,0.166666666666667,NA,0.666666666666667,0.166666666666667,NA,NA,NA,NA,NA,NA,0,0,0,0.166666666666667,0,0,0,NA,0,0,NA,NA,NA,NA,NA,NA,0,0.166666666666667,0,0,0,0.166666666666667,0,NA,0.333333333333333,0,NA,NA,NA,NA,NA,NA
"447",3,3,3,6,0,3,6,6,3,6,6,0,3,0,0,0,0,0,0,0,0,0,0,2,0,0,3,0,1,0,0,0,0,1,0,1,0,0,0,3,0,6,4,0,2,0,0,0,0.0625,0.0625,0.0625,0.125,0,0.0625,0.125,0.125,0.0625,0.125,0.125,0,0.0625,0,0,0,0,0,0,0,NA,0,0,0.333333333333333,0,0,0.5,NA,0.333333333333333,NA,NA,NA,0,0.333333333333333,0,0.166666666666667,NA,0,0,0.5,0,1,0.666666666666667,NA,0.666666666666667,NA,NA,NA,0,1,0,1,0,0,0,1,0,6,2,0,1,0,0,0,3,2,3,5,0,3,6,3,3,0,1,0,1,0,0,0,0,0,0,0,0,0,0,2,0,0,2,0,1,0,0,0,0,0,0,0,0,0,0,0,0,0,1,0,0,0,0,0,0,0.333333333333333,0,0.166666666666667,NA,0,0,0.166666666666667,0,1,0.333333333333333,NA,0.333333333333333,NA,NA,NA,1,0.666666666666667,1,0.833333333333333,NA,1,1,0.5,1,0,0.166666666666667,NA,0.333333333333333,NA,NA,NA,0,0,0,0,NA,0,0,0.333333333333333,0,0,0.333333333333333,NA,0.333333333333333,NA,NA,NA,0,0,0,0,NA,0,0,0,0,0,0.166666666666667,NA,0,NA,NA,NA
"448",3,3,3,6,6,6,6,3,0,0,0,0,0,0,0,0,0,0,0,0,2,3,2,3,0,0,0,0,0,0,0,0,0,0,1,2,0,1,5,1,0,0,0,0,0,0,0,0,0.0833333333333333,0.0833333333333333,0.0833333333333333,0.166666666666667,0.166666666666667,0.166666666666667,0.166666666666667,0.0833333333333333,0,0,0,0,0,0,0,0,0,0,0,0,0.333333333333333,0.5,0.333333333333333,1,NA,NA,NA,NA,NA,NA,NA,NA,0,0,0.333333333333333,0.333333333333333,0,0.166666666666667,0.833333333333333,0.333333333333333,NA,NA,NA,NA,NA,NA,NA,NA,0,0,1,2,0,0,3,0,0,0,0,0,0,0,0,0,3,3,2,4,4,3,1,0,0,0,0,0,0,0,0,0,0,0,0,0,0,1,2,1,0,0,0,0,0,0,0,0,0,0,0,0,2,2,0,2,0,0,0,0,0,0,0,0,0,0,0.333333333333333,0.333333333333333,0,0,0.5,0,NA,NA,NA,NA,NA,NA,NA,NA,1,1,0.666666666666667,0.666666666666667,0.666666666666667,0.5,0.166666666666667,0,NA,NA,NA,NA,NA,NA,NA,NA,0,0,0,0,0,0.166666666666667,0.333333333333333,0.333333333333333,NA,NA,NA,NA,NA,NA,NA,NA,0,0,0,0,0.333333333333333,0.333333333333333,0,0.666666666666667,NA,NA,NA,NA,NA,NA,NA,NA
"449",3,3,3,6,6,6,6,0,6,6,0,0,0,3,0,0,0,0,0,0,0,2,1,0,1,2,0,0,0,3,0,0,0,0,0,5,1,1,3,0,3,4,0,0,0,0,0,0,0.0625,0.0625,0.0625,0.125,0.125,0.125,0.125,0,0.125,0.125,0,0,0,0.0625,0,0,0,0,0,0,0,0.333333333333333,0.166666666666667,NA,0.166666666666667,0.333333333333333,NA,NA,NA,1,NA,NA,0,0,0,0.833333333333333,0.166666666666667,0.166666666666667,0.5,NA,0.5,0.666666666666667,NA,NA,NA,0,NA,NA,0,0,0,5,1,1,2,0,2,2,0,0,0,0,0,0,3,3,3,1,5,3,3,0,3,2,0,0,0,0,0,0,0,0,0,0,0,0,1,0,1,2,0,0,0,0,0,0,0,0,0,0,0,2,0,0,0,0,0,0,0,3,0,0,0,0,0,0.833333333333333,0.166666666666667,0.166666666666667,0.333333333333333,NA,0.333333333333333,0.333333333333333,NA,NA,NA,0,NA,NA,1,1,1,0.166666666666667,0.833333333333333,0.5,0.5,NA,0.5,0.333333333333333,NA,NA,NA,0,NA,NA,0,0,0,0,0,0,0.166666666666667,NA,0.166666666666667,0.333333333333333,NA,NA,NA,0,NA,NA,0,0,0,0,0,0.333333333333333,0,NA,0,0,NA,NA,NA,1,NA,NA
"450",3,3,6,3,6,6,0,0,6,3,0,0,6,0,0,0,0,0,1,1,0,1,0,0,1,1,0,0,0,0,0,0,0,0,1,0,2,3,0,0,0,1,0,0,1,0,0,0,0.0714285714285714,0.0714285714285714,0.142857142857143,0.0714285714285714,0.142857142857143,0.142857142857143,0,0,0.142857142857143,0.0714285714285714,0,0,0.142857142857143,0,0,0,0,0,0.166666666666667,0.333333333333333,0,0.166666666666667,NA,NA,0.166666666666667,0.333333333333333,NA,NA,0,NA,NA,NA,0,0,0.166666666666667,0,0.333333333333333,0.5,NA,NA,0,0.333333333333333,NA,NA,0.166666666666667,NA,NA,NA,0,0,1,0,2,2,0,0,0,0,0,0,1,0,0,0,3,3,4,2,4,3,0,0,5,2,0,0,5,0,0,0,0,0,0,0,0,1,0,0,0,1,0,0,0,0,0,0,0,0,1,1,0,0,0,0,1,0,0,0,0,0,0,0,0,0,0.166666666666667,0,0.333333333333333,0.333333333333333,NA,NA,0,0,NA,NA,0.166666666666667,NA,NA,NA,1,1,0.666666666666667,0.666666666666667,0.666666666666667,0.5,NA,NA,0.833333333333333,0.666666666666667,NA,NA,0.833333333333333,NA,NA,NA,0,0,0,0,0,0.166666666666667,NA,NA,0,0.333333333333333,NA,NA,0,NA,NA,NA,0,0,0.166666666666667,0.333333333333333,0,0,NA,NA,0.166666666666667,0,NA,NA,0,NA,NA,NA
"451",3,3,3,6,0,3,6,0,6,6,0,0,6,6,0,0,0,0,0,0,0,0,0,0,0,0,0,0,1,2,0,0,1,1,1,4,0,0,4,0,1,3,0,0,3,4,0,0,0.0625,0.0625,0.0625,0.125,0,0.0625,0.125,0,0.125,0.125,0,0,0.125,0.125,0,0,0,0,0,0,NA,0,0,NA,0,0,NA,NA,0.166666666666667,0.333333333333333,NA,NA,0.333333333333333,0.333333333333333,0.333333333333333,0.666666666666667,NA,0,0.666666666666667,NA,0.166666666666667,0.5,NA,NA,0.5,0.666666666666667,NA,NA,1,1,1,4,0,0,4,0,1,3,0,0,3,3,0,0,2,2,2,2,0,3,2,0,5,3,0,0,2,1,0,0,0,0,0,0,0,0,0,0,0,0,0,0,0,1,0,0,0,0,0,0,0,0,0,0,0,0,0,0,1,1,0,0,0.333333333333333,0.333333333333333,0.333333333333333,0.666666666666667,NA,0,0.666666666666667,NA,0.166666666666667,0.5,NA,NA,0.5,0.5,NA,NA,0.666666666666667,0.666666666666667,0.666666666666667,0.333333333333333,NA,1,0.333333333333333,NA,0.833333333333333,0.5,NA,NA,0.333333333333333,0.166666666666667,NA,NA,0,0,0,0,NA,0,0,NA,0,0,NA,NA,0,0.166666666666667,NA,NA,0,0,0,0,NA,0,0,NA,0,0,NA,NA,0.166666666666667,0.166666666666667,NA,NA
"452",3,3,3,6,6,6,6,6,3,6,0,0,0,0,0,0,0,0,0,0,0,0,1,3,1,2,0,0,0,0,0,0,0,0,1,2,1,2,3,2,0,5,0,0,0,0,0,0,0.0625,0.0625,0.0625,0.125,0.125,0.125,0.125,0.125,0.0625,0.125,0,0,0,0,0,0,0,0,0,0,0,0,0.166666666666667,0.5,0.333333333333333,0.333333333333333,NA,NA,NA,NA,NA,NA,0,0,0.333333333333333,0.333333333333333,0.166666666666667,0.333333333333333,0.5,0.333333333333333,0,0.833333333333333,NA,NA,NA,NA,NA,NA,0,0,1,2,1,2,2,2,0,4,0,0,0,0,0,0,3,3,2,4,5,4,3,1,2,0,0,0,0,0,0,0,0,0,0,0,0,0,1,0,0,1,0,0,0,0,0,0,0,0,0,0,0,0,0,3,1,1,0,0,0,0,0,0,0,0,0.333333333333333,0.333333333333333,0.166666666666667,0.333333333333333,0.333333333333333,0.333333333333333,0,0.666666666666667,NA,NA,NA,NA,NA,NA,1,1,0.666666666666667,0.666666666666667,0.833333333333333,0.666666666666667,0.5,0.166666666666667,0.666666666666667,0,NA,NA,NA,NA,NA,NA,0,0,0,0,0,0,0.166666666666667,0,0,0.166666666666667,NA,NA,NA,NA,NA,NA,0,0,0,0,0,0,0,0.5,0.333333333333333,0.166666666666667,NA,NA,NA,NA,NA,NA
"453",3,3,3,6,0,3,6,6,3,6,0,0,6,3,0,0,0,0,0,0,0,0,0,0,0,0,0,0,1,1,0,0,0,0,1,2,0,1,5,4,0,3,0,0,3,1,0,0,0.0625,0.0625,0.0625,0.125,0,0.0625,0.125,0.125,0.0625,0.125,0,0,0.125,0.0625,0,0,0,0,0,0,NA,0,0,0,0,0,NA,NA,0.166666666666667,0.333333333333333,NA,NA,0,0,0.333333333333333,0.333333333333333,NA,0.333333333333333,0.833333333333333,0.666666666666667,0,0.5,NA,NA,0.5,0.333333333333333,NA,NA,0,0,1,2,0,1,5,4,0,3,0,0,3,0,0,0,3,3,2,4,0,2,1,2,3,3,0,0,2,2,0,0,0,0,0,0,0,0,0,0,0,0,0,0,0,1,0,0,0,0,0,0,0,0,0,0,0,0,0,0,1,0,0,0,0,0,0.333333333333333,0.333333333333333,NA,0.333333333333333,0.833333333333333,0.666666666666667,0,0.5,NA,NA,0.5,0,NA,NA,1,1,0.666666666666667,0.666666666666667,NA,0.666666666666667,0.166666666666667,0.333333333333333,1,0.5,NA,NA,0.333333333333333,0.666666666666667,NA,NA,0,0,0,0,NA,0,0,0,0,0,NA,NA,0,0.333333333333333,NA,NA,0,0,0,0,NA,0,0,0,0,0,NA,NA,0.166666666666667,0,NA,NA
"454",3,3,6,6,0,6,0,0,3,6,0,0,6,0,0,0,0,0,0,3,0,1,0,0,0,1,0,0,0,0,0,0,0,0,0,1,0,0,0,0,1,3,0,0,2,0,0,0,0.0769230769230769,0.0769230769230769,0.153846153846154,0.153846153846154,0,0.153846153846154,0,0,0.0769230769230769,0.153846153846154,0,0,0.153846153846154,0,0,0,0,0,0,0.5,NA,0.166666666666667,NA,NA,0,0.166666666666667,NA,NA,0,NA,NA,NA,0,0,0,0.166666666666667,NA,0,NA,NA,0.333333333333333,0.5,NA,NA,0.333333333333333,NA,NA,NA,0,0,0,0,0,0,0,0,1,3,0,0,2,0,0,0,3,3,6,3,0,5,0,0,2,2,0,0,4,0,0,0,0,0,0,1,0,0,0,0,0,0,0,0,0,0,0,0,0,0,0,2,0,1,0,0,0,1,0,0,0,0,0,0,0,0,0,0,NA,0,NA,NA,0.333333333333333,0.5,NA,NA,0.333333333333333,NA,NA,NA,1,1,1,0.5,NA,0.833333333333333,NA,NA,0.666666666666667,0.333333333333333,NA,NA,0.666666666666667,NA,NA,NA,0,0,0,0.166666666666667,NA,0,NA,NA,0,0,NA,NA,0,NA,NA,NA,0,0,0,0.333333333333333,NA,0.166666666666667,NA,NA,0,0.166666666666667,NA,NA,0,NA,NA,NA
"455",3,3,3,3,3,6,6,6,6,6,0,0,3,0,0,0,0,0,0,0,0,0,1,0,1,1,0,0,0,0,0,0,0,1,0,0,0,2,4,5,2,3,0,0,1,0,0,0,0.0625,0.0625,0.0625,0.0625,0.0625,0.125,0.125,0.125,0.125,0.125,0,0,0.0625,0,0,0,0,0,0,0,0,0,0.166666666666667,0,0.166666666666667,0.166666666666667,NA,NA,0,NA,NA,NA,0,0.333333333333333,0,0,0,0.333333333333333,0.666666666666667,0.833333333333333,0.333333333333333,0.5,NA,NA,0.333333333333333,NA,NA,NA,0,1,0,0,0,2,3,5,2,2,0,0,1,0,0,0,3,2,3,3,3,4,2,1,3,3,0,0,2,0,0,0,0,0,0,0,0,0,1,0,0,1,0,0,0,0,0,0,0,0,0,0,0,0,0,0,1,0,0,0,0,0,0,0,0,0.333333333333333,0,0,0,0.333333333333333,0.5,0.833333333333333,0.333333333333333,0.333333333333333,NA,NA,0.333333333333333,NA,NA,NA,1,0.666666666666667,1,1,1,0.666666666666667,0.333333333333333,0.166666666666667,0.5,0.5,NA,NA,0.666666666666667,NA,NA,NA,0,0,0,0,0,0,0.166666666666667,0,0,0.166666666666667,NA,NA,0,NA,NA,NA,0,0,0,0,0,0,0,0,0.166666666666667,0,NA,NA,0,NA,NA,NA
"456",3,3,3,6,6,6,6,3,6,3,0,0,3,0,0,0,0,0,0,0,1,1,1,1,0,1,0,0,1,0,0,0,0,0,1,3,1,1,4,2,2,3,0,0,2,0,0,0,0.0625,0.0625,0.0625,0.125,0.125,0.125,0.125,0.0625,0.125,0.0625,0,0,0.0625,0,0,0,0,0,0,0,0.166666666666667,0.166666666666667,0.166666666666667,0.333333333333333,0,0.333333333333333,NA,NA,0.333333333333333,NA,NA,NA,0,0,0.333333333333333,0.5,0.166666666666667,0.166666666666667,0.666666666666667,0.666666666666667,0.333333333333333,1,NA,NA,0.666666666666667,NA,NA,NA,0,0,1,3,1,1,3,1,2,2,0,0,1,0,0,0,3,3,2,3,4,4,2,1,4,0,0,0,1,0,0,0,0,0,0,0,0,0,1,1,0,1,0,0,1,0,0,0,0,0,0,0,1,1,0,0,0,0,0,0,0,0,0,0,0,0,0.333333333333333,0.5,0.166666666666667,0.166666666666667,0.5,0.333333333333333,0.333333333333333,0.666666666666667,NA,NA,0.333333333333333,NA,NA,NA,1,1,0.666666666666667,0.5,0.666666666666667,0.666666666666667,0.333333333333333,0.333333333333333,0.666666666666667,0,NA,NA,0.333333333333333,NA,NA,NA,0,0,0,0,0,0,0.166666666666667,0.333333333333333,0,0.333333333333333,NA,NA,0.333333333333333,NA,NA,NA,0,0,0,0,0.166666666666667,0.166666666666667,0,0,0,0,NA,NA,0,NA,NA,NA
"457",3,3,3,3,6,6,6,6,6,0,0,6,0,0,0,0,0,0,0,0,0,1,1,1,1,0,0,2,0,0,0,0,0,0,1,0,1,3,4,2,0,0,0,5,0,0,0,0,0.0625,0.0625,0.0625,0.0625,0.125,0.125,0.125,0.125,0.125,0,0,0.125,0,0,0,0,0,0,0,0,0,0.166666666666667,0.166666666666667,0.166666666666667,0.166666666666667,NA,NA,0.333333333333333,NA,NA,NA,NA,0,0,0.333333333333333,0,0.166666666666667,0.5,0.666666666666667,0.333333333333333,0,NA,NA,0.833333333333333,NA,NA,NA,NA,0,0,1,0,1,2,3,1,0,0,0,3,0,0,0,0,3,3,2,3,5,3,2,4,5,0,0,1,0,0,0,0,0,0,0,0,0,1,1,1,0,0,0,2,0,0,0,0,0,0,0,0,0,0,0,0,1,0,0,0,0,0,0,0,0,0,0.333333333333333,0,0.166666666666667,0.333333333333333,0.5,0.166666666666667,0,NA,NA,0.5,NA,NA,NA,NA,1,1,0.666666666666667,1,0.833333333333333,0.5,0.333333333333333,0.666666666666667,0.833333333333333,NA,NA,0.166666666666667,NA,NA,NA,NA,0,0,0,0,0,0.166666666666667,0.166666666666667,0.166666666666667,0,NA,NA,0.333333333333333,NA,NA,NA,NA,0,0,0,0,0,0,0,0,0.166666666666667,NA,NA,0,NA,NA,NA,NA
"458",3,3,6,6,3,6,0,0,3,0,0,0,6,0,0,0,0,0,0,4,0,0,0,0,0,0,0,0,0,0,0,0,0,0,1,3,0,3,0,0,1,0,0,0,5,0,0,0,0.0833333333333333,0.0833333333333333,0.166666666666667,0.166666666666667,0.0833333333333333,0.166666666666667,0,0,0.0833333333333333,0,0,0,0.166666666666667,0,0,0,0,0,0,0.666666666666667,0,0,NA,NA,0,NA,NA,NA,0,NA,NA,NA,0,0,0.166666666666667,0.5,0,0.5,NA,NA,0.333333333333333,NA,NA,NA,0.833333333333333,NA,NA,NA,0,0,1,2,0,3,0,0,1,0,0,0,5,0,0,0,3,3,5,0,3,3,0,0,2,0,0,0,1,0,0,0,0,0,0,1,0,0,0,0,0,0,0,0,0,0,0,0,0,0,0,3,0,0,0,0,0,0,0,0,0,0,0,0,0,0,0.166666666666667,0.333333333333333,0,0.5,NA,NA,0.333333333333333,NA,NA,NA,0.833333333333333,NA,NA,NA,1,1,0.833333333333333,0,1,0.5,NA,NA,0.666666666666667,NA,NA,NA,0.166666666666667,NA,NA,NA,0,0,0,0.166666666666667,0,0,NA,NA,0,NA,NA,NA,0,NA,NA,NA,0,0,0,0.5,0,0,NA,NA,0,NA,NA,NA,0,NA,NA,NA
"459",6,6,3,6,0,6,6,6,3,6,0,0,0,0,0,0,0,1,0,0,0,1,2,2,0,1,0,0,0,0,0,0,0,2,1,2,0,0,2,4,2,5,0,0,0,0,0,0,0.125,0.125,0.0625,0.125,0,0.125,0.125,0.125,0.0625,0.125,0,0,0,0,0,0,0,0.166666666666667,0,0,NA,0.166666666666667,0.333333333333333,0.333333333333333,0,0.166666666666667,NA,NA,NA,NA,NA,NA,0,0.333333333333333,0.333333333333333,0.333333333333333,NA,0,0.333333333333333,0.666666666666667,0.666666666666667,0.833333333333333,NA,NA,NA,NA,NA,NA,0,2,1,2,0,0,2,3,2,4,0,0,0,0,0,0,6,3,2,4,0,5,2,1,1,1,0,0,0,0,0,0,0,0,0,0,0,0,0,1,0,1,0,0,0,0,0,0,0,1,0,0,0,1,2,1,0,0,0,0,0,0,0,0,0,0.333333333333333,0.333333333333333,0.333333333333333,NA,0,0.333333333333333,0.5,0.666666666666667,0.666666666666667,NA,NA,NA,NA,NA,NA,1,0.5,0.666666666666667,0.666666666666667,NA,0.833333333333333,0.333333333333333,0.166666666666667,0.333333333333333,0.166666666666667,NA,NA,NA,NA,NA,NA,0,0,0,0,NA,0,0,0.166666666666667,0,0.166666666666667,NA,NA,NA,NA,NA,NA,0,0.166666666666667,0,0,NA,0.166666666666667,0.333333333333333,0.166666666666667,0,0,NA,NA,NA,NA,NA,NA
"460",6,3,3,6,3,6,6,0,3,6,0,0,6,0,0,0,1,0,0,0,0,0,2,0,0,2,0,0,1,0,0,0,1,0,0,4,0,2,4,0,0,5,0,0,2,0,0,0,0.125,0.0625,0.0625,0.125,0.0625,0.125,0.125,0,0.0625,0.125,0,0,0.125,0,0,0,0.166666666666667,0,0,0,0,0,0.333333333333333,NA,0,0.333333333333333,NA,NA,0.166666666666667,NA,NA,NA,0.166666666666667,0,0,0.666666666666667,0,0.333333333333333,0.666666666666667,NA,0,0.833333333333333,NA,NA,0.333333333333333,NA,NA,NA,1,0,0,4,0,2,2,0,0,3,0,0,2,0,0,0,4,3,3,2,3,4,2,0,3,1,0,0,3,0,0,0,0,0,0,0,0,0,2,0,0,2,0,0,0,0,0,0,1,0,0,0,0,0,0,0,0,0,0,0,1,0,0,0,0.166666666666667,0,0,0.666666666666667,0,0.333333333333333,0.333333333333333,NA,0,0.5,NA,NA,0.333333333333333,NA,NA,NA,0.666666666666667,1,1,0.333333333333333,1,0.666666666666667,0.333333333333333,NA,1,0.166666666666667,NA,NA,0.5,NA,NA,NA,0,0,0,0,0,0,0.333333333333333,NA,0,0.333333333333333,NA,NA,0,NA,NA,NA,0.166666666666667,0,0,0,0,0,0,NA,0,0,NA,NA,0.166666666666667,NA,NA,NA
"461",3,3,3,6,3,6,6,0,6,6,0,0,6,0,0,0,0,0,0,0,0,1,1,0,0,2,0,0,2,0,0,0,0,1,0,4,1,1,5,0,2,5,0,0,1,0,0,0,0.0625,0.0625,0.0625,0.125,0.0625,0.125,0.125,0,0.125,0.125,0,0,0.125,0,0,0,0,0,0,0,0,0.166666666666667,0.166666666666667,NA,0,0.333333333333333,NA,NA,0.333333333333333,NA,NA,NA,0,0.333333333333333,0,0.666666666666667,0.333333333333333,0.166666666666667,0.833333333333333,NA,0.333333333333333,0.833333333333333,NA,NA,0.166666666666667,NA,NA,NA,0,1,0,4,1,1,4,0,2,4,0,0,1,0,0,0,3,2,3,2,2,4,1,0,4,0,0,0,3,0,0,0,0,0,0,0,0,0,1,0,0,1,0,0,0,0,0,0,0,0,0,0,0,1,0,0,0,1,0,0,2,0,0,0,0,0.333333333333333,0,0.666666666666667,0.333333333333333,0.166666666666667,0.666666666666667,NA,0.333333333333333,0.666666666666667,NA,NA,0.166666666666667,NA,NA,NA,1,0.666666666666667,1,0.333333333333333,0.666666666666667,0.666666666666667,0.166666666666667,NA,0.666666666666667,0,NA,NA,0.5,NA,NA,NA,0,0,0,0,0,0,0.166666666666667,NA,0,0.166666666666667,NA,NA,0,NA,NA,NA,0,0,0,0,0,0.166666666666667,0,NA,0,0.166666666666667,NA,NA,0.333333333333333,NA,NA,NA
"462",3,6,6,0,3,6,0,0,6,6,0,0,3,0,0,0,0,0,2,0,0,0,0,0,2,1,0,0,1,0,0,0,0,1,3,0,0,2,0,0,0,3,0,0,0,0,0,0,0.0769230769230769,0.153846153846154,0.153846153846154,0,0.0769230769230769,0.153846153846154,0,0,0.153846153846154,0.153846153846154,0,0,0.0769230769230769,0,0,0,0,0,0.333333333333333,NA,0,0,NA,NA,0.333333333333333,0.166666666666667,NA,NA,0.333333333333333,NA,NA,NA,0,0.166666666666667,0.5,NA,0,0.333333333333333,NA,NA,0,0.5,NA,NA,0,NA,NA,NA,0,1,3,0,0,2,0,0,0,2,0,0,0,0,0,0,3,5,1,0,3,4,0,0,4,3,0,0,2,0,0,0,0,0,0,0,0,0,0,0,0,1,0,0,0,0,0,0,0,0,2,0,0,0,0,0,2,0,0,0,1,0,0,0,0,0.166666666666667,0.5,NA,0,0.333333333333333,NA,NA,0,0.333333333333333,NA,NA,0,NA,NA,NA,1,0.833333333333333,0.166666666666667,NA,1,0.666666666666667,NA,NA,0.666666666666667,0.5,NA,NA,0.666666666666667,NA,NA,NA,0,0,0,NA,0,0,NA,NA,0,0.166666666666667,NA,NA,0,NA,NA,NA,0,0,0.333333333333333,NA,0,0,NA,NA,0.333333333333333,0,NA,NA,0.333333333333333,NA,NA,NA
"463",3,3,6,6,3,3,0,0,6,6,0,0,6,0,0,0,0,0,0,2,0,0,0,0,1,0,0,0,2,0,0,0,0,0,2,2,0,0,0,0,2,4,0,0,0,0,0,0,0.0714285714285714,0.0714285714285714,0.142857142857143,0.142857142857143,0.0714285714285714,0.0714285714285714,0,0,0.142857142857143,0.142857142857143,0,0,0.142857142857143,0,0,0,0,0,0,0.333333333333333,0,0,NA,NA,0.166666666666667,0,NA,NA,0.333333333333333,NA,NA,NA,0,0,0.333333333333333,0.333333333333333,0,0,NA,NA,0.333333333333333,0.666666666666667,NA,NA,0,NA,NA,NA,0,0,2,2,0,0,0,0,2,4,0,0,0,0,0,0,3,3,4,2,3,3,0,0,3,2,0,0,4,0,0,0,0,0,0,0,0,0,0,0,0,0,0,0,0,0,0,0,0,0,0,2,0,0,0,0,1,0,0,0,2,0,0,0,0,0,0.333333333333333,0.333333333333333,0,0,NA,NA,0.333333333333333,0.666666666666667,NA,NA,0,NA,NA,NA,1,1,0.666666666666667,0.333333333333333,1,1,NA,NA,0.5,0.333333333333333,NA,NA,0.666666666666667,NA,NA,NA,0,0,0,0,0,0,NA,NA,0,0,NA,NA,0,NA,NA,NA,0,0,0,0.333333333333333,0,0,NA,NA,0.166666666666667,0,NA,NA,0.333333333333333,NA,NA,NA
"464",6,6,0,0,3,0,0,0,6,0,0,0,6,0,0,0,1,0,0,0,0,0,0,0,1,0,0,0,1,0,0,0,0,3,0,0,0,0,0,0,2,0,0,0,1,0,0,0,0.222222222222222,0.222222222222222,0,0,0.111111111111111,0,0,0,0.222222222222222,0,0,0,0.222222222222222,0,0,0,0.166666666666667,0,NA,NA,0,NA,NA,NA,0.166666666666667,NA,NA,NA,0.166666666666667,NA,NA,NA,0,0.5,NA,NA,0,NA,NA,NA,0.333333333333333,NA,NA,NA,0.166666666666667,NA,NA,NA,0,3,0,0,0,0,0,0,2,0,0,0,1,0,0,0,5,3,0,0,3,0,0,0,3,0,0,0,4,0,0,0,0,0,0,0,0,0,0,0,0,0,0,0,0,0,0,0,1,0,0,0,0,0,0,0,1,0,0,0,1,0,0,0,0,0.5,NA,NA,0,NA,NA,NA,0.333333333333333,NA,NA,NA,0.166666666666667,NA,NA,NA,0.833333333333333,0.5,NA,NA,1,NA,NA,NA,0.5,NA,NA,NA,0.666666666666667,NA,NA,NA,0,0,NA,NA,0,NA,NA,NA,0,NA,NA,NA,0,NA,NA,NA,0.166666666666667,0,NA,NA,0,NA,NA,NA,0.166666666666667,NA,NA,NA,0.166666666666667,NA,NA,NA
"465",3,3,6,6,0,3,6,0,6,6,0,0,6,0,0,0,0,0,1,1,0,0,0,0,0,0,0,0,3,0,0,0,0,0,1,3,0,0,4,0,1,5,0,0,1,0,0,0,0.0666666666666667,0.0666666666666667,0.133333333333333,0.133333333333333,0,0.0666666666666667,0.133333333333333,0,0.133333333333333,0.133333333333333,0,0,0.133333333333333,0,0,0,0,0,0.166666666666667,0.166666666666667,NA,0,0,NA,0,0,NA,NA,0.5,NA,NA,NA,0,0,0.166666666666667,0.5,NA,0,0.666666666666667,NA,0.166666666666667,0.833333333333333,NA,NA,0.166666666666667,NA,NA,NA,0,0,1,3,0,0,4,0,1,5,0,0,0,0,0,0,3,3,4,2,0,3,2,0,5,1,0,0,3,0,0,0,0,0,0,0,0,0,0,0,0,0,0,0,1,0,0,0,0,0,1,1,0,0,0,0,0,0,0,0,2,0,0,0,0,0,0.166666666666667,0.5,NA,0,0.666666666666667,NA,0.166666666666667,0.833333333333333,NA,NA,0,NA,NA,NA,1,1,0.666666666666667,0.333333333333333,NA,1,0.333333333333333,NA,0.833333333333333,0.166666666666667,NA,NA,0.5,NA,NA,NA,0,0,0,0,NA,0,0,NA,0,0,NA,NA,0.166666666666667,NA,NA,NA,0,0,0.166666666666667,0.166666666666667,NA,0,0,NA,0,0,NA,NA,0.333333333333333,NA,NA,NA
"466",3,3,3,6,6,6,6,6,3,3,0,0,0,0,0,0,0,0,0,0,0,2,0,2,1,1,0,0,0,0,0,0,0,0,1,1,3,1,4,5,0,2,0,0,0,0,0,0,0.0666666666666667,0.0666666666666667,0.0666666666666667,0.133333333333333,0.133333333333333,0.133333333333333,0.133333333333333,0.133333333333333,0.0666666666666667,0.0666666666666667,0,0,0,0,0,0,0,0,0,0,0,0.333333333333333,0,0.333333333333333,0.333333333333333,0.333333333333333,NA,NA,NA,NA,NA,NA,0,0,0.333333333333333,0.166666666666667,0.5,0.166666666666667,0.666666666666667,0.833333333333333,0,0.666666666666667,NA,NA,NA,NA,NA,NA,0,0,1,1,3,0,4,4,0,1,0,0,0,0,0,0,3,3,2,5,3,4,2,0,2,1,0,0,0,0,0,0,0,0,0,0,0,1,0,1,0,1,0,0,0,0,0,0,0,0,0,0,0,1,0,1,1,0,0,0,0,0,0,0,0,0,0.333333333333333,0.166666666666667,0.5,0,0.666666666666667,0.666666666666667,0,0.333333333333333,NA,NA,NA,NA,NA,NA,1,1,0.666666666666667,0.833333333333333,0.5,0.666666666666667,0.333333333333333,0,0.666666666666667,0.333333333333333,NA,NA,NA,NA,NA,NA,0,0,0,0,0,0.166666666666667,0,0.166666666666667,0,0.333333333333333,NA,NA,NA,NA,NA,NA,0,0,0,0,0,0.166666666666667,0,0.166666666666667,0.333333333333333,0,NA,NA,NA,NA,NA,NA
"467",6,6,3,6,0,6,6,6,0,3,6,0,0,0,0,0,0,1,0,0,0,2,0,3,0,1,2,0,0,0,0,0,1,1,1,2,0,1,3,6,0,3,4,0,0,0,0,0,0.125,0.125,0.0625,0.125,0,0.125,0.125,0.125,0,0.0625,0.125,0,0,0,0,0,0,0.166666666666667,0,0,NA,0.333333333333333,0,0.5,NA,0.333333333333333,0.333333333333333,NA,NA,NA,NA,NA,0.166666666666667,0.166666666666667,0.333333333333333,0.333333333333333,NA,0.166666666666667,0.5,1,NA,1,0.666666666666667,NA,NA,NA,NA,NA,1,1,1,2,0,0,3,3,0,2,3,0,0,0,0,0,5,4,2,4,0,4,3,0,0,0,1,0,0,0,0,0,0,0,0,0,0,1,0,3,0,1,1,0,0,0,0,0,0,1,0,0,0,1,0,0,0,0,1,0,0,0,0,0,0.166666666666667,0.166666666666667,0.333333333333333,0.333333333333333,NA,0,0.5,0.5,NA,0.666666666666667,0.5,NA,NA,NA,NA,NA,0.833333333333333,0.666666666666667,0.666666666666667,0.666666666666667,NA,0.666666666666667,0.5,0,NA,0,0.166666666666667,NA,NA,NA,NA,NA,0,0,0,0,NA,0.166666666666667,0,0.5,NA,0.333333333333333,0.166666666666667,NA,NA,NA,NA,NA,0,0.166666666666667,0,0,NA,0.166666666666667,0,0,NA,0,0.166666666666667,NA,NA,NA,NA,NA
"468",3,3,6,6,3,6,6,0,3,6,0,0,6,0,0,0,0,0,0,1,0,0,1,0,0,2,0,0,0,0,0,0,0,1,2,4,0,2,3,0,0,3,0,0,0,0,0,0,0.0625,0.0625,0.125,0.125,0.0625,0.125,0.125,0,0.0625,0.125,0,0,0.125,0,0,0,0,0,0,0.166666666666667,0,0,0.166666666666667,NA,0,0.333333333333333,NA,NA,0,NA,NA,NA,0,0.333333333333333,0.333333333333333,0.666666666666667,0,0.333333333333333,0.5,NA,0,0.5,NA,NA,0,NA,NA,NA,0,1,2,4,0,2,3,0,0,1,0,0,0,0,0,0,3,2,4,1,3,4,2,0,3,3,0,0,6,0,0,0,0,0,0,0,0,0,0,0,0,2,0,0,0,0,0,0,0,0,0,1,0,0,1,0,0,0,0,0,0,0,0,0,0,0.333333333333333,0.333333333333333,0.666666666666667,0,0.333333333333333,0.5,NA,0,0.166666666666667,NA,NA,0,NA,NA,NA,1,0.666666666666667,0.666666666666667,0.166666666666667,1,0.666666666666667,0.333333333333333,NA,1,0.5,NA,NA,1,NA,NA,NA,0,0,0,0,0,0,0,NA,0,0.333333333333333,NA,NA,0,NA,NA,NA,0,0,0,0.166666666666667,0,0,0.166666666666667,NA,0,0,NA,NA,0,NA,NA,NA
"469",6,6,3,6,0,3,6,0,6,6,0,0,6,0,0,0,0,1,0,0,0,0,0,0,2,0,0,0,2,0,0,0,0,2,0,4,0,1,3,0,1,4,0,0,2,0,0,0,0.125,0.125,0.0625,0.125,0,0.0625,0.125,0,0.125,0.125,0,0,0.125,0,0,0,0,0.166666666666667,0,0,NA,0,0,NA,0.333333333333333,0,NA,NA,0.333333333333333,NA,NA,NA,0,0.333333333333333,0,0.666666666666667,NA,0.333333333333333,0.5,NA,0.166666666666667,0.666666666666667,NA,NA,0.333333333333333,NA,NA,NA,0,2,0,4,0,1,3,0,0,4,0,0,2,0,0,0,6,3,3,2,0,2,3,0,4,2,0,0,2,0,0,0,0,0,0,0,0,0,0,0,1,0,0,0,0,0,0,0,0,1,0,0,0,0,0,0,1,0,0,0,2,0,0,0,0,0.333333333333333,0,0.666666666666667,NA,0.333333333333333,0.5,NA,0,0.666666666666667,NA,NA,0.333333333333333,NA,NA,NA,1,0.5,1,0.333333333333333,NA,0.666666666666667,0.5,NA,0.666666666666667,0.333333333333333,NA,NA,0.333333333333333,NA,NA,NA,0,0,0,0,NA,0,0,NA,0.166666666666667,0,NA,NA,0,NA,NA,NA,0,0.166666666666667,0,0,NA,0,0,NA,0.166666666666667,0,NA,NA,0.333333333333333,NA,NA,NA
"470",3,3,6,0,6,6,0,0,6,3,0,0,0,0,0,0,0,0,1,0,0,1,0,0,2,1,0,0,0,0,0,0,0,1,4,0,1,2,0,0,1,2,0,0,0,0,0,0,0.0909090909090909,0.0909090909090909,0.181818181818182,0,0.181818181818182,0.181818181818182,0,0,0.181818181818182,0.0909090909090909,0,0,0,0,0,0,0,0,0.166666666666667,NA,0,0.166666666666667,NA,NA,0.333333333333333,0.333333333333333,NA,NA,NA,NA,NA,NA,0,0.333333333333333,0.666666666666667,NA,0.166666666666667,0.333333333333333,NA,NA,0.166666666666667,0.666666666666667,NA,NA,NA,NA,NA,NA,0,1,3,0,1,1,0,0,1,1,0,0,0,0,0,0,3,2,2,0,5,4,0,0,3,1,0,0,0,0,0,0,0,0,1,0,0,1,0,0,0,1,0,0,0,0,0,0,0,0,0,0,0,0,0,0,2,0,0,0,0,0,0,0,0,0.333333333333333,0.5,NA,0.166666666666667,0.166666666666667,NA,NA,0.166666666666667,0.333333333333333,NA,NA,NA,NA,NA,NA,1,0.666666666666667,0.333333333333333,NA,0.833333333333333,0.666666666666667,NA,NA,0.5,0.333333333333333,NA,NA,NA,NA,NA,NA,0,0,0.166666666666667,NA,0,0.166666666666667,NA,NA,0,0.333333333333333,NA,NA,NA,NA,NA,NA,0,0,0,NA,0,0,NA,NA,0.333333333333333,0,NA,NA,NA,NA,NA,NA
"471",3,3,3,6,0,0,6,3,6,6,6,0,3,3,0,0,0,0,0,0,0,0,1,3,1,1,1,0,1,1,0,0,0,1,0,3,0,0,2,2,1,3,5,0,0,3,0,0,0.0625,0.0625,0.0625,0.125,0,0,0.125,0.0625,0.125,0.125,0.125,0,0.0625,0.0625,0,0,0,0,0,0,NA,NA,0.166666666666667,1,0.166666666666667,0.166666666666667,0.166666666666667,NA,0.333333333333333,0.333333333333333,NA,NA,0,0.333333333333333,0,0.5,NA,NA,0.333333333333333,0.666666666666667,0.166666666666667,0.5,0.833333333333333,NA,0,1,NA,NA,0,1,0,3,0,0,2,0,1,2,4,0,0,2,0,0,3,2,3,3,0,0,3,0,4,3,1,0,2,0,0,0,0,0,0,0,0,0,0,2,0,1,1,0,0,1,0,0,0,0,0,0,0,0,1,1,1,0,0,0,1,0,0,0,0,0.333333333333333,0,0.5,NA,NA,0.333333333333333,0,0.166666666666667,0.333333333333333,0.666666666666667,NA,0,0.666666666666667,NA,NA,1,0.666666666666667,1,0.5,NA,NA,0.5,0,0.666666666666667,0.5,0.166666666666667,NA,0.666666666666667,0,NA,NA,0,0,0,0,NA,NA,0,0.666666666666667,0,0.166666666666667,0.166666666666667,NA,0,0.333333333333333,NA,NA,0,0,0,0,NA,NA,0.166666666666667,0.333333333333333,0.166666666666667,0,0,NA,0.333333333333333,0,NA,NA
"472",3,3,6,0,3,6,0,0,6,6,0,0,6,3,0,0,0,0,0,0,0,0,0,0,1,1,0,0,0,1,0,0,0,0,3,0,0,1,0,0,1,2,0,0,5,2,0,0,0.0714285714285714,0.0714285714285714,0.142857142857143,0,0.0714285714285714,0.142857142857143,0,0,0.142857142857143,0.142857142857143,0,0,0.142857142857143,0.0714285714285714,0,0,0,0,0,NA,0,0,NA,NA,0.166666666666667,0.166666666666667,NA,NA,0,0.333333333333333,NA,NA,0,0,0.5,NA,0,0.166666666666667,NA,NA,0.166666666666667,0.333333333333333,NA,NA,0.833333333333333,0.666666666666667,NA,NA,0,0,3,0,0,1,0,0,0,2,0,0,5,1,0,0,3,3,3,0,3,5,0,0,5,3,0,0,1,1,0,0,0,0,0,0,0,0,0,0,1,0,0,0,0,1,0,0,0,0,0,0,0,0,0,0,0,1,0,0,0,0,0,0,0,0,0.5,NA,0,0.166666666666667,NA,NA,0,0.333333333333333,NA,NA,0.833333333333333,0.333333333333333,NA,NA,1,1,0.5,NA,1,0.833333333333333,NA,NA,0.833333333333333,0.5,NA,NA,0.166666666666667,0.333333333333333,NA,NA,0,0,0,NA,0,0,NA,NA,0.166666666666667,0,NA,NA,0,0.333333333333333,NA,NA,0,0,0,NA,0,0,NA,NA,0,0.166666666666667,NA,NA,0,0,NA,NA
"473",3,3,6,6,3,6,6,0,6,3,0,0,6,0,0,0,0,0,0,1,0,0,0,0,1,3,0,0,2,0,0,0,1,0,2,3,0,0,4,0,1,0,0,0,3,0,0,0,0.0625,0.0625,0.125,0.125,0.0625,0.125,0.125,0,0.125,0.0625,0,0,0.125,0,0,0,0,0,0,0.166666666666667,0,0,0,NA,0.166666666666667,1,NA,NA,0.333333333333333,NA,NA,NA,0.333333333333333,0,0.333333333333333,0.5,0,0,0.666666666666667,NA,0.166666666666667,0,NA,NA,0.5,NA,NA,NA,1,0,2,2,0,0,4,0,1,0,0,0,2,0,0,0,2,3,4,3,3,6,2,0,4,0,0,0,2,0,0,0,0,0,0,1,0,0,0,0,0,0,0,0,1,0,0,0,0,0,0,0,0,0,0,0,1,3,0,0,1,0,0,0,0.333333333333333,0,0.333333333333333,0.333333333333333,0,0,0.666666666666667,NA,0.166666666666667,0,NA,NA,0.333333333333333,NA,NA,NA,0.666666666666667,1,0.666666666666667,0.5,1,1,0.333333333333333,NA,0.666666666666667,0,NA,NA,0.333333333333333,NA,NA,NA,0,0,0,0.166666666666667,0,0,0,NA,0,0,NA,NA,0.166666666666667,NA,NA,NA,0,0,0,0,0,0,0,NA,0.166666666666667,1,NA,NA,0.166666666666667,NA,NA,NA
"474",6,6,6,6,0,6,6,6,0,6,0,0,0,0,0,0,1,0,1,0,0,1,0,2,0,0,0,0,0,0,0,0,0,1,2,3,0,0,3,4,0,3,0,0,0,0,0,0,0.125,0.125,0.125,0.125,0,0.125,0.125,0.125,0,0.125,0,0,0,0,0,0,0.166666666666667,0,0.166666666666667,0,NA,0.166666666666667,0,0.333333333333333,NA,0,NA,NA,NA,NA,NA,NA,0,0.166666666666667,0.333333333333333,0.5,NA,0,0.5,0.666666666666667,NA,0.5,NA,NA,NA,NA,NA,NA,0,1,1,3,0,0,3,3,0,3,0,0,0,0,0,0,5,5,4,3,0,5,3,1,0,3,0,0,0,0,0,0,0,0,1,0,0,0,0,1,0,0,0,0,0,0,0,0,1,0,0,0,0,1,0,1,0,0,0,0,0,0,0,0,0,0.166666666666667,0.166666666666667,0.5,NA,0,0.5,0.5,NA,0.5,NA,NA,NA,NA,NA,NA,0.833333333333333,0.833333333333333,0.666666666666667,0.5,NA,0.833333333333333,0.5,0.166666666666667,NA,0.5,NA,NA,NA,NA,NA,NA,0,0,0.166666666666667,0,NA,0,0,0.166666666666667,NA,0,NA,NA,NA,NA,NA,NA,0.166666666666667,0,0,0,NA,0.166666666666667,0,0.166666666666667,NA,0,NA,NA,NA,NA,NA,NA
"475",3,3,6,6,3,6,6,6,3,3,0,0,3,0,0,0,0,0,0,1,0,0,2,2,0,2,0,0,0,0,0,0,0,1,1,2,1,2,4,4,0,3,0,0,1,0,0,0,0.0625,0.0625,0.125,0.125,0.0625,0.125,0.125,0.125,0.0625,0.0625,0,0,0.0625,0,0,0,0,0,0,0.166666666666667,0,0,0.333333333333333,0.333333333333333,0,0.666666666666667,NA,NA,0,NA,NA,NA,0,0.333333333333333,0.166666666666667,0.333333333333333,0.333333333333333,0.333333333333333,0.666666666666667,0.666666666666667,0,1,NA,NA,0.333333333333333,NA,NA,NA,0,1,1,2,1,2,3,3,0,1,0,0,1,0,0,0,3,2,5,3,2,4,1,1,3,0,0,0,2,0,0,0,0,0,0,0,0,0,1,1,0,2,0,0,0,0,0,0,0,0,0,1,0,0,1,1,0,0,0,0,0,0,0,0,0,0.333333333333333,0.166666666666667,0.333333333333333,0.333333333333333,0.333333333333333,0.5,0.5,0,0.333333333333333,NA,NA,0.333333333333333,NA,NA,NA,1,0.666666666666667,0.833333333333333,0.5,0.666666666666667,0.666666666666667,0.166666666666667,0.166666666666667,1,0,NA,NA,0.666666666666667,NA,NA,NA,0,0,0,0,0,0,0.166666666666667,0.166666666666667,0,0.666666666666667,NA,NA,0,NA,NA,NA,0,0,0,0.166666666666667,0,0,0.166666666666667,0.166666666666667,0,0,NA,NA,0,NA,NA,NA
"476",3,3,6,6,3,6,0,0,3,3,0,0,6,0,0,0,0,0,0,2,0,0,0,0,0,1,0,0,1,0,0,0,1,0,1,2,1,2,0,0,1,2,0,0,2,0,0,0,0.0769230769230769,0.0769230769230769,0.153846153846154,0.153846153846154,0.0769230769230769,0.153846153846154,0,0,0.0769230769230769,0.0769230769230769,0,0,0.153846153846154,0,0,0,0,0,0,0.333333333333333,0,0,NA,NA,0,0.333333333333333,NA,NA,0.166666666666667,NA,NA,NA,0.333333333333333,0,0.166666666666667,0.333333333333333,0.333333333333333,0.333333333333333,NA,NA,0.333333333333333,0.666666666666667,NA,NA,0.333333333333333,NA,NA,NA,1,0,1,2,1,2,0,0,1,1,0,0,2,0,0,0,2,3,5,2,2,4,0,0,2,1,0,0,3,0,0,0,0,0,0,0,0,0,0,0,0,1,0,0,0,0,0,0,0,0,0,2,0,0,0,0,0,0,0,0,1,0,0,0,0.333333333333333,0,0.166666666666667,0.333333333333333,0.333333333333333,0.333333333333333,NA,NA,0.333333333333333,0.333333333333333,NA,NA,0.333333333333333,NA,NA,NA,0.666666666666667,1,0.833333333333333,0.333333333333333,0.666666666666667,0.666666666666667,NA,NA,0.666666666666667,0.333333333333333,NA,NA,0.5,NA,NA,NA,0,0,0,0,0,0,NA,NA,0,0.333333333333333,NA,NA,0,NA,NA,NA,0,0,0,0.333333333333333,0,0,NA,NA,0,0,NA,NA,0.166666666666667,NA,NA,NA
"477",6,6,3,3,3,6,6,6,3,0,0,3,3,0,0,0,0,1,0,0,0,1,1,1,0,0,0,1,0,0,0,0,1,1,0,1,1,3,5,2,1,0,0,1,0,0,0,0,0.125,0.125,0.0625,0.0625,0.0625,0.125,0.125,0.125,0.0625,0,0,0.0625,0.0625,0,0,0,0,0.166666666666667,0,0,0,0.166666666666667,0.166666666666667,0.166666666666667,0,NA,NA,0.333333333333333,0,NA,NA,NA,0.166666666666667,0.166666666666667,0,0.333333333333333,0.333333333333333,0.5,0.833333333333333,0.333333333333333,0.333333333333333,NA,NA,0.333333333333333,0,NA,NA,NA,1,1,0,1,1,2,4,2,1,0,0,0,0,0,0,0,5,4,3,2,2,3,1,3,2,0,0,2,3,0,0,0,0,0,0,0,0,1,1,0,0,0,0,1,0,0,0,0,0,1,0,0,0,0,0,1,0,0,0,0,0,0,0,0,0.166666666666667,0.166666666666667,0,0.333333333333333,0.333333333333333,0.333333333333333,0.666666666666667,0.333333333333333,0.333333333333333,NA,NA,0,0,NA,NA,NA,0.833333333333333,0.666666666666667,1,0.666666666666667,0.666666666666667,0.5,0.166666666666667,0.5,0.666666666666667,NA,NA,0.666666666666667,1,NA,NA,NA,0,0,0,0,0,0.166666666666667,0.166666666666667,0,0,NA,NA,0.333333333333333,0,NA,NA,NA,0,0.166666666666667,0,0,0,0,0,0.166666666666667,0,NA,NA,0,0,NA,NA,NA
"478",3,3,6,0,0,6,0,0,3,6,0,0,6,0,0,0,0,0,0,0,0,0,0,0,0,1,0,0,0,0,0,0,1,1,3,0,0,0,0,0,1,4,0,0,3,0,0,0,0.0909090909090909,0.0909090909090909,0.181818181818182,0,0,0.181818181818182,0,0,0.0909090909090909,0.181818181818182,0,0,0.181818181818182,0,0,0,0,0,0,NA,NA,0,NA,NA,0,0.166666666666667,NA,NA,0,NA,NA,NA,0.333333333333333,0.333333333333333,0.5,NA,NA,0,NA,NA,0.333333333333333,0.666666666666667,NA,NA,0.5,NA,NA,NA,1,1,3,0,0,0,0,0,1,3,0,0,3,0,0,0,2,2,3,0,0,6,0,0,2,2,0,0,3,0,0,0,0,0,0,0,0,0,0,0,0,1,0,0,0,0,0,0,0,0,0,0,0,0,0,0,0,0,0,0,0,0,0,0,0.333333333333333,0.333333333333333,0.5,NA,NA,0,NA,NA,0.333333333333333,0.5,NA,NA,0.5,NA,NA,NA,0.666666666666667,0.666666666666667,0.5,NA,NA,1,NA,NA,0.666666666666667,0.333333333333333,NA,NA,0.5,NA,NA,NA,0,0,0,NA,NA,0,NA,NA,0,0.166666666666667,NA,NA,0,NA,NA,NA,0,0,0,NA,NA,0,NA,NA,0,0,NA,NA,0,NA,NA,NA
"479",3,3,3,6,3,6,6,6,3,0,0,0,6,0,0,0,0,0,0,0,0,1,0,4,0,0,0,0,1,0,0,0,0,0,0,2,0,3,4,4,1,0,0,0,3,0,0,0,0.0666666666666667,0.0666666666666667,0.0666666666666667,0.133333333333333,0.0666666666666667,0.133333333333333,0.133333333333333,0.133333333333333,0.0666666666666667,0,0,0,0.133333333333333,0,0,0,0,0,0,0,0,0.166666666666667,0,0.666666666666667,0,NA,NA,NA,0.166666666666667,NA,NA,NA,0,0,0,0.333333333333333,0,0.5,0.666666666666667,0.666666666666667,0.333333333333333,NA,NA,NA,0.5,NA,NA,NA,0,0,0,2,0,3,4,1,1,0,0,0,3,0,0,0,3,3,3,4,3,2,2,1,2,0,0,0,2,0,0,0,0,0,0,0,0,0,0,3,0,0,0,0,0,0,0,0,0,0,0,0,0,1,0,1,0,0,0,0,1,0,0,0,0,0,0,0.333333333333333,0,0.5,0.666666666666667,0.166666666666667,0.333333333333333,NA,NA,NA,0.5,NA,NA,NA,1,1,1,0.666666666666667,1,0.333333333333333,0.333333333333333,0.166666666666667,0.666666666666667,NA,NA,NA,0.333333333333333,NA,NA,NA,0,0,0,0,0,0,0,0.5,0,NA,NA,NA,0,NA,NA,NA,0,0,0,0,0,0.166666666666667,0,0.166666666666667,0,NA,NA,NA,0.166666666666667,NA,NA,NA
"480",3,3,6,0,6,6,0,0,6,6,0,0,0,3,0,0,0,0,0,0,1,1,0,0,2,1,0,0,0,1,0,0,0,0,3,0,1,0,0,0,1,3,0,0,0,2,0,0,0.0769230769230769,0.0769230769230769,0.153846153846154,0,0.153846153846154,0.153846153846154,0,0,0.153846153846154,0.153846153846154,0,0,0,0.0769230769230769,0,0,0,0,0,NA,0.166666666666667,0.166666666666667,NA,NA,0.333333333333333,0.166666666666667,NA,NA,NA,0.333333333333333,NA,NA,0,0,0.5,NA,0.166666666666667,0,NA,NA,0.166666666666667,0.5,NA,NA,NA,0.666666666666667,NA,NA,0,0,3,0,1,0,0,0,1,3,0,0,0,1,0,0,3,3,3,0,4,5,0,0,3,2,0,0,0,1,0,0,0,0,0,0,0,0,0,0,0,0,0,0,0,1,0,0,0,0,0,0,1,1,0,0,2,1,0,0,0,0,0,0,0,0,0.5,NA,0.166666666666667,0,NA,NA,0.166666666666667,0.5,NA,NA,NA,0.333333333333333,NA,NA,1,1,0.5,NA,0.666666666666667,0.833333333333333,NA,NA,0.5,0.333333333333333,NA,NA,NA,0.333333333333333,NA,NA,0,0,0,NA,0,0,NA,NA,0,0,NA,NA,NA,0.333333333333333,NA,NA,0,0,0,NA,0.166666666666667,0.166666666666667,NA,NA,0.333333333333333,0.166666666666667,NA,NA,NA,0,NA,NA
"481",3,6,3,0,6,0,0,0,3,0,0,0,6,0,0,0,0,0,1,0,1,0,0,0,0,0,0,0,1,0,0,0,0,3,1,0,0,0,0,0,0,0,0,0,2,0,0,0,0.111111111111111,0.222222222222222,0.111111111111111,0,0.222222222222222,0,0,0,0.111111111111111,0,0,0,0.222222222222222,0,0,0,0,0,0.333333333333333,NA,0.166666666666667,NA,NA,NA,0,NA,NA,NA,0.166666666666667,NA,NA,NA,0,0.5,0.333333333333333,NA,0,NA,NA,NA,0,NA,NA,NA,0.333333333333333,NA,NA,NA,0,3,0,0,0,0,0,0,0,0,0,0,2,0,0,0,3,3,2,0,5,0,0,0,3,0,0,0,3,0,0,0,0,0,1,0,0,0,0,0,0,0,0,0,0,0,0,0,0,0,0,0,1,0,0,0,0,0,0,0,1,0,0,0,0,0.5,0,NA,0,NA,NA,NA,0,NA,NA,NA,0.333333333333333,NA,NA,NA,1,0.5,0.666666666666667,NA,0.833333333333333,NA,NA,NA,1,NA,NA,NA,0.5,NA,NA,NA,0,0,0.333333333333333,NA,0,NA,NA,NA,0,NA,NA,NA,0,NA,NA,NA,0,0,0,NA,0.166666666666667,NA,NA,NA,0,NA,NA,NA,0.166666666666667,NA,NA,NA
"482",3,3,3,6,6,6,6,6,0,0,6,0,0,0,0,0,0,0,0,0,0,1,0,2,0,0,2,0,0,0,0,0,0,1,0,0,3,3,3,4,0,0,5,0,0,0,0,0,0.0666666666666667,0.0666666666666667,0.0666666666666667,0.133333333333333,0.133333333333333,0.133333333333333,0.133333333333333,0.133333333333333,0,0,0.133333333333333,0,0,0,0,0,0,0,0,0,0,0.166666666666667,0,0.333333333333333,NA,NA,0.333333333333333,NA,NA,NA,NA,NA,0,0.333333333333333,0,0,0.5,0.5,0.5,0.666666666666667,NA,NA,0.833333333333333,NA,NA,NA,NA,NA,0,1,0,0,3,3,3,4,0,0,3,0,0,0,0,0,3,2,3,6,3,2,3,0,0,0,1,0,0,0,0,0,0,0,0,0,0,0,0,0,0,0,2,0,0,0,0,0,0,0,0,0,0,1,0,2,0,0,0,0,0,0,0,0,0,0.333333333333333,0,0,0.5,0.5,0.5,0.666666666666667,NA,NA,0.5,NA,NA,NA,NA,NA,1,0.666666666666667,1,1,0.5,0.333333333333333,0.5,0,NA,NA,0.166666666666667,NA,NA,NA,NA,NA,0,0,0,0,0,0,0,0,NA,NA,0.333333333333333,NA,NA,NA,NA,NA,0,0,0,0,0,0.166666666666667,0,0.333333333333333,NA,NA,0,NA,NA,NA,NA,NA
"483",3,3,6,0,6,3,0,0,6,6,0,0,0,0,0,0,0,0,1,0,0,0,0,0,2,1,0,0,0,0,0,0,0,1,4,0,2,0,0,0,1,6,0,0,0,0,0,0,0.0909090909090909,0.0909090909090909,0.181818181818182,0,0.181818181818182,0.0909090909090909,0,0,0.181818181818182,0.181818181818182,0,0,0,0,0,0,0,0,0.166666666666667,NA,0,0,NA,NA,0.333333333333333,0.166666666666667,NA,NA,NA,NA,NA,NA,0,0.333333333333333,0.666666666666667,NA,0.333333333333333,0,NA,NA,0.166666666666667,1,NA,NA,NA,NA,NA,NA,0,1,4,0,2,0,0,0,1,5,0,0,0,0,0,0,3,2,1,0,4,3,0,0,3,0,0,0,0,0,0,0,0,0,0,0,0,0,0,0,0,1,0,0,0,0,0,0,0,0,1,0,0,0,0,0,2,0,0,0,0,0,0,0,0,0.333333333333333,0.666666666666667,NA,0.333333333333333,0,NA,NA,0.166666666666667,0.833333333333333,NA,NA,NA,NA,NA,NA,1,0.666666666666667,0.166666666666667,NA,0.666666666666667,1,NA,NA,0.5,0,NA,NA,NA,NA,NA,NA,0,0,0,NA,0,0,NA,NA,0,0.166666666666667,NA,NA,NA,NA,NA,NA,0,0,0.166666666666667,NA,0,0,NA,NA,0.333333333333333,0,NA,NA,NA,NA,NA,NA
"484",3,3,3,3,0,3,6,6,6,6,0,0,6,0,0,0,0,0,0,0,0,0,0,0,0,0,0,0,3,0,0,0,0,0,0,1,0,1,3,4,1,4,0,0,3,0,0,0,0.0666666666666667,0.0666666666666667,0.0666666666666667,0.0666666666666667,0,0.0666666666666667,0.133333333333333,0.133333333333333,0.133333333333333,0.133333333333333,0,0,0.133333333333333,0,0,0,0,0,0,0,NA,0,0,0,0,0,NA,NA,0.5,NA,NA,NA,0,0,0,0.333333333333333,NA,0.333333333333333,0.5,0.666666666666667,0.166666666666667,0.666666666666667,NA,NA,0.5,NA,NA,NA,0,0,0,1,0,1,3,4,1,4,0,0,1,0,0,0,3,3,3,2,0,2,3,2,5,2,0,0,2,0,0,0,0,0,0,0,0,0,0,0,0,0,0,0,2,0,0,0,0,0,0,0,0,0,0,0,0,0,0,0,1,0,0,0,0,0,0,0.333333333333333,NA,0.333333333333333,0.5,0.666666666666667,0.166666666666667,0.666666666666667,NA,NA,0.166666666666667,NA,NA,NA,1,1,1,0.666666666666667,NA,0.666666666666667,0.5,0.333333333333333,0.833333333333333,0.333333333333333,NA,NA,0.333333333333333,NA,NA,NA,0,0,0,0,NA,0,0,0,0,0,NA,NA,0.333333333333333,NA,NA,NA,0,0,0,0,NA,0,0,0,0,0,NA,NA,0.166666666666667,NA,NA,NA
"485",3,3,3,6,0,0,3,3,6,6,6,0,3,0,0,0,0,0,0,0,0,0,0,1,1,0,0,0,2,0,0,0,0,0,1,2,0,0,0,2,2,5,3,0,1,0,0,0,0.0714285714285714,0.0714285714285714,0.0714285714285714,0.142857142857143,0,0,0.0714285714285714,0.0714285714285714,0.142857142857143,0.142857142857143,0.142857142857143,0,0.0714285714285714,0,0,0,0,0,0,0,NA,NA,0,0.333333333333333,0.166666666666667,0,0,NA,0.666666666666667,NA,NA,NA,0,0,0.333333333333333,0.333333333333333,NA,NA,0,0.666666666666667,0.333333333333333,0.833333333333333,0.5,NA,0.333333333333333,NA,NA,NA,0,0,1,2,0,0,0,1,2,5,3,0,0,0,0,0,3,3,2,4,0,0,3,1,3,1,3,0,1,0,0,0,0,0,0,0,0,0,0,1,0,0,0,0,1,0,0,0,0,0,0,0,0,0,0,0,1,0,0,0,1,0,0,0,0,0,0.333333333333333,0.333333333333333,NA,NA,0,0.333333333333333,0.333333333333333,0.833333333333333,0.5,NA,0,NA,NA,NA,1,1,0.666666666666667,0.666666666666667,NA,NA,1,0.333333333333333,0.5,0.166666666666667,0.5,NA,0.333333333333333,NA,NA,NA,0,0,0,0,NA,NA,0,0.333333333333333,0,0,0,NA,0.333333333333333,NA,NA,NA,0,0,0,0,NA,NA,0,0,0.166666666666667,0,0,NA,0.333333333333333,NA,NA,NA
"486",3,3,3,6,0,6,3,6,6,6,6,0,0,0,0,0,0,0,0,0,0,0,0,2,1,2,0,0,0,0,0,0,0,0,0,2,0,0,1,4,4,4,4,0,0,0,0,0,0.0625,0.0625,0.0625,0.125,0,0.125,0.0625,0.125,0.125,0.125,0.125,0,0,0,0,0,0,0,0,0,NA,0,0,0.333333333333333,0.166666666666667,0.333333333333333,0,NA,NA,NA,NA,NA,0,0,0,0.333333333333333,NA,0,0.333333333333333,0.666666666666667,0.666666666666667,0.666666666666667,0.666666666666667,NA,NA,NA,NA,NA,0,0,0,2,0,0,1,3,3,4,4,0,0,0,0,0,3,3,3,4,0,6,2,1,2,0,2,0,0,0,0,0,0,0,0,0,0,0,0,1,1,0,0,0,0,0,0,0,0,0,0,0,0,0,0,1,0,2,0,0,0,0,0,0,0,0,0,0.333333333333333,NA,0,0.333333333333333,0.5,0.5,0.666666666666667,0.666666666666667,NA,NA,NA,NA,NA,1,1,1,0.666666666666667,NA,1,0.666666666666667,0.166666666666667,0.333333333333333,0,0.333333333333333,NA,NA,NA,NA,NA,0,0,0,0,NA,0,0,0.166666666666667,0.166666666666667,0,0,NA,NA,NA,NA,NA,0,0,0,0,NA,0,0,0.166666666666667,0,0.333333333333333,0,NA,NA,NA,NA,NA
"487",3,3,3,6,0,3,6,6,3,6,0,0,6,0,0,0,0,0,0,1,0,0,2,2,0,1,0,0,1,0,0,0,0,1,1,1,0,1,6,3,0,5,0,0,3,0,0,0,0.0666666666666667,0.0666666666666667,0.0666666666666667,0.133333333333333,0,0.0666666666666667,0.133333333333333,0.133333333333333,0.0666666666666667,0.133333333333333,0,0,0.133333333333333,0,0,0,0,0,0,0.166666666666667,NA,0,0.333333333333333,0.333333333333333,0,0.166666666666667,NA,NA,0.166666666666667,NA,NA,NA,0,0.333333333333333,0.333333333333333,0.166666666666667,NA,0.333333333333333,1,0.5,0,0.833333333333333,NA,NA,0.5,NA,NA,NA,0,1,1,0,0,1,4,2,0,4,0,0,2,0,0,0,3,2,2,5,0,2,0,2,3,1,0,0,3,0,0,0,0,0,0,1,0,0,2,1,0,1,0,0,1,0,0,0,0,0,0,0,0,0,0,1,0,0,0,0,0,0,0,0,0,0.333333333333333,0.333333333333333,0,NA,0.333333333333333,0.666666666666667,0.333333333333333,0,0.666666666666667,NA,NA,0.333333333333333,NA,NA,NA,1,0.666666666666667,0.666666666666667,0.833333333333333,NA,0.666666666666667,0,0.333333333333333,1,0.166666666666667,NA,NA,0.5,NA,NA,NA,0,0,0,0.166666666666667,NA,0,0.333333333333333,0.166666666666667,0,0.166666666666667,NA,NA,0.166666666666667,NA,NA,NA,0,0,0,0,NA,0,0,0.166666666666667,0,0,NA,NA,0,NA,NA,NA
"488",3,6,6,6,3,0,3,6,3,6,6,0,0,0,0,0,0,0,1,1,0,0,0,2,1,1,1,0,0,0,0,0,0,0,2,1,0,0,1,5,0,5,3,0,0,0,0,0,0.0625,0.125,0.125,0.125,0.0625,0,0.0625,0.125,0.0625,0.125,0.125,0,0,0,0,0,0,0,0.166666666666667,0.166666666666667,0,NA,0,0.333333333333333,0.333333333333333,0.166666666666667,0.166666666666667,NA,NA,NA,NA,NA,0,0,0.333333333333333,0.166666666666667,0,NA,0.333333333333333,0.833333333333333,0,0.833333333333333,0.5,NA,NA,NA,NA,NA,0,0,1,1,0,0,1,3,0,4,3,0,0,0,0,0,3,6,4,4,3,0,2,1,2,1,2,0,0,0,0,0,0,0,1,0,0,0,0,2,0,1,0,0,0,0,0,0,0,0,0,1,0,0,0,0,1,0,1,0,0,0,0,0,0,0,0.166666666666667,0.166666666666667,0,NA,0.333333333333333,0.5,0,0.666666666666667,0.5,NA,NA,NA,NA,NA,1,1,0.666666666666667,0.666666666666667,1,NA,0.666666666666667,0.166666666666667,0.666666666666667,0.166666666666667,0.333333333333333,NA,NA,NA,NA,NA,0,0,0.166666666666667,0,0,NA,0,0.333333333333333,0,0.166666666666667,0,NA,NA,NA,NA,NA,0,0,0,0.166666666666667,0,NA,0,0,0.333333333333333,0,0.166666666666667,NA,NA,NA,NA,NA
"489",3,6,0,0,3,0,0,0,3,0,0,0,6,0,0,0,0,0,0,0,0,0,0,0,0,0,0,0,1,0,0,0,0,3,0,0,0,0,0,0,0,0,0,0,4,0,0,0,0.142857142857143,0.285714285714286,0,0,0.142857142857143,0,0,0,0.142857142857143,0,0,0,0.285714285714286,0,0,0,0,0,NA,NA,0,NA,NA,NA,0,NA,NA,NA,0.166666666666667,NA,NA,NA,0,0.5,NA,NA,0,NA,NA,NA,0,NA,NA,NA,0.666666666666667,NA,NA,NA,0,3,0,0,0,0,0,0,0,0,0,0,4,0,0,0,3,3,0,0,3,0,0,0,3,0,0,0,1,0,0,0,0,0,0,0,0,0,0,0,0,0,0,0,0,0,0,0,0,0,0,0,0,0,0,0,0,0,0,0,1,0,0,0,0,0.5,NA,NA,0,NA,NA,NA,0,NA,NA,NA,0.666666666666667,NA,NA,NA,1,0.5,NA,NA,1,NA,NA,NA,1,NA,NA,NA,0.166666666666667,NA,NA,NA,0,0,NA,NA,0,NA,NA,NA,0,NA,NA,NA,0,NA,NA,NA,0,0,NA,NA,0,NA,NA,NA,0,NA,NA,NA,0.166666666666667,NA,NA,NA
"490",3,6,3,0,6,0,0,0,6,0,0,0,0,0,0,0,0,0,1,0,0,0,0,0,2,0,0,0,0,0,0,0,0,2,2,0,0,0,0,0,2,0,0,0,0,0,0,0,0.125,0.25,0.125,0,0.25,0,0,0,0.25,0,0,0,0,0,0,0,0,0,0.333333333333333,NA,0,NA,NA,NA,0.333333333333333,NA,NA,NA,NA,NA,NA,NA,0,0.333333333333333,0.666666666666667,NA,0,NA,NA,NA,0.333333333333333,NA,NA,NA,NA,NA,NA,NA,0,2,1,0,0,0,0,0,1,0,0,0,0,0,0,0,3,4,1,0,6,0,0,0,3,0,0,0,0,0,0,0,0,0,1,0,0,0,0,0,1,0,0,0,0,0,0,0,0,0,0,0,0,0,0,0,1,0,0,0,0,0,0,0,0,0.333333333333333,0.333333333333333,NA,0,NA,NA,NA,0.166666666666667,NA,NA,NA,NA,NA,NA,NA,1,0.666666666666667,0.333333333333333,NA,1,NA,NA,NA,0.5,NA,NA,NA,NA,NA,NA,NA,0,0,0.333333333333333,NA,0,NA,NA,NA,0.166666666666667,NA,NA,NA,NA,NA,NA,NA,0,0,0,NA,0,NA,NA,NA,0.166666666666667,NA,NA,NA,NA,NA,NA,NA
"491",3,3,3,6,0,3,6,0,3,6,0,0,6,0,0,0,0,0,0,1,0,0,1,0,0,1,0,0,0,0,0,0,0,1,1,3,0,1,4,0,0,4,0,0,4,0,0,0,0.0769230769230769,0.0769230769230769,0.0769230769230769,0.153846153846154,0,0.0769230769230769,0.153846153846154,0,0.0769230769230769,0.153846153846154,0,0,0.153846153846154,0,0,0,0,0,0,0.166666666666667,NA,0,0.166666666666667,NA,0,0.166666666666667,NA,NA,0,NA,NA,NA,0,0.333333333333333,0.333333333333333,0.5,NA,0.333333333333333,0.666666666666667,NA,0,0.666666666666667,NA,NA,0.666666666666667,NA,NA,NA,0,1,1,3,0,1,4,0,0,4,0,0,4,0,0,0,3,2,2,2,0,2,1,0,3,1,0,0,2,0,0,0,0,0,0,0,0,0,0,0,0,0,0,0,0,0,0,0,0,0,0,1,0,0,1,0,0,1,0,0,0,0,0,0,0,0.333333333333333,0.333333333333333,0.5,NA,0.333333333333333,0.666666666666667,NA,0,0.666666666666667,NA,NA,0.666666666666667,NA,NA,NA,1,0.666666666666667,0.666666666666667,0.333333333333333,NA,0.666666666666667,0.166666666666667,NA,1,0.166666666666667,NA,NA,0.333333333333333,NA,NA,NA,0,0,0,0,NA,0,0,NA,0,0,NA,NA,0,NA,NA,NA,0,0,0,0.166666666666667,NA,0,0.166666666666667,NA,0,0.166666666666667,NA,NA,0,NA,NA,NA
"492",3,6,6,6,3,6,6,0,3,3,0,0,6,0,0,0,0,0,1,0,0,1,0,0,0,1,0,0,0,0,0,0,1,2,1,3,0,2,5,0,1,1,0,0,2,0,0,0,0.0625,0.125,0.125,0.125,0.0625,0.125,0.125,0,0.0625,0.0625,0,0,0.125,0,0,0,0,0,0.166666666666667,0,0,0.166666666666667,0,NA,0,0.333333333333333,NA,NA,0,NA,NA,NA,0.333333333333333,0.333333333333333,0.166666666666667,0.5,0,0.333333333333333,0.833333333333333,NA,0.333333333333333,0.333333333333333,NA,NA,0.333333333333333,NA,NA,NA,1,2,1,3,0,1,5,0,1,0,0,0,2,0,0,0,2,4,4,3,3,4,1,0,2,2,0,0,4,0,0,0,0,0,0,0,0,1,0,0,0,1,0,0,0,0,0,0,0,0,1,0,0,0,0,0,0,0,0,0,0,0,0,0,0.333333333333333,0.333333333333333,0.166666666666667,0.5,0,0.166666666666667,0.833333333333333,NA,0.333333333333333,0,NA,NA,0.333333333333333,NA,NA,NA,0.666666666666667,0.666666666666667,0.666666666666667,0.5,1,0.666666666666667,0.166666666666667,NA,0.666666666666667,0.666666666666667,NA,NA,0.666666666666667,NA,NA,NA,0,0,0,0,0,0.166666666666667,0,NA,0,0.333333333333333,NA,NA,0,NA,NA,NA,0,0,0.166666666666667,0,0,0,0,NA,0,0,NA,NA,0,NA,NA,NA
"493",6,6,0,0,6,0,0,0,3,0,0,0,6,0,0,0,0,1,0,0,1,0,0,0,0,0,0,0,0,0,0,0,1,3,0,0,2,0,0,0,1,0,0,0,5,0,0,0,0.222222222222222,0.222222222222222,0,0,0.222222222222222,0,0,0,0.111111111111111,0,0,0,0.222222222222222,0,0,0,0,0.166666666666667,NA,NA,0.166666666666667,NA,NA,NA,0,NA,NA,NA,0,NA,NA,NA,0.166666666666667,0.5,NA,NA,0.333333333333333,NA,NA,NA,0.333333333333333,NA,NA,NA,0.833333333333333,NA,NA,NA,1,2,0,0,1,0,0,0,1,0,0,0,5,0,0,0,5,3,0,0,4,0,0,0,2,0,0,0,1,0,0,0,0,1,0,0,1,0,0,0,0,0,0,0,0,0,0,0,0,0,0,0,0,0,0,0,0,0,0,0,0,0,0,0,0.166666666666667,0.333333333333333,NA,NA,0.166666666666667,NA,NA,NA,0.333333333333333,NA,NA,NA,0.833333333333333,NA,NA,NA,0.833333333333333,0.5,NA,NA,0.666666666666667,NA,NA,NA,0.666666666666667,NA,NA,NA,0.166666666666667,NA,NA,NA,0,0.166666666666667,NA,NA,0.166666666666667,NA,NA,NA,0,NA,NA,NA,0,NA,NA,NA,0,0,NA,NA,0,NA,NA,NA,0,NA,NA,NA,0,NA,NA,NA
"494",3,3,3,6,6,6,6,6,6,0,0,0,3,0,0,0,0,0,0,0,0,0,0,4,1,0,0,0,1,0,0,0,1,0,1,2,2,4,4,3,0,0,0,0,1,0,0,0,0.0625,0.0625,0.0625,0.125,0.125,0.125,0.125,0.125,0.125,0,0,0,0.0625,0,0,0,0,0,0,0,0,0,0,0.666666666666667,0.166666666666667,NA,NA,NA,0.333333333333333,NA,NA,NA,0.333333333333333,0,0.333333333333333,0.333333333333333,0.333333333333333,0.666666666666667,0.666666666666667,0.5,0,NA,NA,NA,0.333333333333333,NA,NA,NA,1,0,1,2,2,4,4,1,0,0,0,0,0,0,0,0,2,3,2,4,4,2,2,1,5,0,0,0,2,0,0,0,0,0,0,0,0,0,0,2,0,0,0,0,1,0,0,0,0,0,0,0,0,0,0,2,1,0,0,0,0,0,0,0,0.333333333333333,0,0.333333333333333,0.333333333333333,0.333333333333333,0.666666666666667,0.666666666666667,0.166666666666667,0,NA,NA,NA,0,NA,NA,NA,0.666666666666667,1,0.666666666666667,0.666666666666667,0.666666666666667,0.333333333333333,0.333333333333333,0.166666666666667,0.833333333333333,NA,NA,NA,0.666666666666667,NA,NA,NA,0,0,0,0,0,0,0,0.333333333333333,0,NA,NA,NA,0.333333333333333,NA,NA,NA,0,0,0,0,0,0,0,0.333333333333333,0.166666666666667,NA,NA,NA,0,NA,NA,NA
"495",3,3,3,6,0,0,3,0,3,6,6,0,6,0,0,0,0,0,0,0,0,0,0,0,0,0,1,0,0,0,0,0,0,1,1,4,0,0,1,0,0,5,4,0,3,0,0,0,0.0769230769230769,0.0769230769230769,0.0769230769230769,0.153846153846154,0,0,0.0769230769230769,0,0.0769230769230769,0.153846153846154,0.153846153846154,0,0.153846153846154,0,0,0,0,0,0,0,NA,NA,0,NA,0,0,0.166666666666667,NA,0,NA,NA,NA,0,0.333333333333333,0.333333333333333,0.666666666666667,NA,NA,0.333333333333333,NA,0,0.833333333333333,0.666666666666667,NA,0.5,NA,NA,NA,0,1,1,4,0,0,1,0,0,5,4,0,3,0,0,0,3,2,2,2,0,0,2,0,3,1,1,0,3,0,0,0,0,0,0,0,0,0,0,0,0,0,0,0,0,0,0,0,0,0,0,0,0,0,0,0,0,0,1,0,0,0,0,0,0,0.333333333333333,0.333333333333333,0.666666666666667,NA,NA,0.333333333333333,NA,0,0.833333333333333,0.666666666666667,NA,0.5,NA,NA,NA,1,0.666666666666667,0.666666666666667,0.333333333333333,NA,NA,0.666666666666667,NA,1,0.166666666666667,0.166666666666667,NA,0.5,NA,NA,NA,0,0,0,0,NA,NA,0,NA,0,0,0,NA,0,NA,NA,NA,0,0,0,0,NA,NA,0,NA,0,0,0.166666666666667,NA,0,NA,NA,NA
"496",6,6,6,3,6,6,0,0,6,0,0,0,3,0,0,0,0,1,0,1,0,0,0,0,2,0,0,0,3,0,0,0,2,2,3,1,0,3,0,0,1,0,0,0,1,0,0,0,0.142857142857143,0.142857142857143,0.142857142857143,0.0714285714285714,0.142857142857143,0.142857142857143,0,0,0.142857142857143,0,0,0,0.0714285714285714,0,0,0,0,0.166666666666667,0,0.333333333333333,0,0,NA,NA,0.333333333333333,NA,NA,NA,1,NA,NA,NA,0.333333333333333,0.333333333333333,0.5,0.333333333333333,0,0.5,NA,NA,0.166666666666667,NA,NA,NA,0.333333333333333,NA,NA,NA,2,1,3,0,0,3,0,0,1,0,0,0,0,0,0,0,4,4,3,2,6,3,0,0,3,0,0,0,0,0,0,0,0,1,0,1,0,0,0,0,0,0,0,0,1,0,0,0,0,0,0,0,0,0,0,0,2,0,0,0,2,0,0,0,0.333333333333333,0.166666666666667,0.5,0,0,0.5,NA,NA,0.166666666666667,NA,NA,NA,0,NA,NA,NA,0.666666666666667,0.666666666666667,0.5,0.666666666666667,1,0.5,NA,NA,0.5,NA,NA,NA,0,NA,NA,NA,0,0.166666666666667,0,0.333333333333333,0,0,NA,NA,0,NA,NA,NA,0.333333333333333,NA,NA,NA,0,0,0,0,0,0,NA,NA,0.333333333333333,NA,NA,NA,0.666666666666667,NA,NA,NA
"497",3,3,3,6,0,6,6,6,3,6,3,0,3,0,0,0,0,0,0,0,0,1,0,2,0,0,2,0,0,0,0,0,1,0,0,1,0,1,3,5,1,4,1,0,0,0,0,0,0.0625,0.0625,0.0625,0.125,0,0.125,0.125,0.125,0.0625,0.125,0.0625,0,0.0625,0,0,0,0,0,0,0,NA,0.166666666666667,0,0.333333333333333,0,0,0.666666666666667,NA,0,NA,NA,NA,0.333333333333333,0,0,0.166666666666667,NA,0.166666666666667,0.5,0.833333333333333,0.333333333333333,0.666666666666667,0.333333333333333,NA,0,NA,NA,NA,1,0,0,1,0,0,3,4,1,4,1,0,0,0,0,0,2,3,3,5,0,5,3,0,2,2,0,0,3,0,0,0,0,0,0,0,0,1,0,1,0,0,0,0,0,0,0,0,0,0,0,0,0,0,0,1,0,0,2,0,0,0,0,0,0.333333333333333,0,0,0.166666666666667,NA,0,0.5,0.666666666666667,0.333333333333333,0.666666666666667,0.333333333333333,NA,0,NA,NA,NA,0.666666666666667,1,1,0.833333333333333,NA,0.833333333333333,0.5,0,0.666666666666667,0.333333333333333,0,NA,1,NA,NA,NA,0,0,0,0,NA,0.166666666666667,0,0.166666666666667,0,0,0,NA,0,NA,NA,NA,0,0,0,0,NA,0,0,0.166666666666667,0,0,0.666666666666667,NA,0,NA,NA,NA
"498",3,3,6,0,3,6,0,0,6,0,0,0,6,0,0,0,0,0,1,0,0,2,0,0,0,0,0,0,2,0,0,0,0,1,3,0,0,1,0,0,1,0,0,0,3,0,0,0,0.0909090909090909,0.0909090909090909,0.181818181818182,0,0.0909090909090909,0.181818181818182,0,0,0.181818181818182,0,0,0,0.181818181818182,0,0,0,0,0,0.166666666666667,NA,0,0.333333333333333,NA,NA,0,NA,NA,NA,0.333333333333333,NA,NA,NA,0,0.333333333333333,0.5,NA,0,0.166666666666667,NA,NA,0.166666666666667,NA,NA,NA,0.5,NA,NA,NA,0,1,2,0,0,1,0,0,1,0,0,0,2,0,0,0,3,2,3,0,3,3,0,0,5,0,0,0,2,0,0,0,0,0,1,0,0,0,0,0,0,0,0,0,1,0,0,0,0,0,0,0,0,2,0,0,0,0,0,0,1,0,0,0,0,0.333333333333333,0.333333333333333,NA,0,0.166666666666667,NA,NA,0.166666666666667,NA,NA,NA,0.333333333333333,NA,NA,NA,1,0.666666666666667,0.5,NA,1,0.5,NA,NA,0.833333333333333,NA,NA,NA,0.333333333333333,NA,NA,NA,0,0,0.166666666666667,NA,0,0,NA,NA,0,NA,NA,NA,0.166666666666667,NA,NA,NA,0,0,0,NA,0,0.333333333333333,NA,NA,0,NA,NA,NA,0.166666666666667,NA,NA,NA
"499",3,3,6,0,0,3,0,0,6,6,0,0,6,0,0,0,0,0,0,0,0,0,0,0,0,1,0,0,2,0,0,0,0,1,3,0,0,0,0,0,1,3,0,0,1,0,0,0,0.0909090909090909,0.0909090909090909,0.181818181818182,0,0,0.0909090909090909,0,0,0.181818181818182,0.181818181818182,0,0,0.181818181818182,0,0,0,0,0,0,NA,NA,0,NA,NA,0,0.166666666666667,NA,NA,0.333333333333333,NA,NA,NA,0,0.333333333333333,0.5,NA,NA,0,NA,NA,0.166666666666667,0.5,NA,NA,0.166666666666667,NA,NA,NA,0,1,3,0,0,0,0,0,1,3,0,0,1,0,0,0,3,2,3,0,0,3,0,0,5,2,0,0,3,0,0,0,0,0,0,0,0,0,0,0,0,0,0,0,0,0,0,0,0,0,0,0,0,0,0,0,0,1,0,0,2,0,0,0,0,0.333333333333333,0.5,NA,NA,0,NA,NA,0.166666666666667,0.5,NA,NA,0.166666666666667,NA,NA,NA,1,0.666666666666667,0.5,NA,NA,1,NA,NA,0.833333333333333,0.333333333333333,NA,NA,0.5,NA,NA,NA,0,0,0,NA,NA,0,NA,NA,0,0,NA,NA,0,NA,NA,NA,0,0,0,NA,NA,0,NA,NA,0,0.166666666666667,NA,NA,0.333333333333333,NA,NA,NA
"500",3,6,0,0,6,0,0,0,3,0,0,0,0,0,0,0,0,0,0,0,1,0,0,0,1,0,0,0,0,0,0,0,0,3,0,0,1,0,0,0,0,0,0,0,0,0,0,0,0.166666666666667,0.333333333333333,0,0,0.333333333333333,0,0,0,0.166666666666667,0,0,0,0,0,0,0,0,0,NA,NA,0.166666666666667,NA,NA,NA,0.333333333333333,NA,NA,NA,NA,NA,NA,NA,0,0.5,NA,NA,0.166666666666667,NA,NA,NA,0,NA,NA,NA,NA,NA,NA,NA,0,3,0,0,1,0,0,0,0,0,0,0,0,0,0,0,3,3,0,0,4,0,0,0,2,0,0,0,0,0,0,0,0,0,0,0,0,0,0,0,0,0,0,0,0,0,0,0,0,0,0,0,1,0,0,0,1,0,0,0,0,0,0,0,0,0.5,NA,NA,0.166666666666667,NA,NA,NA,0,NA,NA,NA,NA,NA,NA,NA,1,0.5,NA,NA,0.666666666666667,NA,NA,NA,0.666666666666667,NA,NA,NA,NA,NA,NA,NA,0,0,NA,NA,0,NA,NA,NA,0,NA,NA,NA,NA,NA,NA,NA,0,0,NA,NA,0.166666666666667,NA,NA,NA,0.333333333333333,NA,NA,NA,NA,NA,NA,NA
"501",3,3,6,6,6,6,0,0,6,6,0,0,0,0,0,0,0,0,0,2,0,0,0,0,2,1,0,0,0,0,0,0,0,0,1,1,0,1,0,0,2,6,0,0,0,0,0,0,0.0714285714285714,0.0714285714285714,0.142857142857143,0.142857142857143,0.142857142857143,0.142857142857143,0,0,0.142857142857143,0.142857142857143,0,0,0,0,0,0,0,0,0,0.333333333333333,0,0,NA,NA,0.333333333333333,0.166666666666667,NA,NA,NA,NA,NA,NA,0,0,0.166666666666667,0.166666666666667,0,0.166666666666667,NA,NA,0.333333333333333,1,NA,NA,NA,NA,NA,NA,0,0,1,1,0,1,0,0,1,5,0,0,0,0,0,0,3,3,5,3,6,5,0,0,3,0,0,0,0,0,0,0,0,0,0,0,0,0,0,0,1,1,0,0,0,0,0,0,0,0,0,2,0,0,0,0,1,0,0,0,0,0,0,0,0,0,0.166666666666667,0.166666666666667,0,0.166666666666667,NA,NA,0.166666666666667,0.833333333333333,NA,NA,NA,NA,NA,NA,1,1,0.833333333333333,0.5,1,0.833333333333333,NA,NA,0.5,0,NA,NA,NA,NA,NA,NA,0,0,0,0,0,0,NA,NA,0.166666666666667,0.166666666666667,NA,NA,NA,NA,NA,NA,0,0,0,0.333333333333333,0,0,NA,NA,0.166666666666667,0,NA,NA,NA,NA,NA,NA
"502",3,3,6,6,6,6,6,3,6,0,0,0,0,0,0,0,0,0,0,1,0,1,0,1,2,0,0,0,0,0,0,0,0,0,2,2,2,5,3,3,1,0,0,0,0,0,0,0,0.0666666666666667,0.0666666666666667,0.133333333333333,0.133333333333333,0.133333333333333,0.133333333333333,0.133333333333333,0.0666666666666667,0.133333333333333,0,0,0,0,0,0,0,0,0,0,0.166666666666667,0,0.166666666666667,0,0.333333333333333,0.333333333333333,NA,NA,NA,NA,NA,NA,NA,0,0,0.333333333333333,0.333333333333333,0.333333333333333,0.833333333333333,0.5,1,0.166666666666667,NA,NA,NA,NA,NA,NA,NA,0,0,2,2,2,4,3,2,1,0,0,0,0,0,0,0,3,3,4,3,4,1,3,0,3,0,0,0,0,0,0,0,0,0,0,0,0,1,0,1,0,0,0,0,0,0,0,0,0,0,0,1,0,0,0,0,2,0,0,0,0,0,0,0,0,0,0.333333333333333,0.333333333333333,0.333333333333333,0.666666666666667,0.5,0.666666666666667,0.166666666666667,NA,NA,NA,NA,NA,NA,NA,1,1,0.666666666666667,0.5,0.666666666666667,0.166666666666667,0.5,0,0.5,NA,NA,NA,NA,NA,NA,NA,0,0,0,0,0,0.166666666666667,0,0.333333333333333,0,NA,NA,NA,NA,NA,NA,NA,0,0,0,0.166666666666667,0,0,0,0,0.333333333333333,NA,NA,NA,NA,NA,NA,NA
"503",6,6,3,6,0,3,6,6,0,6,3,0,0,3,0,0,0,1,0,0,0,0,1,3,0,2,1,0,0,2,0,0,1,0,0,2,0,1,3,3,0,2,3,0,0,3,0,0,0.125,0.125,0.0625,0.125,0,0.0625,0.125,0.125,0,0.125,0.0625,0,0,0.0625,0,0,0,0.166666666666667,0,0,NA,0,0.166666666666667,0.5,NA,0.333333333333333,0.333333333333333,NA,NA,0.666666666666667,NA,NA,0.166666666666667,0,0,0.333333333333333,NA,0.333333333333333,0.5,0.5,NA,0.333333333333333,1,NA,NA,1,NA,NA,1,0,0,2,0,1,3,2,0,2,2,0,0,1,0,0,5,5,3,4,0,2,2,1,0,2,0,0,0,0,0,0,0,0,0,0,0,0,0,1,0,0,1,0,0,2,0,0,0,1,0,0,0,0,1,2,0,2,0,0,0,0,0,0,0.166666666666667,0,0,0.333333333333333,NA,0.333333333333333,0.5,0.333333333333333,NA,0.333333333333333,0.666666666666667,NA,NA,0.333333333333333,NA,NA,0.833333333333333,0.833333333333333,1,0.666666666666667,NA,0.666666666666667,0.333333333333333,0.166666666666667,NA,0.333333333333333,0,NA,NA,0,NA,NA,0,0,0,0,NA,0,0,0.166666666666667,NA,0,0.333333333333333,NA,NA,0.666666666666667,NA,NA,0,0.166666666666667,0,0,NA,0,0.166666666666667,0.333333333333333,NA,0.333333333333333,0,NA,NA,0,NA,NA
"504",3,3,6,0,3,6,0,0,6,0,0,0,6,0,0,0,0,0,0,0,0,0,0,0,0,0,0,0,1,0,0,0,0,0,3,0,0,4,0,0,1,0,0,0,2,0,0,0,0.0909090909090909,0.0909090909090909,0.181818181818182,0,0.0909090909090909,0.181818181818182,0,0,0.181818181818182,0,0,0,0.181818181818182,0,0,0,0,0,0,NA,0,0,NA,NA,0,NA,NA,NA,0.166666666666667,NA,NA,NA,0,0,0.5,NA,0,0.666666666666667,NA,NA,0.166666666666667,NA,NA,NA,0.333333333333333,NA,NA,NA,0,0,3,0,0,4,0,0,1,0,0,0,1,0,0,0,3,3,3,0,3,2,0,0,5,0,0,0,4,0,0,0,0,0,0,0,0,0,0,0,0,0,0,0,1,0,0,0,0,0,0,0,0,0,0,0,0,0,0,0,0,0,0,0,0,0,0.5,NA,0,0.666666666666667,NA,NA,0.166666666666667,NA,NA,NA,0.166666666666667,NA,NA,NA,1,1,0.5,NA,1,0.333333333333333,NA,NA,0.833333333333333,NA,NA,NA,0.666666666666667,NA,NA,NA,0,0,0,NA,0,0,NA,NA,0,NA,NA,NA,0.166666666666667,NA,NA,NA,0,0,0,NA,0,0,NA,NA,0,NA,NA,NA,0,NA,NA,NA
"505",3,6,0,0,6,0,0,0,0,0,0,0,0,0,0,0,0,0,0,0,0,0,0,0,0,0,0,0,0,0,0,0,0,4,0,0,3,0,0,0,0,0,0,0,0,0,0,0,0.2,0.4,0,0,0.4,0,0,0,0,0,0,0,0,0,0,0,0,0,NA,NA,0,NA,NA,NA,NA,NA,NA,NA,NA,NA,NA,NA,0,0.666666666666667,NA,NA,0.5,NA,NA,NA,NA,NA,NA,NA,NA,NA,NA,NA,0,4,0,0,3,0,0,0,0,0,0,0,0,0,0,0,3,2,0,0,3,0,0,0,0,0,0,0,0,0,0,0,0,0,0,0,0,0,0,0,0,0,0,0,0,0,0,0,0,0,0,0,0,0,0,0,0,0,0,0,0,0,0,0,0,0.666666666666667,NA,NA,0.5,NA,NA,NA,NA,NA,NA,NA,NA,NA,NA,NA,1,0.333333333333333,NA,NA,0.5,NA,NA,NA,NA,NA,NA,NA,NA,NA,NA,NA,0,0,NA,NA,0,NA,NA,NA,NA,NA,NA,NA,NA,NA,NA,NA,0,0,NA,NA,0,NA,NA,NA,NA,NA,NA,NA,NA,NA,NA,NA
"506",3,3,3,6,3,6,6,6,6,0,0,0,6,0,0,0,0,0,0,0,0,0,1,2,0,0,0,0,2,0,0,0,0,0,0,1,0,3,4,4,0,0,0,0,3,0,0,0,0.0625,0.0625,0.0625,0.125,0.0625,0.125,0.125,0.125,0.125,0,0,0,0.125,0,0,0,0,0,0,0,0,0,0.166666666666667,0.333333333333333,0,NA,NA,NA,0.333333333333333,NA,NA,NA,0,0,0,0.166666666666667,0,0.5,0.666666666666667,0.666666666666667,0,NA,NA,NA,0.5,NA,NA,NA,0,0,0,1,0,3,3,3,0,0,0,0,2,0,0,0,3,3,3,5,3,3,2,1,6,0,0,0,2,0,0,0,0,0,0,0,0,0,1,1,0,0,0,0,1,0,0,0,0,0,0,0,0,0,0,1,0,0,0,0,1,0,0,0,0,0,0,0.166666666666667,0,0.5,0.5,0.5,0,NA,NA,NA,0.333333333333333,NA,NA,NA,1,1,1,0.833333333333333,1,0.5,0.333333333333333,0.166666666666667,1,NA,NA,NA,0.333333333333333,NA,NA,NA,0,0,0,0,0,0,0.166666666666667,0.166666666666667,0,NA,NA,NA,0.166666666666667,NA,NA,NA,0,0,0,0,0,0,0,0.166666666666667,0,NA,NA,NA,0.166666666666667,NA,NA,NA
"507",3,3,3,6,3,3,6,0,6,6,3,0,3,0,0,0,0,0,0,0,0,0,0,0,1,1,2,0,1,0,0,0,0,1,0,5,1,1,4,0,2,5,2,0,2,0,0,0,0.0666666666666667,0.0666666666666667,0.0666666666666667,0.133333333333333,0.0666666666666667,0.0666666666666667,0.133333333333333,0,0.133333333333333,0.133333333333333,0.0666666666666667,0,0.0666666666666667,0,0,0,0,0,0,0,0,0,0,NA,0.166666666666667,0.166666666666667,0.666666666666667,NA,0.333333333333333,NA,NA,NA,0,0.333333333333333,0,0.833333333333333,0.333333333333333,0.333333333333333,0.666666666666667,NA,0.333333333333333,0.833333333333333,0.666666666666667,NA,0.666666666666667,NA,NA,NA,0,1,0,5,1,1,4,0,2,4,1,0,1,0,0,0,3,2,3,1,2,2,2,0,3,1,0,0,1,0,0,0,0,0,0,0,0,0,0,0,0,1,1,0,1,0,0,0,0,0,0,0,0,0,0,0,1,0,1,0,0,0,0,0,0,0.333333333333333,0,0.833333333333333,0.333333333333333,0.333333333333333,0.666666666666667,NA,0.333333333333333,0.666666666666667,0.333333333333333,NA,0.333333333333333,NA,NA,NA,1,0.666666666666667,1,0.166666666666667,0.666666666666667,0.666666666666667,0.333333333333333,NA,0.5,0.166666666666667,0,NA,0.333333333333333,NA,NA,NA,0,0,0,0,0,0,0,NA,0,0.166666666666667,0.333333333333333,NA,0.333333333333333,NA,NA,NA,0,0,0,0,0,0,0,NA,0.166666666666667,0,0.333333333333333,NA,0,NA,NA,NA
"508",3,3,3,6,6,6,6,0,6,6,3,0,0,0,0,0,0,0,0,0,0,1,2,0,2,1,2,0,0,0,0,0,0,1,0,4,1,0,3,0,2,4,2,0,0,0,0,0,0.0625,0.0625,0.0625,0.125,0.125,0.125,0.125,0,0.125,0.125,0.0625,0,0,0,0,0,0,0,0,0,0,0.166666666666667,0.333333333333333,NA,0.333333333333333,0.166666666666667,0.666666666666667,NA,NA,NA,NA,NA,0,0.333333333333333,0,0.666666666666667,0.166666666666667,0,0.5,NA,0.333333333333333,0.666666666666667,0.666666666666667,NA,NA,NA,NA,NA,0,1,0,4,1,0,1,0,1,3,1,0,0,0,0,0,3,2,3,2,5,5,3,0,3,2,0,0,0,0,0,0,0,0,0,0,0,0,2,0,1,1,1,0,0,0,0,0,0,0,0,0,0,1,0,0,1,0,1,0,0,0,0,0,0,0.333333333333333,0,0.666666666666667,0.166666666666667,0,0.166666666666667,NA,0.166666666666667,0.5,0.333333333333333,NA,NA,NA,NA,NA,1,0.666666666666667,1,0.333333333333333,0.833333333333333,0.833333333333333,0.5,NA,0.5,0.333333333333333,0,NA,NA,NA,NA,NA,0,0,0,0,0,0,0.333333333333333,NA,0.166666666666667,0.166666666666667,0.333333333333333,NA,NA,NA,NA,NA,0,0,0,0,0,0.166666666666667,0,NA,0.166666666666667,0,0.333333333333333,NA,NA,NA,NA,NA
"509",3,3,3,6,0,3,6,0,6,6,0,0,6,3,0,0,0,0,0,0,0,0,1,0,0,0,0,0,2,2,0,0,0,1,1,5,0,1,5,0,0,3,0,0,1,1,0,0,0.0666666666666667,0.0666666666666667,0.0666666666666667,0.133333333333333,0,0.0666666666666667,0.133333333333333,0,0.133333333333333,0.133333333333333,0,0,0.133333333333333,0.0666666666666667,0,0,0,0,0,0,NA,0,0.166666666666667,NA,0,0,NA,NA,0.333333333333333,0.666666666666667,NA,NA,0,0.333333333333333,0.333333333333333,0.833333333333333,NA,0.333333333333333,0.833333333333333,NA,0,0.5,NA,NA,0.166666666666667,0.333333333333333,NA,NA,0,1,1,5,0,1,5,0,0,3,0,0,1,1,0,0,3,2,2,1,0,2,0,0,6,3,0,0,3,0,0,0,0,0,0,0,0,0,0,0,0,0,0,0,0,0,0,0,0,0,0,0,0,0,1,0,0,0,0,0,2,2,0,0,0,0.333333333333333,0.333333333333333,0.833333333333333,NA,0.333333333333333,0.833333333333333,NA,0,0.5,NA,NA,0.166666666666667,0.333333333333333,NA,NA,1,0.666666666666667,0.666666666666667,0.166666666666667,NA,0.666666666666667,0,NA,1,0.5,NA,NA,0.5,0,NA,NA,0,0,0,0,NA,0,0,NA,0,0,NA,NA,0,0,NA,NA,0,0,0,0,NA,0,0.166666666666667,NA,0,0,NA,NA,0.333333333333333,0.666666666666667,NA,NA
"510",3,3,6,0,3,6,0,0,6,0,0,0,6,0,0,0,0,0,0,0,0,2,0,0,0,0,0,0,3,0,0,0,0,0,3,0,0,1,0,0,1,0,0,0,4,0,0,0,0.0909090909090909,0.0909090909090909,0.181818181818182,0,0.0909090909090909,0.181818181818182,0,0,0.181818181818182,0,0,0,0.181818181818182,0,0,0,0,0,0,NA,0,0.333333333333333,NA,NA,0,NA,NA,NA,0.5,NA,NA,NA,0,0,0.5,NA,0,0.166666666666667,NA,NA,0.166666666666667,NA,NA,NA,0.666666666666667,NA,NA,NA,0,0,3,0,0,1,0,0,1,0,0,0,2,0,0,0,3,3,3,0,3,3,0,0,5,0,0,0,1,0,0,0,0,0,0,0,0,0,0,0,0,0,0,0,2,0,0,0,0,0,0,0,0,2,0,0,0,0,0,0,1,0,0,0,0,0,0.5,NA,0,0.166666666666667,NA,NA,0.166666666666667,NA,NA,NA,0.333333333333333,NA,NA,NA,1,1,0.5,NA,1,0.5,NA,NA,0.833333333333333,NA,NA,NA,0.166666666666667,NA,NA,NA,0,0,0,NA,0,0,NA,NA,0,NA,NA,NA,0.333333333333333,NA,NA,NA,0,0,0,NA,0,0.333333333333333,NA,NA,0,NA,NA,NA,0.166666666666667,NA,NA,NA
"511",3,3,3,6,0,3,6,3,3,6,6,0,3,3,0,0,0,0,0,0,0,0,0,1,0,1,2,0,0,2,0,0,0,0,0,3,0,1,2,2,0,2,3,0,0,3,0,0,0.0625,0.0625,0.0625,0.125,0,0.0625,0.125,0.0625,0.0625,0.125,0.125,0,0.0625,0.0625,0,0,0,0,0,0,NA,0,0,0.333333333333333,0,0.166666666666667,0.333333333333333,NA,0,0.666666666666667,NA,NA,0,0,0,0.5,NA,0.333333333333333,0.333333333333333,0.666666666666667,0,0.333333333333333,0.5,NA,0,1,NA,NA,0,0,0,3,0,1,2,2,0,2,3,0,0,1,0,0,3,3,3,3,0,2,4,0,3,3,1,0,3,0,0,0,0,0,0,0,0,0,0,0,0,0,0,0,0,2,0,0,0,0,0,0,0,0,0,1,0,1,2,0,0,0,0,0,0,0,0,0.5,NA,0.333333333333333,0.333333333333333,0.666666666666667,0,0.333333333333333,0.5,NA,0,0.333333333333333,NA,NA,1,1,1,0.5,NA,0.666666666666667,0.666666666666667,0,1,0.5,0.166666666666667,NA,1,0,NA,NA,0,0,0,0,NA,0,0,0,0,0,0,NA,0,0.666666666666667,NA,NA,0,0,0,0,NA,0,0,0.333333333333333,0,0.166666666666667,0.333333333333333,NA,0,0,NA,NA
"512",3,3,6,6,3,6,6,6,0,6,0,3,0,0,0,0,0,0,0,1,0,1,0,2,0,2,0,1,0,0,0,0,1,0,1,2,1,2,5,2,0,4,0,2,0,0,0,0,0.0625,0.0625,0.125,0.125,0.0625,0.125,0.125,0.125,0,0.125,0,0.0625,0,0,0,0,0,0,0,0.166666666666667,0,0.166666666666667,0,0.333333333333333,NA,0.333333333333333,NA,0.333333333333333,NA,NA,NA,NA,0.333333333333333,0,0.166666666666667,0.333333333333333,0.333333333333333,0.333333333333333,0.833333333333333,0.333333333333333,NA,0.666666666666667,NA,0.666666666666667,NA,NA,NA,NA,1,0,1,2,1,2,5,1,0,2,0,2,0,0,0,0,2,3,5,3,2,3,1,3,0,2,0,0,0,0,0,0,0,0,0,0,0,0,0,1,0,2,0,0,0,0,0,0,0,0,0,1,0,1,0,1,0,0,0,1,0,0,0,0,0.333333333333333,0,0.166666666666667,0.333333333333333,0.333333333333333,0.333333333333333,0.833333333333333,0.166666666666667,NA,0.333333333333333,NA,0.666666666666667,NA,NA,NA,NA,0.666666666666667,1,0.833333333333333,0.5,0.666666666666667,0.5,0.166666666666667,0.5,NA,0.333333333333333,NA,0,NA,NA,NA,NA,0,0,0,0,0,0,0,0.166666666666667,NA,0.333333333333333,NA,0,NA,NA,NA,NA,0,0,0,0.166666666666667,0,0.166666666666667,0,0.166666666666667,NA,0,NA,0.333333333333333,NA,NA,NA,NA
"513",3,3,6,0,6,6,0,0,6,6,0,0,0,0,0,0,0,0,0,0,0,0,0,0,2,1,0,0,0,0,0,0,0,0,3,0,2,0,0,0,2,4,0,0,0,0,0,0,0.0833333333333333,0.0833333333333333,0.166666666666667,0,0.166666666666667,0.166666666666667,0,0,0.166666666666667,0.166666666666667,0,0,0,0,0,0,0,0,0,NA,0,0,NA,NA,0.333333333333333,0.166666666666667,NA,NA,NA,NA,NA,NA,0,0,0.5,NA,0.333333333333333,0,NA,NA,0.333333333333333,0.666666666666667,NA,NA,NA,NA,NA,NA,0,0,3,0,2,0,0,0,2,3,0,0,0,0,0,0,3,3,3,0,4,6,0,0,2,2,0,0,0,0,0,0,0,0,0,0,0,0,0,0,0,1,0,0,0,0,0,0,0,0,0,0,0,0,0,0,2,0,0,0,0,0,0,0,0,0,0.5,NA,0.333333333333333,0,NA,NA,0.333333333333333,0.5,NA,NA,NA,NA,NA,NA,1,1,0.5,NA,0.666666666666667,1,NA,NA,0.333333333333333,0.333333333333333,NA,NA,NA,NA,NA,NA,0,0,0,NA,0,0,NA,NA,0,0.166666666666667,NA,NA,NA,NA,NA,NA,0,0,0,NA,0,0,NA,NA,0.333333333333333,0,NA,NA,NA,NA,NA,NA
"514",3,3,6,6,6,6,6,3,6,0,0,0,3,0,0,0,0,0,0,1,0,2,1,2,1,0,0,0,0,0,0,0,0,1,2,1,2,0,4,0,0,0,0,0,1,0,0,0,0.0625,0.0625,0.125,0.125,0.125,0.125,0.125,0.0625,0.125,0,0,0,0.0625,0,0,0,0,0,0,0.166666666666667,0,0.333333333333333,0.166666666666667,0.666666666666667,0.166666666666667,NA,NA,NA,0,NA,NA,NA,0,0.333333333333333,0.333333333333333,0.166666666666667,0.333333333333333,0,0.666666666666667,0,0,NA,NA,NA,0.333333333333333,NA,NA,NA,0,1,2,1,2,0,4,0,0,0,0,0,1,0,0,0,3,2,4,4,4,4,1,1,5,0,0,0,2,0,0,0,0,0,0,0,0,0,0,0,0,0,0,0,0,0,0,0,0,0,0,1,0,2,1,2,1,0,0,0,0,0,0,0,0,0.333333333333333,0.333333333333333,0.166666666666667,0.333333333333333,0,0.666666666666667,0,0,NA,NA,NA,0.333333333333333,NA,NA,NA,1,0.666666666666667,0.666666666666667,0.666666666666667,0.666666666666667,0.666666666666667,0.166666666666667,0.333333333333333,0.833333333333333,NA,NA,NA,0.666666666666667,NA,NA,NA,0,0,0,0,0,0,0,0,0,NA,NA,NA,0,NA,NA,NA,0,0,0,0.166666666666667,0,0.333333333333333,0.166666666666667,0.666666666666667,0.166666666666667,NA,NA,NA,0,NA,NA,NA
"515",6,3,3,3,0,3,6,6,3,6,0,0,6,3,0,0,1,0,0,0,0,0,0,0,0,1,0,0,1,1,0,0,2,0,0,1,0,0,4,5,1,2,0,0,2,1,0,0,0.125,0.0625,0.0625,0.0625,0,0.0625,0.125,0.125,0.0625,0.125,0,0,0.125,0.0625,0,0,0.166666666666667,0,0,0,NA,0,0,0,0,0.166666666666667,NA,NA,0.166666666666667,0.333333333333333,NA,NA,0.333333333333333,0,0,0.333333333333333,NA,0,0.666666666666667,0.833333333333333,0.333333333333333,0.333333333333333,NA,NA,0.333333333333333,0.333333333333333,NA,NA,2,0,0,1,0,0,4,5,1,2,0,0,2,0,0,0,3,3,3,2,0,3,2,1,2,3,0,0,3,2,0,0,0,0,0,0,0,0,0,0,0,0,0,0,0,1,0,0,1,0,0,0,0,0,0,0,0,1,0,0,1,0,0,0,0.333333333333333,0,0,0.333333333333333,NA,0,0.666666666666667,0.833333333333333,0.333333333333333,0.333333333333333,NA,NA,0.333333333333333,0,NA,NA,0.5,1,1,0.666666666666667,NA,1,0.333333333333333,0.166666666666667,0.666666666666667,0.5,NA,NA,0.5,0.666666666666667,NA,NA,0,0,0,0,NA,0,0,0,0,0,NA,NA,0,0.333333333333333,NA,NA,0.166666666666667,0,0,0,NA,0,0,0,0,0.166666666666667,NA,NA,0.166666666666667,0,NA,NA
"516",3,6,6,0,6,6,0,0,6,6,0,0,0,3,0,0,0,0,1,0,0,1,0,0,2,0,0,0,0,1,0,0,0,2,3,0,3,1,0,0,1,3,0,0,0,1,0,0,0.0714285714285714,0.142857142857143,0.142857142857143,0,0.142857142857143,0.142857142857143,0,0,0.142857142857143,0.142857142857143,0,0,0,0.0714285714285714,0,0,0,0,0.166666666666667,NA,0,0.166666666666667,NA,NA,0.333333333333333,0,NA,NA,NA,0.333333333333333,NA,NA,0,0.333333333333333,0.5,NA,0.5,0.166666666666667,NA,NA,0.166666666666667,0.5,NA,NA,NA,0.333333333333333,NA,NA,0,2,3,0,3,1,0,0,1,3,0,0,0,1,0,0,3,4,2,0,3,4,0,0,3,3,0,0,0,1,0,0,0,0,0,0,0,0,0,0,0,0,0,0,0,0,0,0,0,0,1,0,0,1,0,0,2,0,0,0,0,1,0,0,0,0.333333333333333,0.5,NA,0.5,0.166666666666667,NA,NA,0.166666666666667,0.5,NA,NA,NA,0.333333333333333,NA,NA,1,0.666666666666667,0.333333333333333,NA,0.5,0.666666666666667,NA,NA,0.5,0.5,NA,NA,NA,0.333333333333333,NA,NA,0,0,0,NA,0,0,NA,NA,0,0,NA,NA,NA,0,NA,NA,0,0,0.166666666666667,NA,0,0.166666666666667,NA,NA,0.333333333333333,0,NA,NA,NA,0.333333333333333,NA,NA
"517",3,3,3,6,3,3,3,0,6,6,6,0,6,0,0,0,0,0,0,0,0,0,0,0,1,1,1,0,1,0,0,0,1,0,1,5,0,0,1,0,2,3,4,0,1,0,0,0,0.0625,0.0625,0.0625,0.125,0.0625,0.0625,0.0625,0,0.125,0.125,0.125,0,0.125,0,0,0,0,0,0,0,0,0,0,NA,0.166666666666667,0.166666666666667,0.166666666666667,NA,0.166666666666667,NA,NA,NA,0.333333333333333,0,0.333333333333333,0.833333333333333,0,0,0.333333333333333,NA,0.333333333333333,0.5,0.666666666666667,NA,0.166666666666667,NA,NA,NA,1,0,1,5,0,0,1,0,2,2,4,0,1,0,0,0,2,3,2,1,3,3,2,0,3,3,1,0,4,0,0,0,0,0,0,0,0,0,0,0,0,1,0,0,0,0,0,0,0,0,0,0,0,0,0,0,1,0,1,0,1,0,0,0,0.333333333333333,0,0.333333333333333,0.833333333333333,0,0,0.333333333333333,NA,0.333333333333333,0.333333333333333,0.666666666666667,NA,0.166666666666667,NA,NA,NA,0.666666666666667,1,0.666666666666667,0.166666666666667,1,1,0.666666666666667,NA,0.5,0.5,0.166666666666667,NA,0.666666666666667,NA,NA,NA,0,0,0,0,0,0,0,NA,0,0.166666666666667,0,NA,0,NA,NA,NA,0,0,0,0,0,0,0,NA,0.166666666666667,0,0.166666666666667,NA,0.166666666666667,NA,NA,NA
"518",3,3,3,6,6,6,6,0,6,3,0,0,0,0,0,0,0,0,0,1,1,1,0,0,2,1,0,0,0,0,0,0,0,1,1,4,1,0,4,0,1,1,0,0,0,0,0,0,0.0714285714285714,0.0714285714285714,0.0714285714285714,0.142857142857143,0.142857142857143,0.142857142857143,0.142857142857143,0,0.142857142857143,0.0714285714285714,0,0,0,0,0,0,0,0,0,0.166666666666667,0.166666666666667,0.166666666666667,0,NA,0.333333333333333,0.333333333333333,NA,NA,NA,NA,NA,NA,0,0.333333333333333,0.333333333333333,0.666666666666667,0.166666666666667,0,0.666666666666667,NA,0.166666666666667,0.333333333333333,NA,NA,NA,NA,NA,NA,0,1,1,3,1,0,4,0,0,0,0,0,0,0,0,0,3,2,2,2,4,5,2,0,4,2,0,0,0,0,0,0,0,0,0,1,0,0,0,0,1,1,0,0,0,0,0,0,0,0,0,0,1,1,0,0,1,0,0,0,0,0,0,0,0,0.333333333333333,0.333333333333333,0.5,0.166666666666667,0,0.666666666666667,NA,0,0,NA,NA,NA,NA,NA,NA,1,0.666666666666667,0.666666666666667,0.333333333333333,0.666666666666667,0.833333333333333,0.333333333333333,NA,0.666666666666667,0.666666666666667,NA,NA,NA,NA,NA,NA,0,0,0,0.166666666666667,0,0,0,NA,0.166666666666667,0.333333333333333,NA,NA,NA,NA,NA,NA,0,0,0,0,0.166666666666667,0.166666666666667,0,NA,0.166666666666667,0,NA,NA,NA,NA,NA,NA
"519",6,6,0,0,6,0,0,0,6,0,0,0,6,0,0,0,0,2,0,0,0,0,0,0,1,0,0,0,1,0,0,0,1,1,0,0,0,0,0,0,1,0,0,0,3,0,0,0,0.2,0.2,0,0,0.2,0,0,0,0.2,0,0,0,0.2,0,0,0,0,0.333333333333333,NA,NA,0,NA,NA,NA,0.166666666666667,NA,NA,NA,0.166666666666667,NA,NA,NA,0.166666666666667,0.166666666666667,NA,NA,0,NA,NA,NA,0.166666666666667,NA,NA,NA,0.5,NA,NA,NA,1,1,0,0,0,0,0,0,1,0,0,0,2,0,0,0,5,3,0,0,6,0,0,0,4,0,0,0,3,0,0,0,0,0,0,0,0,0,0,0,0,0,0,0,1,0,0,0,0,2,0,0,0,0,0,0,1,0,0,0,0,0,0,0,0.166666666666667,0.166666666666667,NA,NA,0,NA,NA,NA,0.166666666666667,NA,NA,NA,0.333333333333333,NA,NA,NA,0.833333333333333,0.5,NA,NA,1,NA,NA,NA,0.666666666666667,NA,NA,NA,0.5,NA,NA,NA,0,0,NA,NA,0,NA,NA,NA,0,NA,NA,NA,0.166666666666667,NA,NA,NA,0,0.333333333333333,NA,NA,0,NA,NA,NA,0.166666666666667,NA,NA,NA,0,NA,NA,NA
"520",3,6,6,3,6,6,0,0,6,0,0,0,6,0,0,0,0,0,1,1,1,0,0,0,0,0,0,0,2,0,0,0,0,2,1,2,1,3,0,0,2,0,0,0,1,0,0,0,0.0714285714285714,0.142857142857143,0.142857142857143,0.0714285714285714,0.142857142857143,0.142857142857143,0,0,0.142857142857143,0,0,0,0.142857142857143,0,0,0,0,0,0.166666666666667,0.333333333333333,0.166666666666667,0,NA,NA,0,NA,NA,NA,0.333333333333333,NA,NA,NA,0,0.333333333333333,0.166666666666667,0.666666666666667,0.166666666666667,0.5,NA,NA,0.333333333333333,NA,NA,NA,0.166666666666667,NA,NA,NA,0,2,1,1,1,3,0,0,2,0,0,0,0,0,0,0,3,4,4,1,4,3,0,0,4,0,0,0,4,0,0,0,0,0,0,1,0,0,0,0,0,0,0,0,1,0,0,0,0,0,1,0,1,0,0,0,0,0,0,0,1,0,0,0,0,0.333333333333333,0.166666666666667,0.333333333333333,0.166666666666667,0.5,NA,NA,0.333333333333333,NA,NA,NA,0,NA,NA,NA,1,0.666666666666667,0.666666666666667,0.333333333333333,0.666666666666667,0.5,NA,NA,0.666666666666667,NA,NA,NA,0.666666666666667,NA,NA,NA,0,0,0,0.333333333333333,0,0,NA,NA,0,NA,NA,NA,0.166666666666667,NA,NA,NA,0,0,0.166666666666667,0,0.166666666666667,0,NA,NA,0,NA,NA,NA,0.166666666666667,NA,NA,NA
"521",3,6,6,3,3,0,0,0,6,0,0,0,3,0,0,0,0,1,1,1,0,0,0,0,1,0,0,0,1,0,0,0,1,0,2,1,0,0,0,0,3,0,0,0,2,0,0,0,0.1,0.2,0.2,0.1,0.1,0,0,0,0.2,0,0,0,0.1,0,0,0,0,0.166666666666667,0.166666666666667,0.333333333333333,0,NA,NA,NA,0.166666666666667,NA,NA,NA,0.333333333333333,NA,NA,NA,0.333333333333333,0,0.333333333333333,0.333333333333333,0,NA,NA,NA,0.5,NA,NA,NA,0.666666666666667,NA,NA,NA,1,0,1,1,0,0,0,0,2,0,0,0,1,0,0,0,2,5,4,1,3,0,0,0,3,0,0,0,1,0,0,0,0,0,1,0,0,0,0,0,1,0,0,0,1,0,0,0,0,1,0,1,0,0,0,0,0,0,0,0,0,0,0,0,0.333333333333333,0,0.166666666666667,0.333333333333333,0,NA,NA,NA,0.333333333333333,NA,NA,NA,0.333333333333333,NA,NA,NA,0.666666666666667,0.833333333333333,0.666666666666667,0.333333333333333,1,NA,NA,NA,0.5,NA,NA,NA,0.333333333333333,NA,NA,NA,0,0,0.166666666666667,0,0,NA,NA,NA,0.166666666666667,NA,NA,NA,0.333333333333333,NA,NA,NA,0,0.166666666666667,0,0.333333333333333,0,NA,NA,NA,0,NA,NA,NA,0,NA,NA,NA
"522",3,3,6,6,6,6,0,0,3,6,0,0,0,0,0,0,0,0,1,4,1,0,0,0,1,2,0,0,0,0,0,0,0,0,0,3,2,1,0,0,0,4,0,0,0,0,0,0,0.0769230769230769,0.0769230769230769,0.153846153846154,0.153846153846154,0.153846153846154,0.153846153846154,0,0,0.0769230769230769,0.153846153846154,0,0,0,0,0,0,0,0,0.166666666666667,0.666666666666667,0.166666666666667,0,NA,NA,0.333333333333333,0.333333333333333,NA,NA,NA,NA,NA,NA,0,0,0,0.5,0.333333333333333,0.166666666666667,NA,NA,0,0.666666666666667,NA,NA,NA,NA,NA,NA,0,0,0,0,2,1,0,0,0,3,0,0,0,0,0,0,3,3,5,2,3,5,0,0,2,1,0,0,0,0,0,0,0,0,0,3,0,0,0,0,0,1,0,0,0,0,0,0,0,0,1,1,1,0,0,0,1,1,0,0,0,0,0,0,0,0,0,0,0.333333333333333,0.166666666666667,NA,NA,0,0.5,NA,NA,NA,NA,NA,NA,1,1,0.833333333333333,0.333333333333333,0.5,0.833333333333333,NA,NA,0.666666666666667,0.166666666666667,NA,NA,NA,NA,NA,NA,0,0,0,0.5,0,0,NA,NA,0,0.166666666666667,NA,NA,NA,NA,NA,NA,0,0,0.166666666666667,0.166666666666667,0.166666666666667,0,NA,NA,0.333333333333333,0.166666666666667,NA,NA,NA,NA,NA,NA
"523",3,3,3,6,0,3,6,3,6,6,0,0,6,3,0,0,0,0,0,1,0,0,2,1,0,0,0,0,3,1,0,0,0,1,1,3,0,0,5,3,0,4,0,0,3,1,0,0,0.0625,0.0625,0.0625,0.125,0,0.0625,0.125,0.0625,0.125,0.125,0,0,0.125,0.0625,0,0,0,0,0,0.166666666666667,NA,0,0.333333333333333,0.333333333333333,0,0,NA,NA,0.5,0.333333333333333,NA,NA,0,0.333333333333333,0.333333333333333,0.5,NA,0,0.833333333333333,1,0,0.666666666666667,NA,NA,0.5,0.333333333333333,NA,NA,0,1,1,2,0,0,3,2,0,4,0,0,2,1,0,0,3,2,2,3,0,3,1,0,6,2,0,0,1,1,0,0,0,0,0,1,0,0,2,1,0,0,0,0,1,0,0,0,0,0,0,0,0,0,0,0,0,0,0,0,2,1,0,0,0,0.333333333333333,0.333333333333333,0.333333333333333,NA,0,0.5,0.666666666666667,0,0.666666666666667,NA,NA,0.333333333333333,0.333333333333333,NA,NA,1,0.666666666666667,0.666666666666667,0.5,NA,1,0.166666666666667,0,1,0.333333333333333,NA,NA,0.166666666666667,0.333333333333333,NA,NA,0,0,0,0.166666666666667,NA,0,0.333333333333333,0.333333333333333,0,0,NA,NA,0.166666666666667,0,NA,NA,0,0,0,0,NA,0,0,0,0,0,NA,NA,0.333333333333333,0.333333333333333,NA,NA
"524",3,6,6,6,3,6,6,3,3,6,0,0,0,0,0,0,0,0,1,0,0,0,2,1,0,2,0,0,0,0,0,0,0,0,1,3,0,2,2,2,0,5,0,0,0,0,0,0,0.0625,0.125,0.125,0.125,0.0625,0.125,0.125,0.0625,0.0625,0.125,0,0,0,0,0,0,0,0,0.166666666666667,0,0,0,0.333333333333333,0.333333333333333,0,0.333333333333333,NA,NA,NA,NA,NA,NA,0,0,0.166666666666667,0.5,0,0.333333333333333,0.333333333333333,0.666666666666667,0,0.833333333333333,NA,NA,NA,NA,NA,NA,0,0,1,3,0,2,2,1,0,3,0,0,0,0,0,0,3,6,4,3,3,4,2,1,3,1,0,0,0,0,0,0,0,0,0,0,0,0,0,1,0,2,0,0,0,0,0,0,0,0,1,0,0,0,2,0,0,0,0,0,0,0,0,0,0,0,0.166666666666667,0.5,0,0.333333333333333,0.333333333333333,0.333333333333333,0,0.5,NA,NA,NA,NA,NA,NA,1,1,0.666666666666667,0.5,1,0.666666666666667,0.333333333333333,0.333333333333333,1,0.166666666666667,NA,NA,NA,NA,NA,NA,0,0,0,0,0,0,0,0.333333333333333,0,0.333333333333333,NA,NA,NA,NA,NA,NA,0,0,0.166666666666667,0,0,0,0.333333333333333,0,0,0,NA,NA,NA,NA,NA,NA
"525",6,6,3,6,3,6,6,6,3,0,0,0,3,0,0,0,0,1,0,0,0,1,0,2,0,0,0,0,0,0,0,0,0,2,1,1,1,3,6,4,1,0,0,0,1,0,0,0,0.125,0.125,0.0625,0.125,0.0625,0.125,0.125,0.125,0.0625,0,0,0,0.0625,0,0,0,0,0.166666666666667,0,0,0,0.166666666666667,0,0.333333333333333,0,NA,NA,NA,0,NA,NA,NA,0,0.333333333333333,0.333333333333333,0.166666666666667,0.333333333333333,0.5,1,0.666666666666667,0.333333333333333,NA,NA,NA,0.333333333333333,NA,NA,NA,0,2,1,1,1,2,6,2,1,0,0,0,1,0,0,0,6,3,2,5,2,3,0,2,2,0,0,0,2,0,0,0,0,0,0,0,0,1,0,2,0,0,0,0,0,0,0,0,0,1,0,0,0,0,0,0,0,0,0,0,0,0,0,0,0,0.333333333333333,0.333333333333333,0.166666666666667,0.333333333333333,0.333333333333333,1,0.333333333333333,0.333333333333333,NA,NA,NA,0.333333333333333,NA,NA,NA,1,0.5,0.666666666666667,0.833333333333333,0.666666666666667,0.5,0,0.333333333333333,0.666666666666667,NA,NA,NA,0.666666666666667,NA,NA,NA,0,0,0,0,0,0.166666666666667,0,0.333333333333333,0,NA,NA,NA,0,NA,NA,NA,0,0.166666666666667,0,0,0,0,0,0,0,NA,NA,NA,0,NA,NA,NA
"526",6,3,3,6,3,6,6,0,6,6,3,0,0,0,0,0,1,0,0,0,0,1,0,0,1,1,1,0,0,0,0,0,0,1,0,3,1,0,4,0,1,3,2,0,0,0,0,0,0.125,0.0625,0.0625,0.125,0.0625,0.125,0.125,0,0.125,0.125,0.0625,0,0,0,0,0,0.166666666666667,0,0,0,0,0.166666666666667,0,NA,0.166666666666667,0.166666666666667,0.333333333333333,NA,NA,NA,NA,NA,0,0.333333333333333,0,0.5,0.333333333333333,0,0.666666666666667,NA,0.166666666666667,0.5,0.666666666666667,NA,NA,NA,NA,NA,0,1,0,3,1,0,4,0,1,3,1,0,0,0,0,0,5,2,3,3,2,5,2,0,4,2,1,0,0,0,0,0,0,0,0,0,0,0,0,0,0,0,1,0,0,0,0,0,1,0,0,0,0,1,0,0,1,1,0,0,0,0,0,0,0,0.333333333333333,0,0.5,0.333333333333333,0,0.666666666666667,NA,0.166666666666667,0.5,0.333333333333333,NA,NA,NA,NA,NA,0.833333333333333,0.666666666666667,1,0.5,0.666666666666667,0.833333333333333,0.333333333333333,NA,0.666666666666667,0.333333333333333,0.333333333333333,NA,NA,NA,NA,NA,0,0,0,0,0,0,0,NA,0,0,0.333333333333333,NA,NA,NA,NA,NA,0.166666666666667,0,0,0,0,0.166666666666667,0,NA,0.166666666666667,0.166666666666667,0,NA,NA,NA,NA,NA
"527",3,3,6,6,0,3,6,0,6,6,6,0,3,0,0,0,0,0,1,1,0,0,1,0,1,0,2,0,1,0,0,0,0,0,2,4,0,1,1,0,0,5,3,0,1,0,0,0,0.0625,0.0625,0.125,0.125,0,0.0625,0.125,0,0.125,0.125,0.125,0,0.0625,0,0,0,0,0,0.166666666666667,0.166666666666667,NA,0,0.166666666666667,NA,0.166666666666667,0,0.333333333333333,NA,0.333333333333333,NA,NA,NA,0,0,0.333333333333333,0.666666666666667,NA,0.333333333333333,0.166666666666667,NA,0,0.833333333333333,0.5,NA,0.333333333333333,NA,NA,NA,0,0,1,3,0,1,0,0,0,5,2,0,1,0,0,0,3,3,4,2,0,2,5,0,5,1,2,0,1,0,0,0,0,0,1,1,0,0,1,0,0,0,1,0,0,0,0,0,0,0,0,0,0,0,0,0,1,0,1,0,1,0,0,0,0,0,0.166666666666667,0.5,NA,0.333333333333333,0,NA,0,0.833333333333333,0.333333333333333,NA,0.333333333333333,NA,NA,NA,1,1,0.666666666666667,0.333333333333333,NA,0.666666666666667,0.833333333333333,NA,0.833333333333333,0.166666666666667,0.333333333333333,NA,0.333333333333333,NA,NA,NA,0,0,0.166666666666667,0.166666666666667,NA,0,0.166666666666667,NA,0,0,0.166666666666667,NA,0,NA,NA,NA,0,0,0,0,NA,0,0,NA,0.166666666666667,0,0.166666666666667,NA,0.333333333333333,NA,NA,NA
"528",3,3,6,6,0,6,6,0,0,6,0,0,6,6,0,0,0,0,0,1,0,0,0,0,0,1,0,0,1,1,0,0,0,1,0,3,0,2,5,0,0,2,0,0,5,3,0,0,0.0625,0.0625,0.125,0.125,0,0.125,0.125,0,0,0.125,0,0,0.125,0.125,0,0,0,0,0,0.166666666666667,NA,0,0,NA,NA,0.166666666666667,NA,NA,0.166666666666667,0.166666666666667,NA,NA,0,0.333333333333333,0,0.5,NA,0.333333333333333,0.833333333333333,NA,NA,0.333333333333333,NA,NA,0.833333333333333,0.5,NA,NA,0,1,0,2,0,2,5,0,0,2,0,0,4,3,0,0,3,2,6,3,0,4,1,0,0,3,0,0,1,2,0,0,0,0,0,1,0,0,0,0,0,0,0,0,1,0,0,0,0,0,0,0,0,0,0,0,0,1,0,0,0,1,0,0,0,0.333333333333333,0,0.333333333333333,NA,0.333333333333333,0.833333333333333,NA,NA,0.333333333333333,NA,NA,0.666666666666667,0.5,NA,NA,1,0.666666666666667,1,0.5,NA,0.666666666666667,0.166666666666667,NA,NA,0.5,NA,NA,0.166666666666667,0.333333333333333,NA,NA,0,0,0,0.166666666666667,NA,0,0,NA,NA,0,NA,NA,0.166666666666667,0,NA,NA,0,0,0,0,NA,0,0,NA,NA,0.166666666666667,NA,NA,0,0.166666666666667,NA,NA
"529",3,3,3,6,3,3,6,0,6,6,0,0,3,0,0,0,0,0,0,0,0,0,0,0,1,0,0,0,1,0,0,0,0,1,0,4,0,0,5,0,0,5,0,0,2,0,0,0,0.0714285714285714,0.0714285714285714,0.0714285714285714,0.142857142857143,0.0714285714285714,0.0714285714285714,0.142857142857143,0,0.142857142857143,0.142857142857143,0,0,0.0714285714285714,0,0,0,0,0,0,0,0,0,0,NA,0.166666666666667,0,NA,NA,0.333333333333333,NA,NA,NA,0,0.333333333333333,0,0.666666666666667,0,0,0.833333333333333,NA,0,0.833333333333333,NA,NA,0.666666666666667,NA,NA,NA,0,1,0,4,0,0,5,0,0,5,0,0,1,0,0,0,3,2,3,2,3,3,1,0,5,1,0,0,1,0,0,0,0,0,0,0,0,0,0,0,0,0,0,0,1,0,0,0,0,0,0,0,0,0,0,0,1,0,0,0,0,0,0,0,0,0.333333333333333,0,0.666666666666667,0,0,0.833333333333333,NA,0,0.833333333333333,NA,NA,0.333333333333333,NA,NA,NA,1,0.666666666666667,1,0.333333333333333,1,1,0.166666666666667,NA,0.833333333333333,0.166666666666667,NA,NA,0.333333333333333,NA,NA,NA,0,0,0,0,0,0,0,NA,0,0,NA,NA,0.333333333333333,NA,NA,NA,0,0,0,0,0,0,0,NA,0.166666666666667,0,NA,NA,0,NA,NA,NA
"530",3,3,6,6,3,6,6,0,6,0,0,0,6,0,0,0,0,0,0,1,0,2,1,0,0,0,0,0,1,0,0,0,1,1,2,5,0,2,4,0,1,0,0,0,1,0,0,0,0.0666666666666667,0.0666666666666667,0.133333333333333,0.133333333333333,0.0666666666666667,0.133333333333333,0.133333333333333,0,0.133333333333333,0,0,0,0.133333333333333,0,0,0,0,0,0,0.166666666666667,0,0.333333333333333,0.166666666666667,NA,0,NA,NA,NA,0.166666666666667,NA,NA,NA,0.333333333333333,0.333333333333333,0.333333333333333,0.833333333333333,0,0.333333333333333,0.666666666666667,NA,0.166666666666667,NA,NA,NA,0.166666666666667,NA,NA,NA,1,1,2,4,0,2,4,0,1,0,0,0,0,0,0,0,2,2,4,1,3,2,1,0,5,0,0,0,5,0,0,0,0,0,0,1,0,0,0,0,0,0,0,0,1,0,0,0,0,0,0,0,0,2,1,0,0,0,0,0,0,0,0,0,0.333333333333333,0.333333333333333,0.333333333333333,0.666666666666667,0,0.333333333333333,0.666666666666667,NA,0.166666666666667,NA,NA,NA,0,NA,NA,NA,0.666666666666667,0.666666666666667,0.666666666666667,0.166666666666667,1,0.333333333333333,0.166666666666667,NA,0.833333333333333,NA,NA,NA,0.833333333333333,NA,NA,NA,0,0,0,0.166666666666667,0,0,0,NA,0,NA,NA,NA,0.166666666666667,NA,NA,NA,0,0,0,0,0,0.333333333333333,0.166666666666667,NA,0,NA,NA,NA,0,NA,NA,NA
"531",3,3,3,6,0,3,6,0,3,6,0,0,6,0,0,0,0,0,0,0,0,0,2,0,0,0,0,0,0,0,0,0,0,0,0,3,0,0,2,0,1,5,0,0,2,0,0,0,0.0769230769230769,0.0769230769230769,0.0769230769230769,0.153846153846154,0,0.0769230769230769,0.153846153846154,0,0.0769230769230769,0.153846153846154,0,0,0.153846153846154,0,0,0,0,0,0,0,NA,0,0.333333333333333,NA,0,0,NA,NA,0,NA,NA,NA,0,0,0,0.5,NA,0,0.333333333333333,NA,0.333333333333333,0.833333333333333,NA,NA,0.333333333333333,NA,NA,NA,0,0,0,3,0,0,1,0,1,5,0,0,2,0,0,0,3,3,3,3,0,3,3,0,2,1,0,0,4,0,0,0,0,0,0,0,0,0,1,0,0,0,0,0,0,0,0,0,0,0,0,0,0,0,1,0,0,0,0,0,0,0,0,0,0,0,0,0.5,NA,0,0.166666666666667,NA,0.333333333333333,0.833333333333333,NA,NA,0.333333333333333,NA,NA,NA,1,1,1,0.5,NA,1,0.5,NA,0.666666666666667,0.166666666666667,NA,NA,0.666666666666667,NA,NA,NA,0,0,0,0,NA,0,0.166666666666667,NA,0,0,NA,NA,0,NA,NA,NA,0,0,0,0,NA,0,0.166666666666667,NA,0,0,NA,NA,0,NA,NA,NA
"532",3,3,3,6,3,6,6,6,6,3,0,0,3,0,0,0,0,0,0,0,0,1,1,3,0,1,0,0,1,0,0,0,0,1,1,1,1,0,3,4,0,1,0,0,1,0,0,0,0.0625,0.0625,0.0625,0.125,0.0625,0.125,0.125,0.125,0.125,0.0625,0,0,0.0625,0,0,0,0,0,0,0,0,0.166666666666667,0.166666666666667,0.5,0,0.333333333333333,NA,NA,0.333333333333333,NA,NA,NA,0,0.333333333333333,0.333333333333333,0.166666666666667,0.333333333333333,0,0.5,0.666666666666667,0,0.333333333333333,NA,NA,0.333333333333333,NA,NA,NA,0,1,1,1,1,0,3,1,0,0,0,0,0,0,0,0,3,2,2,5,2,5,2,2,6,2,0,0,2,0,0,0,0,0,0,0,0,0,0,3,0,1,0,0,1,0,0,0,0,0,0,0,0,1,1,0,0,0,0,0,0,0,0,0,0,0.333333333333333,0.333333333333333,0.166666666666667,0.333333333333333,0,0.5,0.166666666666667,0,0,NA,NA,0,NA,NA,NA,1,0.666666666666667,0.666666666666667,0.833333333333333,0.666666666666667,0.833333333333333,0.333333333333333,0.333333333333333,1,0.666666666666667,NA,NA,0.666666666666667,NA,NA,NA,0,0,0,0,0,0,0,0.5,0,0.333333333333333,NA,NA,0.333333333333333,NA,NA,NA,0,0,0,0,0,0.166666666666667,0.166666666666667,0,0,0,NA,NA,0,NA,NA,NA
"533",6,6,6,6,0,3,6,0,0,6,6,0,0,3,0,0,0,1,0,1,0,0,0,0,0,1,3,0,0,2,0,0,0,1,1,4,0,1,2,0,0,3,2,0,0,1,0,0,0.125,0.125,0.125,0.125,0,0.0625,0.125,0,0,0.125,0.125,0,0,0.0625,0,0,0,0.166666666666667,0,0.166666666666667,NA,0,0,NA,NA,0.166666666666667,0.5,NA,NA,0.666666666666667,NA,NA,0,0.166666666666667,0.166666666666667,0.666666666666667,NA,0.333333333333333,0.333333333333333,NA,NA,0.5,0.333333333333333,NA,NA,0.333333333333333,NA,NA,0,0,1,3,0,1,2,0,0,2,0,0,0,1,0,0,6,5,5,2,0,2,4,0,0,3,3,0,0,0,0,0,0,1,0,1,0,0,0,0,0,1,2,0,0,0,0,0,0,0,0,0,0,0,0,0,0,0,1,0,0,2,0,0,0,0,0.166666666666667,0.5,NA,0.333333333333333,0.333333333333333,NA,NA,0.333333333333333,0,NA,NA,0.333333333333333,NA,NA,1,0.833333333333333,0.833333333333333,0.333333333333333,NA,0.666666666666667,0.666666666666667,NA,NA,0.5,0.5,NA,NA,0,NA,NA,0,0.166666666666667,0,0.166666666666667,NA,0,0,NA,NA,0.166666666666667,0.333333333333333,NA,NA,0,NA,NA,0,0,0,0,NA,0,0,NA,NA,0,0.166666666666667,NA,NA,0.666666666666667,NA,NA
"534",3,3,6,0,6,6,0,0,6,0,0,0,6,0,0,0,0,0,0,0,0,0,0,0,1,0,0,0,1,0,0,0,0,1,3,0,1,3,0,0,1,0,0,0,3,0,0,0,0.0833333333333333,0.0833333333333333,0.166666666666667,0,0.166666666666667,0.166666666666667,0,0,0.166666666666667,0,0,0,0.166666666666667,0,0,0,0,0,0,NA,0,0,NA,NA,0.166666666666667,NA,NA,NA,0.166666666666667,NA,NA,NA,0,0.333333333333333,0.5,NA,0.166666666666667,0.5,NA,NA,0.166666666666667,NA,NA,NA,0.5,NA,NA,NA,0,1,3,0,1,3,0,0,1,0,0,0,3,0,0,0,3,2,3,0,5,3,0,0,4,0,0,0,2,0,0,0,0,0,0,0,0,0,0,0,0,0,0,0,0,0,0,0,0,0,0,0,0,0,0,0,1,0,0,0,1,0,0,0,0,0.333333333333333,0.5,NA,0.166666666666667,0.5,NA,NA,0.166666666666667,NA,NA,NA,0.5,NA,NA,NA,1,0.666666666666667,0.5,NA,0.833333333333333,0.5,NA,NA,0.666666666666667,NA,NA,NA,0.333333333333333,NA,NA,NA,0,0,0,NA,0,0,NA,NA,0,NA,NA,NA,0,NA,NA,NA,0,0,0,NA,0,0,NA,NA,0.166666666666667,NA,NA,NA,0.166666666666667,NA,NA,NA
"535",3,3,3,3,3,6,6,6,3,0,3,0,6,0,0,0,0,0,0,0,0,0,1,1,0,0,1,0,1,0,0,0,1,0,1,1,1,4,3,5,0,0,2,0,0,0,0,0,0.0666666666666667,0.0666666666666667,0.0666666666666667,0.0666666666666667,0.0666666666666667,0.133333333333333,0.133333333333333,0.133333333333333,0.0666666666666667,0,0.0666666666666667,0,0.133333333333333,0,0,0,0,0,0,0,0,0,0.166666666666667,0.166666666666667,0,NA,0.333333333333333,NA,0.166666666666667,NA,NA,NA,0.333333333333333,0,0.333333333333333,0.333333333333333,0.333333333333333,0.666666666666667,0.5,0.833333333333333,0,NA,0.666666666666667,NA,0,NA,NA,NA,1,0,1,1,1,4,2,4,0,0,1,0,0,0,0,0,2,3,2,2,2,2,3,1,3,0,1,0,5,0,0,0,0,0,0,0,0,0,1,1,0,0,1,0,0,0,0,0,0,0,0,0,0,0,0,0,0,0,0,0,1,0,0,0,0.333333333333333,0,0.333333333333333,0.333333333333333,0.333333333333333,0.666666666666667,0.333333333333333,0.666666666666667,0,NA,0.333333333333333,NA,0,NA,NA,NA,0.666666666666667,1,0.666666666666667,0.666666666666667,0.666666666666667,0.333333333333333,0.5,0.166666666666667,1,NA,0.333333333333333,NA,0.833333333333333,NA,NA,NA,0,0,0,0,0,0,0.166666666666667,0.166666666666667,0,NA,0.333333333333333,NA,0,NA,NA,NA,0,0,0,0,0,0,0,0,0,NA,0,NA,0.166666666666667,NA,NA,NA
"536",3,3,3,6,6,6,6,3,3,0,6,0,3,0,0,0,0,0,0,1,1,0,0,1,0,0,4,0,0,0,0,0,0,0,0,3,2,4,1,1,0,0,2,0,1,0,0,0,0.0625,0.0625,0.0625,0.125,0.125,0.125,0.125,0.0625,0.0625,0,0.125,0,0.0625,0,0,0,0,0,0,0.166666666666667,0.166666666666667,0,0,0.333333333333333,0,NA,0.666666666666667,NA,0,NA,NA,NA,0,0,0,0.5,0.333333333333333,0.666666666666667,0.166666666666667,0.333333333333333,0,NA,0.333333333333333,NA,0.333333333333333,NA,NA,NA,0,0,0,2,1,4,1,0,0,0,0,0,1,0,0,0,3,3,3,3,4,2,5,2,3,0,2,0,2,0,0,0,0,0,0,1,1,0,0,1,0,0,2,0,0,0,0,0,0,0,0,0,0,0,0,0,0,0,2,0,0,0,0,0,0,0,0,0.333333333333333,0.166666666666667,0.666666666666667,0.166666666666667,0,0,NA,0,NA,0.333333333333333,NA,NA,NA,1,1,1,0.5,0.666666666666667,0.333333333333333,0.833333333333333,0.666666666666667,1,NA,0.333333333333333,NA,0.666666666666667,NA,NA,NA,0,0,0,0.166666666666667,0.166666666666667,0,0,0.333333333333333,0,NA,0.333333333333333,NA,0,NA,NA,NA,0,0,0,0,0,0,0,0,0,NA,0.333333333333333,NA,0,NA,NA,NA
"537",3,6,3,6,6,6,6,6,6,0,0,0,0,0,0,0,0,0,0,0,0,2,2,1,2,0,0,0,0,0,0,0,0,2,1,1,2,3,2,3,3,0,0,0,0,0,0,0,0.0625,0.125,0.0625,0.125,0.125,0.125,0.125,0.125,0.125,0,0,0,0,0,0,0,0,0,0,0,0,0.333333333333333,0.333333333333333,0.166666666666667,0.333333333333333,NA,NA,NA,NA,NA,NA,NA,0,0.333333333333333,0.333333333333333,0.166666666666667,0.333333333333333,0.5,0.333333333333333,0.5,0.5,NA,NA,NA,NA,NA,NA,NA,0,2,1,1,2,2,2,3,2,0,0,0,0,0,0,0,3,4,2,5,4,2,2,2,2,0,0,0,0,0,0,0,0,0,0,0,0,1,0,0,1,0,0,0,0,0,0,0,0,0,0,0,0,1,2,1,1,0,0,0,0,0,0,0,0,0.333333333333333,0.333333333333333,0.166666666666667,0.333333333333333,0.333333333333333,0.333333333333333,0.5,0.333333333333333,NA,NA,NA,NA,NA,NA,NA,1,0.666666666666667,0.666666666666667,0.833333333333333,0.666666666666667,0.333333333333333,0.333333333333333,0.333333333333333,0.333333333333333,NA,NA,NA,NA,NA,NA,NA,0,0,0,0,0,0.166666666666667,0,0,0.166666666666667,NA,NA,NA,NA,NA,NA,NA,0,0,0,0,0,0.166666666666667,0.333333333333333,0.166666666666667,0.166666666666667,NA,NA,NA,NA,NA,NA,NA
"538",6,6,0,0,3,0,0,0,6,0,0,0,6,0,0,0,0,2,0,0,0,0,0,0,0,0,0,0,4,0,0,0,0,0,0,0,0,0,0,0,1,0,0,0,3,0,0,0,0.222222222222222,0.222222222222222,0,0,0.111111111111111,0,0,0,0.222222222222222,0,0,0,0.222222222222222,0,0,0,0,0.333333333333333,NA,NA,0,NA,NA,NA,0,NA,NA,NA,0.666666666666667,NA,NA,NA,0,0,NA,NA,0,NA,NA,NA,0.166666666666667,NA,NA,NA,0.5,NA,NA,NA,0,0,0,0,0,0,0,0,1,0,0,0,1,0,0,0,6,4,0,0,3,0,0,0,5,0,0,0,1,0,0,0,0,0,0,0,0,0,0,0,0,0,0,0,2,0,0,0,0,2,0,0,0,0,0,0,0,0,0,0,2,0,0,0,0,0,NA,NA,0,NA,NA,NA,0.166666666666667,NA,NA,NA,0.166666666666667,NA,NA,NA,1,0.666666666666667,NA,NA,1,NA,NA,NA,0.833333333333333,NA,NA,NA,0.166666666666667,NA,NA,NA,0,0,NA,NA,0,NA,NA,NA,0,NA,NA,NA,0.333333333333333,NA,NA,NA,0,0.333333333333333,NA,NA,0,NA,NA,NA,0,NA,NA,NA,0.333333333333333,NA,NA,NA
"539",3,3,3,6,6,6,6,6,6,0,0,0,3,0,0,0,0,0,0,0,1,0,0,1,1,0,0,0,0,0,0,0,0,1,1,1,1,3,4,5,1,0,0,0,2,0,0,0,0.0625,0.0625,0.0625,0.125,0.125,0.125,0.125,0.125,0.125,0,0,0,0.0625,0,0,0,0,0,0,0,0.166666666666667,0,0,0.166666666666667,0.166666666666667,NA,NA,NA,0,NA,NA,NA,0,0.333333333333333,0.333333333333333,0.166666666666667,0.166666666666667,0.5,0.666666666666667,0.833333333333333,0.166666666666667,NA,NA,NA,0.666666666666667,NA,NA,NA,0,1,1,1,1,3,4,4,1,0,0,0,2,0,0,0,3,2,2,5,4,3,2,1,4,0,0,0,1,0,0,0,0,0,0,0,0,0,0,1,0,0,0,0,0,0,0,0,0,0,0,0,1,0,0,0,1,0,0,0,0,0,0,0,0,0.333333333333333,0.333333333333333,0.166666666666667,0.166666666666667,0.5,0.666666666666667,0.666666666666667,0.166666666666667,NA,NA,NA,0.666666666666667,NA,NA,NA,1,0.666666666666667,0.666666666666667,0.833333333333333,0.666666666666667,0.5,0.333333333333333,0.166666666666667,0.666666666666667,NA,NA,NA,0.333333333333333,NA,NA,NA,0,0,0,0,0,0,0,0.166666666666667,0,NA,NA,NA,0,NA,NA,NA,0,0,0,0,0.166666666666667,0,0,0,0.166666666666667,NA,NA,NA,0,NA,NA,NA
"540",3,3,3,6,0,6,6,6,6,6,0,0,3,0,0,0,0,0,0,0,0,1,0,3,0,0,0,0,1,0,0,0,0,0,1,2,0,0,5,2,3,3,0,0,2,0,0,0,0.0625,0.0625,0.0625,0.125,0,0.125,0.125,0.125,0.125,0.125,0,0,0.0625,0,0,0,0,0,0,0,NA,0.166666666666667,0,0.5,0,0,NA,NA,0.333333333333333,NA,NA,NA,0,0,0.333333333333333,0.333333333333333,NA,0,0.833333333333333,0.333333333333333,0.5,0.5,NA,NA,0.666666666666667,NA,NA,NA,0,0,1,2,0,0,5,0,3,3,0,0,1,0,0,0,3,3,2,4,0,5,1,3,3,3,0,0,1,0,0,0,0,0,0,0,0,0,0,2,0,0,0,0,1,0,0,0,0,0,0,0,0,1,0,1,0,0,0,0,0,0,0,0,0,0,0.333333333333333,0.333333333333333,NA,0,0.833333333333333,0,0.5,0.5,NA,NA,0.333333333333333,NA,NA,NA,1,1,0.666666666666667,0.666666666666667,NA,0.833333333333333,0.166666666666667,0.5,0.5,0.5,NA,NA,0.333333333333333,NA,NA,NA,0,0,0,0,NA,0,0,0.333333333333333,0,0,NA,NA,0.333333333333333,NA,NA,NA,0,0,0,0,NA,0.166666666666667,0,0.166666666666667,0,0,NA,NA,0,NA,NA,NA
"541",3,6,6,0,3,6,0,0,6,0,0,0,6,0,0,0,0,0,1,0,0,0,0,0,0,0,0,0,1,0,0,0,1,1,3,0,0,3,0,0,2,0,0,0,2,0,0,0,0.0833333333333333,0.166666666666667,0.166666666666667,0,0.0833333333333333,0.166666666666667,0,0,0.166666666666667,0,0,0,0.166666666666667,0,0,0,0,0,0.166666666666667,NA,0,0,NA,NA,0,NA,NA,NA,0.166666666666667,NA,NA,NA,0.333333333333333,0.166666666666667,0.5,NA,0,0.5,NA,NA,0.333333333333333,NA,NA,NA,0.333333333333333,NA,NA,NA,1,1,2,0,0,3,0,0,2,0,0,0,2,0,0,0,2,5,3,0,3,3,0,0,4,0,0,0,3,0,0,0,0,0,1,0,0,0,0,0,0,0,0,0,0,0,0,0,0,0,0,0,0,0,0,0,0,0,0,0,1,0,0,0,0.333333333333333,0.166666666666667,0.333333333333333,NA,0,0.5,NA,NA,0.333333333333333,NA,NA,NA,0.333333333333333,NA,NA,NA,0.666666666666667,0.833333333333333,0.5,NA,1,0.5,NA,NA,0.666666666666667,NA,NA,NA,0.5,NA,NA,NA,0,0,0.166666666666667,NA,0,0,NA,NA,0,NA,NA,NA,0,NA,NA,NA,0,0,0,NA,0,0,NA,NA,0,NA,NA,NA,0.166666666666667,NA,NA,NA
"542",3,3,6,0,3,6,0,0,3,0,0,0,6,0,0,0,0,0,0,0,0,2,0,0,0,0,0,0,1,0,0,0,1,1,3,0,1,1,0,0,0,0,0,0,2,0,0,0,0.1,0.1,0.2,0,0.1,0.2,0,0,0.1,0,0,0,0.2,0,0,0,0,0,0,NA,0,0.333333333333333,NA,NA,0,NA,NA,NA,0.166666666666667,NA,NA,NA,0.333333333333333,0.333333333333333,0.5,NA,0.333333333333333,0.166666666666667,NA,NA,0,NA,NA,NA,0.333333333333333,NA,NA,NA,1,1,3,0,1,1,0,0,0,0,0,0,2,0,0,0,2,2,3,0,2,3,0,0,3,0,0,0,3,0,0,0,0,0,0,0,0,0,0,0,0,0,0,0,0,0,0,0,0,0,0,0,0,2,0,0,0,0,0,0,1,0,0,0,0.333333333333333,0.333333333333333,0.5,NA,0.333333333333333,0.166666666666667,NA,NA,0,NA,NA,NA,0.333333333333333,NA,NA,NA,0.666666666666667,0.666666666666667,0.5,NA,0.666666666666667,0.5,NA,NA,1,NA,NA,NA,0.5,NA,NA,NA,0,0,0,NA,0,0,NA,NA,0,NA,NA,NA,0,NA,NA,NA,0,0,0,NA,0,0.333333333333333,NA,NA,0,NA,NA,NA,0.166666666666667,NA,NA,NA
"543",6,6,3,6,3,6,6,0,6,6,0,0,0,0,0,0,0,1,0,0,0,0,1,0,1,1,0,0,0,0,0,0,0,0,1,3,1,1,5,0,0,4,0,0,0,0,0,0,0.125,0.125,0.0625,0.125,0.0625,0.125,0.125,0,0.125,0.125,0,0,0,0,0,0,0,0.166666666666667,0,0,0,0,0.166666666666667,NA,0.166666666666667,0.166666666666667,NA,NA,NA,NA,NA,NA,0,0,0.333333333333333,0.5,0.333333333333333,0.166666666666667,0.833333333333333,NA,0,0.666666666666667,NA,NA,NA,NA,NA,NA,0,0,1,3,1,1,5,0,0,3,0,0,0,0,0,0,6,5,2,3,2,5,0,0,5,2,0,0,0,0,0,0,0,0,0,0,0,0,0,0,0,1,0,0,0,0,0,0,0,1,0,0,0,0,1,0,1,0,0,0,0,0,0,0,0,0,0.333333333333333,0.5,0.333333333333333,0.166666666666667,0.833333333333333,NA,0,0.5,NA,NA,NA,NA,NA,NA,1,0.833333333333333,0.666666666666667,0.5,0.666666666666667,0.833333333333333,0,NA,0.833333333333333,0.333333333333333,NA,NA,NA,NA,NA,NA,0,0,0,0,0,0,0,NA,0,0.166666666666667,NA,NA,NA,NA,NA,NA,0,0.166666666666667,0,0,0,0,0.166666666666667,NA,0.166666666666667,0,NA,NA,NA,NA,NA,NA
"544",3,6,3,0,6,0,0,0,3,0,0,0,0,0,0,0,0,0,1,0,1,0,0,0,3,0,0,0,0,0,0,0,0,2,3,0,1,0,0,0,0,0,0,0,0,0,0,0,0.142857142857143,0.285714285714286,0.142857142857143,0,0.285714285714286,0,0,0,0.142857142857143,0,0,0,0,0,0,0,0,0,0.333333333333333,NA,0.166666666666667,NA,NA,NA,1,NA,NA,NA,NA,NA,NA,NA,0,0.333333333333333,1,NA,0.166666666666667,NA,NA,NA,0,NA,NA,NA,NA,NA,NA,NA,0,2,2,0,1,0,0,0,0,0,0,0,0,0,0,0,3,4,0,0,4,0,0,0,0,0,0,0,0,0,0,0,0,0,1,0,0,0,0,0,0,0,0,0,0,0,0,0,0,0,0,0,1,0,0,0,3,0,0,0,0,0,0,0,0,0.333333333333333,0.666666666666667,NA,0.166666666666667,NA,NA,NA,0,NA,NA,NA,NA,NA,NA,NA,1,0.666666666666667,0,NA,0.666666666666667,NA,NA,NA,0,NA,NA,NA,NA,NA,NA,NA,0,0,0.333333333333333,NA,0,NA,NA,NA,0,NA,NA,NA,NA,NA,NA,NA,0,0,0,NA,0.166666666666667,NA,NA,NA,1,NA,NA,NA,NA,NA,NA,NA
"545",3,3,3,6,6,6,6,6,6,0,3,0,0,0,0,0,0,0,0,1,0,1,1,1,2,0,1,0,0,0,0,0,1,0,0,1,1,3,2,5,1,0,2,0,0,0,0,0,0.0625,0.0625,0.0625,0.125,0.125,0.125,0.125,0.125,0.125,0,0.0625,0,0,0,0,0,0,0,0,0.166666666666667,0,0.166666666666667,0.166666666666667,0.166666666666667,0.333333333333333,NA,0.333333333333333,NA,NA,NA,NA,NA,0.333333333333333,0,0,0.166666666666667,0.166666666666667,0.5,0.333333333333333,0.833333333333333,0.166666666666667,NA,0.666666666666667,NA,NA,NA,NA,NA,1,0,0,1,1,3,2,4,1,0,2,0,0,0,0,0,2,3,3,4,5,2,3,1,3,0,0,0,0,0,0,0,0,0,0,0,0,0,0,1,0,0,0,0,0,0,0,0,0,0,0,1,0,1,1,0,2,0,1,0,0,0,0,0,0.333333333333333,0,0,0.166666666666667,0.166666666666667,0.5,0.333333333333333,0.666666666666667,0.166666666666667,NA,0.666666666666667,NA,NA,NA,NA,NA,0.666666666666667,1,1,0.666666666666667,0.833333333333333,0.333333333333333,0.5,0.166666666666667,0.5,NA,0,NA,NA,NA,NA,NA,0,0,0,0,0,0,0,0.166666666666667,0,NA,0,NA,NA,NA,NA,NA,0,0,0,0.166666666666667,0,0.166666666666667,0.166666666666667,0,0.333333333333333,NA,0.333333333333333,NA,NA,NA,NA,NA
"546",6,3,0,0,6,0,0,0,6,0,0,0,0,0,0,0,1,1,0,0,0,0,0,0,3,0,0,0,0,0,0,0,0,1,0,0,0,0,0,0,0,0,0,0,0,0,0,0,0.285714285714286,0.142857142857143,0,0,0.285714285714286,0,0,0,0.285714285714286,0,0,0,0,0,0,0,0.166666666666667,0.333333333333333,NA,NA,0,NA,NA,NA,0.5,NA,NA,NA,NA,NA,NA,NA,0,0.333333333333333,NA,NA,0,NA,NA,NA,0,NA,NA,NA,NA,NA,NA,NA,0,1,0,0,0,0,0,0,0,0,0,0,0,0,0,0,5,1,0,0,6,0,0,0,3,0,0,0,0,0,0,0,0,0,0,0,0,0,0,0,0,0,0,0,0,0,0,0,1,1,0,0,0,0,0,0,3,0,0,0,0,0,0,0,0,0.333333333333333,NA,NA,0,NA,NA,NA,0,NA,NA,NA,NA,NA,NA,NA,0.833333333333333,0.333333333333333,NA,NA,1,NA,NA,NA,0.5,NA,NA,NA,NA,NA,NA,NA,0,0,NA,NA,0,NA,NA,NA,0,NA,NA,NA,NA,NA,NA,NA,0.166666666666667,0.333333333333333,NA,NA,0,NA,NA,NA,0.5,NA,NA,NA,NA,NA,NA,NA
"547",3,3,3,6,6,6,6,0,6,0,0,0,0,0,0,0,0,0,0,0,0,2,0,0,2,0,0,0,0,0,0,0,1,0,0,3,1,1,5,0,0,0,0,0,0,0,0,0,0.0769230769230769,0.0769230769230769,0.0769230769230769,0.153846153846154,0.153846153846154,0.153846153846154,0.153846153846154,0,0.153846153846154,0,0,0,0,0,0,0,0,0,0,0,0,0.333333333333333,0,NA,0.333333333333333,NA,NA,NA,NA,NA,NA,NA,0.333333333333333,0,0,0.5,0.166666666666667,0.166666666666667,0.833333333333333,NA,0,NA,NA,NA,NA,NA,NA,NA,1,0,0,3,1,0,5,0,0,0,0,0,0,0,0,0,2,3,3,3,5,4,1,0,4,0,0,0,0,0,0,0,0,0,0,0,0,1,0,0,0,0,0,0,0,0,0,0,0,0,0,0,0,1,0,0,2,0,0,0,0,0,0,0,0.333333333333333,0,0,0.5,0.166666666666667,0,0.833333333333333,NA,0,NA,NA,NA,NA,NA,NA,NA,0.666666666666667,1,1,0.5,0.833333333333333,0.666666666666667,0.166666666666667,NA,0.666666666666667,NA,NA,NA,NA,NA,NA,NA,0,0,0,0,0,0.166666666666667,0,NA,0,NA,NA,NA,NA,NA,NA,NA,0,0,0,0,0,0.166666666666667,0,NA,0.333333333333333,NA,NA,NA,NA,NA,NA,NA
"548",3,6,6,0,3,6,0,0,3,0,0,0,6,0,0,0,0,0,0,0,0,2,0,0,0,0,0,0,1,0,0,0,0,2,4,0,1,0,0,0,0,0,0,0,4,0,0,0,0.0909090909090909,0.181818181818182,0.181818181818182,0,0.0909090909090909,0.181818181818182,0,0,0.0909090909090909,0,0,0,0.181818181818182,0,0,0,0,0,0,NA,0,0.333333333333333,NA,NA,0,NA,NA,NA,0.166666666666667,NA,NA,NA,0,0.333333333333333,0.666666666666667,NA,0.333333333333333,0,NA,NA,0,NA,NA,NA,0.666666666666667,NA,NA,NA,0,2,4,0,1,0,0,0,0,0,0,0,3,0,0,0,3,4,2,0,2,4,0,0,3,0,0,0,2,0,0,0,0,0,0,0,0,0,0,0,0,0,0,0,1,0,0,0,0,0,0,0,0,2,0,0,0,0,0,0,0,0,0,0,0,0.333333333333333,0.666666666666667,NA,0.333333333333333,0,NA,NA,0,NA,NA,NA,0.5,NA,NA,NA,1,0.666666666666667,0.333333333333333,NA,0.666666666666667,0.666666666666667,NA,NA,1,NA,NA,NA,0.333333333333333,NA,NA,NA,0,0,0,NA,0,0,NA,NA,0,NA,NA,NA,0.166666666666667,NA,NA,NA,0,0,0,NA,0,0.333333333333333,NA,NA,0,NA,NA,NA,0,NA,NA,NA
"549",6,6,0,0,6,0,0,0,0,0,0,0,0,0,0,0,0,2,0,0,2,0,0,0,0,0,0,0,0,0,0,0,0,2,0,0,2,0,0,0,0,0,0,0,0,0,0,0,0.333333333333333,0.333333333333333,0,0,0.333333333333333,0,0,0,0,0,0,0,0,0,0,0,0,0.333333333333333,NA,NA,0.333333333333333,NA,NA,NA,NA,NA,NA,NA,NA,NA,NA,NA,0,0.333333333333333,NA,NA,0.333333333333333,NA,NA,NA,NA,NA,NA,NA,NA,NA,NA,NA,0,1,0,0,2,0,0,0,0,0,0,0,0,0,0,0,6,3,0,0,2,0,0,0,0,0,0,0,0,0,0,0,0,1,0,0,0,0,0,0,0,0,0,0,0,0,0,0,0,1,0,0,2,0,0,0,0,0,0,0,0,0,0,0,0,0.166666666666667,NA,NA,0.333333333333333,NA,NA,NA,NA,NA,NA,NA,NA,NA,NA,NA,1,0.5,NA,NA,0.333333333333333,NA,NA,NA,NA,NA,NA,NA,NA,NA,NA,NA,0,0.166666666666667,NA,NA,0,NA,NA,NA,NA,NA,NA,NA,NA,NA,NA,NA,0,0.166666666666667,NA,NA,0.333333333333333,NA,NA,NA,NA,NA,NA,NA,NA,NA,NA,NA
"550",6,3,6,3,0,3,0,0,6,6,0,0,6,3,0,0,1,0,0,1,0,0,0,0,0,0,0,0,3,2,0,0,0,1,3,1,0,1,0,0,1,3,0,0,2,2,0,0,0.142857142857143,0.0714285714285714,0.142857142857143,0.0714285714285714,0,0.0714285714285714,0,0,0.142857142857143,0.142857142857143,0,0,0.142857142857143,0.0714285714285714,0,0,0.166666666666667,0,0,0.333333333333333,NA,0,NA,NA,0,0,NA,NA,0.5,0.666666666666667,NA,NA,0,0.333333333333333,0.5,0.333333333333333,NA,0.333333333333333,NA,NA,0.166666666666667,0.5,NA,NA,0.333333333333333,0.666666666666667,NA,NA,0,1,3,1,0,1,0,0,1,3,0,0,1,1,0,0,5,2,3,1,0,2,0,0,5,3,0,0,2,0,0,0,0,0,0,0,0,0,0,0,0,0,0,0,1,1,0,0,1,0,0,1,0,0,0,0,0,0,0,0,2,1,0,0,0,0.333333333333333,0.5,0.333333333333333,NA,0.333333333333333,NA,NA,0.166666666666667,0.5,NA,NA,0.166666666666667,0.333333333333333,NA,NA,0.833333333333333,0.666666666666667,0.5,0.333333333333333,NA,0.666666666666667,NA,NA,0.833333333333333,0.5,NA,NA,0.333333333333333,0,NA,NA,0,0,0,0,NA,0,NA,NA,0,0,NA,NA,0.166666666666667,0.333333333333333,NA,NA,0.166666666666667,0,0,0.333333333333333,NA,0,NA,NA,0,0,NA,NA,0.333333333333333,0.333333333333333,NA,NA
"551",3,3,3,3,6,6,6,6,6,6,0,0,0,0,0,0,0,0,0,0,0,1,3,0,3,2,0,0,0,0,0,0,1,0,1,1,0,1,3,3,1,4,0,0,0,0,0,0,0.0625,0.0625,0.0625,0.0625,0.125,0.125,0.125,0.125,0.125,0.125,0,0,0,0,0,0,0,0,0,0,0,0.166666666666667,0.5,0,0.5,0.333333333333333,NA,NA,NA,NA,NA,NA,0.333333333333333,0,0.333333333333333,0.333333333333333,0,0.166666666666667,0.5,0.5,0.166666666666667,0.666666666666667,NA,NA,NA,NA,NA,NA,1,0,1,1,0,1,1,3,1,2,0,0,0,0,0,0,2,3,2,2,6,4,2,3,2,2,0,0,0,0,0,0,0,0,0,0,0,0,2,0,0,2,0,0,0,0,0,0,0,0,0,0,0,1,1,0,3,0,0,0,0,0,0,0,0.333333333333333,0,0.333333333333333,0.333333333333333,0,0.166666666666667,0.166666666666667,0.5,0.166666666666667,0.333333333333333,NA,NA,NA,NA,NA,NA,0.666666666666667,1,0.666666666666667,0.666666666666667,1,0.666666666666667,0.333333333333333,0.5,0.333333333333333,0.333333333333333,NA,NA,NA,NA,NA,NA,0,0,0,0,0,0,0.333333333333333,0,0,0.333333333333333,NA,NA,NA,NA,NA,NA,0,0,0,0,0,0.166666666666667,0.166666666666667,0,0.5,0,NA,NA,NA,NA,NA,NA
"552",3,3,6,0,0,3,0,0,6,6,0,0,6,3,0,0,0,0,0,0,0,0,0,0,0,1,0,0,1,1,0,0,1,0,3,0,0,0,0,0,1,3,0,0,1,3,0,0,0.0833333333333333,0.0833333333333333,0.166666666666667,0,0,0.0833333333333333,0,0,0.166666666666667,0.166666666666667,0,0,0.166666666666667,0.0833333333333333,0,0,0,0,0,NA,NA,0,NA,NA,0,0.166666666666667,NA,NA,0.166666666666667,0.333333333333333,NA,NA,0.333333333333333,0,0.5,NA,NA,0,NA,NA,0.166666666666667,0.5,NA,NA,0.166666666666667,1,NA,NA,1,0,3,0,0,0,0,0,1,2,0,0,1,2,0,0,2,3,3,0,0,3,0,0,5,3,0,0,4,0,0,0,0,0,0,0,0,0,0,0,0,1,0,0,0,1,0,0,0,0,0,0,0,0,0,0,0,0,0,0,1,0,0,0,0.333333333333333,0,0.5,NA,NA,0,NA,NA,0.166666666666667,0.333333333333333,NA,NA,0.166666666666667,0.666666666666667,NA,NA,0.666666666666667,1,0.5,NA,NA,1,NA,NA,0.833333333333333,0.5,NA,NA,0.666666666666667,0,NA,NA,0,0,0,NA,NA,0,NA,NA,0,0.166666666666667,NA,NA,0,0.333333333333333,NA,NA,0,0,0,NA,NA,0,NA,NA,0,0,NA,NA,0.166666666666667,0,NA,NA
"553",3,3,3,6,0,3,6,0,3,6,0,0,6,0,0,0,0,0,0,0,0,0,2,0,0,0,0,0,1,0,0,0,0,1,1,4,0,1,4,0,0,5,0,0,1,0,0,0,0.0769230769230769,0.0769230769230769,0.0769230769230769,0.153846153846154,0,0.0769230769230769,0.153846153846154,0,0.0769230769230769,0.153846153846154,0,0,0.153846153846154,0,0,0,0,0,0,0,NA,0,0.333333333333333,NA,0,0,NA,NA,0.166666666666667,NA,NA,NA,0,0.333333333333333,0.333333333333333,0.666666666666667,NA,0.333333333333333,0.666666666666667,NA,0,0.833333333333333,NA,NA,0.166666666666667,NA,NA,NA,0,1,1,4,0,1,2,0,0,5,0,0,1,0,0,0,3,2,2,2,0,2,2,0,3,1,0,0,4,0,0,0,0,0,0,0,0,0,2,0,0,0,0,0,0,0,0,0,0,0,0,0,0,0,0,0,0,0,0,0,1,0,0,0,0,0.333333333333333,0.333333333333333,0.666666666666667,NA,0.333333333333333,0.333333333333333,NA,0,0.833333333333333,NA,NA,0.166666666666667,NA,NA,NA,1,0.666666666666667,0.666666666666667,0.333333333333333,NA,0.666666666666667,0.333333333333333,NA,1,0.166666666666667,NA,NA,0.666666666666667,NA,NA,NA,0,0,0,0,NA,0,0.333333333333333,NA,0,0,NA,NA,0,NA,NA,NA,0,0,0,0,NA,0,0,NA,0,0,NA,NA,0.166666666666667,NA,NA,NA
"554",3,6,6,3,3,6,0,0,3,3,0,0,6,0,0,0,0,0,1,1,0,1,0,0,0,1,0,0,0,0,0,0,0,1,1,2,0,1,0,0,0,2,0,0,2,0,0,0,0.0769230769230769,0.153846153846154,0.153846153846154,0.0769230769230769,0.0769230769230769,0.153846153846154,0,0,0.0769230769230769,0.0769230769230769,0,0,0.153846153846154,0,0,0,0,0,0.166666666666667,0.333333333333333,0,0.166666666666667,NA,NA,0,0.333333333333333,NA,NA,0,NA,NA,NA,0,0.166666666666667,0.166666666666667,0.666666666666667,0,0.166666666666667,NA,NA,0,0.666666666666667,NA,NA,0.333333333333333,NA,NA,NA,0,1,1,2,0,1,0,0,0,1,0,0,2,0,0,0,3,5,4,0,3,4,0,0,3,1,0,0,4,0,0,0,0,0,0,0,0,0,0,0,0,1,0,0,0,0,0,0,0,0,1,1,0,1,0,0,0,0,0,0,0,0,0,0,0,0.166666666666667,0.166666666666667,0.666666666666667,0,0.166666666666667,NA,NA,0,0.333333333333333,NA,NA,0.333333333333333,NA,NA,NA,1,0.833333333333333,0.666666666666667,0,1,0.666666666666667,NA,NA,1,0.333333333333333,NA,NA,0.666666666666667,NA,NA,NA,0,0,0,0,0,0,NA,NA,0,0.333333333333333,NA,NA,0,NA,NA,NA,0,0,0.166666666666667,0.333333333333333,0,0.166666666666667,NA,NA,0,0,NA,NA,0,NA,NA,NA
"555",3,6,6,0,6,0,0,0,6,0,0,0,6,0,0,0,0,0,2,0,0,0,0,0,1,0,0,0,0,0,0,0,0,1,1,0,2,0,0,0,1,0,0,0,4,0,0,0,0.0909090909090909,0.181818181818182,0.181818181818182,0,0.181818181818182,0,0,0,0.181818181818182,0,0,0,0.181818181818182,0,0,0,0,0,0.333333333333333,NA,0,NA,NA,NA,0.166666666666667,NA,NA,NA,0,NA,NA,NA,0,0.166666666666667,0.166666666666667,NA,0.333333333333333,NA,NA,NA,0.166666666666667,NA,NA,NA,0.666666666666667,NA,NA,NA,0,1,1,0,2,0,0,0,1,0,0,0,4,0,0,0,3,5,3,0,4,0,0,0,4,0,0,0,2,0,0,0,0,0,0,0,0,0,0,0,0,0,0,0,0,0,0,0,0,0,2,0,0,0,0,0,1,0,0,0,0,0,0,0,0,0.166666666666667,0.166666666666667,NA,0.333333333333333,NA,NA,NA,0.166666666666667,NA,NA,NA,0.666666666666667,NA,NA,NA,1,0.833333333333333,0.5,NA,0.666666666666667,NA,NA,NA,0.666666666666667,NA,NA,NA,0.333333333333333,NA,NA,NA,0,0,0,NA,0,NA,NA,NA,0,NA,NA,NA,0,NA,NA,NA,0,0,0.333333333333333,NA,0,NA,NA,NA,0.166666666666667,NA,NA,NA,0,NA,NA,NA
"556",3,6,6,0,6,0,0,0,6,0,0,0,6,0,0,0,0,0,2,0,1,0,0,0,0,0,0,0,2,0,0,0,0,0,0,0,0,0,0,0,0,0,0,0,2,0,0,0,0.0909090909090909,0.181818181818182,0.181818181818182,0,0.181818181818182,0,0,0,0.181818181818182,0,0,0,0.181818181818182,0,0,0,0,0,0.333333333333333,NA,0.166666666666667,NA,NA,NA,0,NA,NA,NA,0.333333333333333,NA,NA,NA,0,0,0,NA,0,NA,NA,NA,0,NA,NA,NA,0.333333333333333,NA,NA,NA,0,0,0,0,0,0,0,0,0,0,0,0,1,0,0,0,3,6,4,0,5,0,0,0,6,0,0,0,3,0,0,0,0,0,0,0,0,0,0,0,0,0,0,0,1,0,0,0,0,0,2,0,1,0,0,0,0,0,0,0,1,0,0,0,0,0,0,NA,0,NA,NA,NA,0,NA,NA,NA,0.166666666666667,NA,NA,NA,1,1,0.666666666666667,NA,0.833333333333333,NA,NA,NA,1,NA,NA,NA,0.5,NA,NA,NA,0,0,0,NA,0,NA,NA,NA,0,NA,NA,NA,0.166666666666667,NA,NA,NA,0,0,0.333333333333333,NA,0.166666666666667,NA,NA,NA,0,NA,NA,NA,0.166666666666667,NA,NA,NA
"557",3,6,0,0,6,0,0,0,3,0,0,0,0,0,0,0,0,0,0,0,1,0,0,0,1,0,0,0,0,0,0,0,0,3,0,0,1,0,0,0,0,0,0,0,0,0,0,0,0.166666666666667,0.333333333333333,0,0,0.333333333333333,0,0,0,0.166666666666667,0,0,0,0,0,0,0,0,0,NA,NA,0.166666666666667,NA,NA,NA,0.333333333333333,NA,NA,NA,NA,NA,NA,NA,0,0.5,NA,NA,0.166666666666667,NA,NA,NA,0,NA,NA,NA,NA,NA,NA,NA,0,3,0,0,1,0,0,0,0,0,0,0,0,0,0,0,3,3,0,0,4,0,0,0,2,0,0,0,0,0,0,0,0,0,0,0,0,0,0,0,0,0,0,0,0,0,0,0,0,0,0,0,1,0,0,0,1,0,0,0,0,0,0,0,0,0.5,NA,NA,0.166666666666667,NA,NA,NA,0,NA,NA,NA,NA,NA,NA,NA,1,0.5,NA,NA,0.666666666666667,NA,NA,NA,0.666666666666667,NA,NA,NA,NA,NA,NA,NA,0,0,NA,NA,0,NA,NA,NA,0,NA,NA,NA,NA,NA,NA,NA,0,0,NA,NA,0.166666666666667,NA,NA,NA,0.333333333333333,NA,NA,NA,NA,NA,NA,NA
"558",3,3,6,6,6,6,6,3,0,0,3,0,0,0,0,0,0,0,0,1,1,4,0,1,0,0,2,0,0,0,0,0,0,0,2,2,3,4,3,2,0,0,3,0,0,0,0,0,0.0714285714285714,0.0714285714285714,0.142857142857143,0.142857142857143,0.142857142857143,0.142857142857143,0.142857142857143,0.0714285714285714,0,0,0.0714285714285714,0,0,0,0,0,0,0,0,0.166666666666667,0.166666666666667,0.666666666666667,0,0.333333333333333,NA,NA,0.666666666666667,NA,NA,NA,NA,NA,0,0,0.333333333333333,0.333333333333333,0.5,0.666666666666667,0.5,0.666666666666667,NA,NA,1,NA,NA,NA,NA,NA,0,0,2,1,3,2,3,2,0,0,1,0,0,0,0,0,3,3,4,4,2,0,3,0,0,0,0,0,0,0,0,0,0,0,0,1,0,2,0,0,0,0,2,0,0,0,0,0,0,0,0,0,1,2,0,1,0,0,0,0,0,0,0,0,0,0,0.333333333333333,0.166666666666667,0.5,0.333333333333333,0.5,0.666666666666667,NA,NA,0.333333333333333,NA,NA,NA,NA,NA,1,1,0.666666666666667,0.666666666666667,0.333333333333333,0,0.5,0,NA,NA,0,NA,NA,NA,NA,NA,0,0,0,0.166666666666667,0,0.333333333333333,0,0,NA,NA,0.666666666666667,NA,NA,NA,NA,NA,0,0,0,0,0.166666666666667,0.333333333333333,0,0.333333333333333,NA,NA,0,NA,NA,NA,NA,NA
"559",6,3,3,6,3,6,6,3,3,0,6,0,3,0,0,0,0,0,0,1,0,0,0,1,0,0,2,0,0,0,0,0,2,0,1,3,0,3,2,1,1,0,5,0,2,0,0,0,0.125,0.0625,0.0625,0.125,0.0625,0.125,0.125,0.0625,0.0625,0,0.125,0,0.0625,0,0,0,0,0,0,0.166666666666667,0,0,0,0.333333333333333,0,NA,0.333333333333333,NA,0,NA,NA,NA,0.333333333333333,0,0.333333333333333,0.5,0,0.5,0.333333333333333,0.333333333333333,0.333333333333333,NA,0.833333333333333,NA,0.666666666666667,NA,NA,NA,2,0,1,3,0,3,2,1,1,0,4,0,2,0,0,0,4,3,2,2,3,3,4,1,2,0,0,0,1,0,0,0,0,0,0,0,0,0,0,0,0,0,1,0,0,0,0,0,0,0,0,1,0,0,0,1,0,0,1,0,0,0,0,0,0.333333333333333,0,0.333333333333333,0.5,0,0.5,0.333333333333333,0.333333333333333,0.333333333333333,NA,0.666666666666667,NA,0.666666666666667,NA,NA,NA,0.666666666666667,1,0.666666666666667,0.333333333333333,1,0.5,0.666666666666667,0.333333333333333,0.666666666666667,NA,0,NA,0.333333333333333,NA,NA,NA,0,0,0,0,0,0,0,0,0,NA,0.166666666666667,NA,0,NA,NA,NA,0,0,0,0.166666666666667,0,0,0,0.333333333333333,0,NA,0.166666666666667,NA,0,NA,NA,NA
"560",6,6,6,6,0,6,6,6,0,3,3,0,0,0,0,0,0,1,0,1,0,0,2,2,0,1,2,0,0,0,0,0,0,1,2,2,0,0,2,4,0,2,1,0,0,0,0,0,0.125,0.125,0.125,0.125,0,0.125,0.125,0.125,0,0.0625,0.0625,0,0,0,0,0,0,0.166666666666667,0,0.166666666666667,NA,0,0.333333333333333,0.333333333333333,NA,0.333333333333333,0.666666666666667,NA,NA,NA,NA,NA,0,0.166666666666667,0.333333333333333,0.333333333333333,NA,0,0.333333333333333,0.666666666666667,NA,0.666666666666667,0.333333333333333,NA,NA,NA,NA,NA,0,1,2,1,0,0,1,2,0,1,0,0,0,0,0,0,6,4,4,4,0,6,3,2,0,1,1,0,0,0,0,0,0,0,0,1,0,0,1,2,0,1,1,0,0,0,0,0,0,1,0,0,0,0,1,0,0,0,1,0,0,0,0,0,0,0.166666666666667,0.333333333333333,0.166666666666667,NA,0,0.166666666666667,0.333333333333333,NA,0.333333333333333,0,NA,NA,NA,NA,NA,1,0.666666666666667,0.666666666666667,0.666666666666667,NA,1,0.5,0.333333333333333,NA,0.333333333333333,0.333333333333333,NA,NA,NA,NA,NA,0,0,0,0.166666666666667,NA,0,0.166666666666667,0.333333333333333,NA,0.333333333333333,0.333333333333333,NA,NA,NA,NA,NA,0,0.166666666666667,0,0,NA,0,0.166666666666667,0,NA,0,0.333333333333333,NA,NA,NA,NA,NA
"561",3,3,6,6,0,3,0,0,3,6,0,0,6,0,0,0,0,0,0,2,0,0,0,0,0,0,0,0,0,0,0,0,0,0,2,2,0,1,0,0,1,4,0,0,5,0,0,0,0.0833333333333333,0.0833333333333333,0.166666666666667,0.166666666666667,0,0.0833333333333333,0,0,0.0833333333333333,0.166666666666667,0,0,0.166666666666667,0,0,0,0,0,0,0.333333333333333,NA,0,NA,NA,0,0,NA,NA,0,NA,NA,NA,0,0,0.333333333333333,0.333333333333333,NA,0.333333333333333,NA,NA,0.333333333333333,0.666666666666667,NA,NA,0.833333333333333,NA,NA,NA,0,0,2,1,0,1,0,0,1,4,0,0,5,0,0,0,3,3,4,3,0,2,0,0,2,2,0,0,1,0,0,0,0,0,0,1,0,0,0,0,0,0,0,0,0,0,0,0,0,0,0,1,0,0,0,0,0,0,0,0,0,0,0,0,0,0,0.333333333333333,0.166666666666667,NA,0.333333333333333,NA,NA,0.333333333333333,0.666666666666667,NA,NA,0.833333333333333,NA,NA,NA,1,1,0.666666666666667,0.5,NA,0.666666666666667,NA,NA,0.666666666666667,0.333333333333333,NA,NA,0.166666666666667,NA,NA,NA,0,0,0,0.166666666666667,NA,0,NA,NA,0,0,NA,NA,0,NA,NA,NA,0,0,0,0.166666666666667,NA,0,NA,NA,0,0,NA,NA,0,NA,NA,NA
"562",3,3,6,6,6,6,6,3,6,3,0,0,0,0,0,0,0,0,0,1,0,0,0,2,1,1,0,0,0,0,0,0,0,0,1,1,1,2,3,2,4,2,0,0,0,0,0,0,0.0625,0.0625,0.125,0.125,0.125,0.125,0.125,0.0625,0.125,0.0625,0,0,0,0,0,0,0,0,0,0.166666666666667,0,0,0,0.666666666666667,0.166666666666667,0.333333333333333,NA,NA,NA,NA,NA,NA,0,0,0.166666666666667,0.166666666666667,0.166666666666667,0.333333333333333,0.5,0.666666666666667,0.666666666666667,0.666666666666667,NA,NA,NA,NA,NA,NA,0,0,1,1,1,2,3,1,3,2,0,0,0,0,0,0,3,3,5,4,5,4,3,0,2,0,0,0,0,0,0,0,0,0,0,0,0,0,0,1,1,0,0,0,0,0,0,0,0,0,0,1,0,0,0,1,0,1,0,0,0,0,0,0,0,0,0.166666666666667,0.166666666666667,0.166666666666667,0.333333333333333,0.5,0.333333333333333,0.5,0.666666666666667,NA,NA,NA,NA,NA,NA,1,1,0.833333333333333,0.666666666666667,0.833333333333333,0.666666666666667,0.5,0,0.333333333333333,0,NA,NA,NA,NA,NA,NA,0,0,0,0,0,0,0,0.333333333333333,0.166666666666667,0,NA,NA,NA,NA,NA,NA,0,0,0,0.166666666666667,0,0,0,0.333333333333333,0,0.333333333333333,NA,NA,NA,NA,NA,NA
"563",6,6,6,6,0,0,6,6,0,0,6,3,0,0,3,0,0,1,0,0,0,0,1,1,0,0,1,2,0,0,1,0,2,2,2,2,0,0,1,4,0,0,2,2,0,0,2,0,0.125,0.125,0.125,0.125,0,0,0.125,0.125,0,0,0.125,0.0625,0,0,0.0625,0,0,0.166666666666667,0,0,NA,NA,0.166666666666667,0.166666666666667,NA,NA,0.166666666666667,0.666666666666667,NA,NA,0.333333333333333,NA,0.333333333333333,0.333333333333333,0.333333333333333,0.333333333333333,NA,NA,0.166666666666667,0.666666666666667,NA,NA,0.333333333333333,0.666666666666667,NA,NA,0.666666666666667,NA,2,2,2,2,0,0,1,3,0,0,2,0,0,0,1,0,4,3,4,4,0,0,4,2,0,0,3,1,0,0,1,0,0,0,0,0,0,0,0,1,0,0,0,2,0,0,1,0,0,1,0,0,0,0,1,0,0,0,1,0,0,0,0,0,0.333333333333333,0.333333333333333,0.333333333333333,0.333333333333333,NA,NA,0.166666666666667,0.5,NA,NA,0.333333333333333,0,NA,NA,0.333333333333333,NA,0.666666666666667,0.5,0.666666666666667,0.666666666666667,NA,NA,0.666666666666667,0.333333333333333,NA,NA,0.5,0.333333333333333,NA,NA,0.333333333333333,NA,0,0,0,0,NA,NA,0,0.166666666666667,NA,NA,0,0.666666666666667,NA,NA,0.333333333333333,NA,0,0.166666666666667,0,0,NA,NA,0.166666666666667,0,NA,NA,0.166666666666667,0,NA,NA,0,NA
"564",3,3,6,0,0,3,0,0,3,6,0,0,6,0,0,0,0,0,0,0,0,0,0,0,0,0,0,0,1,0,0,0,0,1,3,0,0,0,0,0,0,4,0,0,2,0,0,0,0.1,0.1,0.2,0,0,0.1,0,0,0.1,0.2,0,0,0.2,0,0,0,0,0,0,NA,NA,0,NA,NA,0,0,NA,NA,0.166666666666667,NA,NA,NA,0,0.333333333333333,0.5,NA,NA,0,NA,NA,0,0.666666666666667,NA,NA,0.333333333333333,NA,NA,NA,0,1,3,0,0,0,0,0,0,4,0,0,2,0,0,0,3,2,3,0,0,3,0,0,3,2,0,0,3,0,0,0,0,0,0,0,0,0,0,0,0,0,0,0,0,0,0,0,0,0,0,0,0,0,0,0,0,0,0,0,1,0,0,0,0,0.333333333333333,0.5,NA,NA,0,NA,NA,0,0.666666666666667,NA,NA,0.333333333333333,NA,NA,NA,1,0.666666666666667,0.5,NA,NA,1,NA,NA,1,0.333333333333333,NA,NA,0.5,NA,NA,NA,0,0,0,NA,NA,0,NA,NA,0,0,NA,NA,0,NA,NA,NA,0,0,0,NA,NA,0,NA,NA,0,0,NA,NA,0.166666666666667,NA,NA,NA
"565",3,6,6,6,0,3,6,3,6,6,0,0,3,0,0,0,0,0,1,1,0,0,2,2,0,0,0,0,1,0,0,0,0,1,2,1,0,0,4,1,2,3,0,0,0,0,0,0,0.0625,0.125,0.125,0.125,0,0.0625,0.125,0.0625,0.125,0.125,0,0,0.0625,0,0,0,0,0,0.166666666666667,0.166666666666667,NA,0,0.333333333333333,0.666666666666667,0,0,NA,NA,0.333333333333333,NA,NA,NA,0,0.166666666666667,0.333333333333333,0.166666666666667,NA,0,0.666666666666667,0.333333333333333,0.333333333333333,0.5,NA,NA,0,NA,NA,NA,0,1,1,0,0,0,3,0,2,3,0,0,0,0,0,0,3,5,4,5,0,3,1,1,4,3,0,0,2,0,0,0,0,0,1,1,0,0,1,1,0,0,0,0,0,0,0,0,0,0,0,0,0,0,1,1,0,0,0,0,1,0,0,0,0,0.166666666666667,0.166666666666667,0,NA,0,0.5,0,0.333333333333333,0.5,NA,NA,0,NA,NA,NA,1,0.833333333333333,0.666666666666667,0.833333333333333,NA,1,0.166666666666667,0.333333333333333,0.666666666666667,0.5,NA,NA,0.666666666666667,NA,NA,NA,0,0,0.166666666666667,0.166666666666667,NA,0,0.166666666666667,0.333333333333333,0,0,NA,NA,0,NA,NA,NA,0,0,0,0,NA,0,0.166666666666667,0.333333333333333,0,0,NA,NA,0.333333333333333,NA,NA,NA
"566",3,3,6,0,0,6,0,0,6,6,0,0,0,0,0,0,0,0,0,0,0,0,0,0,1,1,0,0,0,0,0,0,0,1,4,0,0,1,0,0,3,4,0,0,0,0,0,0,0.1,0.1,0.2,0,0,0.2,0,0,0.2,0.2,0,0,0,0,0,0,0,0,0,NA,NA,0,NA,NA,0.166666666666667,0.166666666666667,NA,NA,NA,NA,NA,NA,0,0.333333333333333,0.666666666666667,NA,NA,0.166666666666667,NA,NA,0.5,0.666666666666667,NA,NA,NA,NA,NA,NA,0,1,4,0,0,1,0,0,3,3,0,0,0,0,0,0,3,2,2,0,0,5,0,0,2,2,0,0,0,0,0,0,0,0,0,0,0,0,0,0,0,1,0,0,0,0,0,0,0,0,0,0,0,0,0,0,1,0,0,0,0,0,0,0,0,0.333333333333333,0.666666666666667,NA,NA,0.166666666666667,NA,NA,0.5,0.5,NA,NA,NA,NA,NA,NA,1,0.666666666666667,0.333333333333333,NA,NA,0.833333333333333,NA,NA,0.333333333333333,0.333333333333333,NA,NA,NA,NA,NA,NA,0,0,0,NA,NA,0,NA,NA,0,0.166666666666667,NA,NA,NA,NA,NA,NA,0,0,0,NA,NA,0,NA,NA,0.166666666666667,0,NA,NA,NA,NA,NA,NA
"567",6,6,0,0,3,0,0,0,6,0,0,0,3,0,0,0,0,2,0,0,0,0,0,0,0,0,0,0,1,0,0,0,2,0,0,0,0,0,0,0,2,0,0,0,2,0,0,0,0.25,0.25,0,0,0.125,0,0,0,0.25,0,0,0,0.125,0,0,0,0,0.333333333333333,NA,NA,0,NA,NA,NA,0,NA,NA,NA,0.333333333333333,NA,NA,NA,0.333333333333333,0,NA,NA,0,NA,NA,NA,0.333333333333333,NA,NA,NA,0.666666666666667,NA,NA,NA,2,0,0,0,0,0,0,0,2,0,0,0,2,0,0,0,4,4,0,0,3,0,0,0,4,0,0,0,0,0,0,0,0,0,0,0,0,0,0,0,0,0,0,0,0,0,0,0,0,2,0,0,0,0,0,0,0,0,0,0,1,0,0,0,0.333333333333333,0,NA,NA,0,NA,NA,NA,0.333333333333333,NA,NA,NA,0.666666666666667,NA,NA,NA,0.666666666666667,0.666666666666667,NA,NA,1,NA,NA,NA,0.666666666666667,NA,NA,NA,0,NA,NA,NA,0,0,NA,NA,0,NA,NA,NA,0,NA,NA,NA,0,NA,NA,NA,0,0.333333333333333,NA,NA,0,NA,NA,NA,0,NA,NA,NA,0.333333333333333,NA,NA,NA
"568",3,3,6,0,6,6,0,0,6,6,0,0,3,0,0,0,0,0,0,0,0,0,0,0,1,2,0,0,1,0,0,0,0,0,3,0,2,1,0,0,2,3,0,0,1,0,0,0,0.0769230769230769,0.0769230769230769,0.153846153846154,0,0.153846153846154,0.153846153846154,0,0,0.153846153846154,0.153846153846154,0,0,0.0769230769230769,0,0,0,0,0,0,NA,0,0,NA,NA,0.166666666666667,0.333333333333333,NA,NA,0.333333333333333,NA,NA,NA,0,0,0.5,NA,0.333333333333333,0.166666666666667,NA,NA,0.333333333333333,0.5,NA,NA,0.333333333333333,NA,NA,NA,0,0,3,0,2,1,0,0,2,3,0,0,1,0,0,0,3,3,3,0,4,5,0,0,3,1,0,0,1,0,0,0,0,0,0,0,0,0,0,0,0,0,0,0,0,0,0,0,0,0,0,0,0,0,0,0,1,2,0,0,1,0,0,0,0,0,0.5,NA,0.333333333333333,0.166666666666667,NA,NA,0.333333333333333,0.5,NA,NA,0.333333333333333,NA,NA,NA,1,1,0.5,NA,0.666666666666667,0.833333333333333,NA,NA,0.5,0.166666666666667,NA,NA,0.333333333333333,NA,NA,NA,0,0,0,NA,0,0,NA,NA,0,0,NA,NA,0,NA,NA,NA,0,0,0,NA,0,0,NA,NA,0.166666666666667,0.333333333333333,NA,NA,0.333333333333333,NA,NA,NA
"569",6,6,3,6,6,6,6,0,0,3,0,0,0,0,0,0,0,1,0,0,1,0,2,0,0,2,0,0,0,0,0,0,1,1,1,5,3,4,3,0,0,2,0,0,0,0,0,0,0.142857142857143,0.142857142857143,0.0714285714285714,0.142857142857143,0.142857142857143,0.142857142857143,0.142857142857143,0,0,0.0714285714285714,0,0,0,0,0,0,0,0.166666666666667,0,0,0.166666666666667,0,0.333333333333333,NA,NA,0.666666666666667,NA,NA,NA,NA,NA,NA,0.166666666666667,0.166666666666667,0.333333333333333,0.833333333333333,0.5,0.666666666666667,0.5,NA,NA,0.666666666666667,NA,NA,NA,NA,NA,NA,1,1,1,5,2,4,2,0,0,1,0,0,0,0,0,0,5,4,2,1,3,2,2,0,0,0,0,0,0,0,0,0,0,0,0,0,1,0,1,0,0,1,0,0,0,0,0,0,0,1,0,0,0,0,1,0,0,1,0,0,0,0,0,0,0.166666666666667,0.166666666666667,0.333333333333333,0.833333333333333,0.333333333333333,0.666666666666667,0.333333333333333,NA,NA,0.333333333333333,NA,NA,NA,NA,NA,NA,0.833333333333333,0.666666666666667,0.666666666666667,0.166666666666667,0.5,0.333333333333333,0.333333333333333,NA,NA,0,NA,NA,NA,NA,NA,NA,0,0,0,0,0.166666666666667,0,0.166666666666667,NA,NA,0.333333333333333,NA,NA,NA,NA,NA,NA,0,0.166666666666667,0,0,0,0,0.166666666666667,NA,NA,0.333333333333333,NA,NA,NA,NA,NA,NA
"570",3,6,6,0,0,6,0,0,6,6,0,0,6,0,0,0,0,0,1,0,0,0,0,0,0,1,0,0,1,0,0,0,0,2,5,0,0,2,0,0,1,3,0,0,2,0,0,0,0.0769230769230769,0.153846153846154,0.153846153846154,0,0,0.153846153846154,0,0,0.153846153846154,0.153846153846154,0,0,0.153846153846154,0,0,0,0,0,0.166666666666667,NA,NA,0,NA,NA,0,0.166666666666667,NA,NA,0.166666666666667,NA,NA,NA,0,0.333333333333333,0.833333333333333,NA,NA,0.333333333333333,NA,NA,0.166666666666667,0.5,NA,NA,0.333333333333333,NA,NA,NA,0,2,4,0,0,2,0,0,1,3,0,0,1,0,0,0,3,4,1,0,0,4,0,0,5,2,0,0,4,0,0,0,0,0,1,0,0,0,0,0,0,0,0,0,1,0,0,0,0,0,0,0,0,0,0,0,0,1,0,0,0,0,0,0,0,0.333333333333333,0.666666666666667,NA,NA,0.333333333333333,NA,NA,0.166666666666667,0.5,NA,NA,0.166666666666667,NA,NA,NA,1,0.666666666666667,0.166666666666667,NA,NA,0.666666666666667,NA,NA,0.833333333333333,0.333333333333333,NA,NA,0.666666666666667,NA,NA,NA,0,0,0.166666666666667,NA,NA,0,NA,NA,0,0,NA,NA,0.166666666666667,NA,NA,NA,0,0,0,NA,NA,0,NA,NA,0,0.166666666666667,NA,NA,0,NA,NA,NA
"571",3,3,6,0,3,6,0,0,6,6,0,0,6,0,0,0,0,0,0,0,0,0,0,0,2,1,0,0,2,0,0,0,1,1,5,0,1,2,0,0,0,5,0,0,2,0,0,0,0.0769230769230769,0.0769230769230769,0.153846153846154,0,0.0769230769230769,0.153846153846154,0,0,0.153846153846154,0.153846153846154,0,0,0.153846153846154,0,0,0,0,0,0,NA,0,0,NA,NA,0.333333333333333,0.166666666666667,NA,NA,0.333333333333333,NA,NA,NA,0.333333333333333,0.333333333333333,0.833333333333333,NA,0.333333333333333,0.333333333333333,NA,NA,0,0.833333333333333,NA,NA,0.333333333333333,NA,NA,NA,1,1,5,0,1,2,0,0,0,4,0,0,1,0,0,0,2,2,1,0,2,4,0,0,4,1,0,0,3,0,0,0,0,0,0,0,0,0,0,0,0,1,0,0,1,0,0,0,0,0,0,0,0,0,0,0,2,0,0,0,1,0,0,0,0.333333333333333,0.333333333333333,0.833333333333333,NA,0.333333333333333,0.333333333333333,NA,NA,0,0.666666666666667,NA,NA,0.166666666666667,NA,NA,NA,0.666666666666667,0.666666666666667,0.166666666666667,NA,0.666666666666667,0.666666666666667,NA,NA,0.666666666666667,0.166666666666667,NA,NA,0.5,NA,NA,NA,0,0,0,NA,0,0,NA,NA,0,0.166666666666667,NA,NA,0.166666666666667,NA,NA,NA,0,0,0,NA,0,0,NA,NA,0.333333333333333,0,NA,NA,0.166666666666667,NA,NA,NA
"572",6,6,6,0,3,6,0,0,3,0,0,0,6,0,0,0,0,1,0,0,0,0,0,0,0,0,0,0,0,0,0,0,1,0,4,0,1,4,0,0,0,0,0,0,4,0,0,0,0.166666666666667,0.166666666666667,0.166666666666667,0,0.0833333333333333,0.166666666666667,0,0,0.0833333333333333,0,0,0,0.166666666666667,0,0,0,0,0.166666666666667,0,NA,0,0,NA,NA,0,NA,NA,NA,0,NA,NA,NA,0.166666666666667,0,0.666666666666667,NA,0.333333333333333,0.666666666666667,NA,NA,0,NA,NA,NA,0.666666666666667,NA,NA,NA,1,0,4,0,1,4,0,0,0,0,0,0,4,0,0,0,5,5,2,0,2,2,0,0,3,0,0,0,2,0,0,0,0,0,0,0,0,0,0,0,0,0,0,0,0,0,0,0,0,1,0,0,0,0,0,0,0,0,0,0,0,0,0,0,0.166666666666667,0,0.666666666666667,NA,0.333333333333333,0.666666666666667,NA,NA,0,NA,NA,NA,0.666666666666667,NA,NA,NA,0.833333333333333,0.833333333333333,0.333333333333333,NA,0.666666666666667,0.333333333333333,NA,NA,1,NA,NA,NA,0.333333333333333,NA,NA,NA,0,0,0,NA,0,0,NA,NA,0,NA,NA,NA,0,NA,NA,NA,0,0.166666666666667,0,NA,0,0,NA,NA,0,NA,NA,NA,0,NA,NA,NA
"573",3,3,3,3,0,0,3,6,6,6,6,3,3,0,3,0,0,0,0,0,0,0,0,0,1,1,1,2,1,0,1,0,0,1,1,0,0,0,1,2,1,4,3,2,0,0,3,0,0.0625,0.0625,0.0625,0.0625,0,0,0.0625,0.125,0.125,0.125,0.125,0.0625,0.0625,0,0.0625,0,0,0,0,0,NA,NA,0,0,0.166666666666667,0.166666666666667,0.166666666666667,0.666666666666667,0.333333333333333,NA,0.333333333333333,NA,0,0.333333333333333,0.333333333333333,0,NA,NA,0.333333333333333,0.333333333333333,0.166666666666667,0.666666666666667,0.5,0.666666666666667,0,NA,1,NA,0,1,1,0,0,0,1,2,1,3,2,1,0,0,2,0,3,2,2,3,0,0,2,4,4,2,3,0,2,0,0,0,0,0,0,0,0,0,0,0,0,1,1,1,0,0,1,0,0,0,0,0,0,0,0,0,1,0,0,1,1,0,0,0,0,0.333333333333333,0.333333333333333,0,NA,NA,0.333333333333333,0.333333333333333,0.166666666666667,0.5,0.333333333333333,0.333333333333333,0,NA,0.666666666666667,NA,1,0.666666666666667,0.666666666666667,1,NA,NA,0.666666666666667,0.666666666666667,0.666666666666667,0.333333333333333,0.5,0,0.666666666666667,NA,0,NA,0,0,0,0,NA,NA,0,0,0,0.166666666666667,0.166666666666667,0.333333333333333,0,NA,0.333333333333333,NA,0,0,0,0,NA,NA,0,0,0.166666666666667,0,0,0.333333333333333,0.333333333333333,NA,0,NA
"574",3,3,3,6,0,6,6,0,6,6,0,0,6,0,0,0,0,0,0,0,0,1,0,0,0,0,0,0,1,0,0,0,0,0,0,3,0,0,4,0,1,5,0,0,0,0,0,0,0.0666666666666667,0.0666666666666667,0.0666666666666667,0.133333333333333,0,0.133333333333333,0.133333333333333,0,0.133333333333333,0.133333333333333,0,0,0.133333333333333,0,0,0,0,0,0,0,NA,0.166666666666667,0,NA,0,0,NA,NA,0.166666666666667,NA,NA,NA,0,0,0,0.5,NA,0,0.666666666666667,NA,0.166666666666667,0.833333333333333,NA,NA,0,NA,NA,NA,0,0,0,3,0,0,4,0,1,5,0,0,0,0,0,0,3,3,3,3,0,5,2,0,5,1,0,0,5,0,0,0,0,0,0,0,0,0,0,0,0,0,0,0,0,0,0,0,0,0,0,0,0,1,0,0,0,0,0,0,1,0,0,0,0,0,0,0.5,NA,0,0.666666666666667,NA,0.166666666666667,0.833333333333333,NA,NA,0,NA,NA,NA,1,1,1,0.5,NA,0.833333333333333,0.333333333333333,NA,0.833333333333333,0.166666666666667,NA,NA,0.833333333333333,NA,NA,NA,0,0,0,0,NA,0,0,NA,0,0,NA,NA,0,NA,NA,NA,0,0,0,0,NA,0.166666666666667,0,NA,0,0,NA,NA,0.166666666666667,NA,NA,NA
"575",3,3,6,0,3,6,0,0,3,3,0,0,6,0,0,0,0,0,0,0,0,0,0,0,0,1,0,0,1,0,0,0,0,0,4,0,1,3,0,0,0,3,0,0,1,0,0,0,0.0909090909090909,0.0909090909090909,0.181818181818182,0,0.0909090909090909,0.181818181818182,0,0,0.0909090909090909,0.0909090909090909,0,0,0.181818181818182,0,0,0,0,0,0,NA,0,0,NA,NA,0,0.333333333333333,NA,NA,0.166666666666667,NA,NA,NA,0,0,0.666666666666667,NA,0.333333333333333,0.5,NA,NA,0,1,NA,NA,0.166666666666667,NA,NA,NA,0,0,4,0,1,3,0,0,0,2,0,0,1,0,0,0,3,3,2,0,2,3,0,0,3,0,0,0,4,0,0,0,0,0,0,0,0,0,0,0,0,1,0,0,0,0,0,0,0,0,0,0,0,0,0,0,0,0,0,0,1,0,0,0,0,0,0.666666666666667,NA,0.333333333333333,0.5,NA,NA,0,0.666666666666667,NA,NA,0.166666666666667,NA,NA,NA,1,1,0.333333333333333,NA,0.666666666666667,0.5,NA,NA,1,0,NA,NA,0.666666666666667,NA,NA,NA,0,0,0,NA,0,0,NA,NA,0,0.333333333333333,NA,NA,0,NA,NA,NA,0,0,0,NA,0,0,NA,NA,0,0,NA,NA,0.166666666666667,NA,NA,NA
"576",6,6,3,0,6,0,0,0,6,0,0,0,3,0,0,0,0,1,1,0,0,0,0,0,2,0,0,0,1,0,0,0,1,2,2,0,1,0,0,0,1,0,0,0,2,0,0,0,0.2,0.2,0.1,0,0.2,0,0,0,0.2,0,0,0,0.1,0,0,0,0,0.166666666666667,0.333333333333333,NA,0,NA,NA,NA,0.333333333333333,NA,NA,NA,0.333333333333333,NA,NA,NA,0.166666666666667,0.333333333333333,0.666666666666667,NA,0.166666666666667,NA,NA,NA,0.166666666666667,NA,NA,NA,0.666666666666667,NA,NA,NA,1,1,2,0,1,0,0,0,1,0,0,0,1,0,0,0,5,4,0,0,5,0,0,0,3,0,0,0,1,0,0,0,0,1,0,0,0,0,0,0,0,0,0,0,1,0,0,0,0,0,1,0,0,0,0,0,2,0,0,0,0,0,0,0,0.166666666666667,0.166666666666667,0.666666666666667,NA,0.166666666666667,NA,NA,NA,0.166666666666667,NA,NA,NA,0.333333333333333,NA,NA,NA,0.833333333333333,0.666666666666667,0,NA,0.833333333333333,NA,NA,NA,0.5,NA,NA,NA,0.333333333333333,NA,NA,NA,0,0.166666666666667,0,NA,0,NA,NA,NA,0,NA,NA,NA,0.333333333333333,NA,NA,NA,0,0,0.333333333333333,NA,0,NA,NA,NA,0.333333333333333,NA,NA,NA,0,NA,NA,NA
"577",6,6,6,0,0,3,0,0,6,6,0,0,3,0,0,0,0,1,0,0,0,0,0,0,1,1,0,0,1,0,0,0,0,2,3,0,0,0,0,0,2,3,0,0,3,0,0,0,0.166666666666667,0.166666666666667,0.166666666666667,0,0,0.0833333333333333,0,0,0.166666666666667,0.166666666666667,0,0,0.0833333333333333,0,0,0,0,0.166666666666667,0,NA,NA,0,NA,NA,0.166666666666667,0.166666666666667,NA,NA,0.333333333333333,NA,NA,NA,0,0.333333333333333,0.5,NA,NA,0,NA,NA,0.333333333333333,0.5,NA,NA,1,NA,NA,NA,0,2,3,0,0,0,0,0,2,2,0,0,2,0,0,0,6,3,3,0,0,3,0,0,3,3,0,0,0,0,0,0,0,0,0,0,0,0,0,0,0,1,0,0,1,0,0,0,0,1,0,0,0,0,0,0,1,0,0,0,0,0,0,0,0,0.333333333333333,0.5,NA,NA,0,NA,NA,0.333333333333333,0.333333333333333,NA,NA,0.666666666666667,NA,NA,NA,1,0.5,0.5,NA,NA,1,NA,NA,0.5,0.5,NA,NA,0,NA,NA,NA,0,0,0,NA,NA,0,NA,NA,0,0.166666666666667,NA,NA,0.333333333333333,NA,NA,NA,0,0.166666666666667,0,NA,NA,0,NA,NA,0.166666666666667,0,NA,NA,0,NA,NA,NA
"578",3,6,3,0,6,0,0,0,6,0,0,0,3,0,0,0,0,1,1,0,1,0,0,0,0,0,0,0,1,0,0,0,0,1,0,0,0,0,0,0,2,0,0,0,1,0,0,0,0.111111111111111,0.222222222222222,0.111111111111111,0,0.222222222222222,0,0,0,0.222222222222222,0,0,0,0.111111111111111,0,0,0,0,0.166666666666667,0.333333333333333,NA,0.166666666666667,NA,NA,NA,0,NA,NA,NA,0.333333333333333,NA,NA,NA,0,0.166666666666667,0,NA,0,NA,NA,NA,0.333333333333333,NA,NA,NA,0.333333333333333,NA,NA,NA,0,1,0,0,0,0,0,0,2,0,0,0,1,0,0,0,3,4,2,0,5,0,0,0,4,0,0,0,1,0,0,0,0,0,0,0,0,0,0,0,0,0,0,0,0,0,0,0,0,1,1,0,1,0,0,0,0,0,0,0,1,0,0,0,0,0.166666666666667,0,NA,0,NA,NA,NA,0.333333333333333,NA,NA,NA,0.333333333333333,NA,NA,NA,1,0.666666666666667,0.666666666666667,NA,0.833333333333333,NA,NA,NA,0.666666666666667,NA,NA,NA,0.333333333333333,NA,NA,NA,0,0,0,NA,0,NA,NA,NA,0,NA,NA,NA,0,NA,NA,NA,0,0.166666666666667,0.333333333333333,NA,0.166666666666667,NA,NA,NA,0,NA,NA,NA,0.333333333333333,NA,NA,NA
"579",6,6,0,0,6,0,0,0,0,0,0,0,0,0,0,0,1,1,0,0,0,0,0,0,0,0,0,0,0,0,0,0,0,3,0,0,3,0,0,0,0,0,0,0,0,0,0,0,0.333333333333333,0.333333333333333,0,0,0.333333333333333,0,0,0,0,0,0,0,0,0,0,0,0.166666666666667,0.166666666666667,NA,NA,0,NA,NA,NA,NA,NA,NA,NA,NA,NA,NA,NA,0,0.5,NA,NA,0.5,NA,NA,NA,NA,NA,NA,NA,NA,NA,NA,NA,0,3,0,0,3,0,0,0,0,0,0,0,0,0,0,0,5,2,0,0,3,0,0,0,0,0,0,0,0,0,0,0,0,0,0,0,0,0,0,0,0,0,0,0,0,0,0,0,1,1,0,0,0,0,0,0,0,0,0,0,0,0,0,0,0,0.5,NA,NA,0.5,NA,NA,NA,NA,NA,NA,NA,NA,NA,NA,NA,0.833333333333333,0.333333333333333,NA,NA,0.5,NA,NA,NA,NA,NA,NA,NA,NA,NA,NA,NA,0,0,NA,NA,0,NA,NA,NA,NA,NA,NA,NA,NA,NA,NA,NA,0.166666666666667,0.166666666666667,NA,NA,0,NA,NA,NA,NA,NA,NA,NA,NA,NA,NA,NA
"580",6,3,6,6,3,6,6,3,3,3,0,0,3,0,0,0,1,0,0,1,0,1,1,1,0,1,0,0,0,0,0,0,0,1,1,2,0,2,6,2,0,2,0,0,2,0,0,0,0.125,0.0625,0.125,0.125,0.0625,0.125,0.125,0.0625,0.0625,0.0625,0,0,0.0625,0,0,0,0.166666666666667,0,0,0.166666666666667,0,0.166666666666667,0.166666666666667,0.333333333333333,0,0.333333333333333,NA,NA,0,NA,NA,NA,0,0.333333333333333,0.166666666666667,0.333333333333333,0,0.333333333333333,1,0.666666666666667,0,0.666666666666667,NA,NA,0.666666666666667,NA,NA,NA,0,1,1,2,0,2,5,2,0,1,0,0,2,0,0,0,5,2,5,3,3,3,0,0,3,1,0,0,1,0,0,0,0,0,0,0,0,0,1,0,0,1,0,0,0,0,0,0,1,0,0,1,0,1,0,1,0,0,0,0,0,0,0,0,0,0.333333333333333,0.166666666666667,0.333333333333333,0,0.333333333333333,0.833333333333333,0.666666666666667,0,0.333333333333333,NA,NA,0.666666666666667,NA,NA,NA,0.833333333333333,0.666666666666667,0.833333333333333,0.5,1,0.5,0,0,1,0.333333333333333,NA,NA,0.333333333333333,NA,NA,NA,0,0,0,0,0,0,0.166666666666667,0,0,0.333333333333333,NA,NA,0,NA,NA,NA,0.166666666666667,0,0,0.166666666666667,0,0.166666666666667,0,0.333333333333333,0,0,NA,NA,0,NA,NA,NA
"581",3,3,3,6,3,6,6,3,6,3,3,0,3,0,0,0,0,0,0,1,0,0,1,1,0,1,1,0,1,0,0,0,0,0,1,4,1,2,2,1,3,2,3,0,2,0,0,0,0.0625,0.0625,0.0625,0.125,0.0625,0.125,0.125,0.0625,0.125,0.0625,0.0625,0,0.0625,0,0,0,0,0,0,0.166666666666667,0,0,0.166666666666667,0.333333333333333,0,0.333333333333333,0.333333333333333,NA,0.333333333333333,NA,NA,NA,0,0,0.333333333333333,0.666666666666667,0.333333333333333,0.333333333333333,0.333333333333333,0.333333333333333,0.5,0.666666666666667,1,NA,0.666666666666667,NA,NA,NA,0,0,1,3,1,2,2,1,3,1,2,0,2,0,0,0,3,3,2,2,2,4,3,1,3,1,0,0,0,0,0,0,0,0,0,1,0,0,0,0,0,1,1,0,0,0,0,0,0,0,0,0,0,0,1,1,0,0,0,0,1,0,0,0,0,0,0.333333333333333,0.5,0.333333333333333,0.333333333333333,0.333333333333333,0.333333333333333,0.5,0.333333333333333,0.666666666666667,NA,0.666666666666667,NA,NA,NA,1,1,0.666666666666667,0.333333333333333,0.666666666666667,0.666666666666667,0.5,0.333333333333333,0.5,0.333333333333333,0,NA,0,NA,NA,NA,0,0,0,0.166666666666667,0,0,0,0,0,0.333333333333333,0.333333333333333,NA,0,NA,NA,NA,0,0,0,0,0,0,0.166666666666667,0.333333333333333,0,0,0,NA,0.333333333333333,NA,NA,NA
"582",3,3,3,6,6,3,3,0,6,6,6,0,0,3,0,0,0,0,0,0,0,0,0,0,2,1,1,0,0,2,0,0,0,1,1,3,1,1,1,0,3,1,5,0,0,3,0,0,0.0625,0.0625,0.0625,0.125,0.125,0.0625,0.0625,0,0.125,0.125,0.125,0,0,0.0625,0,0,0,0,0,0,0,0,0,NA,0.333333333333333,0.166666666666667,0.166666666666667,NA,NA,0.666666666666667,NA,NA,0,0.333333333333333,0.333333333333333,0.5,0.166666666666667,0.333333333333333,0.333333333333333,NA,0.5,0.166666666666667,0.833333333333333,NA,NA,1,NA,NA,0,1,1,3,1,1,1,0,3,1,4,0,0,1,0,0,3,2,2,3,5,2,2,0,1,4,1,0,0,0,0,0,0,0,0,0,0,0,0,0,0,0,1,0,0,2,0,0,0,0,0,0,0,0,0,0,2,1,0,0,0,0,0,0,0,0.333333333333333,0.333333333333333,0.5,0.166666666666667,0.333333333333333,0.333333333333333,NA,0.5,0.166666666666667,0.666666666666667,NA,NA,0.333333333333333,NA,NA,1,0.666666666666667,0.666666666666667,0.5,0.833333333333333,0.666666666666667,0.666666666666667,NA,0.166666666666667,0.666666666666667,0.166666666666667,NA,NA,0,NA,NA,0,0,0,0,0,0,0,NA,0,0,0.166666666666667,NA,NA,0.666666666666667,NA,NA,0,0,0,0,0,0,0,NA,0.333333333333333,0.166666666666667,0,NA,NA,0,NA,NA
"583",6,6,3,0,3,0,0,0,6,0,0,0,0,0,0,0,0,1,1,0,0,0,0,0,0,0,0,0,0,0,0,0,1,0,0,0,1,0,0,0,4,0,0,0,0,0,0,0,0.25,0.25,0.125,0,0.125,0,0,0,0.25,0,0,0,0,0,0,0,0,0.166666666666667,0.333333333333333,NA,0,NA,NA,NA,0,NA,NA,NA,NA,NA,NA,NA,0.166666666666667,0,0,NA,0.333333333333333,NA,NA,NA,0.666666666666667,NA,NA,NA,NA,NA,NA,NA,1,0,0,0,1,0,0,0,4,0,0,0,0,0,0,0,5,5,2,0,2,0,0,0,2,0,0,0,0,0,0,0,0,0,0,0,0,0,0,0,0,0,0,0,0,0,0,0,0,1,1,0,0,0,0,0,0,0,0,0,0,0,0,0,0.166666666666667,0,0,NA,0.333333333333333,NA,NA,NA,0.666666666666667,NA,NA,NA,NA,NA,NA,NA,0.833333333333333,0.833333333333333,0.666666666666667,NA,0.666666666666667,NA,NA,NA,0.333333333333333,NA,NA,NA,NA,NA,NA,NA,0,0,0,NA,0,NA,NA,NA,0,NA,NA,NA,NA,NA,NA,NA,0,0.166666666666667,0.333333333333333,NA,0,NA,NA,NA,0,NA,NA,NA,NA,NA,NA,NA
"584",6,6,3,0,3,0,0,0,6,0,0,0,3,0,0,0,0,1,1,0,0,0,0,0,1,0,0,0,1,0,0,0,1,1,0,0,0,0,0,0,2,0,0,0,0,0,0,0,0.222222222222222,0.222222222222222,0.111111111111111,0,0.111111111111111,0,0,0,0.222222222222222,0,0,0,0.111111111111111,0,0,0,0,0.166666666666667,0.333333333333333,NA,0,NA,NA,NA,0.166666666666667,NA,NA,NA,0.333333333333333,NA,NA,NA,0.166666666666667,0.166666666666667,0,NA,0,NA,NA,NA,0.333333333333333,NA,NA,NA,0,NA,NA,NA,1,0,0,0,0,0,0,0,2,0,0,0,0,0,0,0,5,5,2,0,3,0,0,0,3,0,0,0,2,0,0,0,0,1,0,0,0,0,0,0,0,0,0,0,0,0,0,0,0,0,1,0,0,0,0,0,1,0,0,0,1,0,0,0,0.166666666666667,0,0,NA,0,NA,NA,NA,0.333333333333333,NA,NA,NA,0,NA,NA,NA,0.833333333333333,0.833333333333333,0.666666666666667,NA,1,NA,NA,NA,0.5,NA,NA,NA,0.666666666666667,NA,NA,NA,0,0.166666666666667,0,NA,0,NA,NA,NA,0,NA,NA,NA,0,NA,NA,NA,0,0,0.333333333333333,NA,0,NA,NA,NA,0.166666666666667,NA,NA,NA,0.333333333333333,NA,NA,NA
"585",3,3,6,6,0,3,6,6,6,6,0,0,3,0,0,0,0,0,0,1,0,0,0,0,0,0,0,0,1,0,0,0,1,1,2,1,0,0,5,4,1,3,0,0,1,0,0,0,0.0625,0.0625,0.125,0.125,0,0.0625,0.125,0.125,0.125,0.125,0,0,0.0625,0,0,0,0,0,0,0.166666666666667,NA,0,0,0,0,0,NA,NA,0.333333333333333,NA,NA,NA,0.333333333333333,0.333333333333333,0.333333333333333,0.166666666666667,NA,0,0.833333333333333,0.666666666666667,0.166666666666667,0.5,NA,NA,0.333333333333333,NA,NA,NA,1,1,2,1,0,0,5,4,1,3,0,0,1,0,0,0,2,2,4,4,0,3,1,2,5,3,0,0,1,0,0,0,0,0,0,0,0,0,0,0,0,0,0,0,0,0,0,0,0,0,0,1,0,0,0,0,0,0,0,0,1,0,0,0,0.333333333333333,0.333333333333333,0.333333333333333,0.166666666666667,NA,0,0.833333333333333,0.666666666666667,0.166666666666667,0.5,NA,NA,0.333333333333333,NA,NA,NA,0.666666666666667,0.666666666666667,0.666666666666667,0.666666666666667,NA,1,0.166666666666667,0.333333333333333,0.833333333333333,0.5,NA,NA,0.333333333333333,NA,NA,NA,0,0,0,0,NA,0,0,0,0,0,NA,NA,0,NA,NA,NA,0,0,0,0.166666666666667,NA,0,0,0,0,0,NA,NA,0.333333333333333,NA,NA,NA
"586",3,3,6,6,3,6,6,0,3,0,0,0,6,0,0,0,0,0,0,1,0,3,3,0,0,0,0,0,1,0,0,0,0,1,0,3,0,2,3,0,0,0,0,0,4,0,0,0,0.0714285714285714,0.0714285714285714,0.142857142857143,0.142857142857143,0.0714285714285714,0.142857142857143,0.142857142857143,0,0.0714285714285714,0,0,0,0.142857142857143,0,0,0,0,0,0,0.166666666666667,0,0.5,0.5,NA,0,NA,NA,NA,0.166666666666667,NA,NA,NA,0,0.333333333333333,0,0.5,0,0.333333333333333,0.5,NA,0,NA,NA,NA,0.666666666666667,NA,NA,NA,0,1,0,2,0,1,3,0,0,0,0,0,4,0,0,0,3,2,6,3,3,2,0,0,3,0,0,0,1,0,0,0,0,0,0,1,0,1,0,0,0,0,0,0,0,0,0,0,0,0,0,0,0,2,3,0,0,0,0,0,1,0,0,0,0,0.333333333333333,0,0.333333333333333,0,0.166666666666667,0.5,NA,0,NA,NA,NA,0.666666666666667,NA,NA,NA,1,0.666666666666667,1,0.5,1,0.333333333333333,0,NA,1,NA,NA,NA,0.166666666666667,NA,NA,NA,0,0,0,0.166666666666667,0,0.166666666666667,0,NA,0,NA,NA,NA,0,NA,NA,NA,0,0,0,0,0,0.333333333333333,0.5,NA,0,NA,NA,NA,0.166666666666667,NA,NA,NA
"587",3,3,6,6,6,3,6,3,6,6,0,0,0,0,0,0,0,0,0,1,0,0,1,2,2,0,0,0,0,0,0,0,0,1,0,0,1,1,5,1,1,3,0,0,0,0,0,0,0.0625,0.0625,0.125,0.125,0.125,0.0625,0.125,0.0625,0.125,0.125,0,0,0,0,0,0,0,0,0,0.166666666666667,0,0,0.166666666666667,0.666666666666667,0.333333333333333,0,NA,NA,NA,NA,NA,NA,0,0.333333333333333,0,0,0.166666666666667,0.333333333333333,0.833333333333333,0.333333333333333,0.166666666666667,0.5,NA,NA,NA,NA,NA,NA,0,1,0,0,1,1,5,0,1,3,0,0,0,0,0,0,3,2,6,5,5,2,0,1,3,3,0,0,0,0,0,0,0,0,0,0,0,0,0,1,0,0,0,0,0,0,0,0,0,0,0,1,0,0,1,1,2,0,0,0,0,0,0,0,0,0.333333333333333,0,0,0.166666666666667,0.333333333333333,0.833333333333333,0,0.166666666666667,0.5,NA,NA,NA,NA,NA,NA,1,0.666666666666667,1,0.833333333333333,0.833333333333333,0.666666666666667,0,0.333333333333333,0.5,0.5,NA,NA,NA,NA,NA,NA,0,0,0,0,0,0,0,0.333333333333333,0,0,NA,NA,NA,NA,NA,NA,0,0,0,0.166666666666667,0,0,0.166666666666667,0.333333333333333,0.333333333333333,0,NA,NA,NA,NA,NA,NA
"588",6,3,3,6,3,6,6,6,3,3,0,0,3,0,0,0,0,0,0,0,0,1,2,2,0,2,0,0,1,0,0,0,2,1,0,2,0,2,2,5,1,2,0,0,1,0,0,0,0.125,0.0625,0.0625,0.125,0.0625,0.125,0.125,0.125,0.0625,0.0625,0,0,0.0625,0,0,0,0,0,0,0,0,0.166666666666667,0.333333333333333,0.333333333333333,0,0.666666666666667,NA,NA,0.333333333333333,NA,NA,NA,0.333333333333333,0.333333333333333,0,0.333333333333333,0,0.333333333333333,0.333333333333333,0.833333333333333,0.333333333333333,0.666666666666667,NA,NA,0.333333333333333,NA,NA,NA,2,1,0,2,0,2,0,4,1,1,0,0,0,0,0,0,4,2,3,4,3,3,4,0,2,0,0,0,2,0,0,0,0,0,0,0,0,0,2,1,0,1,0,0,1,0,0,0,0,0,0,0,0,1,0,1,0,1,0,0,0,0,0,0,0.333333333333333,0.333333333333333,0,0.333333333333333,0,0.333333333333333,0,0.666666666666667,0.333333333333333,0.333333333333333,NA,NA,0,NA,NA,NA,0.666666666666667,0.666666666666667,1,0.666666666666667,1,0.5,0.666666666666667,0,0.666666666666667,0,NA,NA,0.666666666666667,NA,NA,NA,0,0,0,0,0,0,0.333333333333333,0.166666666666667,0,0.333333333333333,NA,NA,0.333333333333333,NA,NA,NA,0,0,0,0,0,0.166666666666667,0,0.166666666666667,0,0.333333333333333,NA,NA,0,NA,NA,NA
"589",3,6,3,0,3,0,0,0,6,0,0,0,6,0,0,0,0,0,1,0,0,0,0,0,0,0,0,0,1,0,0,0,0,3,1,0,0,0,0,0,1,0,0,0,3,0,0,0,0.111111111111111,0.222222222222222,0.111111111111111,0,0.111111111111111,0,0,0,0.222222222222222,0,0,0,0.222222222222222,0,0,0,0,0,0.333333333333333,NA,0,NA,NA,NA,0,NA,NA,NA,0.166666666666667,NA,NA,NA,0,0.5,0.333333333333333,NA,0,NA,NA,NA,0.166666666666667,NA,NA,NA,0.5,NA,NA,NA,0,3,1,0,0,0,0,0,1,0,0,0,2,0,0,0,3,3,1,0,3,0,0,0,5,0,0,0,3,0,0,0,0,0,0,0,0,0,0,0,0,0,0,0,1,0,0,0,0,0,1,0,0,0,0,0,0,0,0,0,0,0,0,0,0,0.5,0.333333333333333,NA,0,NA,NA,NA,0.166666666666667,NA,NA,NA,0.333333333333333,NA,NA,NA,1,0.5,0.333333333333333,NA,1,NA,NA,NA,0.833333333333333,NA,NA,NA,0.5,NA,NA,NA,0,0,0,NA,0,NA,NA,NA,0,NA,NA,NA,0.166666666666667,NA,NA,NA,0,0,0.333333333333333,NA,0,NA,NA,NA,0,NA,NA,NA,0,NA,NA,NA
"590",3,3,6,6,3,3,6,3,6,6,0,0,3,0,0,0,0,0,0,1,0,0,1,2,1,0,0,0,1,0,0,0,1,1,2,2,1,0,4,2,2,3,0,0,2,0,0,0,0.0625,0.0625,0.125,0.125,0.0625,0.0625,0.125,0.0625,0.125,0.125,0,0,0.0625,0,0,0,0,0,0,0.166666666666667,0,0,0.166666666666667,0.666666666666667,0.166666666666667,0,NA,NA,0.333333333333333,NA,NA,NA,0.333333333333333,0.333333333333333,0.333333333333333,0.333333333333333,0.333333333333333,0,0.666666666666667,0.666666666666667,0.333333333333333,0.5,NA,NA,0.666666666666667,NA,NA,NA,1,1,2,1,1,0,4,1,2,3,0,0,2,0,0,0,2,2,4,4,2,3,1,0,3,3,0,0,0,0,0,0,0,0,0,1,0,0,0,1,0,0,0,0,0,0,0,0,0,0,0,0,0,0,1,1,1,0,0,0,1,0,0,0,0.333333333333333,0.333333333333333,0.333333333333333,0.166666666666667,0.333333333333333,0,0.666666666666667,0.333333333333333,0.333333333333333,0.5,NA,NA,0.666666666666667,NA,NA,NA,0.666666666666667,0.666666666666667,0.666666666666667,0.666666666666667,0.666666666666667,1,0.166666666666667,0,0.5,0.5,NA,NA,0,NA,NA,NA,0,0,0,0.166666666666667,0,0,0,0.333333333333333,0,0,NA,NA,0,NA,NA,NA,0,0,0,0,0,0,0.166666666666667,0.333333333333333,0.166666666666667,0,NA,NA,0.333333333333333,NA,NA,NA
"591",3,6,3,0,6,0,0,0,3,0,0,0,6,0,0,0,0,0,1,0,1,0,0,0,0,0,0,0,0,0,0,0,1,2,1,0,1,0,0,0,1,0,0,0,2,0,0,0,0.111111111111111,0.222222222222222,0.111111111111111,0,0.222222222222222,0,0,0,0.111111111111111,0,0,0,0.222222222222222,0,0,0,0,0,0.333333333333333,NA,0.166666666666667,NA,NA,NA,0,NA,NA,NA,0,NA,NA,NA,0.333333333333333,0.333333333333333,0.333333333333333,NA,0.166666666666667,NA,NA,NA,0.333333333333333,NA,NA,NA,0.333333333333333,NA,NA,NA,1,2,0,0,0,0,0,0,1,0,0,0,2,0,0,0,2,4,2,0,5,0,0,0,2,0,0,0,4,0,0,0,0,0,1,0,1,0,0,0,0,0,0,0,0,0,0,0,0,0,0,0,0,0,0,0,0,0,0,0,0,0,0,0,0.333333333333333,0.333333333333333,0,NA,0,NA,NA,NA,0.333333333333333,NA,NA,NA,0.333333333333333,NA,NA,NA,0.666666666666667,0.666666666666667,0.666666666666667,NA,0.833333333333333,NA,NA,NA,0.666666666666667,NA,NA,NA,0.666666666666667,NA,NA,NA,0,0,0.333333333333333,NA,0.166666666666667,NA,NA,NA,0,NA,NA,NA,0,NA,NA,NA,0,0,0,NA,0,NA,NA,NA,0,NA,NA,NA,0,NA,NA,NA
"592",6,3,3,6,3,6,6,0,6,6,0,0,0,3,0,0,1,0,0,1,0,0,1,0,1,1,0,0,0,1,0,0,1,0,1,4,1,2,3,0,2,2,0,0,0,2,0,0,0.125,0.0625,0.0625,0.125,0.0625,0.125,0.125,0,0.125,0.125,0,0,0,0.0625,0,0,0.166666666666667,0,0,0.166666666666667,0,0,0.166666666666667,NA,0.166666666666667,0.166666666666667,NA,NA,NA,0.333333333333333,NA,NA,0.166666666666667,0,0.333333333333333,0.666666666666667,0.333333333333333,0.333333333333333,0.5,NA,0.333333333333333,0.333333333333333,NA,NA,NA,0.666666666666667,NA,NA,1,0,1,3,1,2,2,0,1,1,0,0,0,2,0,0,4,3,2,2,2,4,3,0,4,4,0,0,0,0,0,0,0,0,0,1,0,0,1,0,1,1,0,0,0,0,0,0,1,0,0,0,0,0,0,0,0,0,0,0,0,1,0,0,0.166666666666667,0,0.333333333333333,0.5,0.333333333333333,0.333333333333333,0.333333333333333,NA,0.166666666666667,0.166666666666667,NA,NA,NA,0.666666666666667,NA,NA,0.666666666666667,1,0.666666666666667,0.333333333333333,0.666666666666667,0.666666666666667,0.5,NA,0.666666666666667,0.666666666666667,NA,NA,NA,0,NA,NA,0,0,0,0.166666666666667,0,0,0.166666666666667,NA,0.166666666666667,0.166666666666667,NA,NA,NA,0,NA,NA,0.166666666666667,0,0,0,0,0,0,NA,0,0,NA,NA,NA,0.333333333333333,NA,NA
"593",3,6,6,0,6,0,0,0,6,0,0,0,0,0,0,0,0,0,3,0,1,0,0,0,0,0,0,0,0,0,0,0,0,0,1,0,1,0,0,0,4,0,0,0,0,0,0,0,0.111111111111111,0.222222222222222,0.222222222222222,0,0.222222222222222,0,0,0,0.222222222222222,0,0,0,0,0,0,0,0,0,0.5,NA,0.166666666666667,NA,NA,NA,0,NA,NA,NA,NA,NA,NA,NA,0,0,0.166666666666667,NA,0.166666666666667,NA,NA,NA,0.666666666666667,NA,NA,NA,NA,NA,NA,NA,0,0,0,0,1,0,0,0,4,0,0,0,0,0,0,0,3,6,3,0,4,0,0,0,2,0,0,0,0,0,0,0,0,0,1,0,0,0,0,0,0,0,0,0,0,0,0,0,0,0,2,0,1,0,0,0,0,0,0,0,0,0,0,0,0,0,0,NA,0.166666666666667,NA,NA,NA,0.666666666666667,NA,NA,NA,NA,NA,NA,NA,1,1,0.5,NA,0.666666666666667,NA,NA,NA,0.333333333333333,NA,NA,NA,NA,NA,NA,NA,0,0,0.166666666666667,NA,0,NA,NA,NA,0,NA,NA,NA,NA,NA,NA,NA,0,0,0.333333333333333,NA,0.166666666666667,NA,NA,NA,0,NA,NA,NA,NA,NA,NA,NA
"594",3,3,6,6,3,6,6,3,3,3,3,0,3,0,0,0,0,0,0,1,0,1,0,1,0,2,1,0,1,0,0,0,0,0,1,2,1,1,3,2,0,3,3,0,1,0,0,0,0.0625,0.0625,0.125,0.125,0.0625,0.125,0.125,0.0625,0.0625,0.0625,0.0625,0,0.0625,0,0,0,0,0,0,0.166666666666667,0,0.166666666666667,0,0.333333333333333,0,0.666666666666667,0.333333333333333,NA,0.333333333333333,NA,NA,NA,0,0,0.166666666666667,0.333333333333333,0.333333333333333,0.166666666666667,0.5,0.666666666666667,0,1,1,NA,0.333333333333333,NA,NA,NA,0,0,1,2,1,1,3,1,0,1,2,0,1,0,0,0,3,3,5,3,2,4,3,1,3,0,0,0,1,0,0,0,0,0,0,0,0,0,0,1,0,2,1,0,0,0,0,0,0,0,0,1,0,1,0,0,0,0,0,0,1,0,0,0,0,0,0.166666666666667,0.333333333333333,0.333333333333333,0.166666666666667,0.5,0.333333333333333,0,0.333333333333333,0.666666666666667,NA,0.333333333333333,NA,NA,NA,1,1,0.833333333333333,0.5,0.666666666666667,0.666666666666667,0.5,0.333333333333333,1,0,0,NA,0.333333333333333,NA,NA,NA,0,0,0,0,0,0,0,0.333333333333333,0,0.666666666666667,0.333333333333333,NA,0,NA,NA,NA,0,0,0,0.166666666666667,0,0.166666666666667,0,0,0,0,0,NA,0.333333333333333,NA,NA,NA
"595",3,6,6,0,6,6,0,0,6,0,0,0,0,0,0,0,0,1,1,0,0,2,0,0,3,0,0,0,0,0,0,0,0,0,3,0,2,3,0,0,2,0,0,0,0,0,0,0,0.0909090909090909,0.181818181818182,0.181818181818182,0,0.181818181818182,0.181818181818182,0,0,0.181818181818182,0,0,0,0,0,0,0,0,0.166666666666667,0.166666666666667,NA,0,0.333333333333333,NA,NA,0.5,NA,NA,NA,NA,NA,NA,NA,0,0,0.5,NA,0.333333333333333,0.5,NA,NA,0.333333333333333,NA,NA,NA,NA,NA,NA,NA,0,0,3,0,2,3,0,0,0,0,0,0,0,0,0,0,3,5,2,0,4,1,0,0,3,0,0,0,0,0,0,0,0,0,0,0,0,0,0,0,2,0,0,0,0,0,0,0,0,1,1,0,0,2,0,0,1,0,0,0,0,0,0,0,0,0,0.5,NA,0.333333333333333,0.5,NA,NA,0,NA,NA,NA,NA,NA,NA,NA,1,0.833333333333333,0.333333333333333,NA,0.666666666666667,0.166666666666667,NA,NA,0.5,NA,NA,NA,NA,NA,NA,NA,0,0,0,NA,0,0,NA,NA,0.333333333333333,NA,NA,NA,NA,NA,NA,NA,0,0.166666666666667,0.166666666666667,NA,0,0.333333333333333,NA,NA,0.166666666666667,NA,NA,NA,NA,NA,NA,NA
"596",3,3,3,6,3,6,6,0,6,0,0,0,6,0,0,0,0,0,0,0,0,2,0,0,0,0,0,0,2,0,0,0,0,0,0,4,1,0,3,0,1,0,0,0,2,0,0,0,0.0714285714285714,0.0714285714285714,0.0714285714285714,0.142857142857143,0.0714285714285714,0.142857142857143,0.142857142857143,0,0.142857142857143,0,0,0,0.142857142857143,0,0,0,0,0,0,0,0,0.333333333333333,0,NA,0,NA,NA,NA,0.333333333333333,NA,NA,NA,0,0,0,0.666666666666667,0.333333333333333,0,0.5,NA,0.166666666666667,NA,NA,NA,0.333333333333333,NA,NA,NA,0,0,0,4,1,0,3,0,1,0,0,0,1,0,0,0,3,3,3,2,2,4,3,0,5,0,0,0,3,0,0,0,0,0,0,0,0,0,0,0,0,0,0,0,1,0,0,0,0,0,0,0,0,2,0,0,0,0,0,0,1,0,0,0,0,0,0,0.666666666666667,0.333333333333333,0,0.5,NA,0.166666666666667,NA,NA,NA,0.166666666666667,NA,NA,NA,1,1,1,0.333333333333333,0.666666666666667,0.666666666666667,0.5,NA,0.833333333333333,NA,NA,NA,0.5,NA,NA,NA,0,0,0,0,0,0,0,NA,0,NA,NA,NA,0.166666666666667,NA,NA,NA,0,0,0,0,0,0.333333333333333,0,NA,0,NA,NA,NA,0.166666666666667,NA,NA,NA
"597",3,3,3,6,3,6,6,0,3,3,0,0,6,0,0,0,0,0,0,0,0,1,1,0,0,1,0,0,0,0,0,0,1,0,0,3,1,2,3,0,1,1,0,0,1,0,0,0,0.0714285714285714,0.0714285714285714,0.0714285714285714,0.142857142857143,0.0714285714285714,0.142857142857143,0.142857142857143,0,0.0714285714285714,0.0714285714285714,0,0,0.142857142857143,0,0,0,0,0,0,0,0,0.166666666666667,0.166666666666667,NA,0,0.333333333333333,NA,NA,0,NA,NA,NA,0.333333333333333,0,0,0.5,0.333333333333333,0.333333333333333,0.5,NA,0.333333333333333,0.333333333333333,NA,NA,0.166666666666667,NA,NA,NA,1,0,0,3,1,2,2,0,1,1,0,0,1,0,0,0,2,3,3,3,2,3,3,0,2,1,0,0,5,0,0,0,0,0,0,0,0,0,1,0,0,0,0,0,0,0,0,0,0,0,0,0,0,1,0,0,0,1,0,0,0,0,0,0,0.333333333333333,0,0,0.5,0.333333333333333,0.333333333333333,0.333333333333333,NA,0.333333333333333,0.333333333333333,NA,NA,0.166666666666667,NA,NA,NA,0.666666666666667,1,1,0.5,0.666666666666667,0.5,0.5,NA,0.666666666666667,0.333333333333333,NA,NA,0.833333333333333,NA,NA,NA,0,0,0,0,0,0,0.166666666666667,NA,0,0,NA,NA,0,NA,NA,NA,0,0,0,0,0,0.166666666666667,0,NA,0,0.333333333333333,NA,NA,0,NA,NA,NA
"598",3,6,6,3,0,3,0,0,6,6,0,0,6,0,0,0,0,0,1,1,0,0,0,0,0,0,0,0,1,0,0,0,0,2,1,1,0,0,0,0,0,4,0,0,3,0,0,0,0.0769230769230769,0.153846153846154,0.153846153846154,0.0769230769230769,0,0.0769230769230769,0,0,0.153846153846154,0.153846153846154,0,0,0.153846153846154,0,0,0,0,0,0.166666666666667,0.333333333333333,NA,0,NA,NA,0,0,NA,NA,0.166666666666667,NA,NA,NA,0,0.333333333333333,0.166666666666667,0.333333333333333,NA,0,NA,NA,0,0.666666666666667,NA,NA,0.5,NA,NA,NA,0,2,1,1,0,0,0,0,0,4,0,0,3,0,0,0,3,4,4,1,0,3,0,0,6,2,0,0,2,0,0,0,0,0,0,0,0,0,0,0,0,0,0,0,0,0,0,0,0,0,1,1,0,0,0,0,0,0,0,0,1,0,0,0,0,0.333333333333333,0.166666666666667,0.333333333333333,NA,0,NA,NA,0,0.666666666666667,NA,NA,0.5,NA,NA,NA,1,0.666666666666667,0.666666666666667,0.333333333333333,NA,1,NA,NA,1,0.333333333333333,NA,NA,0.333333333333333,NA,NA,NA,0,0,0,0,NA,0,NA,NA,0,0,NA,NA,0,NA,NA,NA,0,0,0.166666666666667,0.333333333333333,NA,0,NA,NA,0,0,NA,NA,0.166666666666667,NA,NA,NA
"599",3,3,6,0,3,6,0,0,3,0,0,0,6,0,0,0,0,0,1,0,0,0,0,0,0,0,0,0,0,0,0,0,1,0,4,0,1,4,0,0,0,0,0,0,2,0,0,0,0.1,0.1,0.2,0,0.1,0.2,0,0,0.1,0,0,0,0.2,0,0,0,0,0,0.166666666666667,NA,0,0,NA,NA,0,NA,NA,NA,0,NA,NA,NA,0.333333333333333,0,0.666666666666667,NA,0.333333333333333,0.666666666666667,NA,NA,0,NA,NA,NA,0.333333333333333,NA,NA,NA,1,0,4,0,1,4,0,0,0,0,0,0,2,0,0,0,2,3,1,0,2,2,0,0,3,0,0,0,4,0,0,0,0,0,0,0,0,0,0,0,0,0,0,0,0,0,0,0,0,0,1,0,0,0,0,0,0,0,0,0,0,0,0,0,0.333333333333333,0,0.666666666666667,NA,0.333333333333333,0.666666666666667,NA,NA,0,NA,NA,NA,0.333333333333333,NA,NA,NA,0.666666666666667,1,0.166666666666667,NA,0.666666666666667,0.333333333333333,NA,NA,1,NA,NA,NA,0.666666666666667,NA,NA,NA,0,0,0,NA,0,0,NA,NA,0,NA,NA,NA,0,NA,NA,NA,0,0,0.166666666666667,NA,0,0,NA,NA,0,NA,NA,NA,0,NA,NA,NA
"600",3,3,3,3,3,6,6,6,6,6,0,0,3,0,0,0,0,0,0,0,0,0,2,1,0,2,0,0,1,0,0,0,0,1,1,1,0,1,5,5,2,2,0,0,0,0,0,0,0.0625,0.0625,0.0625,0.0625,0.0625,0.125,0.125,0.125,0.125,0.125,0,0,0.0625,0,0,0,0,0,0,0,0,0,0.333333333333333,0.166666666666667,0,0.333333333333333,NA,NA,0.333333333333333,NA,NA,NA,0,0.333333333333333,0.333333333333333,0.333333333333333,0,0.166666666666667,0.833333333333333,0.833333333333333,0.333333333333333,0.333333333333333,NA,NA,0,NA,NA,NA,0,1,1,1,0,1,4,4,2,2,0,0,0,0,0,0,3,2,2,2,3,5,0,1,4,2,0,0,2,0,0,0,0,0,0,0,0,0,1,1,0,0,0,0,0,0,0,0,0,0,0,0,0,0,1,0,0,2,0,0,1,0,0,0,0,0.333333333333333,0.333333333333333,0.333333333333333,0,0.166666666666667,0.666666666666667,0.666666666666667,0.333333333333333,0.333333333333333,NA,NA,0,NA,NA,NA,1,0.666666666666667,0.666666666666667,0.666666666666667,1,0.833333333333333,0,0.166666666666667,0.666666666666667,0.333333333333333,NA,NA,0.666666666666667,NA,NA,NA,0,0,0,0,0,0,0.166666666666667,0.166666666666667,0,0,NA,NA,0,NA,NA,NA,0,0,0,0,0,0,0.166666666666667,0,0,0.333333333333333,NA,NA,0.333333333333333,NA,NA,NA
"601",3,3,6,3,6,6,0,0,0,3,0,0,0,0,0,0,0,0,0,1,3,1,0,0,0,1,0,0,0,0,0,0,0,1,2,1,1,2,0,0,0,1,0,0,0,0,0,0,0.1,0.1,0.2,0.1,0.2,0.2,0,0,0,0.1,0,0,0,0,0,0,0,0,0,0.333333333333333,0.5,0.166666666666667,NA,NA,NA,0.333333333333333,NA,NA,NA,NA,NA,NA,0,0.333333333333333,0.333333333333333,0.333333333333333,0.166666666666667,0.333333333333333,NA,NA,NA,0.333333333333333,NA,NA,NA,NA,NA,NA,0,1,2,1,1,1,0,0,0,1,0,0,0,0,0,0,3,2,4,1,2,4,0,0,0,1,0,0,0,0,0,0,0,0,0,0,0,1,0,0,0,0,0,0,0,0,0,0,0,0,0,1,3,0,0,0,0,1,0,0,0,0,0,0,0,0.333333333333333,0.333333333333333,0.333333333333333,0.166666666666667,0.166666666666667,NA,NA,NA,0.333333333333333,NA,NA,NA,NA,NA,NA,1,0.666666666666667,0.666666666666667,0.333333333333333,0.333333333333333,0.666666666666667,NA,NA,NA,0.333333333333333,NA,NA,NA,NA,NA,NA,0,0,0,0,0,0.166666666666667,NA,NA,NA,0,NA,NA,NA,NA,NA,NA,0,0,0,0.333333333333333,0.5,0,NA,NA,NA,0.333333333333333,NA,NA,NA,NA,NA,NA
"602",3,3,6,6,6,6,0,0,6,0,0,0,0,0,0,0,0,0,0,2,0,0,0,0,2,0,0,0,0,0,0,0,0,1,2,3,1,4,0,0,1,0,0,0,0,0,0,0,0.0833333333333333,0.0833333333333333,0.166666666666667,0.166666666666667,0.166666666666667,0.166666666666667,0,0,0.166666666666667,0,0,0,0,0,0,0,0,0,0,0.333333333333333,0,0,NA,NA,0.333333333333333,NA,NA,NA,NA,NA,NA,NA,0,0.333333333333333,0.333333333333333,0.5,0.166666666666667,0.666666666666667,NA,NA,0.166666666666667,NA,NA,NA,NA,NA,NA,NA,0,1,2,1,1,4,0,0,0,0,0,0,0,0,0,0,3,2,4,3,5,2,0,0,4,0,0,0,0,0,0,0,0,0,0,2,0,0,0,0,1,0,0,0,0,0,0,0,0,0,0,0,0,0,0,0,1,0,0,0,0,0,0,0,0,0.333333333333333,0.333333333333333,0.166666666666667,0.166666666666667,0.666666666666667,NA,NA,0,NA,NA,NA,NA,NA,NA,NA,1,0.666666666666667,0.666666666666667,0.5,0.833333333333333,0.333333333333333,NA,NA,0.666666666666667,NA,NA,NA,NA,NA,NA,NA,0,0,0,0.333333333333333,0,0,NA,NA,0.166666666666667,NA,NA,NA,NA,NA,NA,NA,0,0,0,0,0,0,NA,NA,0.166666666666667,NA,NA,NA,NA,NA,NA,NA
"603",3,6,6,0,0,6,0,0,6,6,0,0,3,0,0,0,0,0,1,0,0,1,0,0,1,0,0,0,2,0,0,0,0,0,3,0,0,1,0,0,1,4,0,0,2,0,0,0,0.0833333333333333,0.166666666666667,0.166666666666667,0,0,0.166666666666667,0,0,0.166666666666667,0.166666666666667,0,0,0.0833333333333333,0,0,0,0,0,0.166666666666667,NA,NA,0.166666666666667,NA,NA,0.166666666666667,0,NA,NA,0.666666666666667,NA,NA,NA,0,0,0.5,NA,NA,0.166666666666667,NA,NA,0.166666666666667,0.666666666666667,NA,NA,0.666666666666667,NA,NA,NA,0,0,3,0,0,1,0,0,0,4,0,0,1,0,0,0,3,6,2,0,0,4,0,0,5,2,0,0,0,0,0,0,0,0,0,0,0,0,0,0,1,0,0,0,1,0,0,0,0,0,1,0,0,1,0,0,0,0,0,0,1,0,0,0,0,0,0.5,NA,NA,0.166666666666667,NA,NA,0,0.666666666666667,NA,NA,0.333333333333333,NA,NA,NA,1,1,0.333333333333333,NA,NA,0.666666666666667,NA,NA,0.833333333333333,0.333333333333333,NA,NA,0,NA,NA,NA,0,0,0,NA,NA,0,NA,NA,0.166666666666667,0,NA,NA,0.333333333333333,NA,NA,NA,0,0,0.166666666666667,NA,NA,0.166666666666667,NA,NA,0,0,NA,NA,0.333333333333333,NA,NA,NA
"604",6,3,6,6,6,6,6,0,0,6,0,0,0,0,0,0,1,0,0,1,1,0,1,0,0,3,0,0,0,0,0,0,1,0,1,3,3,1,4,0,0,3,0,0,0,0,0,0,0.133333333333333,0.0666666666666667,0.133333333333333,0.133333333333333,0.133333333333333,0.133333333333333,0.133333333333333,0,0,0.133333333333333,0,0,0,0,0,0,0.166666666666667,0,0,0.166666666666667,0.166666666666667,0,0.166666666666667,NA,NA,0.5,NA,NA,NA,NA,NA,NA,0.166666666666667,0,0.166666666666667,0.5,0.5,0.166666666666667,0.666666666666667,NA,NA,0.5,NA,NA,NA,NA,NA,NA,0,0,1,3,2,1,3,0,0,0,0,0,0,0,0,0,5,3,5,2,3,5,2,0,0,3,0,0,0,0,0,0,1,0,0,0,1,0,1,0,0,3,0,0,0,0,0,0,0,0,0,1,0,0,0,0,0,0,0,0,0,0,0,0,0,0,0.166666666666667,0.5,0.333333333333333,0.166666666666667,0.5,NA,NA,0,NA,NA,NA,NA,NA,NA,0.833333333333333,1,0.833333333333333,0.333333333333333,0.5,0.833333333333333,0.333333333333333,NA,NA,0.5,NA,NA,NA,NA,NA,NA,0.166666666666667,0,0,0,0.166666666666667,0,0.166666666666667,NA,NA,0.5,NA,NA,NA,NA,NA,NA,0,0,0,0.166666666666667,0,0,0,NA,NA,0,NA,NA,NA,NA,NA,NA
"605",3,3,6,6,0,6,6,6,0,6,3,0,0,3,0,0,0,0,1,1,0,0,0,2,0,0,2,0,0,1,0,0,0,1,2,2,0,2,3,4,0,1,3,0,0,2,0,0,0.0625,0.0625,0.125,0.125,0,0.125,0.125,0.125,0,0.125,0.0625,0,0,0.0625,0,0,0,0,0.166666666666667,0.166666666666667,NA,0,0,0.333333333333333,NA,0,0.666666666666667,NA,NA,0.333333333333333,NA,NA,0,0.333333333333333,0.333333333333333,0.333333333333333,NA,0.333333333333333,0.5,0.666666666666667,NA,0.166666666666667,1,NA,NA,0.666666666666667,NA,NA,0,1,2,2,0,2,3,3,0,1,1,0,0,1,0,0,3,2,3,3,0,4,3,1,0,5,0,0,0,1,0,0,0,0,0,0,0,0,0,1,0,0,2,0,0,1,0,0,0,0,1,1,0,0,0,1,0,0,0,0,0,0,0,0,0,0.333333333333333,0.333333333333333,0.333333333333333,NA,0.333333333333333,0.5,0.5,NA,0.166666666666667,0.333333333333333,NA,NA,0.333333333333333,NA,NA,1,0.666666666666667,0.5,0.5,NA,0.666666666666667,0.5,0.166666666666667,NA,0.833333333333333,0,NA,NA,0.333333333333333,NA,NA,0,0,0,0,NA,0,0,0.166666666666667,NA,0,0.666666666666667,NA,NA,0.333333333333333,NA,NA,0,0,0.166666666666667,0.166666666666667,NA,0,0,0.166666666666667,NA,0,0,NA,NA,0,NA,NA
"606",3,3,6,3,3,3,0,0,6,6,0,0,3,0,0,0,0,0,0,1,0,0,0,0,1,0,0,0,1,0,0,0,1,0,4,3,1,1,0,0,0,4,0,0,2,0,0,0,0.0833333333333333,0.0833333333333333,0.166666666666667,0.0833333333333333,0.0833333333333333,0.0833333333333333,0,0,0.166666666666667,0.166666666666667,0,0,0.0833333333333333,0,0,0,0,0,0,0.333333333333333,0,0,NA,NA,0.166666666666667,0,NA,NA,0.333333333333333,NA,NA,NA,0.333333333333333,0,0.666666666666667,1,0.333333333333333,0.333333333333333,NA,NA,0,0.666666666666667,NA,NA,0.666666666666667,NA,NA,NA,1,0,4,2,1,1,0,0,0,4,0,0,2,0,0,0,2,3,2,0,2,2,0,0,5,2,0,0,0,0,0,0,0,0,0,1,0,0,0,0,0,0,0,0,0,0,0,0,0,0,0,0,0,0,0,0,1,0,0,0,1,0,0,0,0.333333333333333,0,0.666666666666667,0.666666666666667,0.333333333333333,0.333333333333333,NA,NA,0,0.666666666666667,NA,NA,0.666666666666667,NA,NA,NA,0.666666666666667,1,0.333333333333333,0,0.666666666666667,0.666666666666667,NA,NA,0.833333333333333,0.333333333333333,NA,NA,0,NA,NA,NA,0,0,0,0.333333333333333,0,0,NA,NA,0,0,NA,NA,0,NA,NA,NA,0,0,0,0,0,0,NA,NA,0.166666666666667,0,NA,NA,0.333333333333333,NA,NA,NA
"607",3,3,3,3,0,3,6,6,3,6,6,0,6,0,0,0,0,0,0,0,0,0,0,1,0,1,1,0,1,0,0,0,0,0,0,1,0,1,2,5,0,5,4,0,4,0,0,0,0.0625,0.0625,0.0625,0.0625,0,0.0625,0.125,0.125,0.0625,0.125,0.125,0,0.125,0,0,0,0,0,0,0,NA,0,0,0.166666666666667,0,0.166666666666667,0.166666666666667,NA,0.166666666666667,NA,NA,NA,0,0,0,0.333333333333333,NA,0.333333333333333,0.333333333333333,0.833333333333333,0,0.833333333333333,0.666666666666667,NA,0.666666666666667,NA,NA,NA,0,0,0,1,0,1,2,4,0,4,4,0,3,0,0,0,3,3,3,2,0,2,4,1,3,1,1,0,2,0,0,0,0,0,0,0,0,0,0,1,0,1,0,0,1,0,0,0,0,0,0,0,0,0,0,0,0,0,1,0,0,0,0,0,0,0,0,0.333333333333333,NA,0.333333333333333,0.333333333333333,0.666666666666667,0,0.666666666666667,0.666666666666667,NA,0.5,NA,NA,NA,1,1,1,0.666666666666667,NA,0.666666666666667,0.666666666666667,0.166666666666667,1,0.166666666666667,0.166666666666667,NA,0.333333333333333,NA,NA,NA,0,0,0,0,NA,0,0,0.166666666666667,0,0.166666666666667,0,NA,0.166666666666667,NA,NA,NA,0,0,0,0,NA,0,0,0,0,0,0.166666666666667,NA,0,NA,NA,NA
"608",6,6,3,6,0,3,6,3,3,3,0,0,3,6,0,0,0,1,0,0,0,0,0,1,2,0,0,0,1,0,0,0,0,0,1,3,0,0,3,3,1,1,0,0,3,5,0,0,0.125,0.125,0.0625,0.125,0,0.0625,0.125,0.0625,0.0625,0.0625,0,0,0.0625,0.125,0,0,0,0.166666666666667,0,0,NA,0,0,0.333333333333333,0.666666666666667,0,NA,NA,0.333333333333333,0,NA,NA,0,0,0.333333333333333,0.5,NA,0,0.5,1,0.333333333333333,0.333333333333333,NA,NA,1,0.833333333333333,NA,NA,0,0,1,3,0,0,3,2,1,1,0,0,2,5,0,0,6,5,2,3,0,3,3,0,0,2,0,0,0,1,0,0,0,0,0,0,0,0,0,1,0,0,0,0,1,0,0,0,0,1,0,0,0,0,0,0,2,0,0,0,0,0,0,0,0,0,0.333333333333333,0.5,NA,0,0.5,0.666666666666667,0.333333333333333,0.333333333333333,NA,NA,0.666666666666667,0.833333333333333,NA,NA,1,0.833333333333333,0.666666666666667,0.5,NA,1,0.5,0,0,0.666666666666667,NA,NA,0,0.166666666666667,NA,NA,0,0,0,0,NA,0,0,0.333333333333333,0,0,NA,NA,0.333333333333333,0,NA,NA,0,0.166666666666667,0,0,NA,0,0,0,0.666666666666667,0,NA,NA,0,0,NA,NA
"609",3,3,3,6,6,6,6,0,6,3,0,0,3,0,0,0,0,0,0,1,0,1,0,0,1,1,0,0,1,0,0,0,0,1,1,3,2,1,5,0,1,1,0,0,1,0,0,0,0.0666666666666667,0.0666666666666667,0.0666666666666667,0.133333333333333,0.133333333333333,0.133333333333333,0.133333333333333,0,0.133333333333333,0.0666666666666667,0,0,0.0666666666666667,0,0,0,0,0,0,0.166666666666667,0,0.166666666666667,0,NA,0.166666666666667,0.333333333333333,NA,NA,0.333333333333333,NA,NA,NA,0,0.333333333333333,0.333333333333333,0.5,0.333333333333333,0.166666666666667,0.833333333333333,NA,0.166666666666667,0.333333333333333,NA,NA,0.333333333333333,NA,NA,NA,0,1,1,3,2,1,5,0,1,1,0,0,1,0,0,0,3,2,2,2,4,4,1,0,4,1,0,0,1,0,0,0,0,0,0,0,0,0,0,0,0,0,0,0,0,0,0,0,0,0,0,1,0,1,0,0,1,1,0,0,1,0,0,0,0,0.333333333333333,0.333333333333333,0.5,0.333333333333333,0.166666666666667,0.833333333333333,NA,0.166666666666667,0.333333333333333,NA,NA,0.333333333333333,NA,NA,NA,1,0.666666666666667,0.666666666666667,0.333333333333333,0.666666666666667,0.666666666666667,0.166666666666667,NA,0.666666666666667,0.333333333333333,NA,NA,0.333333333333333,NA,NA,NA,0,0,0,0,0,0,0,NA,0,0,NA,NA,0,NA,NA,NA,0,0,0,0.166666666666667,0,0.166666666666667,0,NA,0.166666666666667,0.333333333333333,NA,NA,0.333333333333333,NA,NA,NA
"610",3,6,6,3,0,6,0,0,6,6,0,0,6,0,0,0,0,0,1,1,0,0,0,0,0,1,0,0,2,0,0,0,0,2,1,0,0,2,0,0,2,5,0,0,1,0,0,0,0.0714285714285714,0.142857142857143,0.142857142857143,0.0714285714285714,0,0.142857142857143,0,0,0.142857142857143,0.142857142857143,0,0,0.142857142857143,0,0,0,0,0,0.166666666666667,0.333333333333333,NA,0,NA,NA,0,0.166666666666667,NA,NA,0.333333333333333,NA,NA,NA,0,0.333333333333333,0.166666666666667,0,NA,0.333333333333333,NA,NA,0.333333333333333,0.833333333333333,NA,NA,0.166666666666667,NA,NA,NA,0,2,1,0,0,2,0,0,2,4,0,0,0,0,0,0,3,4,4,2,0,4,0,0,4,1,0,0,4,0,0,0,0,0,0,0,0,0,0,0,0,1,0,0,1,0,0,0,0,0,1,1,0,0,0,0,0,0,0,0,1,0,0,0,0,0.333333333333333,0.166666666666667,0,NA,0.333333333333333,NA,NA,0.333333333333333,0.666666666666667,NA,NA,0,NA,NA,NA,1,0.666666666666667,0.666666666666667,0.666666666666667,NA,0.666666666666667,NA,NA,0.666666666666667,0.166666666666667,NA,NA,0.666666666666667,NA,NA,NA,0,0,0,0,NA,0,NA,NA,0,0.166666666666667,NA,NA,0.166666666666667,NA,NA,NA,0,0,0.166666666666667,0.333333333333333,NA,0,NA,NA,0,0,NA,NA,0.166666666666667,NA,NA,NA
"611",3,6,0,0,6,0,0,0,0,0,0,0,0,0,0,0,0,0,0,0,2,0,0,0,0,0,0,0,0,0,0,0,1,3,0,0,2,0,0,0,0,0,0,0,0,0,0,0,0.2,0.4,0,0,0.4,0,0,0,0,0,0,0,0,0,0,0,0,0,NA,NA,0.333333333333333,NA,NA,NA,NA,NA,NA,NA,NA,NA,NA,NA,0.333333333333333,0.5,NA,NA,0.333333333333333,NA,NA,NA,NA,NA,NA,NA,NA,NA,NA,NA,1,3,0,0,2,0,0,0,0,0,0,0,0,0,0,0,2,3,0,0,2,0,0,0,0,0,0,0,0,0,0,0,0,0,0,0,0,0,0,0,0,0,0,0,0,0,0,0,0,0,0,0,2,0,0,0,0,0,0,0,0,0,0,0,0.333333333333333,0.5,NA,NA,0.333333333333333,NA,NA,NA,NA,NA,NA,NA,NA,NA,NA,NA,0.666666666666667,0.5,NA,NA,0.333333333333333,NA,NA,NA,NA,NA,NA,NA,NA,NA,NA,NA,0,0,NA,NA,0,NA,NA,NA,NA,NA,NA,NA,NA,NA,NA,NA,0,0,NA,NA,0.333333333333333,NA,NA,NA,NA,NA,NA,NA,NA,NA,NA,NA
"612",6,6,6,6,0,3,6,3,0,3,3,0,0,6,0,0,0,1,0,1,0,0,1,1,0,0,1,0,0,1,0,0,1,2,2,1,0,0,2,1,0,1,3,0,0,4,0,0,0.125,0.125,0.125,0.125,0,0.0625,0.125,0.0625,0,0.0625,0.0625,0,0,0.125,0,0,0,0.166666666666667,0,0.166666666666667,NA,0,0.166666666666667,0.333333333333333,NA,0,0.333333333333333,NA,NA,0.166666666666667,NA,NA,0.166666666666667,0.333333333333333,0.333333333333333,0.166666666666667,NA,0,0.333333333333333,0.333333333333333,NA,0.333333333333333,1,NA,NA,0.666666666666667,NA,NA,1,2,2,1,0,0,1,0,0,1,2,0,0,4,0,0,5,3,4,4,0,3,4,2,0,2,0,0,0,1,0,0,0,0,0,0,0,0,1,1,0,0,1,0,0,0,0,0,0,1,0,1,0,0,0,0,0,0,0,0,0,1,0,0,0.166666666666667,0.333333333333333,0.333333333333333,0.166666666666667,NA,0,0.166666666666667,0,NA,0.333333333333333,0.666666666666667,NA,NA,0.666666666666667,NA,NA,0.833333333333333,0.5,0.666666666666667,0.666666666666667,NA,1,0.666666666666667,0.666666666666667,NA,0.666666666666667,0,NA,NA,0.166666666666667,NA,NA,0,0,0,0,NA,0,0.166666666666667,0.333333333333333,NA,0,0.333333333333333,NA,NA,0,NA,NA,0,0.166666666666667,0,0.166666666666667,NA,0,0,0,NA,0,0,NA,NA,0.166666666666667,NA,NA
"613",3,3,6,6,6,6,6,0,6,0,0,0,3,0,0,0,0,0,0,0,0,2,1,0,2,0,0,0,1,0,0,0,0,1,2,3,1,1,4,0,0,0,0,0,0,0,0,0,0.0666666666666667,0.0666666666666667,0.133333333333333,0.133333333333333,0.133333333333333,0.133333333333333,0.133333333333333,0,0.133333333333333,0,0,0,0.0666666666666667,0,0,0,0,0,0,0,0,0.333333333333333,0.166666666666667,NA,0.333333333333333,NA,NA,NA,0.333333333333333,NA,NA,NA,0,0.333333333333333,0.333333333333333,0.5,0.166666666666667,0.166666666666667,0.666666666666667,NA,0,NA,NA,NA,0,NA,NA,NA,0,1,2,3,1,1,4,0,0,0,0,0,0,0,0,0,3,2,4,3,5,3,1,0,4,0,0,0,2,0,0,0,0,0,0,0,0,0,0,0,0,0,0,0,0,0,0,0,0,0,0,0,0,2,1,0,2,0,0,0,1,0,0,0,0,0.333333333333333,0.333333333333333,0.5,0.166666666666667,0.166666666666667,0.666666666666667,NA,0,NA,NA,NA,0,NA,NA,NA,1,0.666666666666667,0.666666666666667,0.5,0.833333333333333,0.5,0.166666666666667,NA,0.666666666666667,NA,NA,NA,0.666666666666667,NA,NA,NA,0,0,0,0,0,0,0,NA,0,NA,NA,NA,0,NA,NA,NA,0,0,0,0,0,0.333333333333333,0.166666666666667,NA,0.333333333333333,NA,NA,NA,0.333333333333333,NA,NA,NA
"614",3,3,6,6,0,3,6,6,3,6,0,3,3,0,0,0,0,0,0,0,0,0,2,2,0,0,0,2,0,0,0,0,0,1,2,1,0,1,4,2,0,5,0,2,2,0,0,0,0.0625,0.0625,0.125,0.125,0,0.0625,0.125,0.125,0.0625,0.125,0,0.0625,0.0625,0,0,0,0,0,0,0,NA,0,0.333333333333333,0.333333333333333,0,0,NA,0.666666666666667,0,NA,NA,NA,0,0.333333333333333,0.333333333333333,0.166666666666667,NA,0.333333333333333,0.666666666666667,0.333333333333333,0,0.833333333333333,NA,0.666666666666667,0.666666666666667,NA,NA,NA,0,1,2,1,0,1,2,2,0,5,0,1,2,0,0,0,3,2,4,5,0,2,2,2,3,1,0,0,1,0,0,0,0,0,0,0,0,0,2,0,0,0,0,1,0,0,0,0,0,0,0,0,0,0,0,2,0,0,0,1,0,0,0,0,0,0.333333333333333,0.333333333333333,0.166666666666667,NA,0.333333333333333,0.333333333333333,0.333333333333333,0,0.833333333333333,NA,0.333333333333333,0.666666666666667,NA,NA,NA,1,0.666666666666667,0.666666666666667,0.833333333333333,NA,0.666666666666667,0.333333333333333,0.333333333333333,1,0.166666666666667,NA,0,0.333333333333333,NA,NA,NA,0,0,0,0,NA,0,0.333333333333333,0,0,0,NA,0.333333333333333,0,NA,NA,NA,0,0,0,0,NA,0,0,0.333333333333333,0,0,NA,0.333333333333333,0,NA,NA,NA
"615",6,6,6,6,0,3,6,3,3,6,0,0,3,0,0,0,0,1,0,1,0,0,1,1,0,0,0,0,0,0,0,0,0,1,2,2,0,1,4,3,1,4,0,0,2,0,0,0,0.125,0.125,0.125,0.125,0,0.0625,0.125,0.0625,0.0625,0.125,0,0,0.0625,0,0,0,0,0.166666666666667,0,0.166666666666667,NA,0,0.166666666666667,0.333333333333333,0,0,NA,NA,0,NA,NA,NA,0,0.166666666666667,0.333333333333333,0.333333333333333,NA,0.333333333333333,0.666666666666667,1,0.333333333333333,0.666666666666667,NA,NA,0.666666666666667,NA,NA,NA,0,1,2,2,0,1,3,2,1,4,0,0,2,0,0,0,6,4,4,3,0,2,2,0,2,2,0,0,1,0,0,0,0,0,0,0,0,0,1,1,0,0,0,0,0,0,0,0,0,1,0,1,0,0,0,0,0,0,0,0,0,0,0,0,0,0.166666666666667,0.333333333333333,0.333333333333333,NA,0.333333333333333,0.5,0.666666666666667,0.333333333333333,0.666666666666667,NA,NA,0.666666666666667,NA,NA,NA,1,0.666666666666667,0.666666666666667,0.5,NA,0.666666666666667,0.333333333333333,0,0.666666666666667,0.333333333333333,NA,NA,0.333333333333333,NA,NA,NA,0,0,0,0,NA,0,0.166666666666667,0.333333333333333,0,0,NA,NA,0,NA,NA,NA,0,0.166666666666667,0,0.166666666666667,NA,0,0,0,0,0,NA,NA,0,NA,NA,NA
"616",3,6,3,0,3,0,0,0,3,0,0,0,6,0,0,0,0,0,1,0,0,0,0,0,0,0,0,0,1,0,0,0,0,2,1,0,0,0,0,0,0,0,0,0,2,0,0,0,0.125,0.25,0.125,0,0.125,0,0,0,0.125,0,0,0,0.25,0,0,0,0,0,0.333333333333333,NA,0,NA,NA,NA,0,NA,NA,NA,0.166666666666667,NA,NA,NA,0,0.333333333333333,0.333333333333333,NA,0,NA,NA,NA,0,NA,NA,NA,0.333333333333333,NA,NA,NA,0,2,0,0,0,0,0,0,0,0,0,0,1,0,0,0,3,4,2,0,3,0,0,0,3,0,0,0,4,0,0,0,0,0,1,0,0,0,0,0,0,0,0,0,1,0,0,0,0,0,0,0,0,0,0,0,0,0,0,0,0,0,0,0,0,0.333333333333333,0,NA,0,NA,NA,NA,0,NA,NA,NA,0.166666666666667,NA,NA,NA,1,0.666666666666667,0.666666666666667,NA,1,NA,NA,NA,1,NA,NA,NA,0.666666666666667,NA,NA,NA,0,0,0.333333333333333,NA,0,NA,NA,NA,0,NA,NA,NA,0.166666666666667,NA,NA,NA,0,0,0,NA,0,NA,NA,NA,0,NA,NA,NA,0,NA,NA,NA
"617",3,3,3,6,6,6,6,0,0,0,0,0,0,0,0,0,0,0,0,0,1,0,1,0,0,0,0,0,0,0,0,0,0,0,0,3,3,4,6,0,0,0,0,0,0,0,0,0,0.0909090909090909,0.0909090909090909,0.0909090909090909,0.181818181818182,0.181818181818182,0.181818181818182,0.181818181818182,0,0,0,0,0,0,0,0,0,0,0,0,0,0.166666666666667,0,0.166666666666667,NA,NA,NA,NA,NA,NA,NA,NA,NA,0,0,0,0.5,0.5,0.666666666666667,1,NA,NA,NA,NA,NA,NA,NA,NA,NA,0,0,0,3,2,4,5,0,0,0,0,0,0,0,0,0,3,3,3,3,3,2,0,0,0,0,0,0,0,0,0,0,0,0,0,0,1,0,1,0,0,0,0,0,0,0,0,0,0,0,0,0,0,0,0,0,0,0,0,0,0,0,0,0,0,0,0,0.5,0.333333333333333,0.666666666666667,0.833333333333333,NA,NA,NA,NA,NA,NA,NA,NA,NA,1,1,1,0.5,0.5,0.333333333333333,0,NA,NA,NA,NA,NA,NA,NA,NA,NA,0,0,0,0,0.166666666666667,0,0.166666666666667,NA,NA,NA,NA,NA,NA,NA,NA,NA,0,0,0,0,0,0,0,NA,NA,NA,NA,NA,NA,NA,NA,NA
"618",3,3,6,3,3,6,0,0,6,0,0,0,6,0,0,0,0,0,0,1,0,0,0,0,0,0,0,0,1,0,0,0,0,0,2,2,1,3,0,0,1,0,0,0,2,0,0,0,0.0833333333333333,0.0833333333333333,0.166666666666667,0.0833333333333333,0.0833333333333333,0.166666666666667,0,0,0.166666666666667,0,0,0,0.166666666666667,0,0,0,0,0,0,0.333333333333333,0,0,NA,NA,0,NA,NA,NA,0.166666666666667,NA,NA,NA,0,0,0.333333333333333,0.666666666666667,0.333333333333333,0.5,NA,NA,0.166666666666667,NA,NA,NA,0.333333333333333,NA,NA,NA,0,0,2,1,1,3,0,0,1,0,0,0,2,0,0,0,3,3,4,1,2,3,0,0,5,0,0,0,3,0,0,0,0,0,0,1,0,0,0,0,0,0,0,0,0,0,0,0,0,0,0,0,0,0,0,0,0,0,0,0,1,0,0,0,0,0,0.333333333333333,0.333333333333333,0.333333333333333,0.5,NA,NA,0.166666666666667,NA,NA,NA,0.333333333333333,NA,NA,NA,1,1,0.666666666666667,0.333333333333333,0.666666666666667,0.5,NA,NA,0.833333333333333,NA,NA,NA,0.5,NA,NA,NA,0,0,0,0.333333333333333,0,0,NA,NA,0,NA,NA,NA,0,NA,NA,NA,0,0,0,0,0,0,NA,NA,0,NA,NA,NA,0.166666666666667,NA,NA,NA
"619",6,6,3,6,0,6,6,3,6,6,0,0,0,0,0,0,0,1,0,0,0,0,2,2,0,1,0,0,0,0,0,0,0,2,0,3,0,0,5,1,3,5,0,0,0,0,0,0,0.125,0.125,0.0625,0.125,0,0.125,0.125,0.0625,0.125,0.125,0,0,0,0,0,0,0,0.166666666666667,0,0,NA,0,0.333333333333333,0.666666666666667,0,0.166666666666667,NA,NA,NA,NA,NA,NA,0,0.333333333333333,0,0.5,NA,0,0.833333333333333,0.333333333333333,0.5,0.833333333333333,NA,NA,NA,NA,NA,NA,0,1,0,3,0,0,4,1,3,5,0,0,0,0,0,0,6,4,3,3,0,6,0,0,3,0,0,0,0,0,0,0,0,1,0,0,0,0,1,0,0,0,0,0,0,0,0,0,0,0,0,0,0,0,1,2,0,1,0,0,0,0,0,0,0,0.166666666666667,0,0.5,NA,0,0.666666666666667,0.333333333333333,0.5,0.833333333333333,NA,NA,NA,NA,NA,NA,1,0.666666666666667,1,0.5,NA,1,0,0,0.5,0,NA,NA,NA,NA,NA,NA,0,0.166666666666667,0,0,NA,0,0.166666666666667,0,0,0,NA,NA,NA,NA,NA,NA,0,0,0,0,NA,0,0.166666666666667,0.666666666666667,0,0.166666666666667,NA,NA,NA,NA,NA,NA
"620",3,3,3,6,6,6,6,3,6,6,0,0,0,0,0,0,0,0,0,1,0,1,2,1,1,2,0,0,0,0,0,0,0,0,1,3,0,1,3,2,0,4,0,0,0,0,0,0,0.0625,0.0625,0.0625,0.125,0.125,0.125,0.125,0.0625,0.125,0.125,0,0,0,0,0,0,0,0,0,0.166666666666667,0,0.166666666666667,0.333333333333333,0.333333333333333,0.166666666666667,0.333333333333333,NA,NA,NA,NA,NA,NA,0,0,0.333333333333333,0.5,0,0.166666666666667,0.5,0.666666666666667,0,0.666666666666667,NA,NA,NA,NA,NA,NA,0,0,1,3,0,1,2,1,0,2,0,0,0,0,0,0,3,3,2,2,6,4,2,1,5,2,0,0,0,0,0,0,0,0,0,0,0,0,1,1,0,2,0,0,0,0,0,0,0,0,0,1,0,1,1,0,1,0,0,0,0,0,0,0,0,0,0.333333333333333,0.5,0,0.166666666666667,0.333333333333333,0.333333333333333,0,0.333333333333333,NA,NA,NA,NA,NA,NA,1,1,0.666666666666667,0.333333333333333,1,0.666666666666667,0.333333333333333,0.333333333333333,0.833333333333333,0.333333333333333,NA,NA,NA,NA,NA,NA,0,0,0,0,0,0,0.166666666666667,0.333333333333333,0,0.333333333333333,NA,NA,NA,NA,NA,NA,0,0,0,0.166666666666667,0,0.166666666666667,0.166666666666667,0,0.166666666666667,0,NA,NA,NA,NA,NA,NA
"621",3,3,3,6,6,6,6,3,0,3,0,0,0,0,0,0,0,0,0,0,1,1,0,1,0,1,0,0,0,0,0,0,1,1,0,3,3,1,5,3,0,1,0,0,0,0,0,0,0.0769230769230769,0.0769230769230769,0.0769230769230769,0.153846153846154,0.153846153846154,0.153846153846154,0.153846153846154,0.0769230769230769,0,0.0769230769230769,0,0,0,0,0,0,0,0,0,0,0.166666666666667,0.166666666666667,0,0.333333333333333,NA,0.333333333333333,NA,NA,NA,NA,NA,NA,0.333333333333333,0.333333333333333,0,0.5,0.5,0.166666666666667,0.833333333333333,1,NA,0.333333333333333,NA,NA,NA,NA,NA,NA,1,1,0,3,3,1,5,2,0,1,0,0,0,0,0,0,2,2,3,3,2,4,1,0,0,1,0,0,0,0,0,0,0,0,0,0,0,0,0,1,0,0,0,0,0,0,0,0,0,0,0,0,1,1,0,0,0,1,0,0,0,0,0,0,0.333333333333333,0.333333333333333,0,0.5,0.5,0.166666666666667,0.833333333333333,0.666666666666667,NA,0.333333333333333,NA,NA,NA,NA,NA,NA,0.666666666666667,0.666666666666667,1,0.5,0.333333333333333,0.666666666666667,0.166666666666667,0,NA,0.333333333333333,NA,NA,NA,NA,NA,NA,0,0,0,0,0,0,0,0.333333333333333,NA,0,NA,NA,NA,NA,NA,NA,0,0,0,0,0.166666666666667,0.166666666666667,0,0,NA,0.333333333333333,NA,NA,NA,NA,NA,NA
"622",3,3,3,6,0,3,6,0,3,6,0,0,6,0,0,0,0,0,0,1,0,0,0,0,0,0,0,0,0,0,0,0,1,1,1,4,0,0,4,0,1,4,0,0,3,0,0,0,0.0769230769230769,0.0769230769230769,0.0769230769230769,0.153846153846154,0,0.0769230769230769,0.153846153846154,0,0.0769230769230769,0.153846153846154,0,0,0.153846153846154,0,0,0,0,0,0,0.166666666666667,NA,0,0,NA,0,0,NA,NA,0,NA,NA,NA,0.333333333333333,0.333333333333333,0.333333333333333,0.666666666666667,NA,0,0.666666666666667,NA,0.333333333333333,0.666666666666667,NA,NA,0.5,NA,NA,NA,1,1,1,4,0,0,4,0,1,4,0,0,3,0,0,0,2,2,2,1,0,3,2,0,2,2,0,0,3,0,0,0,0,0,0,0,0,0,0,0,0,0,0,0,0,0,0,0,0,0,0,1,0,0,0,0,0,0,0,0,0,0,0,0,0.333333333333333,0.333333333333333,0.333333333333333,0.666666666666667,NA,0,0.666666666666667,NA,0.333333333333333,0.666666666666667,NA,NA,0.5,NA,NA,NA,0.666666666666667,0.666666666666667,0.666666666666667,0.166666666666667,NA,1,0.333333333333333,NA,0.666666666666667,0.333333333333333,NA,NA,0.5,NA,NA,NA,0,0,0,0,NA,0,0,NA,0,0,NA,NA,0,NA,NA,NA,0,0,0,0.166666666666667,NA,0,0,NA,0,0,NA,NA,0,NA,NA,NA
"623",3,3,6,6,3,6,6,0,3,0,3,0,6,0,0,0,0,0,0,1,0,2,0,0,0,0,2,0,1,0,0,0,0,0,0,4,0,2,3,0,0,0,2,0,2,0,0,0,0.0666666666666667,0.0666666666666667,0.133333333333333,0.133333333333333,0.0666666666666667,0.133333333333333,0.133333333333333,0,0.0666666666666667,0,0.0666666666666667,0,0.133333333333333,0,0,0,0,0,0,0.166666666666667,0,0.333333333333333,0,NA,0,NA,0.666666666666667,NA,0.166666666666667,NA,NA,NA,0,0,0,0.666666666666667,0,0.333333333333333,0.5,NA,0,NA,0.666666666666667,NA,0.333333333333333,NA,NA,NA,0,0,0,4,0,1,3,0,0,0,0,0,1,0,0,0,3,3,6,1,3,3,3,0,3,0,1,0,4,0,0,0,0,0,0,0,0,1,0,0,0,0,2,0,1,0,0,0,0,0,0,1,0,1,0,0,0,0,0,0,0,0,0,0,0,0,0,0.666666666666667,0,0.166666666666667,0.5,NA,0,NA,0,NA,0.166666666666667,NA,NA,NA,1,1,1,0.166666666666667,1,0.5,0.5,NA,1,NA,0.333333333333333,NA,0.666666666666667,NA,NA,NA,0,0,0,0,0,0.166666666666667,0,NA,0,NA,0.666666666666667,NA,0.166666666666667,NA,NA,NA,0,0,0,0.166666666666667,0,0.166666666666667,0,NA,0,NA,0,NA,0,NA,NA,NA
"624",3,3,6,6,0,3,3,0,3,6,6,0,3,0,6,0,0,0,0,2,0,0,0,0,0,1,1,0,0,0,2,0,1,1,1,2,0,0,1,0,1,4,4,0,1,0,4,0,0.0625,0.0625,0.125,0.125,0,0.0625,0.0625,0,0.0625,0.125,0.125,0,0.0625,0,0.125,0,0,0,0,0.333333333333333,NA,0,0,NA,0,0.166666666666667,0.166666666666667,NA,0,NA,0.333333333333333,NA,0.333333333333333,0.333333333333333,0.166666666666667,0.333333333333333,NA,0,0.333333333333333,NA,0.333333333333333,0.666666666666667,0.666666666666667,NA,0.333333333333333,NA,0.666666666666667,NA,1,1,1,2,0,0,1,0,1,3,3,0,1,0,3,0,2,2,5,2,0,3,2,0,2,2,2,0,2,0,1,0,0,0,0,0,0,0,0,0,0,1,1,0,0,0,1,0,0,0,0,2,0,0,0,0,0,0,0,0,0,0,1,0,0.333333333333333,0.333333333333333,0.166666666666667,0.333333333333333,NA,0,0.333333333333333,NA,0.333333333333333,0.5,0.5,NA,0.333333333333333,NA,0.5,NA,0.666666666666667,0.666666666666667,0.833333333333333,0.333333333333333,NA,1,0.666666666666667,NA,0.666666666666667,0.333333333333333,0.333333333333333,NA,0.666666666666667,NA,0.166666666666667,NA,0,0,0,0,NA,0,0,NA,0,0.166666666666667,0.166666666666667,NA,0,NA,0.166666666666667,NA,0,0,0,0.333333333333333,NA,0,0,NA,0,0,0,NA,0,NA,0.166666666666667,NA
"625",3,3,3,6,0,3,6,6,0,6,3,0,3,6,0,0,0,0,0,0,0,0,1,4,0,0,1,0,0,1,0,0,0,1,0,1,0,1,3,5,0,2,3,0,0,4,0,0,0.0625,0.0625,0.0625,0.125,0,0.0625,0.125,0.125,0,0.125,0.0625,0,0.0625,0.125,0,0,0,0,0,0,NA,0,0.166666666666667,0.666666666666667,NA,0,0.333333333333333,NA,0,0.166666666666667,NA,NA,0,0.333333333333333,0,0.166666666666667,NA,0.333333333333333,0.5,0.833333333333333,NA,0.333333333333333,1,NA,0,0.666666666666667,NA,NA,0,1,0,1,0,1,2,2,0,2,2,0,0,4,0,0,3,2,3,5,0,2,3,0,0,4,0,0,3,1,0,0,0,0,0,0,0,0,1,3,0,0,1,0,0,0,0,0,0,0,0,0,0,0,0,1,0,0,0,0,0,1,0,0,0,0.333333333333333,0,0.166666666666667,NA,0.333333333333333,0.333333333333333,0.333333333333333,NA,0.333333333333333,0.666666666666667,NA,0,0.666666666666667,NA,NA,1,0.666666666666667,1,0.833333333333333,NA,0.666666666666667,0.5,0,NA,0.666666666666667,0,NA,1,0.166666666666667,NA,NA,0,0,0,0,NA,0,0.166666666666667,0.5,NA,0,0.333333333333333,NA,0,0,NA,NA,0,0,0,0,NA,0,0,0.166666666666667,NA,0,0,NA,0,0.166666666666667,NA,NA
"626",3,3,6,0,6,6,0,0,6,6,0,0,6,0,0,0,0,0,0,0,1,0,0,0,3,3,0,0,2,0,0,0,0,1,3,0,1,2,0,0,3,5,0,0,3,0,0,0,0.0714285714285714,0.0714285714285714,0.142857142857143,0,0.142857142857143,0.142857142857143,0,0,0.142857142857143,0.142857142857143,0,0,0.142857142857143,0,0,0,0,0,0,NA,0.166666666666667,0,NA,NA,0.5,0.5,NA,NA,0.333333333333333,NA,NA,NA,0,0.333333333333333,0.5,NA,0.166666666666667,0.333333333333333,NA,NA,0.5,0.833333333333333,NA,NA,0.5,NA,NA,NA,0,1,3,0,0,2,0,0,1,3,0,0,3,0,0,0,3,2,3,0,5,4,0,0,2,0,0,0,1,0,0,0,0,0,0,0,1,0,0,0,2,2,0,0,0,0,0,0,0,0,0,0,0,0,0,0,1,1,0,0,2,0,0,0,0,0.333333333333333,0.5,NA,0,0.333333333333333,NA,NA,0.166666666666667,0.5,NA,NA,0.5,NA,NA,NA,1,0.666666666666667,0.5,NA,0.833333333333333,0.666666666666667,NA,NA,0.333333333333333,0,NA,NA,0.166666666666667,NA,NA,NA,0,0,0,NA,0.166666666666667,0,NA,NA,0.333333333333333,0.333333333333333,NA,NA,0,NA,NA,NA,0,0,0,NA,0,0,NA,NA,0.166666666666667,0.166666666666667,NA,NA,0.333333333333333,NA,NA,NA
"627",3,3,6,0,3,6,0,0,3,0,0,0,6,0,0,0,0,0,0,0,0,3,0,0,0,0,0,0,0,0,0,0,0,0,3,0,0,1,0,0,0,0,0,0,4,0,0,0,0.1,0.1,0.2,0,0.1,0.2,0,0,0.1,0,0,0,0.2,0,0,0,0,0,0,NA,0,0.5,NA,NA,0,NA,NA,NA,0,NA,NA,NA,0,0,0.5,NA,0,0.166666666666667,NA,NA,0,NA,NA,NA,0.666666666666667,NA,NA,NA,0,0,3,0,0,0,0,0,0,0,0,0,4,0,0,0,3,3,3,0,3,3,0,0,3,0,0,0,2,0,0,0,0,0,0,0,0,1,0,0,0,0,0,0,0,0,0,0,0,0,0,0,0,2,0,0,0,0,0,0,0,0,0,0,0,0,0.5,NA,0,0,NA,NA,0,NA,NA,NA,0.666666666666667,NA,NA,NA,1,1,0.5,NA,1,0.5,NA,NA,1,NA,NA,NA,0.333333333333333,NA,NA,NA,0,0,0,NA,0,0.166666666666667,NA,NA,0,NA,NA,NA,0,NA,NA,NA,0,0,0,NA,0,0.333333333333333,NA,NA,0,NA,NA,NA,0,NA,NA,NA
"628",3,3,6,6,3,6,6,6,3,0,0,3,3,0,0,0,0,0,0,2,0,2,1,2,0,0,0,2,0,0,0,0,0,0,2,1,0,1,3,2,0,0,0,3,2,0,0,0,0.0625,0.0625,0.125,0.125,0.0625,0.125,0.125,0.125,0.0625,0,0,0.0625,0.0625,0,0,0,0,0,0,0.333333333333333,0,0.333333333333333,0.166666666666667,0.333333333333333,0,NA,NA,0.666666666666667,0,NA,NA,NA,0,0,0.333333333333333,0.166666666666667,0,0.166666666666667,0.5,0.333333333333333,0,NA,NA,1,0.666666666666667,NA,NA,NA,0,0,2,1,0,0,3,1,0,0,0,1,2,0,0,0,3,3,4,3,3,4,2,3,3,0,0,0,1,0,0,0,0,0,0,0,0,1,0,1,0,0,0,2,0,0,0,0,0,0,0,2,0,1,1,1,0,0,0,0,0,0,0,0,0,0,0.333333333333333,0.166666666666667,0,0,0.5,0.166666666666667,0,NA,NA,0.333333333333333,0.666666666666667,NA,NA,NA,1,1,0.666666666666667,0.5,1,0.666666666666667,0.333333333333333,0.5,1,NA,NA,0,0.333333333333333,NA,NA,NA,0,0,0,0,0,0.166666666666667,0,0.166666666666667,0,NA,NA,0.666666666666667,0,NA,NA,NA,0,0,0,0.333333333333333,0,0.166666666666667,0.166666666666667,0.166666666666667,0,NA,NA,0,0,NA,NA,NA
"629",3,3,6,6,0,6,6,3,3,6,0,0,0,6,0,0,0,0,0,1,0,1,2,1,0,0,0,0,0,2,0,0,0,1,0,2,0,1,4,2,0,1,0,0,0,5,0,0,0.0625,0.0625,0.125,0.125,0,0.125,0.125,0.0625,0.0625,0.125,0,0,0,0.125,0,0,0,0,0,0.166666666666667,NA,0.166666666666667,0.333333333333333,0.333333333333333,0,0,NA,NA,NA,0.333333333333333,NA,NA,0,0.333333333333333,0,0.333333333333333,NA,0.166666666666667,0.666666666666667,0.666666666666667,0,0.166666666666667,NA,NA,NA,0.833333333333333,NA,NA,0,1,0,2,0,1,3,1,0,1,0,0,0,3,0,0,3,2,6,3,0,4,1,1,3,5,0,0,0,1,0,0,0,0,0,0,0,0,1,1,0,0,0,0,0,2,0,0,0,0,0,1,0,1,1,0,0,0,0,0,0,0,0,0,0,0.333333333333333,0,0.333333333333333,NA,0.166666666666667,0.5,0.333333333333333,0,0.166666666666667,NA,NA,NA,0.5,NA,NA,1,0.666666666666667,1,0.5,NA,0.666666666666667,0.166666666666667,0.333333333333333,1,0.833333333333333,NA,NA,NA,0.166666666666667,NA,NA,0,0,0,0,NA,0,0.166666666666667,0.333333333333333,0,0,NA,NA,NA,0.333333333333333,NA,NA,0,0,0,0.166666666666667,NA,0.166666666666667,0.166666666666667,0,0,0,NA,NA,NA,0,NA,NA
"630",3,3,6,6,0,3,6,0,6,6,3,0,6,0,0,0,0,0,0,1,0,0,1,0,0,0,1,0,1,0,0,0,1,1,1,4,0,1,2,0,1,4,1,0,2,0,0,0,0.0625,0.0625,0.125,0.125,0,0.0625,0.125,0,0.125,0.125,0.0625,0,0.125,0,0,0,0,0,0,0.166666666666667,NA,0,0.166666666666667,NA,0,0,0.333333333333333,NA,0.166666666666667,NA,NA,NA,0.333333333333333,0.333333333333333,0.166666666666667,0.666666666666667,NA,0.333333333333333,0.333333333333333,NA,0.166666666666667,0.666666666666667,0.333333333333333,NA,0.333333333333333,NA,NA,NA,1,1,1,3,0,1,1,0,1,4,0,0,2,0,0,0,2,2,5,2,0,2,4,0,5,2,2,0,3,0,0,0,0,0,0,1,0,0,1,0,0,0,1,0,0,0,0,0,0,0,0,0,0,0,0,0,0,0,0,0,1,0,0,0,0.333333333333333,0.333333333333333,0.166666666666667,0.5,NA,0.333333333333333,0.166666666666667,NA,0.166666666666667,0.666666666666667,0,NA,0.333333333333333,NA,NA,NA,0.666666666666667,0.666666666666667,0.833333333333333,0.333333333333333,NA,0.666666666666667,0.666666666666667,NA,0.833333333333333,0.333333333333333,0.666666666666667,NA,0.5,NA,NA,NA,0,0,0,0.166666666666667,NA,0,0.166666666666667,NA,0,0,0.333333333333333,NA,0,NA,NA,NA,0,0,0,0,NA,0,0,NA,0,0,0,NA,0.166666666666667,NA,NA,NA
"631",3,3,3,6,3,6,6,6,6,0,0,0,6,0,0,0,0,0,0,0,0,0,0,3,1,0,0,0,4,0,0,0,1,0,1,2,0,4,5,4,1,0,0,0,5,0,0,0,0.0625,0.0625,0.0625,0.125,0.0625,0.125,0.125,0.125,0.125,0,0,0,0.125,0,0,0,0,0,0,0,0,0,0,0.5,0.166666666666667,NA,NA,NA,0.666666666666667,NA,NA,NA,0.333333333333333,0,0.333333333333333,0.333333333333333,0,0.666666666666667,0.833333333333333,0.666666666666667,0.166666666666667,NA,NA,NA,0.833333333333333,NA,NA,NA,1,0,1,2,0,4,5,2,1,0,0,0,1,0,0,0,2,3,2,4,3,2,1,1,4,0,0,0,1,0,0,0,0,0,0,0,0,0,0,2,0,0,0,0,4,0,0,0,0,0,0,0,0,0,0,1,1,0,0,0,0,0,0,0,0.333333333333333,0,0.333333333333333,0.333333333333333,0,0.666666666666667,0.833333333333333,0.333333333333333,0.166666666666667,NA,NA,NA,0.166666666666667,NA,NA,NA,0.666666666666667,1,0.666666666666667,0.666666666666667,1,0.333333333333333,0.166666666666667,0.166666666666667,0.666666666666667,NA,NA,NA,0.166666666666667,NA,NA,NA,0,0,0,0,0,0,0,0.333333333333333,0,NA,NA,NA,0.666666666666667,NA,NA,NA,0,0,0,0,0,0,0,0.166666666666667,0.166666666666667,NA,NA,NA,0,NA,NA,NA
"632",3,3,6,6,6,6,6,0,6,0,3,0,0,0,0,0,0,0,0,1,0,0,1,0,1,0,2,0,0,0,0,0,1,0,0,3,1,3,4,0,4,0,2,0,0,0,0,0,0.0666666666666667,0.0666666666666667,0.133333333333333,0.133333333333333,0.133333333333333,0.133333333333333,0.133333333333333,0,0.133333333333333,0,0.0666666666666667,0,0,0,0,0,0,0,0,0.166666666666667,0,0,0.166666666666667,NA,0.166666666666667,NA,0.666666666666667,NA,NA,NA,NA,NA,0.333333333333333,0,0,0.5,0.166666666666667,0.5,0.666666666666667,NA,0.666666666666667,NA,0.666666666666667,NA,NA,NA,NA,NA,1,0,0,2,1,3,3,0,3,0,0,0,0,0,0,0,2,3,6,3,5,3,2,0,2,0,1,0,0,0,0,0,0,0,0,1,0,0,1,0,1,0,2,0,0,0,0,0,0,0,0,0,0,0,0,0,0,0,0,0,0,0,0,0,0.333333333333333,0,0,0.333333333333333,0.166666666666667,0.5,0.5,NA,0.5,NA,0,NA,NA,NA,NA,NA,0.666666666666667,1,1,0.5,0.833333333333333,0.5,0.333333333333333,NA,0.333333333333333,NA,0.333333333333333,NA,NA,NA,NA,NA,0,0,0,0.166666666666667,0,0,0.166666666666667,NA,0.166666666666667,NA,0.666666666666667,NA,NA,NA,NA,NA,0,0,0,0,0,0,0,NA,0,NA,0,NA,NA,NA,NA,NA
"633",3,6,6,3,3,0,3,6,3,6,6,0,0,3,0,0,0,0,1,0,0,0,0,0,1,1,1,0,0,1,0,0,1,2,1,0,2,0,1,6,0,4,5,0,0,2,0,0,0.0625,0.125,0.125,0.0625,0.0625,0,0.0625,0.125,0.0625,0.125,0.125,0,0,0.0625,0,0,0,0,0.166666666666667,0,0,NA,0,0,0.333333333333333,0.166666666666667,0.166666666666667,NA,NA,0.333333333333333,NA,NA,0.333333333333333,0.333333333333333,0.166666666666667,0,0.666666666666667,NA,0.333333333333333,1,0,0.666666666666667,0.833333333333333,NA,NA,0.666666666666667,NA,NA,1,2,0,0,2,0,1,6,0,3,4,0,0,1,0,0,2,4,5,3,1,0,2,0,2,2,1,0,0,1,0,0,0,0,1,0,0,0,0,0,0,1,1,0,0,1,0,0,0,0,0,0,0,0,0,0,1,0,0,0,0,0,0,0,0.333333333333333,0.333333333333333,0,0,0.666666666666667,NA,0.333333333333333,1,0,0.5,0.666666666666667,NA,NA,0.333333333333333,NA,NA,0.666666666666667,0.666666666666667,0.833333333333333,1,0.333333333333333,NA,0.666666666666667,0,0.666666666666667,0.333333333333333,0.166666666666667,NA,NA,0.333333333333333,NA,NA,0,0,0.166666666666667,0,0,NA,0,0,0,0.166666666666667,0.166666666666667,NA,NA,0.333333333333333,NA,NA,0,0,0,0,0,NA,0,0,0.333333333333333,0,0,NA,NA,0,NA,NA
"634",6,6,3,6,0,3,6,6,3,6,0,0,3,0,0,0,0,1,0,0,0,0,0,3,0,0,0,0,0,0,0,0,0,1,1,2,0,1,4,5,1,3,0,0,1,0,0,0,0.125,0.125,0.0625,0.125,0,0.0625,0.125,0.125,0.0625,0.125,0,0,0.0625,0,0,0,0,0.166666666666667,0,0,NA,0,0,0.5,0,0,NA,NA,0,NA,NA,NA,0,0.166666666666667,0.333333333333333,0.333333333333333,NA,0.333333333333333,0.666666666666667,0.833333333333333,0.333333333333333,0.5,NA,NA,0.333333333333333,NA,NA,NA,0,1,1,2,0,1,4,3,1,3,0,0,1,0,0,0,6,4,2,4,0,2,2,0,2,3,0,0,2,0,0,0,0,0,0,0,0,0,0,2,0,0,0,0,0,0,0,0,0,1,0,0,0,0,0,1,0,0,0,0,0,0,0,0,0,0.166666666666667,0.333333333333333,0.333333333333333,NA,0.333333333333333,0.666666666666667,0.5,0.333333333333333,0.5,NA,NA,0.333333333333333,NA,NA,NA,1,0.666666666666667,0.666666666666667,0.666666666666667,NA,0.666666666666667,0.333333333333333,0,0.666666666666667,0.5,NA,NA,0.666666666666667,NA,NA,NA,0,0,0,0,NA,0,0,0.333333333333333,0,0,NA,NA,0,NA,NA,NA,0,0.166666666666667,0,0,NA,0,0,0.166666666666667,0,0,NA,NA,0,NA,NA,NA
"635",3,3,3,6,3,6,6,6,3,0,0,0,6,0,0,0,0,0,0,0,0,2,1,3,0,0,0,0,0,0,0,0,0,0,0,1,1,1,5,4,0,0,0,0,5,0,0,0,0.0666666666666667,0.0666666666666667,0.0666666666666667,0.133333333333333,0.0666666666666667,0.133333333333333,0.133333333333333,0.133333333333333,0.0666666666666667,0,0,0,0.133333333333333,0,0,0,0,0,0,0,0,0.333333333333333,0.166666666666667,0.5,0,NA,NA,NA,0,NA,NA,NA,0,0,0,0.166666666666667,0.333333333333333,0.166666666666667,0.833333333333333,0.666666666666667,0,NA,NA,NA,0.833333333333333,NA,NA,NA,0,0,0,1,1,0,5,2,0,0,0,0,5,0,0,0,3,3,3,5,2,4,0,1,3,0,0,0,1,0,0,0,0,0,0,0,0,1,0,2,0,0,0,0,0,0,0,0,0,0,0,0,0,1,1,1,0,0,0,0,0,0,0,0,0,0,0,0.166666666666667,0.333333333333333,0,0.833333333333333,0.333333333333333,0,NA,NA,NA,0.833333333333333,NA,NA,NA,1,1,1,0.833333333333333,0.666666666666667,0.666666666666667,0,0.166666666666667,1,NA,NA,NA,0.166666666666667,NA,NA,NA,0,0,0,0,0,0.166666666666667,0,0.333333333333333,0,NA,NA,NA,0,NA,NA,NA,0,0,0,0,0,0.166666666666667,0.166666666666667,0.166666666666667,0,NA,NA,NA,0,NA,NA,NA
"636",3,3,3,6,0,6,6,0,6,6,3,0,6,0,0,0,0,0,0,1,0,1,0,0,0,1,2,0,1,0,0,0,0,1,1,3,0,2,2,0,0,4,2,0,1,0,0,0,0.0625,0.0625,0.0625,0.125,0,0.125,0.125,0,0.125,0.125,0.0625,0,0.125,0,0,0,0,0,0,0.166666666666667,NA,0.166666666666667,0,NA,0,0.166666666666667,0.666666666666667,NA,0.166666666666667,NA,NA,NA,0,0.333333333333333,0.333333333333333,0.5,NA,0.333333333333333,0.333333333333333,NA,0,0.666666666666667,0.666666666666667,NA,0.166666666666667,NA,NA,NA,0,1,1,3,0,2,2,0,0,4,1,0,1,0,0,0,3,2,2,2,0,3,4,0,6,1,0,0,4,0,0,0,0,0,0,0,0,0,0,0,0,0,1,0,0,0,0,0,0,0,0,1,0,1,0,0,0,1,1,0,1,0,0,0,0,0.333333333333333,0.333333333333333,0.5,NA,0.333333333333333,0.333333333333333,NA,0,0.666666666666667,0.333333333333333,NA,0.166666666666667,NA,NA,NA,1,0.666666666666667,0.666666666666667,0.333333333333333,NA,0.5,0.666666666666667,NA,1,0.166666666666667,0,NA,0.666666666666667,NA,NA,NA,0,0,0,0,NA,0,0,NA,0,0,0.333333333333333,NA,0,NA,NA,NA,0,0,0,0.166666666666667,NA,0.166666666666667,0,NA,0,0.166666666666667,0.333333333333333,NA,0.166666666666667,NA,NA,NA
"637",3,3,3,3,0,3,6,6,3,6,0,0,6,6,0,0,0,0,0,0,0,0,2,0,0,1,0,0,0,5,0,0,0,0,1,0,0,1,4,5,0,1,0,0,3,5,0,0,0.0625,0.0625,0.0625,0.0625,0,0.0625,0.125,0.125,0.0625,0.125,0,0,0.125,0.125,0,0,0,0,0,0,NA,0,0.333333333333333,0,0,0.166666666666667,NA,NA,0,0.833333333333333,NA,NA,0,0,0.333333333333333,0,NA,0.333333333333333,0.666666666666667,0.833333333333333,0,0.166666666666667,NA,NA,0.5,0.833333333333333,NA,NA,0,0,1,0,0,1,3,5,0,1,0,0,3,1,0,0,3,3,2,3,0,2,1,1,3,4,0,0,3,0,0,0,0,0,0,0,0,0,1,0,0,0,0,0,0,4,0,0,0,0,0,0,0,0,1,0,0,1,0,0,0,1,0,0,0,0,0.333333333333333,0,NA,0.333333333333333,0.5,0.833333333333333,0,0.166666666666667,NA,NA,0.5,0.166666666666667,NA,NA,1,1,0.666666666666667,1,NA,0.666666666666667,0.166666666666667,0.166666666666667,1,0.666666666666667,NA,NA,0.5,0,NA,NA,0,0,0,0,NA,0,0.166666666666667,0,0,0,NA,NA,0,0.666666666666667,NA,NA,0,0,0,0,NA,0,0.166666666666667,0,0,0.166666666666667,NA,NA,0,0.166666666666667,NA,NA
"638",6,6,3,3,0,3,6,6,3,6,0,0,0,6,0,0,0,1,0,0,0,0,2,1,1,0,0,0,0,4,0,0,0,1,0,0,0,1,4,4,0,2,0,0,0,6,0,0,0.125,0.125,0.0625,0.0625,0,0.0625,0.125,0.125,0.0625,0.125,0,0,0,0.125,0,0,0,0.166666666666667,0,0,NA,0,0.333333333333333,0.166666666666667,0.333333333333333,0,NA,NA,NA,0.666666666666667,NA,NA,0,0.166666666666667,0,0,NA,0.333333333333333,0.666666666666667,0.666666666666667,0,0.333333333333333,NA,NA,NA,1,NA,NA,0,1,0,0,0,1,2,3,0,2,0,0,0,2,0,0,6,4,3,3,0,2,2,2,2,4,0,0,0,0,0,0,0,0,0,0,0,0,2,1,0,0,0,0,0,4,0,0,0,1,0,0,0,0,0,0,1,0,0,0,0,0,0,0,0,0.166666666666667,0,0,NA,0.333333333333333,0.333333333333333,0.5,0,0.333333333333333,NA,NA,NA,0.333333333333333,NA,NA,1,0.666666666666667,1,1,NA,0.666666666666667,0.333333333333333,0.333333333333333,0.666666666666667,0.666666666666667,NA,NA,NA,0,NA,NA,0,0,0,0,NA,0,0.333333333333333,0.166666666666667,0,0,NA,NA,NA,0.666666666666667,NA,NA,0,0.166666666666667,0,0,NA,0,0,0,0.333333333333333,0,NA,NA,NA,0,NA,NA
"639",3,6,0,0,6,0,0,0,6,0,0,0,3,0,0,0,0,0,0,0,0,0,0,0,1,0,0,0,1,0,0,0,0,3,0,0,0,0,0,0,2,0,0,0,1,0,0,0,0.125,0.25,0,0,0.25,0,0,0,0.25,0,0,0,0.125,0,0,0,0,0,NA,NA,0,NA,NA,NA,0.166666666666667,NA,NA,NA,0.333333333333333,NA,NA,NA,0,0.5,NA,NA,0,NA,NA,NA,0.333333333333333,NA,NA,NA,0.333333333333333,NA,NA,NA,0,3,0,0,0,0,0,0,2,0,0,0,1,0,0,0,3,3,0,0,6,0,0,0,3,0,0,0,1,0,0,0,0,0,0,0,0,0,0,0,0,0,0,0,0,0,0,0,0,0,0,0,0,0,0,0,1,0,0,0,1,0,0,0,0,0.5,NA,NA,0,NA,NA,NA,0.333333333333333,NA,NA,NA,0.333333333333333,NA,NA,NA,1,0.5,NA,NA,1,NA,NA,NA,0.5,NA,NA,NA,0.333333333333333,NA,NA,NA,0,0,NA,NA,0,NA,NA,NA,0,NA,NA,NA,0,NA,NA,NA,0,0,NA,NA,0,NA,NA,NA,0.166666666666667,NA,NA,NA,0.333333333333333,NA,NA,NA
"640",3,6,0,0,3,0,0,0,6,0,0,0,6,0,0,0,0,0,0,0,0,0,0,0,0,0,0,0,1,0,0,0,0,3,0,0,0,0,0,0,1,0,0,0,3,0,0,0,0.125,0.25,0,0,0.125,0,0,0,0.25,0,0,0,0.25,0,0,0,0,0,NA,NA,0,NA,NA,NA,0,NA,NA,NA,0.166666666666667,NA,NA,NA,0,0.5,NA,NA,0,NA,NA,NA,0.166666666666667,NA,NA,NA,0.5,NA,NA,NA,0,3,0,0,0,0,0,0,1,0,0,0,2,0,0,0,3,3,0,0,3,0,0,0,5,0,0,0,3,0,0,0,0,0,0,0,0,0,0,0,0,0,0,0,1,0,0,0,0,0,0,0,0,0,0,0,0,0,0,0,0,0,0,0,0,0.5,NA,NA,0,NA,NA,NA,0.166666666666667,NA,NA,NA,0.333333333333333,NA,NA,NA,1,0.5,NA,NA,1,NA,NA,NA,0.833333333333333,NA,NA,NA,0.5,NA,NA,NA,0,0,NA,NA,0,NA,NA,NA,0,NA,NA,NA,0.166666666666667,NA,NA,NA,0,0,NA,NA,0,NA,NA,NA,0,NA,NA,NA,0,NA,NA,NA
"641",3,6,6,6,0,6,6,6,3,6,0,0,0,0,0,0,0,0,1,0,0,1,1,3,0,0,0,0,0,0,0,0,0,1,2,1,0,2,5,5,1,5,0,0,0,0,0,0,0.0625,0.125,0.125,0.125,0,0.125,0.125,0.125,0.0625,0.125,0,0,0,0,0,0,0,0,0.166666666666667,0,NA,0.166666666666667,0.166666666666667,0.5,0,0,NA,NA,NA,NA,NA,NA,0,0.166666666666667,0.333333333333333,0.166666666666667,NA,0.333333333333333,0.833333333333333,0.833333333333333,0.333333333333333,0.833333333333333,NA,NA,NA,NA,NA,NA,0,1,2,1,0,2,4,2,1,5,0,0,0,0,0,0,3,5,3,5,0,3,1,1,2,1,0,0,0,0,0,0,0,0,0,0,0,0,1,3,0,0,0,0,0,0,0,0,0,0,1,0,0,1,0,0,0,0,0,0,0,0,0,0,0,0.166666666666667,0.333333333333333,0.166666666666667,NA,0.333333333333333,0.666666666666667,0.333333333333333,0.333333333333333,0.833333333333333,NA,NA,NA,NA,NA,NA,1,0.833333333333333,0.5,0.833333333333333,NA,0.5,0.166666666666667,0.166666666666667,0.666666666666667,0.166666666666667,NA,NA,NA,NA,NA,NA,0,0,0,0,NA,0,0.166666666666667,0.5,0,0,NA,NA,NA,NA,NA,NA,0,0,0.166666666666667,0,NA,0.166666666666667,0,0,0,0,NA,NA,NA,NA,NA,NA
"642",3,3,3,6,3,3,6,0,6,6,0,0,0,0,0,0,0,0,0,0,0,0,1,0,1,1,0,0,0,0,0,0,0,0,0,4,1,1,5,0,3,4,0,0,0,0,0,0,0.0769230769230769,0.0769230769230769,0.0769230769230769,0.153846153846154,0.0769230769230769,0.0769230769230769,0.153846153846154,0,0.153846153846154,0.153846153846154,0,0,0,0,0,0,0,0,0,0,0,0,0.166666666666667,NA,0.166666666666667,0.166666666666667,NA,NA,NA,NA,NA,NA,0,0,0,0.666666666666667,0.333333333333333,0.333333333333333,0.833333333333333,NA,0.5,0.666666666666667,NA,NA,NA,NA,NA,NA,0,0,0,4,1,1,4,0,2,4,0,0,0,0,0,0,3,3,3,2,2,2,1,0,3,1,0,0,0,0,0,0,0,0,0,0,0,0,1,0,1,0,0,0,0,0,0,0,0,0,0,0,0,0,0,0,0,1,0,0,0,0,0,0,0,0,0,0.666666666666667,0.333333333333333,0.333333333333333,0.666666666666667,NA,0.333333333333333,0.666666666666667,NA,NA,NA,NA,NA,NA,1,1,1,0.333333333333333,0.666666666666667,0.666666666666667,0.166666666666667,NA,0.5,0.166666666666667,NA,NA,NA,NA,NA,NA,0,0,0,0,0,0,0.166666666666667,NA,0.166666666666667,0,NA,NA,NA,NA,NA,NA,0,0,0,0,0,0,0,NA,0,0.166666666666667,NA,NA,NA,NA,NA,NA
"643",3,3,6,0,3,6,0,0,6,6,0,0,6,0,0,0,0,0,0,0,0,1,0,0,1,0,0,0,1,0,0,0,0,0,5,0,0,1,0,0,2,4,0,0,2,0,0,0,0.0769230769230769,0.0769230769230769,0.153846153846154,0,0.0769230769230769,0.153846153846154,0,0,0.153846153846154,0.153846153846154,0,0,0.153846153846154,0,0,0,0,0,0,NA,0,0.166666666666667,NA,NA,0.166666666666667,0,NA,NA,0.166666666666667,NA,NA,NA,0,0,0.833333333333333,NA,0,0.166666666666667,NA,NA,0.333333333333333,0.666666666666667,NA,NA,0.333333333333333,NA,NA,NA,0,0,5,0,0,1,0,0,1,4,0,0,2,0,0,0,3,3,1,0,3,4,0,0,4,2,0,0,3,0,0,0,0,0,0,0,0,0,0,0,1,0,0,0,0,0,0,0,0,0,0,0,0,1,0,0,0,0,0,0,1,0,0,0,0,0,0.833333333333333,NA,0,0.166666666666667,NA,NA,0.166666666666667,0.666666666666667,NA,NA,0.333333333333333,NA,NA,NA,1,1,0.166666666666667,NA,1,0.666666666666667,NA,NA,0.666666666666667,0.333333333333333,NA,NA,0.5,NA,NA,NA,0,0,0,NA,0,0,NA,NA,0.166666666666667,0,NA,NA,0,NA,NA,NA,0,0,0,NA,0,0.166666666666667,NA,NA,0,0,NA,NA,0.166666666666667,NA,NA,NA
"644",3,3,6,6,3,3,6,6,3,6,0,0,0,3,0,0,0,0,0,1,0,0,0,1,1,0,0,0,0,1,0,0,0,1,2,1,2,1,5,5,1,4,0,0,0,3,0,0,0.0625,0.0625,0.125,0.125,0.0625,0.0625,0.125,0.125,0.0625,0.125,0,0,0,0.0625,0,0,0,0,0,0.166666666666667,0,0,0,0.166666666666667,0.333333333333333,0,NA,NA,NA,0.333333333333333,NA,NA,0,0.333333333333333,0.333333333333333,0.166666666666667,0.666666666666667,0.333333333333333,0.833333333333333,0.833333333333333,0.333333333333333,0.666666666666667,NA,NA,NA,1,NA,NA,0,1,2,1,2,1,5,5,0,4,0,0,0,2,0,0,3,2,4,4,1,2,1,0,2,2,0,0,0,0,0,0,0,0,0,0,0,0,0,0,1,0,0,0,0,1,0,0,0,0,0,1,0,0,0,1,0,0,0,0,0,0,0,0,0,0.333333333333333,0.333333333333333,0.166666666666667,0.666666666666667,0.333333333333333,0.833333333333333,0.833333333333333,0,0.666666666666667,NA,NA,NA,0.666666666666667,NA,NA,1,0.666666666666667,0.666666666666667,0.666666666666667,0.333333333333333,0.666666666666667,0.166666666666667,0,0.666666666666667,0.333333333333333,NA,NA,NA,0,NA,NA,0,0,0,0,0,0,0,0,0.333333333333333,0,NA,NA,NA,0.333333333333333,NA,NA,0,0,0,0.166666666666667,0,0,0,0.166666666666667,0,0,NA,NA,NA,0,NA,NA
"645",3,3,6,0,6,3,0,0,6,6,0,0,0,3,0,0,0,0,0,0,0,0,0,0,2,1,0,0,0,1,0,0,0,0,4,0,2,1,0,0,2,4,0,0,0,1,0,0,0.0833333333333333,0.0833333333333333,0.166666666666667,0,0.166666666666667,0.0833333333333333,0,0,0.166666666666667,0.166666666666667,0,0,0,0.0833333333333333,0,0,0,0,0,NA,0,0,NA,NA,0.333333333333333,0.166666666666667,NA,NA,NA,0.333333333333333,NA,NA,0,0,0.666666666666667,NA,0.333333333333333,0.333333333333333,NA,NA,0.333333333333333,0.666666666666667,NA,NA,NA,0.333333333333333,NA,NA,0,0,4,0,2,1,0,0,1,3,0,0,0,1,0,0,3,3,2,0,4,2,0,0,3,2,0,0,0,1,0,0,0,0,0,0,0,0,0,0,1,1,0,0,0,0,0,0,0,0,0,0,0,0,0,0,1,0,0,0,0,1,0,0,0,0,0.666666666666667,NA,0.333333333333333,0.333333333333333,NA,NA,0.166666666666667,0.5,NA,NA,NA,0.333333333333333,NA,NA,1,1,0.333333333333333,NA,0.666666666666667,0.666666666666667,NA,NA,0.5,0.333333333333333,NA,NA,NA,0.333333333333333,NA,NA,0,0,0,NA,0,0,NA,NA,0.166666666666667,0.166666666666667,NA,NA,NA,0,NA,NA,0,0,0,NA,0,0,NA,NA,0.166666666666667,0,NA,NA,NA,0.333333333333333,NA,NA
"646",3,3,6,6,3,6,0,0,6,6,0,0,6,0,0,0,0,0,1,2,0,0,0,0,1,2,0,0,0,0,0,0,0,1,1,2,0,2,0,0,2,5,0,0,4,0,0,0,0.0666666666666667,0.0666666666666667,0.133333333333333,0.133333333333333,0.0666666666666667,0.133333333333333,0,0,0.133333333333333,0.133333333333333,0,0,0.133333333333333,0,0,0,0,0,0.166666666666667,0.333333333333333,0,0,NA,NA,0.166666666666667,0.333333333333333,NA,NA,0,NA,NA,NA,0,0.333333333333333,0.166666666666667,0.333333333333333,0,0.333333333333333,NA,NA,0.333333333333333,0.833333333333333,NA,NA,0.666666666666667,NA,NA,NA,0,1,1,1,0,2,0,0,2,3,0,0,4,0,0,0,3,2,4,3,3,4,0,0,3,1,0,0,2,0,0,0,0,0,0,1,0,0,0,0,0,2,0,0,0,0,0,0,0,0,1,1,0,0,0,0,1,0,0,0,0,0,0,0,0,0.333333333333333,0.166666666666667,0.166666666666667,0,0.333333333333333,NA,NA,0.333333333333333,0.5,NA,NA,0.666666666666667,NA,NA,NA,1,0.666666666666667,0.666666666666667,0.5,1,0.666666666666667,NA,NA,0.5,0.166666666666667,NA,NA,0.333333333333333,NA,NA,NA,0,0,0,0.166666666666667,0,0,NA,NA,0,0.333333333333333,NA,NA,0,NA,NA,NA,0,0,0.166666666666667,0.166666666666667,0,0,NA,NA,0.166666666666667,0,NA,NA,0,NA,NA,NA
"647",3,6,6,3,3,6,6,6,3,0,0,0,6,0,0,0,0,0,1,0,0,2,2,1,0,0,0,0,1,0,0,0,0,2,2,1,0,1,2,4,1,0,0,0,3,0,0,0,0.0625,0.125,0.125,0.0625,0.0625,0.125,0.125,0.125,0.0625,0,0,0,0.125,0,0,0,0,0,0.166666666666667,0,0,0.333333333333333,0.333333333333333,0.166666666666667,0,NA,NA,NA,0.166666666666667,NA,NA,NA,0,0.333333333333333,0.333333333333333,0.333333333333333,0,0.166666666666667,0.333333333333333,0.666666666666667,0.333333333333333,NA,NA,NA,0.5,NA,NA,NA,0,2,1,1,0,1,2,4,1,0,0,0,2,0,0,0,3,4,4,2,3,3,2,1,2,0,0,0,3,0,0,0,0,0,1,0,0,0,0,0,0,0,0,0,1,0,0,0,0,0,0,0,0,2,2,1,0,0,0,0,0,0,0,0,0,0.333333333333333,0.166666666666667,0.333333333333333,0,0.166666666666667,0.333333333333333,0.666666666666667,0.333333333333333,NA,NA,NA,0.333333333333333,NA,NA,NA,1,0.666666666666667,0.666666666666667,0.666666666666667,1,0.5,0.333333333333333,0.166666666666667,0.666666666666667,NA,NA,NA,0.5,NA,NA,NA,0,0,0.166666666666667,0,0,0,0,0,0,NA,NA,NA,0.166666666666667,NA,NA,NA,0,0,0,0,0,0.333333333333333,0.333333333333333,0.166666666666667,0,NA,NA,NA,0,NA,NA,NA
"648",3,3,3,6,0,3,6,3,3,6,0,0,6,0,0,0,0,0,0,0,0,0,2,1,0,0,0,0,1,0,0,0,0,0,0,3,0,1,4,2,0,4,0,0,1,0,0,0,0.0714285714285714,0.0714285714285714,0.0714285714285714,0.142857142857143,0,0.0714285714285714,0.142857142857143,0.0714285714285714,0.0714285714285714,0.142857142857143,0,0,0.142857142857143,0,0,0,0,0,0,0,NA,0,0.333333333333333,0.333333333333333,0,0,NA,NA,0.166666666666667,NA,NA,NA,0,0,0,0.5,NA,0.333333333333333,0.666666666666667,0.666666666666667,0,0.666666666666667,NA,NA,0.166666666666667,NA,NA,NA,0,0,0,3,0,1,2,1,0,4,0,0,1,0,0,0,3,3,3,3,0,2,2,1,3,2,0,0,4,0,0,0,0,0,0,0,0,0,2,1,0,0,0,0,0,0,0,0,0,0,0,0,0,0,0,0,0,0,0,0,1,0,0,0,0,0,0,0.5,NA,0.333333333333333,0.333333333333333,0.333333333333333,0,0.666666666666667,NA,NA,0.166666666666667,NA,NA,NA,1,1,1,0.5,NA,0.666666666666667,0.333333333333333,0.333333333333333,1,0.333333333333333,NA,NA,0.666666666666667,NA,NA,NA,0,0,0,0,NA,0,0.333333333333333,0.333333333333333,0,0,NA,NA,0,NA,NA,NA,0,0,0,0,NA,0,0,0,0,0,NA,NA,0.166666666666667,NA,NA,NA
"649",6,3,6,3,0,6,0,0,6,6,0,0,6,0,0,0,1,0,0,1,0,1,0,0,0,0,0,0,1,0,0,0,1,0,3,0,0,2,0,0,0,6,0,0,1,0,0,0,0.142857142857143,0.0714285714285714,0.142857142857143,0.0714285714285714,0,0.142857142857143,0,0,0.142857142857143,0.142857142857143,0,0,0.142857142857143,0,0,0,0.166666666666667,0,0,0.333333333333333,NA,0.166666666666667,NA,NA,0,0,NA,NA,0.166666666666667,NA,NA,NA,0.166666666666667,0,0.5,0,NA,0.333333333333333,NA,NA,0,1,NA,NA,0.166666666666667,NA,NA,NA,0,0,3,0,0,1,0,0,0,6,0,0,1,0,0,0,5,3,3,2,0,4,0,0,6,0,0,0,4,0,0,0,1,0,0,0,0,1,0,0,0,0,0,0,0,0,0,0,0,0,0,1,0,0,0,0,0,0,0,0,1,0,0,0,0,0,0.5,0,NA,0.166666666666667,NA,NA,0,1,NA,NA,0.166666666666667,NA,NA,NA,0.833333333333333,1,0.5,0.666666666666667,NA,0.666666666666667,NA,NA,1,0,NA,NA,0.666666666666667,NA,NA,NA,0.166666666666667,0,0,0,NA,0.166666666666667,NA,NA,0,0,NA,NA,0,NA,NA,NA,0,0,0,0.333333333333333,NA,0,NA,NA,0,0,NA,NA,0.166666666666667,NA,NA,NA
"650",6,3,0,0,6,0,0,0,6,0,0,0,3,0,0,0,0,1,0,0,0,0,0,0,1,0,0,0,1,0,0,0,2,1,0,0,1,0,0,0,0,0,0,0,1,0,0,0,0.25,0.125,0,0,0.25,0,0,0,0.25,0,0,0,0.125,0,0,0,0,0.333333333333333,NA,NA,0,NA,NA,NA,0.166666666666667,NA,NA,NA,0.333333333333333,NA,NA,NA,0.333333333333333,0.333333333333333,NA,NA,0.166666666666667,NA,NA,NA,0,NA,NA,NA,0.333333333333333,NA,NA,NA,2,1,0,0,1,0,0,0,0,0,0,0,1,0,0,0,4,1,0,0,5,0,0,0,5,0,0,0,1,0,0,0,0,0,0,0,0,0,0,0,0,0,0,0,0,0,0,0,0,1,0,0,0,0,0,0,1,0,0,0,1,0,0,0,0.333333333333333,0.333333333333333,NA,NA,0.166666666666667,NA,NA,NA,0,NA,NA,NA,0.333333333333333,NA,NA,NA,0.666666666666667,0.333333333333333,NA,NA,0.833333333333333,NA,NA,NA,0.833333333333333,NA,NA,NA,0.333333333333333,NA,NA,NA,0,0,NA,NA,0,NA,NA,NA,0,NA,NA,NA,0,NA,NA,NA,0,0.333333333333333,NA,NA,0,NA,NA,NA,0.166666666666667,NA,NA,NA,0.333333333333333,NA,NA,NA
"651",3,3,3,6,6,3,6,6,6,6,0,0,0,0,0,0,0,0,0,0,0,0,3,4,2,0,0,0,0,0,0,0,0,1,0,2,2,1,4,3,0,4,0,0,0,0,0,0,0.0625,0.0625,0.0625,0.125,0.125,0.0625,0.125,0.125,0.125,0.125,0,0,0,0,0,0,0,0,0,0,0,0,0.5,0.666666666666667,0.333333333333333,0,NA,NA,NA,NA,NA,NA,0,0.333333333333333,0,0.333333333333333,0.333333333333333,0.333333333333333,0.666666666666667,0.5,0,0.666666666666667,NA,NA,NA,NA,NA,NA,0,1,0,2,2,1,2,0,0,4,0,0,0,0,0,0,3,2,3,4,4,2,1,2,4,2,0,0,0,0,0,0,0,0,0,0,0,0,2,3,0,0,0,0,0,0,0,0,0,0,0,0,0,0,1,1,2,0,0,0,0,0,0,0,0,0.333333333333333,0,0.333333333333333,0.333333333333333,0.333333333333333,0.333333333333333,0,0,0.666666666666667,NA,NA,NA,NA,NA,NA,1,0.666666666666667,1,0.666666666666667,0.666666666666667,0.666666666666667,0.166666666666667,0.333333333333333,0.666666666666667,0.333333333333333,NA,NA,NA,NA,NA,NA,0,0,0,0,0,0,0.333333333333333,0.5,0,0,NA,NA,NA,NA,NA,NA,0,0,0,0,0,0,0.166666666666667,0.166666666666667,0.333333333333333,0,NA,NA,NA,NA,NA,NA
"652",3,6,6,6,3,6,6,6,3,3,0,0,0,0,0,0,0,0,1,0,0,2,2,2,0,1,0,0,0,0,0,0,1,1,2,1,0,3,4,6,0,2,0,0,0,0,0,0,0.0625,0.125,0.125,0.125,0.0625,0.125,0.125,0.125,0.0625,0.0625,0,0,0,0,0,0,0,0,0.166666666666667,0,0,0.333333333333333,0.333333333333333,0.333333333333333,0,0.333333333333333,NA,NA,NA,NA,NA,NA,0.333333333333333,0.166666666666667,0.333333333333333,0.166666666666667,0,0.5,0.666666666666667,1,0,0.666666666666667,NA,NA,NA,NA,NA,NA,1,1,1,1,0,2,3,4,0,1,0,0,0,0,0,0,2,5,4,5,3,2,1,0,3,1,0,0,0,0,0,0,0,0,1,0,0,1,1,2,0,1,0,0,0,0,0,0,0,0,0,0,0,1,1,0,0,0,0,0,0,0,0,0,0.333333333333333,0.166666666666667,0.166666666666667,0.166666666666667,0,0.333333333333333,0.5,0.666666666666667,0,0.333333333333333,NA,NA,NA,NA,NA,NA,0.666666666666667,0.833333333333333,0.666666666666667,0.833333333333333,1,0.333333333333333,0.166666666666667,0,1,0.333333333333333,NA,NA,NA,NA,NA,NA,0,0,0.166666666666667,0,0,0.166666666666667,0.166666666666667,0.333333333333333,0,0.333333333333333,NA,NA,NA,NA,NA,NA,0,0,0,0,0,0.166666666666667,0.166666666666667,0,0,0,NA,NA,NA,NA,NA,NA
"653",3,3,6,0,3,6,0,0,6,3,0,0,6,0,0,0,0,0,1,0,0,1,0,0,1,1,0,0,1,0,0,0,0,0,5,0,0,4,0,0,1,2,0,0,3,0,0,0,0.0833333333333333,0.0833333333333333,0.166666666666667,0,0.0833333333333333,0.166666666666667,0,0,0.166666666666667,0.0833333333333333,0,0,0.166666666666667,0,0,0,0,0,0.166666666666667,NA,0,0.166666666666667,NA,NA,0.166666666666667,0.333333333333333,NA,NA,0.166666666666667,NA,NA,NA,0,0,0.833333333333333,NA,0,0.666666666666667,NA,NA,0.166666666666667,0.666666666666667,NA,NA,0.5,NA,NA,NA,0,0,5,0,0,3,0,0,1,2,0,0,3,0,0,0,3,3,0,0,3,2,0,0,4,0,0,0,2,0,0,0,0,0,0,0,0,1,0,0,0,0,0,0,0,0,0,0,0,0,1,0,0,0,0,0,1,1,0,0,1,0,0,0,0,0,0.833333333333333,NA,0,0.5,NA,NA,0.166666666666667,0.666666666666667,NA,NA,0.5,NA,NA,NA,1,1,0,NA,1,0.333333333333333,NA,NA,0.666666666666667,0,NA,NA,0.333333333333333,NA,NA,NA,0,0,0,NA,0,0.166666666666667,NA,NA,0,0,NA,NA,0,NA,NA,NA,0,0,0.166666666666667,NA,0,0,NA,NA,0.166666666666667,0.333333333333333,NA,NA,0.166666666666667,NA,NA,NA
"654",3,3,6,3,0,3,0,0,6,6,0,0,0,6,0,0,0,0,0,1,0,0,0,0,1,1,0,0,0,3,0,0,1,0,2,0,0,0,0,0,4,2,0,0,0,5,0,0,0.0833333333333333,0.0833333333333333,0.166666666666667,0.0833333333333333,0,0.0833333333333333,0,0,0.166666666666667,0.166666666666667,0,0,0,0.166666666666667,0,0,0,0,0,0.333333333333333,NA,0,NA,NA,0.166666666666667,0.166666666666667,NA,NA,NA,0.5,NA,NA,0.333333333333333,0,0.333333333333333,0,NA,0,NA,NA,0.666666666666667,0.333333333333333,NA,NA,NA,0.833333333333333,NA,NA,1,0,2,0,0,0,0,0,3,2,0,0,0,2,0,0,2,3,4,2,0,3,0,0,2,3,0,0,0,1,0,0,0,0,0,0,0,0,0,0,1,0,0,0,0,3,0,0,0,0,0,1,0,0,0,0,0,1,0,0,0,0,0,0,0.333333333333333,0,0.333333333333333,0,NA,0,NA,NA,0.5,0.333333333333333,NA,NA,NA,0.333333333333333,NA,NA,0.666666666666667,1,0.666666666666667,0.666666666666667,NA,1,NA,NA,0.333333333333333,0.5,NA,NA,NA,0.166666666666667,NA,NA,0,0,0,0,NA,0,NA,NA,0.166666666666667,0,NA,NA,NA,0.5,NA,NA,0,0,0,0.333333333333333,NA,0,NA,NA,0,0.166666666666667,NA,NA,NA,0,NA,NA
"655",3,6,6,0,0,6,0,0,6,6,0,0,3,3,0,0,0,0,2,0,0,1,0,0,1,1,0,0,1,3,0,0,1,1,3,0,0,1,0,0,1,2,0,0,1,2,0,0,0.0769230769230769,0.153846153846154,0.153846153846154,0,0,0.153846153846154,0,0,0.153846153846154,0.153846153846154,0,0,0.0769230769230769,0.0769230769230769,0,0,0,0,0.333333333333333,NA,NA,0.166666666666667,NA,NA,0.166666666666667,0.166666666666667,NA,NA,0.333333333333333,1,NA,NA,0.333333333333333,0.166666666666667,0.5,NA,NA,0.166666666666667,NA,NA,0.166666666666667,0.333333333333333,NA,NA,0.333333333333333,0.666666666666667,NA,NA,1,1,2,0,0,1,0,0,0,1,0,0,1,0,0,0,2,5,2,0,0,4,0,0,5,4,0,0,1,0,0,0,0,0,1,0,0,0,0,0,1,1,0,0,0,2,0,0,0,0,1,0,0,1,0,0,0,0,0,0,1,1,0,0,0.333333333333333,0.166666666666667,0.333333333333333,NA,NA,0.166666666666667,NA,NA,0,0.166666666666667,NA,NA,0.333333333333333,0,NA,NA,0.666666666666667,0.833333333333333,0.333333333333333,NA,NA,0.666666666666667,NA,NA,0.833333333333333,0.666666666666667,NA,NA,0.333333333333333,0,NA,NA,0,0,0.166666666666667,NA,NA,0,NA,NA,0.166666666666667,0.166666666666667,NA,NA,0,0.666666666666667,NA,NA,0,0,0.166666666666667,NA,NA,0.166666666666667,NA,NA,0,0,NA,NA,0.333333333333333,0.333333333333333,NA,NA
"656",3,3,6,6,0,6,6,0,6,6,3,0,3,0,0,0,0,0,0,1,0,1,0,0,0,0,1,0,0,0,0,0,0,0,1,3,0,1,4,0,2,4,1,0,1,0,0,0,0.0625,0.0625,0.125,0.125,0,0.125,0.125,0,0.125,0.125,0.0625,0,0.0625,0,0,0,0,0,0,0.166666666666667,NA,0.166666666666667,0,NA,0,0,0.333333333333333,NA,0,NA,NA,NA,0,0,0.166666666666667,0.5,NA,0.166666666666667,0.666666666666667,NA,0.333333333333333,0.666666666666667,0.333333333333333,NA,0.333333333333333,NA,NA,NA,0,0,1,3,0,1,4,0,2,4,1,0,1,0,0,0,3,3,5,2,0,4,2,0,4,2,1,0,2,0,0,0,0,0,0,0,0,0,0,0,0,0,0,0,0,0,0,0,0,0,0,1,0,1,0,0,0,0,1,0,0,0,0,0,0,0,0.166666666666667,0.5,NA,0.166666666666667,0.666666666666667,NA,0.333333333333333,0.666666666666667,0.333333333333333,NA,0.333333333333333,NA,NA,NA,1,1,0.833333333333333,0.333333333333333,NA,0.666666666666667,0.333333333333333,NA,0.666666666666667,0.333333333333333,0.333333333333333,NA,0.666666666666667,NA,NA,NA,0,0,0,0,NA,0,0,NA,0,0,0,NA,0,NA,NA,NA,0,0,0,0.166666666666667,NA,0.166666666666667,0,NA,0,0,0.333333333333333,NA,0,NA,NA,NA
"657",3,3,6,0,3,6,0,0,6,0,0,0,6,0,0,0,0,0,0,0,0,0,0,0,0,0,0,0,2,0,0,0,1,0,3,0,0,6,0,0,0,0,0,0,3,0,0,0,0.0909090909090909,0.0909090909090909,0.181818181818182,0,0.0909090909090909,0.181818181818182,0,0,0.181818181818182,0,0,0,0.181818181818182,0,0,0,0,0,0,NA,0,0,NA,NA,0,NA,NA,NA,0.333333333333333,NA,NA,NA,0.333333333333333,0,0.5,NA,0,1,NA,NA,0,NA,NA,NA,0.5,NA,NA,NA,1,0,3,0,0,6,0,0,0,0,0,0,2,0,0,0,2,3,3,0,3,0,0,0,6,0,0,0,2,0,0,0,0,0,0,0,0,0,0,0,0,0,0,0,1,0,0,0,0,0,0,0,0,0,0,0,0,0,0,0,1,0,0,0,0.333333333333333,0,0.5,NA,0,1,NA,NA,0,NA,NA,NA,0.333333333333333,NA,NA,NA,0.666666666666667,1,0.5,NA,1,0,NA,NA,1,NA,NA,NA,0.333333333333333,NA,NA,NA,0,0,0,NA,0,0,NA,NA,0,NA,NA,NA,0.166666666666667,NA,NA,NA,0,0,0,NA,0,0,NA,NA,0,NA,NA,NA,0.166666666666667,NA,NA,NA
"658",3,6,0,0,3,0,0,0,3,0,0,0,6,0,0,0,0,1,0,0,0,0,0,0,0,0,0,0,0,0,0,0,1,3,0,0,1,0,0,0,1,0,0,0,3,0,0,0,0.142857142857143,0.285714285714286,0,0,0.142857142857143,0,0,0,0.142857142857143,0,0,0,0.285714285714286,0,0,0,0,0.166666666666667,NA,NA,0,NA,NA,NA,0,NA,NA,NA,0,NA,NA,NA,0.333333333333333,0.5,NA,NA,0.333333333333333,NA,NA,NA,0.333333333333333,NA,NA,NA,0.5,NA,NA,NA,1,2,0,0,1,0,0,0,1,0,0,0,3,0,0,0,2,3,0,0,2,0,0,0,2,0,0,0,3,0,0,0,0,1,0,0,0,0,0,0,0,0,0,0,0,0,0,0,0,0,0,0,0,0,0,0,0,0,0,0,0,0,0,0,0.333333333333333,0.333333333333333,NA,NA,0.333333333333333,NA,NA,NA,0.333333333333333,NA,NA,NA,0.5,NA,NA,NA,0.666666666666667,0.5,NA,NA,0.666666666666667,NA,NA,NA,0.666666666666667,NA,NA,NA,0.5,NA,NA,NA,0,0.166666666666667,NA,NA,0,NA,NA,NA,0,NA,NA,NA,0,NA,NA,NA,0,0,NA,NA,0,NA,NA,NA,0,NA,NA,NA,0,NA,NA,NA
"659",6,6,3,6,6,6,6,0,3,0,0,0,0,0,0,0,1,1,0,1,1,0,2,0,1,0,0,0,0,0,0,0,0,0,0,3,0,4,5,0,1,0,0,0,0,0,0,0,0.142857142857143,0.142857142857143,0.0714285714285714,0.142857142857143,0.142857142857143,0.142857142857143,0.142857142857143,0,0.0714285714285714,0,0,0,0,0,0,0,0.166666666666667,0.166666666666667,0,0.166666666666667,0.166666666666667,0,0.333333333333333,NA,0.333333333333333,NA,NA,NA,NA,NA,NA,NA,0,0,0,0.5,0,0.666666666666667,0.833333333333333,NA,0.333333333333333,NA,NA,NA,NA,NA,NA,NA,0,0,0,2,0,4,3,0,0,0,0,0,0,0,0,0,5,5,3,3,5,2,1,0,2,0,0,0,0,0,0,0,0,0,0,1,0,0,2,0,1,0,0,0,0,0,0,0,1,1,0,0,1,0,0,0,0,0,0,0,0,0,0,0,0,0,0,0.333333333333333,0,0.666666666666667,0.5,NA,0,NA,NA,NA,NA,NA,NA,NA,0.833333333333333,0.833333333333333,1,0.5,0.833333333333333,0.333333333333333,0.166666666666667,NA,0.666666666666667,NA,NA,NA,NA,NA,NA,NA,0,0,0,0.166666666666667,0,0,0.333333333333333,NA,0.333333333333333,NA,NA,NA,NA,NA,NA,NA,0.166666666666667,0.166666666666667,0,0,0.166666666666667,0,0,NA,0,NA,NA,NA,NA,NA,NA,NA
"660",3,6,6,6,6,6,6,0,6,0,3,0,0,0,0,0,0,0,1,0,0,2,0,0,1,0,2,0,0,0,0,0,0,2,2,3,1,2,3,0,3,0,2,0,0,0,0,0,0.0625,0.125,0.125,0.125,0.125,0.125,0.125,0,0.125,0,0.0625,0,0,0,0,0,0,0,0.166666666666667,0,0,0.333333333333333,0,NA,0.166666666666667,NA,0.666666666666667,NA,NA,NA,NA,NA,0,0.333333333333333,0.333333333333333,0.5,0.166666666666667,0.333333333333333,0.5,NA,0.5,NA,0.666666666666667,NA,NA,NA,NA,NA,0,2,2,3,1,1,3,0,2,0,1,0,0,0,0,0,3,4,3,3,5,3,3,0,3,0,0,0,0,0,0,0,0,0,0,0,0,1,0,0,1,0,1,0,0,0,0,0,0,0,1,0,0,1,0,0,0,0,1,0,0,0,0,0,0,0.333333333333333,0.333333333333333,0.5,0.166666666666667,0.166666666666667,0.5,NA,0.333333333333333,NA,0.333333333333333,NA,NA,NA,NA,NA,1,0.666666666666667,0.5,0.5,0.833333333333333,0.5,0.5,NA,0.5,NA,0,NA,NA,NA,NA,NA,0,0,0,0,0,0.166666666666667,0,NA,0.166666666666667,NA,0.333333333333333,NA,NA,NA,NA,NA,0,0,0.166666666666667,0,0,0.166666666666667,0,NA,0,NA,0.333333333333333,NA,NA,NA,NA,NA
"661",3,3,3,6,0,3,6,6,3,6,0,0,6,0,0,0,0,0,0,0,0,0,2,2,0,1,0,0,1,0,0,0,0,0,1,1,0,1,3,5,0,4,0,0,3,0,0,0,0.0666666666666667,0.0666666666666667,0.0666666666666667,0.133333333333333,0,0.0666666666666667,0.133333333333333,0.133333333333333,0.0666666666666667,0.133333333333333,0,0,0.133333333333333,0,0,0,0,0,0,0,NA,0,0.333333333333333,0.333333333333333,0,0.166666666666667,NA,NA,0.166666666666667,NA,NA,NA,0,0,0.333333333333333,0.166666666666667,NA,0.333333333333333,0.5,0.833333333333333,0,0.666666666666667,NA,NA,0.5,NA,NA,NA,0,0,1,1,0,1,1,3,0,4,0,0,2,0,0,0,3,3,2,5,0,2,3,1,3,1,0,0,3,0,0,0,0,0,0,0,0,0,2,2,0,0,0,0,1,0,0,0,0,0,0,0,0,0,0,0,0,1,0,0,0,0,0,0,0,0,0.333333333333333,0.166666666666667,NA,0.333333333333333,0.166666666666667,0.5,0,0.666666666666667,NA,NA,0.333333333333333,NA,NA,NA,1,1,0.666666666666667,0.833333333333333,NA,0.666666666666667,0.5,0.166666666666667,1,0.166666666666667,NA,NA,0.5,NA,NA,NA,0,0,0,0,NA,0,0.333333333333333,0.333333333333333,0,0,NA,NA,0.166666666666667,NA,NA,NA,0,0,0,0,NA,0,0,0,0,0.166666666666667,NA,NA,0,NA,NA,NA
"662",3,3,3,3,0,6,6,6,0,6,6,6,0,0,0,0,0,0,0,0,0,0,0,1,0,1,2,1,0,0,0,0,0,0,0,1,0,2,2,2,0,2,4,5,0,0,0,0,0.0625,0.0625,0.0625,0.0625,0,0.125,0.125,0.125,0,0.125,0.125,0.125,0,0,0,0,0,0,0,0,NA,0,0,0.166666666666667,NA,0.166666666666667,0.333333333333333,0.166666666666667,NA,NA,NA,NA,0,0,0,0.333333333333333,NA,0.333333333333333,0.333333333333333,0.333333333333333,NA,0.333333333333333,0.666666666666667,0.833333333333333,NA,NA,NA,NA,0,0,0,1,0,2,2,2,0,2,3,4,0,0,0,0,3,3,3,2,0,4,4,3,0,3,1,1,0,0,0,0,0,0,0,0,0,0,0,0,0,0,1,1,0,0,0,0,0,0,0,0,0,0,0,1,0,1,1,0,0,0,0,0,0,0,0,0.333333333333333,NA,0.333333333333333,0.333333333333333,0.333333333333333,NA,0.333333333333333,0.5,0.666666666666667,NA,NA,NA,NA,1,1,1,0.666666666666667,NA,0.666666666666667,0.666666666666667,0.5,NA,0.5,0.166666666666667,0.166666666666667,NA,NA,NA,NA,0,0,0,0,NA,0,0,0,NA,0,0.166666666666667,0.166666666666667,NA,NA,NA,NA,0,0,0,0,NA,0,0,0.166666666666667,NA,0.166666666666667,0.166666666666667,0,NA,NA,NA,NA
"663",3,6,6,6,0,6,6,0,3,6,3,0,3,0,0,0,0,0,1,0,0,1,1,0,0,1,1,0,1,0,0,0,0,2,1,5,0,2,2,0,0,4,3,0,0,0,0,0,0.0625,0.125,0.125,0.125,0,0.125,0.125,0,0.0625,0.125,0.0625,0,0.0625,0,0,0,0,0,0.166666666666667,0,NA,0.166666666666667,0.166666666666667,NA,0,0.166666666666667,0.333333333333333,NA,0.333333333333333,NA,NA,NA,0,0.333333333333333,0.166666666666667,0.833333333333333,NA,0.333333333333333,0.333333333333333,NA,0,0.666666666666667,1,NA,0,NA,NA,NA,0,2,1,5,0,2,1,0,0,4,2,0,0,0,0,0,3,4,4,1,0,3,4,0,3,1,0,0,2,0,0,0,0,0,0,0,0,0,1,0,0,0,1,0,0,0,0,0,0,0,1,0,0,1,0,0,0,1,0,0,1,0,0,0,0,0.333333333333333,0.166666666666667,0.833333333333333,NA,0.333333333333333,0.166666666666667,NA,0,0.666666666666667,0.666666666666667,NA,0,NA,NA,NA,1,0.666666666666667,0.666666666666667,0.166666666666667,NA,0.5,0.666666666666667,NA,1,0.166666666666667,0,NA,0.666666666666667,NA,NA,NA,0,0,0,0,NA,0,0.166666666666667,NA,0,0,0.333333333333333,NA,0,NA,NA,NA,0,0,0.166666666666667,0,NA,0.166666666666667,0,NA,0,0.166666666666667,0,NA,0.333333333333333,NA,NA,NA
"664",3,3,3,6,0,3,6,6,3,6,6,0,3,0,0,0,0,0,0,0,0,0,0,2,0,1,2,0,0,0,0,0,0,1,1,2,0,1,2,4,1,6,4,0,2,0,0,0,0.0625,0.0625,0.0625,0.125,0,0.0625,0.125,0.125,0.0625,0.125,0.125,0,0.0625,0,0,0,0,0,0,0,NA,0,0,0.333333333333333,0,0.166666666666667,0.333333333333333,NA,0,NA,NA,NA,0,0.333333333333333,0.333333333333333,0.333333333333333,NA,0.333333333333333,0.333333333333333,0.666666666666667,0.333333333333333,1,0.666666666666667,NA,0.666666666666667,NA,NA,NA,0,1,1,2,0,1,2,3,1,5,2,0,2,0,0,0,3,2,2,4,0,2,4,1,2,0,2,0,1,0,0,0,0,0,0,0,0,0,0,1,0,1,2,0,0,0,0,0,0,0,0,0,0,0,0,1,0,0,0,0,0,0,0,0,0,0.333333333333333,0.333333333333333,0.333333333333333,NA,0.333333333333333,0.333333333333333,0.5,0.333333333333333,0.833333333333333,0.333333333333333,NA,0.666666666666667,NA,NA,NA,1,0.666666666666667,0.666666666666667,0.666666666666667,NA,0.666666666666667,0.666666666666667,0.166666666666667,0.666666666666667,0,0.333333333333333,NA,0.333333333333333,NA,NA,NA,0,0,0,0,NA,0,0,0.166666666666667,0,0.166666666666667,0.333333333333333,NA,0,NA,NA,NA,0,0,0,0,NA,0,0,0.166666666666667,0,0,0,NA,0,NA,NA,NA
"665",3,3,3,6,0,6,6,3,3,6,3,0,0,6,0,0,0,0,0,0,0,0,0,2,1,1,1,0,0,2,0,0,1,0,0,2,0,2,4,1,0,2,3,0,0,3,0,0,0.0625,0.0625,0.0625,0.125,0,0.125,0.125,0.0625,0.0625,0.125,0.0625,0,0,0.125,0,0,0,0,0,0,NA,0,0,0.666666666666667,0.333333333333333,0.166666666666667,0.333333333333333,NA,NA,0.333333333333333,NA,NA,0.333333333333333,0,0,0.333333333333333,NA,0.333333333333333,0.666666666666667,0.333333333333333,0,0.333333333333333,1,NA,NA,0.5,NA,NA,1,0,0,2,0,2,4,1,0,2,2,0,0,1,0,0,2,3,3,4,0,4,2,0,2,3,0,0,0,3,0,0,0,0,0,0,0,0,0,0,0,0,1,0,0,2,0,0,0,0,0,0,0,0,0,2,1,1,0,0,0,0,0,0,0.333333333333333,0,0,0.333333333333333,NA,0.333333333333333,0.666666666666667,0.333333333333333,0,0.333333333333333,0.666666666666667,NA,NA,0.166666666666667,NA,NA,0.666666666666667,1,1,0.666666666666667,NA,0.666666666666667,0.333333333333333,0,0.666666666666667,0.5,0,NA,NA,0.5,NA,NA,0,0,0,0,NA,0,0,0,0,0,0.333333333333333,NA,NA,0.333333333333333,NA,NA,0,0,0,0,NA,0,0,0.666666666666667,0.333333333333333,0.166666666666667,0,NA,NA,0,NA,NA
"666",3,3,3,6,6,6,6,6,3,3,3,0,0,0,0,0,0,0,0,1,1,0,0,1,0,1,2,0,0,0,0,0,1,1,1,1,2,2,3,5,0,1,1,0,0,0,0,0,0.0625,0.0625,0.0625,0.125,0.125,0.125,0.125,0.125,0.0625,0.0625,0.0625,0,0,0,0,0,0,0,0,0.166666666666667,0.166666666666667,0,0,0.166666666666667,0,0.333333333333333,0.666666666666667,NA,NA,NA,NA,NA,0.333333333333333,0.333333333333333,0.333333333333333,0.166666666666667,0.333333333333333,0.333333333333333,0.5,0.833333333333333,0,0.333333333333333,0.333333333333333,NA,NA,NA,NA,NA,1,1,1,1,1,2,3,4,0,1,1,0,0,0,0,0,2,2,2,4,4,4,3,1,3,1,0,0,0,0,0,0,0,0,0,0,1,0,0,1,0,0,0,0,0,0,0,0,0,0,0,1,0,0,0,0,0,1,2,0,0,0,0,0,0.333333333333333,0.333333333333333,0.333333333333333,0.166666666666667,0.166666666666667,0.333333333333333,0.5,0.666666666666667,0,0.333333333333333,0.333333333333333,NA,NA,NA,NA,NA,0.666666666666667,0.666666666666667,0.666666666666667,0.666666666666667,0.666666666666667,0.666666666666667,0.5,0.166666666666667,1,0.333333333333333,0,NA,NA,NA,NA,NA,0,0,0,0,0.166666666666667,0,0,0.166666666666667,0,0,0,NA,NA,NA,NA,NA,0,0,0,0.166666666666667,0,0,0,0,0,0.333333333333333,0.666666666666667,NA,NA,NA,NA,NA
"667",6,3,0,0,6,0,0,0,3,0,0,0,0,0,0,0,0,1,0,0,0,0,0,0,2,0,0,0,0,0,0,0,2,0,0,0,3,0,0,0,1,0,0,0,0,0,0,0,0.333333333333333,0.166666666666667,0,0,0.333333333333333,0,0,0,0.166666666666667,0,0,0,0,0,0,0,0,0.333333333333333,NA,NA,0,NA,NA,NA,0.666666666666667,NA,NA,NA,NA,NA,NA,NA,0.333333333333333,0,NA,NA,0.5,NA,NA,NA,0.333333333333333,NA,NA,NA,NA,NA,NA,NA,2,0,0,0,3,0,0,0,0,0,0,0,0,0,0,0,4,2,0,0,3,0,0,0,1,0,0,0,0,0,0,0,0,0,0,0,0,0,0,0,1,0,0,0,0,0,0,0,0,1,0,0,0,0,0,0,1,0,0,0,0,0,0,0,0.333333333333333,0,NA,NA,0.5,NA,NA,NA,0,NA,NA,NA,NA,NA,NA,NA,0.666666666666667,0.666666666666667,NA,NA,0.5,NA,NA,NA,0.333333333333333,NA,NA,NA,NA,NA,NA,NA,0,0,NA,NA,0,NA,NA,NA,0.333333333333333,NA,NA,NA,NA,NA,NA,NA,0,0.333333333333333,NA,NA,0,NA,NA,NA,0.333333333333333,NA,NA,NA,NA,NA,NA,NA
"668",3,3,6,0,0,3,0,0,6,6,0,0,3,0,0,0,0,0,1,0,0,0,0,0,1,1,0,0,1,0,0,0,0,1,4,0,0,1,0,0,1,4,0,0,1,0,0,0,0.1,0.1,0.2,0,0,0.1,0,0,0.2,0.2,0,0,0.1,0,0,0,0,0,0.166666666666667,NA,NA,0,NA,NA,0.166666666666667,0.166666666666667,NA,NA,0.333333333333333,NA,NA,NA,0,0.333333333333333,0.666666666666667,NA,NA,0.333333333333333,NA,NA,0.166666666666667,0.666666666666667,NA,NA,0.333333333333333,NA,NA,NA,0,1,3,0,0,1,0,0,1,3,0,0,1,0,0,0,3,2,2,0,0,2,0,0,4,2,0,0,1,0,0,0,0,0,1,0,0,0,0,0,0,1,0,0,0,0,0,0,0,0,0,0,0,0,0,0,1,0,0,0,1,0,0,0,0,0.333333333333333,0.5,NA,NA,0.333333333333333,NA,NA,0.166666666666667,0.5,NA,NA,0.333333333333333,NA,NA,NA,1,0.666666666666667,0.333333333333333,NA,NA,0.666666666666667,NA,NA,0.666666666666667,0.333333333333333,NA,NA,0.333333333333333,NA,NA,NA,0,0,0.166666666666667,NA,NA,0,NA,NA,0,0.166666666666667,NA,NA,0,NA,NA,NA,0,0,0,NA,NA,0,NA,NA,0.166666666666667,0,NA,NA,0.333333333333333,NA,NA,NA
"669",6,3,0,0,3,0,0,0,6,0,0,0,6,0,0,0,1,1,0,0,0,0,0,0,1,0,0,0,2,0,0,0,0,0,0,0,0,0,0,0,0,0,0,0,2,0,0,0,0.25,0.125,0,0,0.125,0,0,0,0.25,0,0,0,0.25,0,0,0,0.166666666666667,0.333333333333333,NA,NA,0,NA,NA,NA,0.166666666666667,NA,NA,NA,0.333333333333333,NA,NA,NA,0,0,NA,NA,0,NA,NA,NA,0,NA,NA,NA,0.333333333333333,NA,NA,NA,0,0,0,0,0,0,0,0,0,0,0,0,2,0,0,0,5,2,0,0,3,0,0,0,5,0,0,0,2,0,0,0,0,0,0,0,0,0,0,0,0,0,0,0,0,0,0,0,1,1,0,0,0,0,0,0,1,0,0,0,2,0,0,0,0,0,NA,NA,0,NA,NA,NA,0,NA,NA,NA,0.333333333333333,NA,NA,NA,0.833333333333333,0.666666666666667,NA,NA,1,NA,NA,NA,0.833333333333333,NA,NA,NA,0.333333333333333,NA,NA,NA,0,0,NA,NA,0,NA,NA,NA,0,NA,NA,NA,0,NA,NA,NA,0.166666666666667,0.333333333333333,NA,NA,0,NA,NA,NA,0.166666666666667,NA,NA,NA,0.333333333333333,NA,NA,NA
"670",3,3,3,6,3,6,6,0,6,0,0,0,6,0,0,0,0,0,0,0,0,1,1,0,0,0,0,0,3,0,0,0,0,0,1,4,0,3,6,0,2,0,0,0,4,0,0,0,0.0714285714285714,0.0714285714285714,0.0714285714285714,0.142857142857143,0.0714285714285714,0.142857142857143,0.142857142857143,0,0.142857142857143,0,0,0,0.142857142857143,0,0,0,0,0,0,0,0,0.166666666666667,0.166666666666667,NA,0,NA,NA,NA,0.5,NA,NA,NA,0,0,0.333333333333333,0.666666666666667,0,0.5,1,NA,0.333333333333333,NA,NA,NA,0.666666666666667,NA,NA,NA,0,0,1,4,0,2,5,0,2,0,0,0,2,0,0,0,3,3,2,2,3,3,0,0,4,0,0,0,1,0,0,0,0,0,0,0,0,1,1,0,0,0,0,0,2,0,0,0,0,0,0,0,0,0,0,0,0,0,0,0,1,0,0,0,0,0,0.333333333333333,0.666666666666667,0,0.333333333333333,0.833333333333333,NA,0.333333333333333,NA,NA,NA,0.333333333333333,NA,NA,NA,1,1,0.666666666666667,0.333333333333333,1,0.5,0,NA,0.666666666666667,NA,NA,NA,0.166666666666667,NA,NA,NA,0,0,0,0,0,0.166666666666667,0.166666666666667,NA,0,NA,NA,NA,0.333333333333333,NA,NA,NA,0,0,0,0,0,0,0,NA,0,NA,NA,NA,0.166666666666667,NA,NA,NA
"671",3,6,6,3,6,6,0,0,6,0,0,0,3,0,0,0,0,0,2,1,1,0,0,0,1,0,0,0,1,0,0,0,0,1,2,2,0,4,0,0,1,0,0,0,0,0,0,0,0.0769230769230769,0.153846153846154,0.153846153846154,0.0769230769230769,0.153846153846154,0.153846153846154,0,0,0.153846153846154,0,0,0,0.0769230769230769,0,0,0,0,0,0.333333333333333,0.333333333333333,0.166666666666667,0,NA,NA,0.166666666666667,NA,NA,NA,0.333333333333333,NA,NA,NA,0,0.166666666666667,0.333333333333333,0.666666666666667,0,0.666666666666667,NA,NA,0.166666666666667,NA,NA,NA,0,NA,NA,NA,0,1,1,2,0,4,0,0,1,0,0,0,0,0,0,0,3,5,3,0,5,2,0,0,4,0,0,0,2,0,0,0,0,0,1,0,0,0,0,0,0,0,0,0,0,0,0,0,0,0,1,1,1,0,0,0,1,0,0,0,1,0,0,0,0,0.166666666666667,0.166666666666667,0.666666666666667,0,0.666666666666667,NA,NA,0.166666666666667,NA,NA,NA,0,NA,NA,NA,1,0.833333333333333,0.5,0,0.833333333333333,0.333333333333333,NA,NA,0.666666666666667,NA,NA,NA,0.666666666666667,NA,NA,NA,0,0,0.166666666666667,0,0,0,NA,NA,0,NA,NA,NA,0,NA,NA,NA,0,0,0.166666666666667,0.333333333333333,0.166666666666667,0,NA,NA,0.166666666666667,NA,NA,NA,0.333333333333333,NA,NA,NA
"672",3,6,3,6,0,6,6,3,6,6,0,0,3,0,0,0,0,0,0,0,0,1,2,2,0,0,0,0,1,0,0,0,0,2,1,2,0,0,5,2,0,5,0,0,1,0,0,0,0.0625,0.125,0.0625,0.125,0,0.125,0.125,0.0625,0.125,0.125,0,0,0.0625,0,0,0,0,0,0,0,NA,0.166666666666667,0.333333333333333,0.666666666666667,0,0,NA,NA,0.333333333333333,NA,NA,NA,0,0.333333333333333,0.333333333333333,0.333333333333333,NA,0,0.833333333333333,0.666666666666667,0,0.833333333333333,NA,NA,0.333333333333333,NA,NA,NA,0,2,1,2,0,0,3,1,0,5,0,0,0,0,0,0,3,4,2,4,0,5,1,0,6,1,0,0,2,0,0,0,0,0,0,0,0,0,2,1,0,0,0,0,1,0,0,0,0,0,0,0,0,1,0,1,0,0,0,0,0,0,0,0,0,0.333333333333333,0.333333333333333,0.333333333333333,NA,0,0.5,0.333333333333333,0,0.833333333333333,NA,NA,0,NA,NA,NA,1,0.666666666666667,0.666666666666667,0.666666666666667,NA,0.833333333333333,0.166666666666667,0,1,0.166666666666667,NA,NA,0.666666666666667,NA,NA,NA,0,0,0,0,NA,0,0.333333333333333,0.333333333333333,0,0,NA,NA,0.333333333333333,NA,NA,NA,0,0,0,0,NA,0.166666666666667,0,0.333333333333333,0,0,NA,NA,0,NA,NA,NA
"673",3,3,3,6,6,6,6,0,0,3,0,0,0,0,0,0,0,0,0,0,1,1,1,0,0,1,0,0,0,0,0,0,0,0,1,3,4,2,4,0,0,3,0,0,0,0,0,0,0.0833333333333333,0.0833333333333333,0.0833333333333333,0.166666666666667,0.166666666666667,0.166666666666667,0.166666666666667,0,0,0.0833333333333333,0,0,0,0,0,0,0,0,0,0,0.166666666666667,0.166666666666667,0.166666666666667,NA,NA,0.333333333333333,NA,NA,NA,NA,NA,NA,0,0,0.333333333333333,0.5,0.666666666666667,0.333333333333333,0.666666666666667,NA,NA,1,NA,NA,NA,NA,NA,NA,0,0,1,3,4,1,3,0,0,2,0,0,0,0,0,0,3,3,2,3,1,4,2,0,0,0,0,0,0,0,0,0,0,0,0,0,0,1,1,0,0,1,0,0,0,0,0,0,0,0,0,0,1,0,0,0,0,0,0,0,0,0,0,0,0,0,0.333333333333333,0.5,0.666666666666667,0.166666666666667,0.5,NA,NA,0.666666666666667,NA,NA,NA,NA,NA,NA,1,1,0.666666666666667,0.5,0.166666666666667,0.666666666666667,0.333333333333333,NA,NA,0,NA,NA,NA,NA,NA,NA,0,0,0,0,0,0.166666666666667,0.166666666666667,NA,NA,0.333333333333333,NA,NA,NA,NA,NA,NA,0,0,0,0,0.166666666666667,0,0,NA,NA,0,NA,NA,NA,NA,NA,NA
"674",3,3,3,6,3,6,6,3,6,3,3,0,3,0,0,0,0,0,0,0,0,1,0,3,0,1,1,0,3,0,0,0,0,0,1,2,0,2,3,2,1,0,2,0,2,0,0,0,0.0625,0.0625,0.0625,0.125,0.0625,0.125,0.125,0.0625,0.125,0.0625,0.0625,0,0.0625,0,0,0,0,0,0,0,0,0.166666666666667,0,1,0,0.333333333333333,0.333333333333333,NA,1,NA,NA,NA,0,0,0.333333333333333,0.333333333333333,0,0.333333333333333,0.5,0.666666666666667,0.166666666666667,0,0.666666666666667,NA,0.666666666666667,NA,NA,NA,0,0,1,2,0,1,3,0,1,0,1,0,0,0,0,0,3,3,2,4,3,4,3,0,5,2,1,0,0,0,0,0,0,0,0,0,0,1,0,2,0,0,1,0,2,0,0,0,0,0,0,0,0,0,0,1,0,1,0,0,1,0,0,0,0,0,0.333333333333333,0.333333333333333,0,0.166666666666667,0.5,0,0.166666666666667,0,0.333333333333333,NA,0,NA,NA,NA,1,1,0.666666666666667,0.666666666666667,1,0.666666666666667,0.5,0,0.833333333333333,0.666666666666667,0.333333333333333,NA,0,NA,NA,NA,0,0,0,0,0,0.166666666666667,0,0.666666666666667,0,0,0.333333333333333,NA,0.666666666666667,NA,NA,NA,0,0,0,0,0,0,0,0.333333333333333,0,0.333333333333333,0,NA,0.333333333333333,NA,NA,NA
"675",3,3,3,6,3,6,6,3,3,6,3,0,3,0,0,0,0,0,0,0,0,1,0,2,0,2,1,0,0,0,0,0,0,0,0,3,0,2,3,2,0,5,2,0,0,0,0,0,0.0625,0.0625,0.0625,0.125,0.0625,0.125,0.125,0.0625,0.0625,0.125,0.0625,0,0.0625,0,0,0,0,0,0,0,0,0.166666666666667,0,0.666666666666667,0,0.333333333333333,0.333333333333333,NA,0,NA,NA,NA,0,0,0,0.5,0,0.333333333333333,0.5,0.666666666666667,0,0.833333333333333,0.666666666666667,NA,0,NA,NA,NA,0,0,0,3,0,2,3,1,0,3,2,0,0,0,0,0,3,3,3,3,3,3,3,0,3,1,0,0,3,0,0,0,0,0,0,0,0,0,0,1,0,2,0,0,0,0,0,0,0,0,0,0,0,1,0,1,0,0,1,0,0,0,0,0,0,0,0,0.5,0,0.333333333333333,0.5,0.333333333333333,0,0.5,0.666666666666667,NA,0,NA,NA,NA,1,1,1,0.5,1,0.5,0.5,0,1,0.166666666666667,0,NA,1,NA,NA,NA,0,0,0,0,0,0,0,0.333333333333333,0,0.333333333333333,0,NA,0,NA,NA,NA,0,0,0,0,0,0.166666666666667,0,0.333333333333333,0,0,0.333333333333333,NA,0,NA,NA,NA
"676",3,6,6,6,0,6,6,6,0,6,0,0,0,3,0,0,0,0,1,0,0,1,0,3,0,0,0,0,0,0,0,0,0,0,1,1,0,0,5,5,0,2,0,0,0,2,0,0,0.0625,0.125,0.125,0.125,0,0.125,0.125,0.125,0,0.125,0,0,0,0.0625,0,0,0,0,0.166666666666667,0,NA,0.166666666666667,0,0.5,NA,0,NA,NA,NA,0,NA,NA,0,0,0.166666666666667,0.166666666666667,NA,0,0.833333333333333,0.833333333333333,NA,0.333333333333333,NA,NA,NA,0.666666666666667,NA,NA,0,0,1,1,0,0,5,2,0,2,0,0,0,2,0,0,3,6,4,5,0,5,1,1,0,4,0,0,0,1,0,0,0,0,0,0,0,0,0,3,0,0,0,0,0,0,0,0,0,0,1,0,0,1,0,0,0,0,0,0,0,0,0,0,0,0,0.166666666666667,0.166666666666667,NA,0,0.833333333333333,0.333333333333333,NA,0.333333333333333,NA,NA,NA,0.666666666666667,NA,NA,1,1,0.666666666666667,0.833333333333333,NA,0.833333333333333,0.166666666666667,0.166666666666667,NA,0.666666666666667,NA,NA,NA,0.333333333333333,NA,NA,0,0,0,0,NA,0,0,0.5,NA,0,NA,NA,NA,0,NA,NA,0,0,0.166666666666667,0,NA,0.166666666666667,0,0,NA,0,NA,NA,NA,0,NA,NA
"677",3,6,0,0,6,0,0,0,6,0,0,0,6,0,0,0,0,0,0,0,0,0,0,0,2,0,0,0,2,0,0,0,0,3,0,0,1,0,0,0,1,0,0,0,2,0,0,0,0.111111111111111,0.222222222222222,0,0,0.222222222222222,0,0,0,0.222222222222222,0,0,0,0.222222222222222,0,0,0,0,0,NA,NA,0,NA,NA,NA,0.333333333333333,NA,NA,NA,0.333333333333333,NA,NA,NA,0,0.5,NA,NA,0.166666666666667,NA,NA,NA,0.166666666666667,NA,NA,NA,0.333333333333333,NA,NA,NA,0,3,0,0,1,0,0,0,1,0,0,0,2,0,0,0,3,3,0,0,5,0,0,0,3,0,0,0,2,0,0,0,0,0,0,0,0,0,0,0,0,0,0,0,0,0,0,0,0,0,0,0,0,0,0,0,2,0,0,0,2,0,0,0,0,0.5,NA,NA,0.166666666666667,NA,NA,NA,0.166666666666667,NA,NA,NA,0.333333333333333,NA,NA,NA,1,0.5,NA,NA,0.833333333333333,NA,NA,NA,0.5,NA,NA,NA,0.333333333333333,NA,NA,NA,0,0,NA,NA,0,NA,NA,NA,0,NA,NA,NA,0,NA,NA,NA,0,0,NA,NA,0,NA,NA,NA,0.333333333333333,NA,NA,NA,0.333333333333333,NA,NA,NA
"678",6,6,3,3,0,3,6,6,6,6,0,0,3,0,0,0,0,1,0,0,0,0,0,1,1,1,0,0,1,0,0,0,1,2,0,0,0,0,3,4,2,4,0,0,1,0,0,0,0.125,0.125,0.0625,0.0625,0,0.0625,0.125,0.125,0.125,0.125,0,0,0.0625,0,0,0,0,0.166666666666667,0,0,NA,0,0,0.166666666666667,0.166666666666667,0.166666666666667,NA,NA,0.333333333333333,NA,NA,NA,0.166666666666667,0.333333333333333,0,0,NA,0,0.5,0.666666666666667,0.333333333333333,0.666666666666667,NA,NA,0.333333333333333,NA,NA,NA,1,1,0,0,0,0,3,3,1,3,0,0,1,0,0,0,5,4,3,3,0,3,3,2,4,2,0,0,1,0,0,0,0,1,0,0,0,0,0,1,1,1,0,0,0,0,0,0,0,0,0,0,0,0,0,0,0,0,0,0,1,0,0,0,0.166666666666667,0.166666666666667,0,0,NA,0,0.5,0.5,0.166666666666667,0.5,NA,NA,0.333333333333333,NA,NA,NA,0.833333333333333,0.666666666666667,1,1,NA,1,0.5,0.333333333333333,0.666666666666667,0.333333333333333,NA,NA,0.333333333333333,NA,NA,NA,0,0.166666666666667,0,0,NA,0,0,0.166666666666667,0.166666666666667,0.166666666666667,NA,NA,0,NA,NA,NA,0,0,0,0,NA,0,0,0,0,0,NA,NA,0.333333333333333,NA,NA,NA
"679",3,3,6,6,0,3,6,6,3,6,0,0,6,0,0,0,0,0,0,0,0,0,0,2,0,0,0,0,2,0,0,0,0,0,2,1,0,1,4,3,0,5,0,0,3,0,0,0,0.0625,0.0625,0.125,0.125,0,0.0625,0.125,0.125,0.0625,0.125,0,0,0.125,0,0,0,0,0,0,0,NA,0,0,0.333333333333333,0,0,NA,NA,0.333333333333333,NA,NA,NA,0,0,0.333333333333333,0.166666666666667,NA,0.333333333333333,0.666666666666667,0.5,0,0.833333333333333,NA,NA,0.5,NA,NA,NA,0,0,2,1,0,1,4,2,0,5,0,0,2,0,0,0,3,3,4,5,0,2,2,2,3,1,0,0,2,0,0,0,0,0,0,0,0,0,0,1,0,0,0,0,1,0,0,0,0,0,0,0,0,0,0,1,0,0,0,0,1,0,0,0,0,0,0.333333333333333,0.166666666666667,NA,0.333333333333333,0.666666666666667,0.333333333333333,0,0.833333333333333,NA,NA,0.333333333333333,NA,NA,NA,1,1,0.666666666666667,0.833333333333333,NA,0.666666666666667,0.333333333333333,0.333333333333333,1,0.166666666666667,NA,NA,0.333333333333333,NA,NA,NA,0,0,0,0,NA,0,0,0.166666666666667,0,0,NA,NA,0.166666666666667,NA,NA,NA,0,0,0,0,NA,0,0,0.166666666666667,0,0,NA,NA,0.166666666666667,NA,NA,NA
"680",3,3,6,6,6,6,0,3,0,6,0,0,0,0,0,0,0,0,0,1,2,1,0,2,0,2,0,0,0,0,0,0,0,0,3,2,1,1,0,1,0,5,0,0,0,0,0,0,0.0769230769230769,0.0769230769230769,0.153846153846154,0.153846153846154,0.153846153846154,0.153846153846154,0,0.0769230769230769,0,0.153846153846154,0,0,0,0,0,0,0,0,0,0.166666666666667,0.333333333333333,0.166666666666667,NA,0.666666666666667,NA,0.333333333333333,NA,NA,NA,NA,NA,NA,0,0,0.5,0.333333333333333,0.166666666666667,0.166666666666667,NA,0.333333333333333,NA,0.833333333333333,NA,NA,NA,NA,NA,NA,0,0,3,2,0,0,0,0,0,4,0,0,0,0,0,0,3,3,3,3,4,5,0,1,0,0,0,0,0,0,0,0,0,0,0,0,1,1,0,1,0,1,0,0,0,0,0,0,0,0,0,1,1,0,0,1,0,1,0,0,0,0,0,0,0,0,0.5,0.333333333333333,0,0,NA,0,NA,0.666666666666667,NA,NA,NA,NA,NA,NA,1,1,0.5,0.5,0.666666666666667,0.833333333333333,NA,0.333333333333333,NA,0,NA,NA,NA,NA,NA,NA,0,0,0,0,0.166666666666667,0.166666666666667,NA,0.333333333333333,NA,0.166666666666667,NA,NA,NA,NA,NA,NA,0,0,0,0.166666666666667,0.166666666666667,0,NA,0.333333333333333,NA,0.166666666666667,NA,NA,NA,NA,NA,NA
"681",3,3,3,6,3,6,6,0,6,0,0,0,6,0,0,0,0,0,0,0,0,0,2,0,0,0,0,0,1,0,0,0,0,1,1,3,1,3,4,0,2,0,0,0,1,0,0,0,0.0714285714285714,0.0714285714285714,0.0714285714285714,0.142857142857143,0.0714285714285714,0.142857142857143,0.142857142857143,0,0.142857142857143,0,0,0,0.142857142857143,0,0,0,0,0,0,0,0,0,0.333333333333333,NA,0,NA,NA,NA,0.166666666666667,NA,NA,NA,0,0.333333333333333,0.333333333333333,0.5,0.333333333333333,0.5,0.666666666666667,NA,0.333333333333333,NA,NA,NA,0.166666666666667,NA,NA,NA,0,1,1,3,1,3,4,0,2,0,0,0,1,0,0,0,3,2,2,3,2,3,0,0,4,0,0,0,4,0,0,0,0,0,0,0,0,0,0,0,0,0,0,0,0,0,0,0,0,0,0,0,0,0,2,0,0,0,0,0,1,0,0,0,0,0.333333333333333,0.333333333333333,0.5,0.333333333333333,0.5,0.666666666666667,NA,0.333333333333333,NA,NA,NA,0.166666666666667,NA,NA,NA,1,0.666666666666667,0.666666666666667,0.5,0.666666666666667,0.5,0,NA,0.666666666666667,NA,NA,NA,0.666666666666667,NA,NA,NA,0,0,0,0,0,0,0,NA,0,NA,NA,NA,0,NA,NA,NA,0,0,0,0,0,0,0.333333333333333,NA,0,NA,NA,NA,0.166666666666667,NA,NA,NA
"682",3,6,6,6,3,6,6,6,3,0,0,0,3,0,0,0,0,0,1,0,0,2,2,3,0,0,0,0,2,0,0,0,0,0,1,1,0,0,5,4,0,0,0,0,1,0,0,0,0.0625,0.125,0.125,0.125,0.0625,0.125,0.125,0.125,0.0625,0,0,0,0.0625,0,0,0,0,0,0.166666666666667,0,0,0.333333333333333,0.333333333333333,0.5,0,NA,NA,NA,0.666666666666667,NA,NA,NA,0,0,0.166666666666667,0.166666666666667,0,0,0.833333333333333,0.666666666666667,0,NA,NA,NA,0.333333333333333,NA,NA,NA,0,0,1,1,0,0,3,2,0,0,0,0,0,0,0,0,3,6,4,5,3,4,1,1,3,0,0,0,1,0,0,0,0,0,0,0,0,0,2,2,0,0,0,0,1,0,0,0,0,0,1,0,0,2,0,1,0,0,0,0,1,0,0,0,0,0,0.166666666666667,0.166666666666667,0,0,0.5,0.333333333333333,0,NA,NA,NA,0,NA,NA,NA,1,1,0.666666666666667,0.833333333333333,1,0.666666666666667,0.166666666666667,0.166666666666667,1,NA,NA,NA,0.333333333333333,NA,NA,NA,0,0,0,0,0,0,0.333333333333333,0.333333333333333,0,NA,NA,NA,0.333333333333333,NA,NA,NA,0,0,0.166666666666667,0,0,0.333333333333333,0,0.166666666666667,0,NA,NA,NA,0.333333333333333,NA,NA,NA
"683",3,3,6,3,3,6,0,0,3,0,0,0,6,0,0,0,0,0,0,1,0,2,0,0,0,0,0,0,1,0,0,0,0,1,3,0,0,0,0,0,0,0,0,0,1,0,0,0,0.0909090909090909,0.0909090909090909,0.181818181818182,0.0909090909090909,0.0909090909090909,0.181818181818182,0,0,0.0909090909090909,0,0,0,0.181818181818182,0,0,0,0,0,0,0.333333333333333,0,0.333333333333333,NA,NA,0,NA,NA,NA,0.166666666666667,NA,NA,NA,0,0.333333333333333,0.5,0,0,0,NA,NA,0,NA,NA,NA,0.166666666666667,NA,NA,NA,0,1,3,0,0,0,0,0,0,0,0,0,1,0,0,0,3,2,3,2,3,4,0,0,3,0,0,0,4,0,0,0,0,0,0,0,0,0,0,0,0,0,0,0,0,0,0,0,0,0,0,1,0,2,0,0,0,0,0,0,1,0,0,0,0,0.333333333333333,0.5,0,0,0,NA,NA,0,NA,NA,NA,0.166666666666667,NA,NA,NA,1,0.666666666666667,0.5,0.666666666666667,1,0.666666666666667,NA,NA,1,NA,NA,NA,0.666666666666667,NA,NA,NA,0,0,0,0,0,0,NA,NA,0,NA,NA,NA,0,NA,NA,NA,0,0,0,0.333333333333333,0,0.333333333333333,NA,NA,0,NA,NA,NA,0.166666666666667,NA,NA,NA
"684",3,6,6,0,6,0,0,0,6,0,0,0,6,0,0,0,0,0,2,0,1,0,0,0,0,0,0,0,1,0,0,0,0,0,3,0,1,0,0,0,1,0,0,0,1,0,0,0,0.0909090909090909,0.181818181818182,0.181818181818182,0,0.181818181818182,0,0,0,0.181818181818182,0,0,0,0.181818181818182,0,0,0,0,0,0.333333333333333,NA,0.166666666666667,NA,NA,NA,0,NA,NA,NA,0.166666666666667,NA,NA,NA,0,0,0.5,NA,0.166666666666667,NA,NA,NA,0.166666666666667,NA,NA,NA,0.166666666666667,NA,NA,NA,0,0,2,0,1,0,0,0,1,0,0,0,1,0,0,0,3,6,2,0,4,0,0,0,5,0,0,0,4,0,0,0,0,0,1,0,0,0,0,0,0,0,0,0,0,0,0,0,0,0,1,0,1,0,0,0,0,0,0,0,1,0,0,0,0,0,0.333333333333333,NA,0.166666666666667,NA,NA,NA,0.166666666666667,NA,NA,NA,0.166666666666667,NA,NA,NA,1,1,0.333333333333333,NA,0.666666666666667,NA,NA,NA,0.833333333333333,NA,NA,NA,0.666666666666667,NA,NA,NA,0,0,0.166666666666667,NA,0,NA,NA,NA,0,NA,NA,NA,0,NA,NA,NA,0,0,0.166666666666667,NA,0.166666666666667,NA,NA,NA,0,NA,NA,NA,0.166666666666667,NA,NA,NA
"685",3,3,6,6,3,3,6,3,3,3,0,0,3,6,0,0,0,0,0,1,0,0,1,1,1,0,0,0,1,0,0,0,0,1,2,2,0,0,4,2,1,0,0,0,0,4,0,0,0.0625,0.0625,0.125,0.125,0.0625,0.0625,0.125,0.0625,0.0625,0.0625,0,0,0.0625,0.125,0,0,0,0,0,0.166666666666667,0,0,0.166666666666667,0.333333333333333,0.333333333333333,0,NA,NA,0.333333333333333,0,NA,NA,0,0.333333333333333,0.333333333333333,0.333333333333333,0,0,0.666666666666667,0.666666666666667,0.333333333333333,0,NA,NA,0,0.666666666666667,NA,NA,0,1,2,2,0,0,3,1,1,0,0,0,0,4,0,0,3,2,4,3,3,3,2,1,1,3,0,0,2,2,0,0,0,0,0,0,0,0,1,1,0,0,0,0,0,0,0,0,0,0,0,1,0,0,0,0,1,0,0,0,1,0,0,0,0,0.333333333333333,0.333333333333333,0.333333333333333,0,0,0.5,0.333333333333333,0.333333333333333,0,NA,NA,0,0.666666666666667,NA,NA,1,0.666666666666667,0.666666666666667,0.5,1,1,0.333333333333333,0.333333333333333,0.333333333333333,1,NA,NA,0.666666666666667,0.333333333333333,NA,NA,0,0,0,0,0,0,0.166666666666667,0.333333333333333,0,0,NA,NA,0,0,NA,NA,0,0,0,0.166666666666667,0,0,0,0,0.333333333333333,0,NA,NA,0.333333333333333,0,NA,NA
"686",6,6,3,0,3,0,0,0,3,0,0,0,6,0,0,0,0,1,1,0,0,0,0,0,0,0,0,0,0,0,0,0,0,0,0,0,1,0,0,0,1,0,0,0,2,0,0,0,0.222222222222222,0.222222222222222,0.111111111111111,0,0.111111111111111,0,0,0,0.111111111111111,0,0,0,0.222222222222222,0,0,0,0,0.166666666666667,0.333333333333333,NA,0,NA,NA,NA,0,NA,NA,NA,0,NA,NA,NA,0,0,0,NA,0.333333333333333,NA,NA,NA,0.333333333333333,NA,NA,NA,0.333333333333333,NA,NA,NA,0,0,0,0,1,0,0,0,1,0,0,0,2,0,0,0,6,5,2,0,2,0,0,0,2,0,0,0,4,0,0,0,0,0,0,0,0,0,0,0,0,0,0,0,0,0,0,0,0,1,1,0,0,0,0,0,0,0,0,0,0,0,0,0,0,0,0,NA,0.333333333333333,NA,NA,NA,0.333333333333333,NA,NA,NA,0.333333333333333,NA,NA,NA,1,0.833333333333333,0.666666666666667,NA,0.666666666666667,NA,NA,NA,0.666666666666667,NA,NA,NA,0.666666666666667,NA,NA,NA,0,0,0,NA,0,NA,NA,NA,0,NA,NA,NA,0,NA,NA,NA,0,0.166666666666667,0.333333333333333,NA,0,NA,NA,NA,0,NA,NA,NA,0,NA,NA,NA
"687",3,3,6,0,6,6,0,0,0,3,0,0,0,0,0,0,0,0,0,0,0,0,0,0,0,1,0,0,0,0,0,0,0,0,3,0,3,3,0,0,0,1,0,0,0,0,0,0,0.111111111111111,0.111111111111111,0.222222222222222,0,0.222222222222222,0.222222222222222,0,0,0,0.111111111111111,0,0,0,0,0,0,0,0,0,NA,0,0,NA,NA,NA,0.333333333333333,NA,NA,NA,NA,NA,NA,0,0,0.5,NA,0.5,0.5,NA,NA,NA,0.333333333333333,NA,NA,NA,NA,NA,NA,0,0,3,0,3,3,0,0,0,1,0,0,0,0,0,0,3,3,3,0,3,3,0,0,0,1,0,0,0,0,0,0,0,0,0,0,0,0,0,0,0,0,0,0,0,0,0,0,0,0,0,0,0,0,0,0,0,1,0,0,0,0,0,0,0,0,0.5,NA,0.5,0.5,NA,NA,NA,0.333333333333333,NA,NA,NA,NA,NA,NA,1,1,0.5,NA,0.5,0.5,NA,NA,NA,0.333333333333333,NA,NA,NA,NA,NA,NA,0,0,0,NA,0,0,NA,NA,NA,0,NA,NA,NA,NA,NA,NA,0,0,0,NA,0,0,NA,NA,NA,0.333333333333333,NA,NA,NA,NA,NA,NA
"688",3,6,3,0,6,0,0,0,0,0,0,0,0,0,0,0,0,0,1,0,0,0,0,0,0,0,0,0,0,0,0,0,0,2,1,0,3,0,0,0,0,0,0,0,0,0,0,0,0.166666666666667,0.333333333333333,0.166666666666667,0,0.333333333333333,0,0,0,0,0,0,0,0,0,0,0,0,0,0.333333333333333,NA,0,NA,NA,NA,NA,NA,NA,NA,NA,NA,NA,NA,0,0.333333333333333,0.333333333333333,NA,0.5,NA,NA,NA,NA,NA,NA,NA,NA,NA,NA,NA,0,2,1,0,3,0,0,0,0,0,0,0,0,0,0,0,3,4,1,0,3,0,0,0,0,0,0,0,0,0,0,0,0,0,0,0,0,0,0,0,0,0,0,0,0,0,0,0,0,0,1,0,0,0,0,0,0,0,0,0,0,0,0,0,0,0.333333333333333,0.333333333333333,NA,0.5,NA,NA,NA,NA,NA,NA,NA,NA,NA,NA,NA,1,0.666666666666667,0.333333333333333,NA,0.5,NA,NA,NA,NA,NA,NA,NA,NA,NA,NA,NA,0,0,0,NA,0,NA,NA,NA,NA,NA,NA,NA,NA,NA,NA,NA,0,0,0.333333333333333,NA,0,NA,NA,NA,NA,NA,NA,NA,NA,NA,NA,NA
"689",6,3,6,6,6,6,0,0,6,3,0,0,6,0,0,0,0,0,0,3,0,1,0,0,1,1,0,0,0,0,0,0,2,0,2,2,2,1,0,0,2,2,0,0,3,0,0,0,0.125,0.0625,0.125,0.125,0.125,0.125,0,0,0.125,0.0625,0,0,0.125,0,0,0,0,0,0,0.5,0,0.166666666666667,NA,NA,0.166666666666667,0.333333333333333,NA,NA,0,NA,NA,NA,0.333333333333333,0,0.333333333333333,0.333333333333333,0.333333333333333,0.166666666666667,NA,NA,0.333333333333333,0.666666666666667,NA,NA,0.5,NA,NA,NA,2,0,2,1,2,0,0,0,2,2,0,0,3,0,0,0,4,3,4,2,4,5,0,0,3,0,0,0,3,0,0,0,0,0,0,1,0,1,0,0,0,0,0,0,0,0,0,0,0,0,0,2,0,0,0,0,1,1,0,0,0,0,0,0,0.333333333333333,0,0.333333333333333,0.166666666666667,0.333333333333333,0,NA,NA,0.333333333333333,0.666666666666667,NA,NA,0.5,NA,NA,NA,0.666666666666667,1,0.666666666666667,0.333333333333333,0.666666666666667,0.833333333333333,NA,NA,0.5,0,NA,NA,0.5,NA,NA,NA,0,0,0,0.166666666666667,0,0.166666666666667,NA,NA,0,0,NA,NA,0,NA,NA,NA,0,0,0,0.333333333333333,0,0,NA,NA,0.166666666666667,0.333333333333333,NA,NA,0,NA,NA,NA
"690",3,3,6,6,0,3,6,0,3,6,0,0,6,0,0,0,0,0,1,1,0,0,0,0,0,0,0,0,0,0,0,0,0,1,2,3,0,1,4,0,1,4,0,0,3,0,0,0,0.0714285714285714,0.0714285714285714,0.142857142857143,0.142857142857143,0,0.0714285714285714,0.142857142857143,0,0.0714285714285714,0.142857142857143,0,0,0.142857142857143,0,0,0,0,0,0.166666666666667,0.166666666666667,NA,0,0,NA,0,0,NA,NA,0,NA,NA,NA,0,0.333333333333333,0.333333333333333,0.5,NA,0.333333333333333,0.666666666666667,NA,0.333333333333333,0.666666666666667,NA,NA,0.5,NA,NA,NA,0,1,2,3,0,1,4,0,1,4,0,0,3,0,0,0,3,2,3,2,0,2,2,0,2,2,0,0,3,0,0,0,0,0,0,0,0,0,0,0,0,0,0,0,0,0,0,0,0,0,1,1,0,0,0,0,0,0,0,0,0,0,0,0,0,0.333333333333333,0.333333333333333,0.5,NA,0.333333333333333,0.666666666666667,NA,0.333333333333333,0.666666666666667,NA,NA,0.5,NA,NA,NA,1,0.666666666666667,0.5,0.333333333333333,NA,0.666666666666667,0.333333333333333,NA,0.666666666666667,0.333333333333333,NA,NA,0.5,NA,NA,NA,0,0,0,0,NA,0,0,NA,0,0,NA,NA,0,NA,NA,NA,0,0,0.166666666666667,0.166666666666667,NA,0,0,NA,0,0,NA,NA,0,NA,NA,NA
"691",6,6,0,0,3,0,0,0,3,0,0,0,6,0,0,0,0,2,0,0,0,0,0,0,0,0,0,0,1,0,0,0,1,0,0,0,0,0,0,0,0,0,0,0,4,0,0,0,0.25,0.25,0,0,0.125,0,0,0,0.125,0,0,0,0.25,0,0,0,0,0.333333333333333,NA,NA,0,NA,NA,NA,0,NA,NA,NA,0.166666666666667,NA,NA,NA,0.166666666666667,0,NA,NA,0,NA,NA,NA,0,NA,NA,NA,0.666666666666667,NA,NA,NA,1,0,0,0,0,0,0,0,0,0,0,0,4,0,0,0,5,4,0,0,3,0,0,0,3,0,0,0,1,0,0,0,0,0,0,0,0,0,0,0,0,0,0,0,0,0,0,0,0,2,0,0,0,0,0,0,0,0,0,0,1,0,0,0,0.166666666666667,0,NA,NA,0,NA,NA,NA,0,NA,NA,NA,0.666666666666667,NA,NA,NA,0.833333333333333,0.666666666666667,NA,NA,1,NA,NA,NA,1,NA,NA,NA,0.166666666666667,NA,NA,NA,0,0,NA,NA,0,NA,NA,NA,0,NA,NA,NA,0,NA,NA,NA,0,0.333333333333333,NA,NA,0,NA,NA,NA,0,NA,NA,NA,0.166666666666667,NA,NA,NA
"692",6,3,3,3,6,6,6,6,3,6,0,0,0,0,0,0,1,0,0,0,0,1,0,1,1,0,0,0,0,0,0,0,0,0,1,1,2,2,4,4,0,4,0,0,0,0,0,0,0.125,0.0625,0.0625,0.0625,0.125,0.125,0.125,0.125,0.0625,0.125,0,0,0,0,0,0,0.166666666666667,0,0,0,0,0.166666666666667,0,0.166666666666667,0.333333333333333,0,NA,NA,NA,NA,NA,NA,0,0,0.333333333333333,0.333333333333333,0.333333333333333,0.333333333333333,0.666666666666667,0.666666666666667,0,0.666666666666667,NA,NA,NA,NA,NA,NA,0,0,1,1,2,1,4,4,0,4,0,0,0,0,0,0,5,3,2,2,4,4,2,1,2,2,0,0,0,0,0,0,0,0,0,0,0,1,0,0,0,0,0,0,0,0,0,0,1,0,0,0,0,0,0,1,1,0,0,0,0,0,0,0,0,0,0.333333333333333,0.333333333333333,0.333333333333333,0.166666666666667,0.666666666666667,0.666666666666667,0,0.666666666666667,NA,NA,NA,NA,NA,NA,0.833333333333333,1,0.666666666666667,0.666666666666667,0.666666666666667,0.666666666666667,0.333333333333333,0.166666666666667,0.666666666666667,0.333333333333333,NA,NA,NA,NA,NA,NA,0,0,0,0,0,0.166666666666667,0,0,0,0,NA,NA,NA,NA,NA,NA,0.166666666666667,0,0,0,0,0,0,0.166666666666667,0.333333333333333,0,NA,NA,NA,NA,NA,NA
"693",3,3,3,6,3,3,6,3,6,6,0,0,3,3,0,0,0,0,0,1,0,0,0,2,1,0,0,0,1,1,0,0,0,0,1,3,0,0,3,1,2,4,0,0,1,2,0,0,0.0625,0.0625,0.0625,0.125,0.0625,0.0625,0.125,0.0625,0.125,0.125,0,0,0.0625,0.0625,0,0,0,0,0,0.166666666666667,0,0,0,0.666666666666667,0.166666666666667,0,NA,NA,0.333333333333333,0.333333333333333,NA,NA,0,0,0.333333333333333,0.5,0,0,0.5,0.333333333333333,0.333333333333333,0.666666666666667,NA,NA,0.333333333333333,0.666666666666667,NA,NA,0,0,1,2,0,0,3,0,1,4,0,0,0,1,0,0,3,3,2,3,3,3,3,1,4,2,0,0,2,1,0,0,0,0,0,1,0,0,0,1,1,0,0,0,1,1,0,0,0,0,0,0,0,0,0,1,0,0,0,0,0,0,0,0,0,0,0.333333333333333,0.333333333333333,0,0,0.5,0,0.166666666666667,0.666666666666667,NA,NA,0,0.333333333333333,NA,NA,1,1,0.666666666666667,0.5,1,1,0.5,0.333333333333333,0.666666666666667,0.333333333333333,NA,NA,0.666666666666667,0.333333333333333,NA,NA,0,0,0,0.166666666666667,0,0,0,0.333333333333333,0.166666666666667,0,NA,NA,0.333333333333333,0.333333333333333,NA,NA,0,0,0,0,0,0,0,0.333333333333333,0,0,NA,NA,0,0,NA,NA
"694",3,6,6,6,0,3,6,3,0,3,0,0,6,6,0,0,0,0,0,1,0,0,0,2,0,0,0,0,2,0,0,0,1,2,1,1,0,0,4,2,0,1,0,0,1,5,0,0,0.0625,0.125,0.125,0.125,0,0.0625,0.125,0.0625,0,0.0625,0,0,0.125,0.125,0,0,0,0,0,0.166666666666667,NA,0,0,0.666666666666667,NA,0,NA,NA,0.333333333333333,0,NA,NA,0.333333333333333,0.333333333333333,0.166666666666667,0.166666666666667,NA,0,0.666666666666667,0.666666666666667,NA,0.333333333333333,NA,NA,0.166666666666667,0.833333333333333,NA,NA,1,2,1,1,0,0,4,0,0,1,0,0,0,5,0,0,2,4,5,4,0,3,2,1,0,2,0,0,4,1,0,0,0,0,0,0,0,0,0,2,0,0,0,0,1,0,0,0,0,0,0,1,0,0,0,0,0,0,0,0,1,0,0,0,0.333333333333333,0.333333333333333,0.166666666666667,0.166666666666667,NA,0,0.666666666666667,0,NA,0.333333333333333,NA,NA,0,0.833333333333333,NA,NA,0.666666666666667,0.666666666666667,0.833333333333333,0.666666666666667,NA,1,0.333333333333333,0.333333333333333,NA,0.666666666666667,NA,NA,0.666666666666667,0.166666666666667,NA,NA,0,0,0,0,NA,0,0,0.666666666666667,NA,0,NA,NA,0.166666666666667,0,NA,NA,0,0,0,0.166666666666667,NA,0,0,0,NA,0,NA,NA,0.166666666666667,0,NA,NA
"695",3,3,3,6,3,6,6,6,6,0,0,0,6,0,0,0,0,0,0,0,0,0,1,1,0,0,0,0,2,0,0,0,0,1,1,1,1,3,4,3,1,0,0,0,2,0,0,0,0.0625,0.0625,0.0625,0.125,0.0625,0.125,0.125,0.125,0.125,0,0,0,0.125,0,0,0,0,0,0,0,0,0,0.166666666666667,0.166666666666667,0,NA,NA,NA,0.333333333333333,NA,NA,NA,0,0.333333333333333,0.333333333333333,0.166666666666667,0.333333333333333,0.5,0.666666666666667,0.5,0.166666666666667,NA,NA,NA,0.333333333333333,NA,NA,NA,0,1,1,1,1,3,3,2,1,0,0,0,1,0,0,0,3,2,2,5,2,3,2,3,5,0,0,0,3,0,0,0,0,0,0,0,0,0,1,1,0,0,0,0,1,0,0,0,0,0,0,0,0,0,0,0,0,0,0,0,1,0,0,0,0,0.333333333333333,0.333333333333333,0.166666666666667,0.333333333333333,0.5,0.5,0.333333333333333,0.166666666666667,NA,NA,NA,0.166666666666667,NA,NA,NA,1,0.666666666666667,0.666666666666667,0.833333333333333,0.666666666666667,0.5,0.333333333333333,0.5,0.833333333333333,NA,NA,NA,0.5,NA,NA,NA,0,0,0,0,0,0,0.166666666666667,0.166666666666667,0,NA,NA,NA,0.166666666666667,NA,NA,NA,0,0,0,0,0,0,0,0,0,NA,NA,NA,0.166666666666667,NA,NA,NA
"696",3,3,3,6,6,6,6,6,3,0,0,0,6,0,0,0,0,0,0,0,1,1,2,1,0,0,0,0,1,0,0,0,0,0,1,1,1,3,4,4,1,0,0,0,4,0,0,0,0.0625,0.0625,0.0625,0.125,0.125,0.125,0.125,0.125,0.0625,0,0,0,0.125,0,0,0,0,0,0,0,0.166666666666667,0.166666666666667,0.333333333333333,0.166666666666667,0,NA,NA,NA,0.166666666666667,NA,NA,NA,0,0,0.333333333333333,0.166666666666667,0.166666666666667,0.5,0.666666666666667,0.666666666666667,0.333333333333333,NA,NA,NA,0.666666666666667,NA,NA,NA,0,0,1,1,1,2,3,4,1,0,0,0,3,0,0,0,3,3,2,5,4,3,1,1,2,0,0,0,2,0,0,0,0,0,0,0,0,1,1,0,0,0,0,0,1,0,0,0,0,0,0,0,1,0,1,1,0,0,0,0,0,0,0,0,0,0,0.333333333333333,0.166666666666667,0.166666666666667,0.333333333333333,0.5,0.666666666666667,0.333333333333333,NA,NA,NA,0.5,NA,NA,NA,1,1,0.666666666666667,0.833333333333333,0.666666666666667,0.5,0.166666666666667,0.166666666666667,0.666666666666667,NA,NA,NA,0.333333333333333,NA,NA,NA,0,0,0,0,0,0.166666666666667,0.166666666666667,0,0,NA,NA,NA,0.166666666666667,NA,NA,NA,0,0,0,0,0.166666666666667,0,0.166666666666667,0.166666666666667,0,NA,NA,NA,0,NA,NA,NA
"697",3,3,3,6,0,6,6,0,6,6,0,0,0,0,0,0,0,0,0,0,0,1,0,0,1,1,0,0,0,0,0,0,0,0,1,4,0,1,4,0,3,5,0,0,0,0,0,0,0.0769230769230769,0.0769230769230769,0.0769230769230769,0.153846153846154,0,0.153846153846154,0.153846153846154,0,0.153846153846154,0.153846153846154,0,0,0,0,0,0,0,0,0,0,NA,0.166666666666667,0,NA,0.166666666666667,0.166666666666667,NA,NA,NA,NA,NA,NA,0,0,0.333333333333333,0.666666666666667,NA,0.166666666666667,0.666666666666667,NA,0.5,0.833333333333333,NA,NA,NA,NA,NA,NA,0,0,1,4,0,1,4,0,3,4,0,0,0,0,0,0,3,3,2,2,0,4,2,0,2,1,0,0,0,0,0,0,0,0,0,0,0,0,0,0,0,1,0,0,0,0,0,0,0,0,0,0,0,1,0,0,1,0,0,0,0,0,0,0,0,0,0.333333333333333,0.666666666666667,NA,0.166666666666667,0.666666666666667,NA,0.5,0.666666666666667,NA,NA,NA,NA,NA,NA,1,1,0.666666666666667,0.333333333333333,NA,0.666666666666667,0.333333333333333,NA,0.333333333333333,0.166666666666667,NA,NA,NA,NA,NA,NA,0,0,0,0,NA,0,0,NA,0,0.166666666666667,NA,NA,NA,NA,NA,NA,0,0,0,0,NA,0.166666666666667,0,NA,0.166666666666667,0,NA,NA,NA,NA,NA,NA
"698",6,3,6,3,0,3,0,0,6,6,0,0,0,0,0,0,1,0,0,1,0,0,0,0,0,1,0,0,0,0,0,0,0,0,3,1,0,0,0,0,4,5,0,0,0,0,0,0,0.181818181818182,0.0909090909090909,0.181818181818182,0.0909090909090909,0,0.0909090909090909,0,0,0.181818181818182,0.181818181818182,0,0,0,0,0,0,0.166666666666667,0,0,0.333333333333333,NA,0,NA,NA,0,0.166666666666667,NA,NA,NA,NA,NA,NA,0,0,0.5,0.333333333333333,NA,0,NA,NA,0.666666666666667,0.833333333333333,NA,NA,NA,NA,NA,NA,0,0,3,1,0,0,0,0,4,5,0,0,0,0,0,0,5,3,3,1,0,3,0,0,2,0,0,0,0,0,0,0,0,0,0,0,0,0,0,0,0,0,0,0,0,0,0,0,1,0,0,1,0,0,0,0,0,1,0,0,0,0,0,0,0,0,0.5,0.333333333333333,NA,0,NA,NA,0.666666666666667,0.833333333333333,NA,NA,NA,NA,NA,NA,0.833333333333333,1,0.5,0.333333333333333,NA,1,NA,NA,0.333333333333333,0,NA,NA,NA,NA,NA,NA,0,0,0,0,NA,0,NA,NA,0,0,NA,NA,NA,NA,NA,NA,0.166666666666667,0,0,0.333333333333333,NA,0,NA,NA,0,0.166666666666667,NA,NA,NA,NA,NA,NA
"699",3,6,0,0,3,0,0,0,3,0,0,0,6,0,0,0,0,0,0,0,0,0,0,0,0,0,0,0,1,0,0,0,1,3,0,0,1,0,0,0,0,0,0,0,3,0,0,0,0.142857142857143,0.285714285714286,0,0,0.142857142857143,0,0,0,0.142857142857143,0,0,0,0.285714285714286,0,0,0,0,0,NA,NA,0,NA,NA,NA,0,NA,NA,NA,0.166666666666667,NA,NA,NA,0.333333333333333,0.5,NA,NA,0.333333333333333,NA,NA,NA,0,NA,NA,NA,0.5,NA,NA,NA,1,3,0,0,1,0,0,0,0,0,0,0,3,0,0,0,2,3,0,0,2,0,0,0,3,0,0,0,2,0,0,0,0,0,0,0,0,0,0,0,0,0,0,0,0,0,0,0,0,0,0,0,0,0,0,0,0,0,0,0,1,0,0,0,0.333333333333333,0.5,NA,NA,0.333333333333333,NA,NA,NA,0,NA,NA,NA,0.5,NA,NA,NA,0.666666666666667,0.5,NA,NA,0.666666666666667,NA,NA,NA,1,NA,NA,NA,0.333333333333333,NA,NA,NA,0,0,NA,NA,0,NA,NA,NA,0,NA,NA,NA,0,NA,NA,NA,0,0,NA,NA,0,NA,NA,NA,0,NA,NA,NA,0.166666666666667,NA,NA,NA
"700",3,3,3,6,0,6,6,3,3,6,0,0,3,6,0,0,0,0,0,0,0,1,0,1,0,1,0,0,1,2,0,0,1,0,1,2,0,2,4,0,0,1,0,0,3,5,0,0,0.0625,0.0625,0.0625,0.125,0,0.125,0.125,0.0625,0.0625,0.125,0,0,0.0625,0.125,0,0,0,0,0,0,NA,0.166666666666667,0,0.333333333333333,0,0.166666666666667,NA,NA,0.333333333333333,0.333333333333333,NA,NA,0.333333333333333,0,0.333333333333333,0.333333333333333,NA,0.333333333333333,0.666666666666667,0,0,0.166666666666667,NA,NA,1,0.833333333333333,NA,NA,1,0,1,2,0,2,4,0,0,1,0,0,2,3,0,0,2,3,2,4,0,3,2,2,3,4,0,0,0,1,0,0,0,0,0,0,0,0,0,0,0,0,0,0,1,2,0,0,0,0,0,0,0,1,0,1,0,1,0,0,0,0,0,0,0.333333333333333,0,0.333333333333333,0.333333333333333,NA,0.333333333333333,0.666666666666667,0,0,0.166666666666667,NA,NA,0.666666666666667,0.5,NA,NA,0.666666666666667,1,0.666666666666667,0.666666666666667,NA,0.5,0.333333333333333,0.666666666666667,1,0.666666666666667,NA,NA,0,0.166666666666667,NA,NA,0,0,0,0,NA,0,0,0,0,0,NA,NA,0.333333333333333,0.333333333333333,NA,NA,0,0,0,0,NA,0.166666666666667,0,0.333333333333333,0,0.166666666666667,NA,NA,0,0,NA,NA
"701",3,3,3,3,3,6,6,6,6,0,0,0,3,0,0,0,0,0,0,0,0,0,0,1,1,0,0,0,1,0,0,0,0,0,1,1,0,3,3,5,2,0,0,0,1,0,0,0,0.0714285714285714,0.0714285714285714,0.0714285714285714,0.0714285714285714,0.0714285714285714,0.142857142857143,0.142857142857143,0.142857142857143,0.142857142857143,0,0,0,0.0714285714285714,0,0,0,0,0,0,0,0,0,0,0.166666666666667,0.166666666666667,NA,NA,NA,0.333333333333333,NA,NA,NA,0,0,0.333333333333333,0.333333333333333,0,0.5,0.5,0.833333333333333,0.333333333333333,NA,NA,NA,0.333333333333333,NA,NA,NA,0,0,1,1,0,3,3,4,2,0,0,0,1,0,0,0,3,3,2,2,3,3,3,1,3,0,0,0,1,0,0,0,0,0,0,0,0,0,0,1,0,0,0,0,0,0,0,0,0,0,0,0,0,0,0,0,1,0,0,0,1,0,0,0,0,0,0.333333333333333,0.333333333333333,0,0.5,0.5,0.666666666666667,0.333333333333333,NA,NA,NA,0.333333333333333,NA,NA,NA,1,1,0.666666666666667,0.666666666666667,1,0.5,0.5,0.166666666666667,0.5,NA,NA,NA,0.333333333333333,NA,NA,NA,0,0,0,0,0,0,0,0.166666666666667,0,NA,NA,NA,0,NA,NA,NA,0,0,0,0,0,0,0,0,0.166666666666667,NA,NA,NA,0.333333333333333,NA,NA,NA
"702",3,3,6,0,3,6,0,0,3,0,0,0,6,0,0,0,0,0,0,0,0,0,0,0,0,0,0,0,1,0,0,0,0,1,4,0,1,3,0,0,0,0,0,0,1,0,0,0,0.1,0.1,0.2,0,0.1,0.2,0,0,0.1,0,0,0,0.2,0,0,0,0,0,0,NA,0,0,NA,NA,0,NA,NA,NA,0.166666666666667,NA,NA,NA,0,0.333333333333333,0.666666666666667,NA,0.333333333333333,0.5,NA,NA,0,NA,NA,NA,0.166666666666667,NA,NA,NA,0,1,4,0,1,3,0,0,0,0,0,0,1,0,0,0,3,2,2,0,2,3,0,0,3,0,0,0,4,0,0,0,0,0,0,0,0,0,0,0,0,0,0,0,0,0,0,0,0,0,0,0,0,0,0,0,0,0,0,0,1,0,0,0,0,0.333333333333333,0.666666666666667,NA,0.333333333333333,0.5,NA,NA,0,NA,NA,NA,0.166666666666667,NA,NA,NA,1,0.666666666666667,0.333333333333333,NA,0.666666666666667,0.5,NA,NA,1,NA,NA,NA,0.666666666666667,NA,NA,NA,0,0,0,NA,0,0,NA,NA,0,NA,NA,NA,0,NA,NA,NA,0,0,0,NA,0,0,NA,NA,0,NA,NA,NA,0.166666666666667,NA,NA,NA
"703",3,3,3,6,6,3,6,0,6,6,0,0,0,0,0,0,0,0,0,0,0,0,0,0,2,0,0,0,0,0,0,0,0,0,1,4,0,1,3,0,1,5,0,0,0,0,0,0,0.0714285714285714,0.0714285714285714,0.0714285714285714,0.142857142857143,0.142857142857143,0.0714285714285714,0.142857142857143,0,0.142857142857143,0.142857142857143,0,0,0,0,0,0,0,0,0,0,0,0,0,NA,0.333333333333333,0,NA,NA,NA,NA,NA,NA,0,0,0.333333333333333,0.666666666666667,0,0.333333333333333,0.5,NA,0.166666666666667,0.833333333333333,NA,NA,NA,NA,NA,NA,0,0,1,4,0,1,3,0,1,5,0,0,0,0,0,0,3,3,2,2,6,2,3,0,3,1,0,0,0,0,0,0,0,0,0,0,0,0,0,0,0,0,0,0,0,0,0,0,0,0,0,0,0,0,0,0,2,0,0,0,0,0,0,0,0,0,0.333333333333333,0.666666666666667,0,0.333333333333333,0.5,NA,0.166666666666667,0.833333333333333,NA,NA,NA,NA,NA,NA,1,1,0.666666666666667,0.333333333333333,1,0.666666666666667,0.5,NA,0.5,0.166666666666667,NA,NA,NA,NA,NA,NA,0,0,0,0,0,0,0,NA,0,0,NA,NA,NA,NA,NA,NA,0,0,0,0,0,0,0,NA,0.333333333333333,0,NA,NA,NA,NA,NA,NA
"704",6,3,6,0,3,6,0,0,3,3,0,0,6,0,0,0,0,0,0,0,0,1,0,0,0,1,0,0,1,0,0,0,2,0,3,0,0,1,0,0,0,1,0,0,3,0,0,0,0.166666666666667,0.0833333333333333,0.166666666666667,0,0.0833333333333333,0.166666666666667,0,0,0.0833333333333333,0.0833333333333333,0,0,0.166666666666667,0,0,0,0,0,0,NA,0,0.166666666666667,NA,NA,0,0.333333333333333,NA,NA,0.166666666666667,NA,NA,NA,0.333333333333333,0,0.5,NA,0,0.166666666666667,NA,NA,0,0.333333333333333,NA,NA,0.5,NA,NA,NA,2,0,3,0,0,1,0,0,0,1,0,0,3,0,0,0,4,3,3,0,3,4,0,0,3,1,0,0,2,0,0,0,0,0,0,0,0,0,0,0,0,0,0,0,0,0,0,0,0,0,0,0,0,1,0,0,0,1,0,0,1,0,0,0,0.333333333333333,0,0.5,NA,0,0.166666666666667,NA,NA,0,0.333333333333333,NA,NA,0.5,NA,NA,NA,0.666666666666667,1,0.5,NA,1,0.666666666666667,NA,NA,1,0.333333333333333,NA,NA,0.333333333333333,NA,NA,NA,0,0,0,NA,0,0,NA,NA,0,0,NA,NA,0,NA,NA,NA,0,0,0,NA,0,0.166666666666667,NA,NA,0,0.333333333333333,NA,NA,0.166666666666667,NA,NA,NA
"705",3,3,3,3,6,6,6,6,0,0,0,0,0,0,0,0,0,0,0,0,2,2,0,1,0,0,0,0,0,0,0,0,0,0,1,1,1,2,5,6,0,0,0,0,0,0,0,0,0.0833333333333333,0.0833333333333333,0.0833333333333333,0.0833333333333333,0.166666666666667,0.166666666666667,0.166666666666667,0.166666666666667,0,0,0,0,0,0,0,0,0,0,0,0,0.333333333333333,0.333333333333333,0,0.166666666666667,NA,NA,NA,NA,NA,NA,NA,NA,0,0,0.333333333333333,0.333333333333333,0.166666666666667,0.333333333333333,0.833333333333333,1,NA,NA,NA,NA,NA,NA,NA,NA,0,0,1,1,1,2,5,5,0,0,0,0,0,0,0,0,3,3,2,2,3,2,1,0,0,0,0,0,0,0,0,0,0,0,0,0,0,0,0,1,0,0,0,0,0,0,0,0,0,0,0,0,2,2,0,0,0,0,0,0,0,0,0,0,0,0,0.333333333333333,0.333333333333333,0.166666666666667,0.333333333333333,0.833333333333333,0.833333333333333,NA,NA,NA,NA,NA,NA,NA,NA,1,1,0.666666666666667,0.666666666666667,0.5,0.333333333333333,0.166666666666667,0,NA,NA,NA,NA,NA,NA,NA,NA,0,0,0,0,0,0,0,0.166666666666667,NA,NA,NA,NA,NA,NA,NA,NA,0,0,0,0,0.333333333333333,0.333333333333333,0,0,NA,NA,NA,NA,NA,NA,NA,NA
"706",3,3,3,6,0,3,6,6,3,6,3,0,3,3,0,0,0,0,0,0,0,0,1,2,0,0,1,0,0,2,0,0,0,0,1,0,0,1,2,4,0,3,3,0,1,2,0,0,0.0625,0.0625,0.0625,0.125,0,0.0625,0.125,0.125,0.0625,0.125,0.0625,0,0.0625,0.0625,0,0,0,0,0,0,NA,0,0.166666666666667,0.333333333333333,0,0,0.333333333333333,NA,0,0.666666666666667,NA,NA,0,0,0.333333333333333,0,NA,0.333333333333333,0.333333333333333,0.666666666666667,0,0.5,1,NA,0.333333333333333,0.666666666666667,NA,NA,0,0,1,0,0,1,2,2,0,3,2,0,1,1,0,0,3,3,2,6,0,2,3,2,3,3,0,0,2,0,0,0,0,0,0,0,0,0,0,2,0,0,1,0,0,1,0,0,0,0,0,0,0,0,1,0,0,0,0,0,0,1,0,0,0,0,0.333333333333333,0,NA,0.333333333333333,0.333333333333333,0.333333333333333,0,0.5,0.666666666666667,NA,0.333333333333333,0.333333333333333,NA,NA,1,1,0.666666666666667,1,NA,0.666666666666667,0.5,0.333333333333333,1,0.5,0,NA,0.666666666666667,0,NA,NA,0,0,0,0,NA,0,0,0.333333333333333,0,0,0.333333333333333,NA,0,0.333333333333333,NA,NA,0,0,0,0,NA,0,0.166666666666667,0,0,0,0,NA,0,0.333333333333333,NA,NA
"707",3,3,6,6,0,3,6,3,3,6,0,0,6,0,0,0,0,0,0,1,0,0,3,1,0,1,0,0,0,0,0,0,0,0,1,0,0,0,5,2,1,4,0,0,1,0,0,0,0.0666666666666667,0.0666666666666667,0.133333333333333,0.133333333333333,0,0.0666666666666667,0.133333333333333,0.0666666666666667,0.0666666666666667,0.133333333333333,0,0,0.133333333333333,0,0,0,0,0,0,0.166666666666667,NA,0,0.5,0.333333333333333,0,0.166666666666667,NA,NA,0,NA,NA,NA,0,0,0.166666666666667,0,NA,0,0.833333333333333,0.666666666666667,0.333333333333333,0.666666666666667,NA,NA,0.166666666666667,NA,NA,NA,0,0,1,0,0,0,3,1,1,3,0,0,1,0,0,0,3,3,5,5,0,3,0,1,2,2,0,0,5,0,0,0,0,0,0,0,0,0,2,1,0,1,0,0,0,0,0,0,0,0,0,1,0,0,1,0,0,0,0,0,0,0,0,0,0,0,0.166666666666667,0,NA,0,0.5,0.333333333333333,0.333333333333333,0.5,NA,NA,0.166666666666667,NA,NA,NA,1,1,0.833333333333333,0.833333333333333,NA,1,0,0.333333333333333,0.666666666666667,0.333333333333333,NA,NA,0.833333333333333,NA,NA,NA,0,0,0,0,NA,0,0.333333333333333,0.333333333333333,0,0.166666666666667,NA,NA,0,NA,NA,NA,0,0,0,0.166666666666667,NA,0,0.166666666666667,0,0,0,NA,NA,0,NA,NA,NA
"708",3,3,6,0,0,3,0,0,6,6,0,0,3,0,0,0,0,0,0,0,0,0,0,0,1,1,0,0,2,0,0,0,0,0,3,0,0,1,0,0,1,3,0,0,2,0,0,0,0.1,0.1,0.2,0,0,0.1,0,0,0.2,0.2,0,0,0.1,0,0,0,0,0,0,NA,NA,0,NA,NA,0.166666666666667,0.166666666666667,NA,NA,0.666666666666667,NA,NA,NA,0,0,0.5,NA,NA,0.333333333333333,NA,NA,0.166666666666667,0.5,NA,NA,0.666666666666667,NA,NA,NA,0,0,3,0,0,1,0,0,0,3,0,0,0,0,0,0,3,3,3,0,0,2,0,0,5,2,0,0,1,0,0,0,0,0,0,0,0,0,0,0,1,0,0,0,2,0,0,0,0,0,0,0,0,0,0,0,0,1,0,0,0,0,0,0,0,0,0.5,NA,NA,0.333333333333333,NA,NA,0,0.5,NA,NA,0,NA,NA,NA,1,1,0.5,NA,NA,0.666666666666667,NA,NA,0.833333333333333,0.333333333333333,NA,NA,0.333333333333333,NA,NA,NA,0,0,0,NA,NA,0,NA,NA,0.166666666666667,0,NA,NA,0.666666666666667,NA,NA,NA,0,0,0,NA,NA,0,NA,NA,0,0.166666666666667,NA,NA,0,NA,NA,NA
"709",3,3,6,0,6,6,0,0,6,6,0,0,0,0,0,0,0,0,0,0,2,1,0,0,3,1,0,0,0,0,0,0,0,1,3,0,2,1,0,0,1,4,0,0,0,0,0,0,0.0833333333333333,0.0833333333333333,0.166666666666667,0,0.166666666666667,0.166666666666667,0,0,0.166666666666667,0.166666666666667,0,0,0,0,0,0,0,0,0,NA,0.333333333333333,0.166666666666667,NA,NA,0.5,0.166666666666667,NA,NA,NA,NA,NA,NA,0,0.333333333333333,0.5,NA,0.333333333333333,0.166666666666667,NA,NA,0.166666666666667,0.666666666666667,NA,NA,NA,NA,NA,NA,0,1,3,0,1,1,0,0,0,3,0,0,0,0,0,0,3,2,3,0,3,4,0,0,3,2,0,0,0,0,0,0,0,0,0,0,1,0,0,0,1,1,0,0,0,0,0,0,0,0,0,0,1,1,0,0,2,0,0,0,0,0,0,0,0,0.333333333333333,0.5,NA,0.166666666666667,0.166666666666667,NA,NA,0,0.5,NA,NA,NA,NA,NA,NA,1,0.666666666666667,0.5,NA,0.5,0.666666666666667,NA,NA,0.5,0.333333333333333,NA,NA,NA,NA,NA,NA,0,0,0,NA,0.166666666666667,0,NA,NA,0.166666666666667,0.166666666666667,NA,NA,NA,NA,NA,NA,0,0,0,NA,0.166666666666667,0.166666666666667,NA,NA,0.333333333333333,0,NA,NA,NA,NA,NA,NA
"710",3,3,6,6,0,6,6,0,6,6,0,0,6,0,0,0,0,0,0,1,0,1,0,0,0,0,0,0,1,0,0,0,0,0,2,4,0,2,4,0,1,6,0,0,2,0,0,0,0.0625,0.0625,0.125,0.125,0,0.125,0.125,0,0.125,0.125,0,0,0.125,0,0,0,0,0,0,0.166666666666667,NA,0.166666666666667,0,NA,0,0,NA,NA,0.166666666666667,NA,NA,NA,0,0,0.333333333333333,0.666666666666667,NA,0.333333333333333,0.666666666666667,NA,0.166666666666667,1,NA,NA,0.333333333333333,NA,NA,NA,0,0,2,4,0,2,4,0,1,6,0,0,2,0,0,0,3,3,4,1,0,3,2,0,5,0,0,0,3,0,0,0,0,0,0,0,0,0,0,0,0,0,0,0,0,0,0,0,0,0,0,1,0,1,0,0,0,0,0,0,1,0,0,0,0,0,0.333333333333333,0.666666666666667,NA,0.333333333333333,0.666666666666667,NA,0.166666666666667,1,NA,NA,0.333333333333333,NA,NA,NA,1,1,0.666666666666667,0.166666666666667,NA,0.5,0.333333333333333,NA,0.833333333333333,0,NA,NA,0.5,NA,NA,NA,0,0,0,0,NA,0,0,NA,0,0,NA,NA,0,NA,NA,NA,0,0,0,0.166666666666667,NA,0.166666666666667,0,NA,0,0,NA,NA,0.166666666666667,NA,NA,NA
"711",3,3,6,6,0,3,6,0,6,6,0,0,6,0,0,0,0,0,1,0,0,0,1,0,1,1,0,0,0,0,0,0,0,1,2,4,0,1,3,0,2,6,0,0,1,0,0,0,0.0666666666666667,0.0666666666666667,0.133333333333333,0.133333333333333,0,0.0666666666666667,0.133333333333333,0,0.133333333333333,0.133333333333333,0,0,0.133333333333333,0,0,0,0,0,0.166666666666667,0,NA,0,0.166666666666667,NA,0.166666666666667,0.166666666666667,NA,NA,0,NA,NA,NA,0,0.333333333333333,0.333333333333333,0.666666666666667,NA,0.333333333333333,0.5,NA,0.333333333333333,1,NA,NA,0.166666666666667,NA,NA,NA,0,1,2,4,0,1,3,0,2,5,0,0,1,0,0,0,3,2,3,2,0,2,2,0,3,0,0,0,5,0,0,0,0,0,0,0,0,0,0,0,0,1,0,0,0,0,0,0,0,0,1,0,0,0,1,0,1,0,0,0,0,0,0,0,0,0.333333333333333,0.333333333333333,0.666666666666667,NA,0.333333333333333,0.5,NA,0.333333333333333,0.833333333333333,NA,NA,0.166666666666667,NA,NA,NA,1,0.666666666666667,0.5,0.333333333333333,NA,0.666666666666667,0.333333333333333,NA,0.5,0,NA,NA,0.833333333333333,NA,NA,NA,0,0,0,0,NA,0,0,NA,0,0.166666666666667,NA,NA,0,NA,NA,NA,0,0,0.166666666666667,0,NA,0,0.166666666666667,NA,0.166666666666667,0,NA,NA,0,NA,NA,NA
"712",6,6,0,0,3,0,0,0,3,0,0,0,6,0,0,0,0,1,0,0,0,0,0,0,0,0,0,0,0,0,0,0,0,3,0,0,0,0,0,0,1,0,0,0,3,0,0,0,0.25,0.25,0,0,0.125,0,0,0,0.125,0,0,0,0.25,0,0,0,0,0.166666666666667,NA,NA,0,NA,NA,NA,0,NA,NA,NA,0,NA,NA,NA,0,0.5,NA,NA,0,NA,NA,NA,0.333333333333333,NA,NA,NA,0.5,NA,NA,NA,0,3,0,0,0,0,0,0,1,0,0,0,3,0,0,0,6,2,0,0,3,0,0,0,2,0,0,0,3,0,0,0,0,0,0,0,0,0,0,0,0,0,0,0,0,0,0,0,0,1,0,0,0,0,0,0,0,0,0,0,0,0,0,0,0,0.5,NA,NA,0,NA,NA,NA,0.333333333333333,NA,NA,NA,0.5,NA,NA,NA,1,0.333333333333333,NA,NA,1,NA,NA,NA,0.666666666666667,NA,NA,NA,0.5,NA,NA,NA,0,0,NA,NA,0,NA,NA,NA,0,NA,NA,NA,0,NA,NA,NA,0,0.166666666666667,NA,NA,0,NA,NA,NA,0,NA,NA,NA,0,NA,NA,NA
"713",3,3,6,0,0,3,0,0,6,6,0,0,6,0,0,0,0,0,0,0,0,0,0,0,0,0,0,0,2,0,0,0,0,0,3,0,0,0,0,0,2,4,0,0,1,0,0,0,0.0909090909090909,0.0909090909090909,0.181818181818182,0,0,0.0909090909090909,0,0,0.181818181818182,0.181818181818182,0,0,0.181818181818182,0,0,0,0,0,0,NA,NA,0,NA,NA,0,0,NA,NA,0.333333333333333,NA,NA,NA,0,0,0.5,NA,NA,0,NA,NA,0.333333333333333,0.666666666666667,NA,NA,0.166666666666667,NA,NA,NA,0,0,3,0,0,0,0,0,2,4,0,0,1,0,0,0,3,3,3,0,0,3,0,0,4,2,0,0,3,0,0,0,0,0,0,0,0,0,0,0,0,0,0,0,0,0,0,0,0,0,0,0,0,0,0,0,0,0,0,0,2,0,0,0,0,0,0.5,NA,NA,0,NA,NA,0.333333333333333,0.666666666666667,NA,NA,0.166666666666667,NA,NA,NA,1,1,0.5,NA,NA,1,NA,NA,0.666666666666667,0.333333333333333,NA,NA,0.5,NA,NA,NA,0,0,0,NA,NA,0,NA,NA,0,0,NA,NA,0,NA,NA,NA,0,0,0,NA,NA,0,NA,NA,0,0,NA,NA,0.333333333333333,NA,NA,NA
"714",3,3,6,0,6,6,0,0,6,0,0,0,3,0,0,0,0,0,0,0,0,2,0,0,1,0,0,0,1,0,0,0,0,1,4,0,1,0,0,0,1,0,0,0,0,0,0,0,0.0909090909090909,0.0909090909090909,0.181818181818182,0,0.181818181818182,0.181818181818182,0,0,0.181818181818182,0,0,0,0.0909090909090909,0,0,0,0,0,0,NA,0,0.333333333333333,NA,NA,0.166666666666667,NA,NA,NA,0.333333333333333,NA,NA,NA,0,0.333333333333333,0.666666666666667,NA,0.166666666666667,0,NA,NA,0.166666666666667,NA,NA,NA,0,NA,NA,NA,0,1,4,0,1,0,0,0,1,0,0,0,0,0,0,0,3,2,2,0,5,4,0,0,4,0,0,0,2,0,0,0,0,0,0,0,0,0,0,0,0,0,0,0,0,0,0,0,0,0,0,0,0,2,0,0,1,0,0,0,1,0,0,0,0,0.333333333333333,0.666666666666667,NA,0.166666666666667,0,NA,NA,0.166666666666667,NA,NA,NA,0,NA,NA,NA,1,0.666666666666667,0.333333333333333,NA,0.833333333333333,0.666666666666667,NA,NA,0.666666666666667,NA,NA,NA,0.666666666666667,NA,NA,NA,0,0,0,NA,0,0,NA,NA,0,NA,NA,NA,0,NA,NA,NA,0,0,0,NA,0,0.333333333333333,NA,NA,0.166666666666667,NA,NA,NA,0.333333333333333,NA,NA,NA
"715",3,3,3,6,0,6,6,0,3,6,3,0,3,6,0,0,0,0,0,0,0,0,1,0,0,1,1,0,1,1,0,0,1,1,0,3,0,1,3,0,0,2,2,0,2,5,0,0,0.0625,0.0625,0.0625,0.125,0,0.125,0.125,0,0.0625,0.125,0.0625,0,0.0625,0.125,0,0,0,0,0,0,NA,0,0.166666666666667,NA,0,0.166666666666667,0.333333333333333,NA,0.333333333333333,0.166666666666667,NA,NA,0.333333333333333,0.333333333333333,0,0.5,NA,0.166666666666667,0.5,NA,0,0.333333333333333,0.666666666666667,NA,0.666666666666667,0.833333333333333,NA,NA,1,1,0,3,0,1,2,0,0,1,2,0,1,4,0,0,2,2,3,3,0,5,3,0,3,4,0,0,1,1,0,0,0,0,0,0,0,0,1,0,0,1,0,0,1,1,0,0,0,0,0,0,0,0,0,0,0,0,1,0,0,0,0,0,0.333333333333333,0.333333333333333,0,0.5,NA,0.166666666666667,0.333333333333333,NA,0,0.166666666666667,0.666666666666667,NA,0.333333333333333,0.666666666666667,NA,NA,0.666666666666667,0.666666666666667,1,0.5,NA,0.833333333333333,0.5,NA,1,0.666666666666667,0,NA,0.333333333333333,0.166666666666667,NA,NA,0,0,0,0,NA,0,0.166666666666667,NA,0,0.166666666666667,0,NA,0.333333333333333,0.166666666666667,NA,NA,0,0,0,0,NA,0,0,NA,0,0,0.333333333333333,NA,0,0,NA,NA
"716",3,6,6,6,6,0,0,3,6,0,0,0,3,0,0,0,0,0,1,1,0,0,0,3,2,0,0,0,1,0,0,0,0,2,1,1,1,0,0,1,1,0,0,0,0,0,0,0,0.0769230769230769,0.153846153846154,0.153846153846154,0.153846153846154,0.153846153846154,0,0,0.0769230769230769,0.153846153846154,0,0,0,0.0769230769230769,0,0,0,0,0,0.166666666666667,0.166666666666667,0,NA,NA,1,0.333333333333333,NA,NA,NA,0.333333333333333,NA,NA,NA,0,0.333333333333333,0.166666666666667,0.166666666666667,0.166666666666667,NA,NA,0.333333333333333,0.166666666666667,NA,NA,NA,0,NA,NA,NA,0,2,1,0,1,0,0,0,0,0,0,0,0,0,0,0,3,4,4,5,5,0,0,0,4,0,0,0,2,0,0,0,0,0,0,1,0,0,0,1,1,0,0,0,0,0,0,0,0,0,1,0,0,0,0,2,1,0,0,0,1,0,0,0,0,0.333333333333333,0.166666666666667,0,0.166666666666667,NA,NA,0,0,NA,NA,NA,0,NA,NA,NA,1,0.666666666666667,0.666666666666667,0.833333333333333,0.833333333333333,NA,NA,0,0.666666666666667,NA,NA,NA,0.666666666666667,NA,NA,NA,0,0,0,0.166666666666667,0,NA,NA,0.333333333333333,0.166666666666667,NA,NA,NA,0,NA,NA,NA,0,0,0.166666666666667,0,0,NA,NA,0.666666666666667,0.166666666666667,NA,NA,NA,0.333333333333333,NA,NA,NA
"717",3,3,3,6,3,3,6,6,6,6,0,0,0,3,0,0,0,0,0,1,0,0,0,3,1,1,0,0,0,1,0,0,0,0,0,1,0,0,3,4,3,2,0,0,0,2,0,0,0.0625,0.0625,0.0625,0.125,0.0625,0.0625,0.125,0.125,0.125,0.125,0,0,0,0.0625,0,0,0,0,0,0.166666666666667,0,0,0,0.5,0.166666666666667,0.166666666666667,NA,NA,NA,0.333333333333333,NA,NA,0,0,0,0.166666666666667,0,0,0.5,0.666666666666667,0.5,0.333333333333333,NA,NA,NA,0.666666666666667,NA,NA,0,0,0,1,0,0,3,2,3,2,0,0,0,2,0,0,3,3,3,4,3,3,3,1,2,3,0,0,0,0,0,0,0,0,0,0,0,0,0,2,0,0,0,0,0,0,0,0,0,0,0,1,0,0,0,1,1,1,0,0,0,1,0,0,0,0,0,0.166666666666667,0,0,0.5,0.333333333333333,0.5,0.333333333333333,NA,NA,NA,0.666666666666667,NA,NA,1,1,1,0.666666666666667,1,1,0.5,0.166666666666667,0.333333333333333,0.5,NA,NA,NA,0,NA,NA,0,0,0,0,0,0,0,0.333333333333333,0,0,NA,NA,NA,0,NA,NA,0,0,0,0.166666666666667,0,0,0,0.166666666666667,0.166666666666667,0.166666666666667,NA,NA,NA,0.333333333333333,NA,NA
"718",3,3,3,6,0,0,3,0,6,6,6,0,6,3,0,0,0,0,0,0,0,0,0,0,0,1,1,0,1,2,0,0,0,0,0,4,0,0,1,0,1,3,3,0,5,3,0,0,0.0666666666666667,0.0666666666666667,0.0666666666666667,0.133333333333333,0,0,0.0666666666666667,0,0.133333333333333,0.133333333333333,0.133333333333333,0,0.133333333333333,0.0666666666666667,0,0,0,0,0,0,NA,NA,0,NA,0,0.166666666666667,0.166666666666667,NA,0.166666666666667,0.666666666666667,NA,NA,0,0,0,0.666666666666667,NA,NA,0.333333333333333,NA,0.166666666666667,0.5,0.5,NA,0.833333333333333,1,NA,NA,0,0,0,4,0,0,1,0,1,2,3,0,5,1,0,0,3,3,3,2,0,0,2,0,5,3,2,0,0,0,0,0,0,0,0,0,0,0,0,0,0,1,0,0,0,2,0,0,0,0,0,0,0,0,0,0,0,0,1,0,1,0,0,0,0,0,0,0.666666666666667,NA,NA,0.333333333333333,NA,0.166666666666667,0.333333333333333,0.5,NA,0.833333333333333,0.333333333333333,NA,NA,1,1,1,0.333333333333333,NA,NA,0.666666666666667,NA,0.833333333333333,0.5,0.333333333333333,NA,0,0,NA,NA,0,0,0,0,NA,NA,0,NA,0,0.166666666666667,0,NA,0,0.666666666666667,NA,NA,0,0,0,0,NA,NA,0,NA,0,0,0.166666666666667,NA,0.166666666666667,0,NA,NA
"719",3,3,3,6,0,3,6,6,6,6,0,0,6,0,0,0,0,0,0,0,0,0,1,4,0,1,0,0,2,0,0,0,0,0,1,1,0,0,3,3,1,4,0,0,0,0,0,0,0.0625,0.0625,0.0625,0.125,0,0.0625,0.125,0.125,0.125,0.125,0,0,0.125,0,0,0,0,0,0,0,NA,0,0.166666666666667,0.666666666666667,0,0.166666666666667,NA,NA,0.333333333333333,NA,NA,NA,0,0,0.333333333333333,0.166666666666667,NA,0,0.5,0.5,0.166666666666667,0.666666666666667,NA,NA,0,NA,NA,NA,0,0,1,1,0,0,3,1,1,4,0,0,0,0,0,0,3,3,2,5,0,3,2,1,5,1,0,0,4,0,0,0,0,0,0,0,0,0,0,2,0,0,0,0,0,0,0,0,0,0,0,0,0,0,1,2,0,1,0,0,2,0,0,0,0,0,0.333333333333333,0.166666666666667,NA,0,0.5,0.166666666666667,0.166666666666667,0.666666666666667,NA,NA,0,NA,NA,NA,1,1,0.666666666666667,0.833333333333333,NA,1,0.333333333333333,0.166666666666667,0.833333333333333,0.166666666666667,NA,NA,0.666666666666667,NA,NA,NA,0,0,0,0,NA,0,0,0.333333333333333,0,0,NA,NA,0,NA,NA,NA,0,0,0,0,NA,0,0.166666666666667,0.333333333333333,0,0.166666666666667,NA,NA,0.333333333333333,NA,NA,NA
"720",3,3,3,6,6,3,6,0,6,6,0,0,3,0,0,0,0,0,0,0,0,0,2,0,1,0,0,0,1,0,0,0,0,1,1,3,2,0,3,0,2,4,0,0,3,0,0,0,0.0666666666666667,0.0666666666666667,0.0666666666666667,0.133333333333333,0.133333333333333,0.0666666666666667,0.133333333333333,0,0.133333333333333,0.133333333333333,0,0,0.0666666666666667,0,0,0,0,0,0,0,0,0,0.333333333333333,NA,0.166666666666667,0,NA,NA,0.333333333333333,NA,NA,NA,0,0.333333333333333,0.333333333333333,0.5,0.333333333333333,0,0.5,NA,0.333333333333333,0.666666666666667,NA,NA,1,NA,NA,NA,0,1,1,3,2,0,2,0,2,4,0,0,2,0,0,0,3,2,2,3,4,3,2,0,3,2,0,0,0,0,0,0,0,0,0,0,0,0,1,0,0,0,0,0,1,0,0,0,0,0,0,0,0,0,1,0,1,0,0,0,0,0,0,0,0,0.333333333333333,0.333333333333333,0.5,0.333333333333333,0,0.333333333333333,NA,0.333333333333333,0.666666666666667,NA,NA,0.666666666666667,NA,NA,NA,1,0.666666666666667,0.666666666666667,0.5,0.666666666666667,1,0.333333333333333,NA,0.5,0.333333333333333,NA,NA,0,NA,NA,NA,0,0,0,0,0,0,0.166666666666667,NA,0,0,NA,NA,0.333333333333333,NA,NA,NA,0,0,0,0,0,0,0.166666666666667,NA,0.166666666666667,0,NA,NA,0,NA,NA,NA
"721",3,6,3,0,6,0,0,0,6,0,0,0,3,0,0,0,0,1,1,0,1,0,0,0,1,0,0,0,1,0,0,0,0,2,0,0,0,0,0,0,2,0,0,0,0,0,0,0,0.111111111111111,0.222222222222222,0.111111111111111,0,0.222222222222222,0,0,0,0.222222222222222,0,0,0,0.111111111111111,0,0,0,0,0.166666666666667,0.333333333333333,NA,0.166666666666667,NA,NA,NA,0.166666666666667,NA,NA,NA,0.333333333333333,NA,NA,NA,0,0.333333333333333,0,NA,0,NA,NA,NA,0.333333333333333,NA,NA,NA,0,NA,NA,NA,0,2,0,0,0,0,0,0,2,0,0,0,0,0,0,0,3,3,2,0,5,0,0,0,3,0,0,0,2,0,0,0,0,0,0,0,0,0,0,0,0,0,0,0,0,0,0,0,0,1,1,0,1,0,0,0,1,0,0,0,1,0,0,0,0,0.333333333333333,0,NA,0,NA,NA,NA,0.333333333333333,NA,NA,NA,0,NA,NA,NA,1,0.5,0.666666666666667,NA,0.833333333333333,NA,NA,NA,0.5,NA,NA,NA,0.666666666666667,NA,NA,NA,0,0,0,NA,0,NA,NA,NA,0,NA,NA,NA,0,NA,NA,NA,0,0.166666666666667,0.333333333333333,NA,0.166666666666667,NA,NA,NA,0.166666666666667,NA,NA,NA,0.333333333333333,NA,NA,NA
"722",3,6,6,6,6,6,6,0,6,0,0,0,0,0,0,0,0,1,1,0,0,1,1,0,2,0,0,0,0,0,0,0,0,0,2,3,1,3,3,0,2,0,0,0,0,0,0,0,0.0666666666666667,0.133333333333333,0.133333333333333,0.133333333333333,0.133333333333333,0.133333333333333,0.133333333333333,0,0.133333333333333,0,0,0,0,0,0,0,0,0.166666666666667,0.166666666666667,0,0,0.166666666666667,0.166666666666667,NA,0.333333333333333,NA,NA,NA,NA,NA,NA,NA,0,0,0.333333333333333,0.5,0.166666666666667,0.5,0.5,NA,0.333333333333333,NA,NA,NA,NA,NA,NA,NA,0,0,2,3,1,3,3,0,2,0,0,0,0,0,0,0,3,5,3,3,5,2,2,0,2,0,0,0,0,0,0,0,0,0,0,0,0,0,0,0,0,0,0,0,0,0,0,0,0,1,1,0,0,1,1,0,2,0,0,0,0,0,0,0,0,0,0.333333333333333,0.5,0.166666666666667,0.5,0.5,NA,0.333333333333333,NA,NA,NA,NA,NA,NA,NA,1,0.833333333333333,0.5,0.5,0.833333333333333,0.333333333333333,0.333333333333333,NA,0.333333333333333,NA,NA,NA,NA,NA,NA,NA,0,0,0,0,0,0,0,NA,0,NA,NA,NA,NA,NA,NA,NA,0,0.166666666666667,0.166666666666667,0,0,0.166666666666667,0.166666666666667,NA,0.333333333333333,NA,NA,NA,NA,NA,NA,NA
"723",6,3,3,6,0,3,6,6,0,6,6,3,0,0,0,0,1,0,0,1,0,0,1,2,0,2,1,3,0,0,0,0,0,1,0,2,0,1,2,3,0,2,5,3,0,0,0,0,0.125,0.0625,0.0625,0.125,0,0.0625,0.125,0.125,0,0.125,0.125,0.0625,0,0,0,0,0.166666666666667,0,0,0.166666666666667,NA,0,0.166666666666667,0.333333333333333,NA,0.333333333333333,0.166666666666667,1,NA,NA,NA,NA,0,0.333333333333333,0,0.333333333333333,NA,0.333333333333333,0.333333333333333,0.5,NA,0.333333333333333,0.833333333333333,1,NA,NA,NA,NA,0,1,0,2,0,1,2,1,0,1,5,0,0,0,0,0,5,2,3,3,0,2,3,3,0,3,0,0,0,0,0,0,0,0,0,0,0,0,0,2,0,1,0,3,0,0,0,0,1,0,0,1,0,0,1,0,0,1,1,0,0,0,0,0,0,0.333333333333333,0,0.333333333333333,NA,0.333333333333333,0.333333333333333,0.166666666666667,NA,0.166666666666667,0.833333333333333,0,NA,NA,NA,NA,0.833333333333333,0.666666666666667,1,0.5,NA,0.666666666666667,0.5,0.5,NA,0.5,0,0,NA,NA,NA,NA,0,0,0,0,NA,0,0,0.333333333333333,NA,0.166666666666667,0,1,NA,NA,NA,NA,0.166666666666667,0,0,0.166666666666667,NA,0,0.166666666666667,0,NA,0.166666666666667,0.166666666666667,0,NA,NA,NA,NA
"724",3,3,6,6,6,3,6,0,6,6,0,0,0,3,0,0,0,0,0,1,0,0,0,0,2,0,0,0,0,2,0,0,0,0,2,3,2,0,4,0,2,3,0,0,0,3,0,0,0.0625,0.0625,0.125,0.125,0.125,0.0625,0.125,0,0.125,0.125,0,0,0,0.0625,0,0,0,0,0,0.166666666666667,0,0,0,NA,0.333333333333333,0,NA,NA,NA,0.666666666666667,NA,NA,0,0,0.333333333333333,0.5,0.333333333333333,0,0.666666666666667,NA,0.333333333333333,0.5,NA,NA,NA,1,NA,NA,0,0,2,2,2,0,4,0,1,3,0,0,0,1,0,0,3,3,4,3,4,3,2,0,3,3,0,0,0,0,0,0,0,0,0,1,0,0,0,0,1,0,0,0,0,2,0,0,0,0,0,0,0,0,0,0,1,0,0,0,0,0,0,0,0,0,0.333333333333333,0.333333333333333,0.333333333333333,0,0.666666666666667,NA,0.166666666666667,0.5,NA,NA,NA,0.333333333333333,NA,NA,1,1,0.666666666666667,0.5,0.666666666666667,1,0.333333333333333,NA,0.5,0.5,NA,NA,NA,0,NA,NA,0,0,0,0.166666666666667,0,0,0,NA,0.166666666666667,0,NA,NA,NA,0.666666666666667,NA,NA,0,0,0,0,0,0,0,NA,0.166666666666667,0,NA,NA,NA,0,NA,NA
"725",3,3,6,0,3,6,0,0,3,6,0,0,6,3,0,0,0,0,1,0,0,0,0,0,0,2,0,0,0,2,0,0,0,1,3,0,1,2,0,0,1,2,0,0,3,3,0,0,0.0769230769230769,0.0769230769230769,0.153846153846154,0,0.0769230769230769,0.153846153846154,0,0,0.0769230769230769,0.153846153846154,0,0,0.153846153846154,0.0769230769230769,0,0,0,0,0.166666666666667,NA,0,0,NA,NA,0,0.333333333333333,NA,NA,0,0.666666666666667,NA,NA,0,0.333333333333333,0.5,NA,0.333333333333333,0.333333333333333,NA,NA,0.333333333333333,0.333333333333333,NA,NA,0.5,1,NA,NA,0,1,2,0,1,2,0,0,1,1,0,0,3,1,0,0,3,2,3,0,2,4,0,0,2,3,0,0,3,0,0,0,0,0,1,0,0,0,0,0,0,1,0,0,0,2,0,0,0,0,0,0,0,0,0,0,0,1,0,0,0,0,0,0,0,0.333333333333333,0.333333333333333,NA,0.333333333333333,0.333333333333333,NA,NA,0.333333333333333,0.166666666666667,NA,NA,0.5,0.333333333333333,NA,NA,1,0.666666666666667,0.5,NA,0.666666666666667,0.666666666666667,NA,NA,0.666666666666667,0.5,NA,NA,0.5,0,NA,NA,0,0,0.166666666666667,NA,0,0,NA,NA,0,0.166666666666667,NA,NA,0,0.666666666666667,NA,NA,0,0,0,NA,0,0,NA,NA,0,0.166666666666667,NA,NA,0,0,NA,NA
"726",6,6,6,6,6,6,6,0,6,0,0,0,0,0,0,0,0,1,0,1,0,3,0,0,1,0,0,0,0,0,0,0,1,0,1,3,2,1,5,0,1,0,0,0,0,0,0,0,0.125,0.125,0.125,0.125,0.125,0.125,0.125,0,0.125,0,0,0,0,0,0,0,0,0.166666666666667,0,0.166666666666667,0,0.5,0,NA,0.166666666666667,NA,NA,NA,NA,NA,NA,NA,0.166666666666667,0,0.166666666666667,0.5,0.333333333333333,0.166666666666667,0.833333333333333,NA,0.166666666666667,NA,NA,NA,NA,NA,NA,NA,1,0,1,3,2,0,5,0,1,0,0,0,0,0,0,0,5,5,5,2,4,3,1,0,4,0,0,0,0,0,0,0,0,0,0,0,0,1,0,0,0,0,0,0,0,0,0,0,0,1,0,1,0,2,0,0,1,0,0,0,0,0,0,0,0.166666666666667,0,0.166666666666667,0.5,0.333333333333333,0,0.833333333333333,NA,0.166666666666667,NA,NA,NA,NA,NA,NA,NA,0.833333333333333,0.833333333333333,0.833333333333333,0.333333333333333,0.666666666666667,0.5,0.166666666666667,NA,0.666666666666667,NA,NA,NA,NA,NA,NA,NA,0,0,0,0,0,0.166666666666667,0,NA,0,NA,NA,NA,NA,NA,NA,NA,0,0.166666666666667,0,0.166666666666667,0,0.333333333333333,0,NA,0.166666666666667,NA,NA,NA,NA,NA,NA,NA
"727",6,3,6,0,0,3,0,0,6,6,0,0,6,0,0,0,1,0,0,0,0,0,0,0,0,0,0,0,1,0,0,0,0,0,3,0,0,0,0,0,2,4,0,0,4,0,0,0,0.166666666666667,0.0833333333333333,0.166666666666667,0,0,0.0833333333333333,0,0,0.166666666666667,0.166666666666667,0,0,0.166666666666667,0,0,0,0.166666666666667,0,0,NA,NA,0,NA,NA,0,0,NA,NA,0.166666666666667,NA,NA,NA,0,0,0.5,NA,NA,0,NA,NA,0.333333333333333,0.666666666666667,NA,NA,0.666666666666667,NA,NA,NA,0,0,3,0,0,0,0,0,2,4,0,0,3,0,0,0,5,3,3,0,0,3,0,0,4,2,0,0,2,0,0,0,0,0,0,0,0,0,0,0,0,0,0,0,1,0,0,0,1,0,0,0,0,0,0,0,0,0,0,0,0,0,0,0,0,0,0.5,NA,NA,0,NA,NA,0.333333333333333,0.666666666666667,NA,NA,0.5,NA,NA,NA,0.833333333333333,1,0.5,NA,NA,1,NA,NA,0.666666666666667,0.333333333333333,NA,NA,0.333333333333333,NA,NA,NA,0,0,0,NA,NA,0,NA,NA,0,0,NA,NA,0.166666666666667,NA,NA,NA,0.166666666666667,0,0,NA,NA,0,NA,NA,0,0,NA,NA,0,NA,NA,NA
"728",3,6,6,6,0,6,6,6,0,6,0,0,0,3,0,0,0,0,1,0,0,1,0,4,0,1,0,0,0,2,0,0,0,1,1,2,0,0,3,5,0,3,0,0,0,2,0,0,0.0625,0.125,0.125,0.125,0,0.125,0.125,0.125,0,0.125,0,0,0,0.0625,0,0,0,0,0.166666666666667,0,NA,0.166666666666667,0,0.666666666666667,NA,0.166666666666667,NA,NA,NA,0.666666666666667,NA,NA,0,0.166666666666667,0.166666666666667,0.333333333333333,NA,0,0.5,0.833333333333333,NA,0.5,NA,NA,NA,0.666666666666667,NA,NA,0,1,1,2,0,0,3,1,0,2,0,0,0,1,0,0,3,5,4,4,0,5,3,1,0,3,0,0,0,0,0,0,0,0,0,0,0,0,0,4,0,1,0,0,0,1,0,0,0,0,1,0,0,1,0,0,0,0,0,0,0,1,0,0,0,0.166666666666667,0.166666666666667,0.333333333333333,NA,0,0.5,0.166666666666667,NA,0.333333333333333,NA,NA,NA,0.333333333333333,NA,NA,1,0.833333333333333,0.666666666666667,0.666666666666667,NA,0.833333333333333,0.5,0.166666666666667,NA,0.5,NA,NA,NA,0,NA,NA,0,0,0,0,NA,0,0,0.666666666666667,NA,0.166666666666667,NA,NA,NA,0.333333333333333,NA,NA,0,0,0.166666666666667,0,NA,0.166666666666667,0,0,NA,0,NA,NA,NA,0.333333333333333,NA,NA
"729",3,3,3,6,6,3,6,0,6,6,0,0,0,0,0,0,0,0,0,1,0,0,0,0,3,1,0,0,0,0,0,0,0,0,0,3,1,1,4,0,1,5,0,0,0,0,0,0,0.0714285714285714,0.0714285714285714,0.0714285714285714,0.142857142857143,0.142857142857143,0.0714285714285714,0.142857142857143,0,0.142857142857143,0.142857142857143,0,0,0,0,0,0,0,0,0,0.166666666666667,0,0,0,NA,0.5,0.166666666666667,NA,NA,NA,NA,NA,NA,0,0,0,0.5,0.166666666666667,0.333333333333333,0.666666666666667,NA,0.166666666666667,0.833333333333333,NA,NA,NA,NA,NA,NA,0,0,0,2,1,1,4,0,1,4,0,0,0,0,0,0,3,3,3,3,5,2,2,0,2,1,0,0,0,0,0,0,0,0,0,1,0,0,0,0,0,1,0,0,0,0,0,0,0,0,0,0,0,0,0,0,3,0,0,0,0,0,0,0,0,0,0,0.333333333333333,0.166666666666667,0.333333333333333,0.666666666666667,NA,0.166666666666667,0.666666666666667,NA,NA,NA,NA,NA,NA,1,1,1,0.5,0.833333333333333,0.666666666666667,0.333333333333333,NA,0.333333333333333,0.166666666666667,NA,NA,NA,NA,NA,NA,0,0,0,0.166666666666667,0,0,0,NA,0,0.166666666666667,NA,NA,NA,NA,NA,NA,0,0,0,0,0,0,0,NA,0.5,0,NA,NA,NA,NA,NA,NA
"730",3,3,6,0,0,3,0,0,3,6,0,0,6,0,0,0,0,0,0,0,0,0,0,0,0,1,0,0,0,0,0,0,0,1,3,0,0,1,0,0,1,5,0,0,3,0,0,0,0.1,0.1,0.2,0,0,0.1,0,0,0.1,0.2,0,0,0.2,0,0,0,0,0,0,NA,NA,0,NA,NA,0,0.166666666666667,NA,NA,0,NA,NA,NA,0,0.333333333333333,0.5,NA,NA,0.333333333333333,NA,NA,0.333333333333333,0.833333333333333,NA,NA,0.5,NA,NA,NA,0,1,3,0,0,1,0,0,1,4,0,0,3,0,0,0,3,2,3,0,0,2,0,0,2,1,0,0,3,0,0,0,0,0,0,0,0,0,0,0,0,1,0,0,0,0,0,0,0,0,0,0,0,0,0,0,0,0,0,0,0,0,0,0,0,0.333333333333333,0.5,NA,NA,0.333333333333333,NA,NA,0.333333333333333,0.666666666666667,NA,NA,0.5,NA,NA,NA,1,0.666666666666667,0.5,NA,NA,0.666666666666667,NA,NA,0.666666666666667,0.166666666666667,NA,NA,0.5,NA,NA,NA,0,0,0,NA,NA,0,NA,NA,0,0.166666666666667,NA,NA,0,NA,NA,NA,0,0,0,NA,NA,0,NA,NA,0,0,NA,NA,0,NA,NA,NA
"731",3,3,6,6,0,3,6,0,6,6,0,0,6,0,0,0,0,0,0,1,0,0,1,0,0,0,0,0,1,0,0,0,1,0,0,3,0,1,3,0,1,4,0,0,2,0,0,0,0.0666666666666667,0.0666666666666667,0.133333333333333,0.133333333333333,0,0.0666666666666667,0.133333333333333,0,0.133333333333333,0.133333333333333,0,0,0.133333333333333,0,0,0,0,0,0,0.166666666666667,NA,0,0.166666666666667,NA,0,0,NA,NA,0.166666666666667,NA,NA,NA,0.333333333333333,0,0,0.5,NA,0.333333333333333,0.5,NA,0.166666666666667,0.666666666666667,NA,NA,0.333333333333333,NA,NA,NA,1,0,0,3,0,1,2,0,1,4,0,0,2,0,0,0,2,3,6,2,0,2,3,0,5,2,0,0,3,0,0,0,0,0,0,0,0,0,1,0,0,0,0,0,0,0,0,0,0,0,0,1,0,0,0,0,0,0,0,0,1,0,0,0,0.333333333333333,0,0,0.5,NA,0.333333333333333,0.333333333333333,NA,0.166666666666667,0.666666666666667,NA,NA,0.333333333333333,NA,NA,NA,0.666666666666667,1,1,0.333333333333333,NA,0.666666666666667,0.5,NA,0.833333333333333,0.333333333333333,NA,NA,0.5,NA,NA,NA,0,0,0,0,NA,0,0.166666666666667,NA,0,0,NA,NA,0,NA,NA,NA,0,0,0,0.166666666666667,NA,0,0,NA,0,0,NA,NA,0.166666666666667,NA,NA,NA
"732",3,3,3,3,6,6,6,6,6,0,0,3,3,0,0,0,0,0,0,0,1,2,1,1,1,0,0,2,1,0,0,0,1,0,0,0,0,0,4,3,1,0,0,3,0,0,0,0,0.0625,0.0625,0.0625,0.0625,0.125,0.125,0.125,0.125,0.125,0,0,0.0625,0.0625,0,0,0,0,0,0,0,0.166666666666667,0.333333333333333,0.166666666666667,0.166666666666667,0.166666666666667,NA,NA,0.666666666666667,0.333333333333333,NA,NA,NA,0.333333333333333,0,0,0,0,0,0.666666666666667,0.5,0.166666666666667,NA,NA,1,0,NA,NA,NA,1,0,0,0,0,0,3,2,1,0,0,1,0,0,0,0,2,3,3,3,5,4,2,3,4,0,0,0,2,0,0,0,0,0,0,0,0,0,1,1,0,0,0,2,0,0,0,0,0,0,0,0,1,2,0,0,1,0,0,0,1,0,0,0,0.333333333333333,0,0,0,0,0,0.5,0.333333333333333,0.166666666666667,NA,NA,0.333333333333333,0,NA,NA,NA,0.666666666666667,1,1,1,0.833333333333333,0.666666666666667,0.333333333333333,0.5,0.666666666666667,NA,NA,0,0.666666666666667,NA,NA,NA,0,0,0,0,0,0,0.166666666666667,0.166666666666667,0,NA,NA,0.666666666666667,0,NA,NA,NA,0,0,0,0,0.166666666666667,0.333333333333333,0,0,0.166666666666667,NA,NA,0,0.333333333333333,NA,NA,NA
"733",3,3,3,6,3,6,6,6,3,0,6,0,3,0,0,0,0,0,0,0,0,2,0,1,0,0,2,0,0,0,0,0,0,0,0,0,1,2,2,5,0,0,4,0,1,0,0,0,0.0625,0.0625,0.0625,0.125,0.0625,0.125,0.125,0.125,0.0625,0,0.125,0,0.0625,0,0,0,0,0,0,0,0,0.333333333333333,0,0.166666666666667,0,NA,0.333333333333333,NA,0,NA,NA,NA,0,0,0,0,0.333333333333333,0.333333333333333,0.333333333333333,0.833333333333333,0,NA,0.666666666666667,NA,0.333333333333333,NA,NA,NA,0,0,0,0,1,1,2,5,0,0,3,0,1,0,0,0,3,3,3,6,2,3,4,0,3,0,1,0,2,0,0,0,0,0,0,0,0,1,0,0,0,0,1,0,0,0,0,0,0,0,0,0,0,1,0,1,0,0,1,0,0,0,0,0,0,0,0,0,0.333333333333333,0.166666666666667,0.333333333333333,0.833333333333333,0,NA,0.5,NA,0.333333333333333,NA,NA,NA,1,1,1,1,0.666666666666667,0.5,0.666666666666667,0,1,NA,0.166666666666667,NA,0.666666666666667,NA,NA,NA,0,0,0,0,0,0.166666666666667,0,0,0,NA,0.166666666666667,NA,0,NA,NA,NA,0,0,0,0,0,0.166666666666667,0,0.166666666666667,0,NA,0.166666666666667,NA,0,NA,NA,NA
"734",3,3,6,6,6,6,6,3,6,3,0,0,0,0,0,0,0,0,0,1,0,1,1,1,1,1,0,0,0,0,0,0,1,0,2,2,1,2,3,2,0,1,0,0,0,0,0,0,0.0625,0.0625,0.125,0.125,0.125,0.125,0.125,0.0625,0.125,0.0625,0,0,0,0,0,0,0,0,0,0.166666666666667,0,0.166666666666667,0.166666666666667,0.333333333333333,0.166666666666667,0.333333333333333,NA,NA,NA,NA,NA,NA,0.333333333333333,0,0.333333333333333,0.333333333333333,0.166666666666667,0.333333333333333,0.5,0.666666666666667,0,0.333333333333333,NA,NA,NA,NA,NA,NA,1,0,2,2,1,2,3,1,0,1,0,0,0,0,0,0,2,3,4,3,5,3,2,1,5,1,0,0,0,0,0,0,0,0,0,0,0,0,0,1,0,0,0,0,0,0,0,0,0,0,0,1,0,1,1,0,1,1,0,0,0,0,0,0,0.333333333333333,0,0.333333333333333,0.333333333333333,0.166666666666667,0.333333333333333,0.5,0.333333333333333,0,0.333333333333333,NA,NA,NA,NA,NA,NA,0.666666666666667,1,0.666666666666667,0.5,0.833333333333333,0.5,0.333333333333333,0.333333333333333,0.833333333333333,0.333333333333333,NA,NA,NA,NA,NA,NA,0,0,0,0,0,0,0,0.333333333333333,0,0,NA,NA,NA,NA,NA,NA,0,0,0,0.166666666666667,0,0.166666666666667,0.166666666666667,0,0.166666666666667,0.333333333333333,NA,NA,NA,NA,NA,NA
"735",3,3,6,6,0,3,6,0,6,6,0,0,3,6,0,0,0,0,1,1,0,0,0,0,1,1,0,0,1,2,0,0,0,0,0,3,0,0,4,0,0,2,0,0,0,4,0,0,0.0625,0.0625,0.125,0.125,0,0.0625,0.125,0,0.125,0.125,0,0,0.0625,0.125,0,0,0,0,0.166666666666667,0.166666666666667,NA,0,0,NA,0.166666666666667,0.166666666666667,NA,NA,0.333333333333333,0.333333333333333,NA,NA,0,0,0,0.5,NA,0,0.666666666666667,NA,0,0.333333333333333,NA,NA,0,0.666666666666667,NA,NA,0,0,0,3,0,0,4,0,0,2,0,0,0,3,0,0,3,3,5,2,0,3,2,0,5,3,0,0,2,1,0,0,0,0,0,0,0,0,0,0,0,0,0,0,0,1,0,0,0,0,1,1,0,0,0,0,1,1,0,0,1,1,0,0,0,0,0,0.5,NA,0,0.666666666666667,NA,0,0.333333333333333,NA,NA,0,0.5,NA,NA,1,1,0.833333333333333,0.333333333333333,NA,1,0.333333333333333,NA,0.833333333333333,0.5,NA,NA,0.666666666666667,0.166666666666667,NA,NA,0,0,0,0,NA,0,0,NA,0,0,NA,NA,0,0.166666666666667,NA,NA,0,0,0.166666666666667,0.166666666666667,NA,0,0,NA,0.166666666666667,0.166666666666667,NA,NA,0.333333333333333,0.166666666666667,NA,NA
"736",3,3,3,6,6,3,6,0,3,6,0,0,0,6,0,0,0,0,0,0,2,0,1,0,1,0,0,0,0,3,0,0,0,1,0,4,0,1,4,0,0,2,0,0,0,3,0,0,0.0666666666666667,0.0666666666666667,0.0666666666666667,0.133333333333333,0.133333333333333,0.0666666666666667,0.133333333333333,0,0.0666666666666667,0.133333333333333,0,0,0,0.133333333333333,0,0,0,0,0,0,0.333333333333333,0,0.166666666666667,NA,0.333333333333333,0,NA,NA,NA,0.5,NA,NA,0,0.333333333333333,0,0.666666666666667,0,0.333333333333333,0.666666666666667,NA,0,0.333333333333333,NA,NA,NA,0.5,NA,NA,0,1,0,4,0,1,4,0,0,2,0,0,0,1,0,0,3,2,3,2,4,2,1,0,2,4,0,0,0,2,0,0,0,0,0,0,0,0,0,0,0,0,0,0,0,2,0,0,0,0,0,0,2,0,1,0,1,0,0,0,0,1,0,0,0,0.333333333333333,0,0.666666666666667,0,0.333333333333333,0.666666666666667,NA,0,0.333333333333333,NA,NA,NA,0.166666666666667,NA,NA,1,0.666666666666667,1,0.333333333333333,0.666666666666667,0.666666666666667,0.166666666666667,NA,0.666666666666667,0.666666666666667,NA,NA,NA,0.333333333333333,NA,NA,0,0,0,0,0,0,0,NA,0,0,NA,NA,NA,0.333333333333333,NA,NA,0,0,0,0,0.333333333333333,0,0.166666666666667,NA,0.333333333333333,0,NA,NA,NA,0.166666666666667,NA,NA
"737",6,0,0,0,3,0,0,0,6,0,0,0,0,0,0,0,0,0,0,0,0,0,0,0,0,0,0,0,0,0,0,0,4,0,0,0,0,0,0,0,3,0,0,0,0,0,0,0,0.4,0,0,0,0.2,0,0,0,0.4,0,0,0,0,0,0,0,0,NA,NA,NA,0,NA,NA,NA,0,NA,NA,NA,NA,NA,NA,NA,0.666666666666667,NA,NA,NA,0,NA,NA,NA,0.5,NA,NA,NA,NA,NA,NA,NA,4,0,0,0,0,0,0,0,3,0,0,0,0,0,0,0,2,0,0,0,3,0,0,0,3,0,0,0,0,0,0,0,0,0,0,0,0,0,0,0,0,0,0,0,0,0,0,0,0,0,0,0,0,0,0,0,0,0,0,0,0,0,0,0,0.666666666666667,NA,NA,NA,0,NA,NA,NA,0.5,NA,NA,NA,NA,NA,NA,NA,0.333333333333333,NA,NA,NA,1,NA,NA,NA,0.5,NA,NA,NA,NA,NA,NA,NA,0,NA,NA,NA,0,NA,NA,NA,0,NA,NA,NA,NA,NA,NA,NA,0,NA,NA,NA,0,NA,NA,NA,0,NA,NA,NA,NA,NA,NA,NA
"738",3,6,6,6,0,3,6,3,3,6,0,0,6,0,0,0,0,0,1,0,0,0,1,2,0,1,0,0,0,0,0,0,0,0,2,4,0,0,6,3,1,6,0,0,2,0,0,0,0.0625,0.125,0.125,0.125,0,0.0625,0.125,0.0625,0.0625,0.125,0,0,0.125,0,0,0,0,0,0.166666666666667,0,NA,0,0.166666666666667,0.666666666666667,0,0.166666666666667,NA,NA,0,NA,NA,NA,0,0,0.333333333333333,0.666666666666667,NA,0,1,1,0.333333333333333,1,NA,NA,0.333333333333333,NA,NA,NA,0,0,1,4,0,0,5,1,1,5,0,0,2,0,0,0,3,6,4,2,0,3,0,0,2,0,0,0,4,0,0,0,0,0,1,0,0,0,1,2,0,1,0,0,0,0,0,0,0,0,0,0,0,0,0,0,0,0,0,0,0,0,0,0,0,0,0.166666666666667,0.666666666666667,NA,0,0.833333333333333,0.333333333333333,0.333333333333333,0.833333333333333,NA,NA,0.333333333333333,NA,NA,NA,1,1,0.666666666666667,0.333333333333333,NA,1,0,0,0.666666666666667,0,NA,NA,0.666666666666667,NA,NA,NA,0,0,0.166666666666667,0,NA,0,0.166666666666667,0.666666666666667,0,0.166666666666667,NA,NA,0,NA,NA,NA,0,0,0,0,NA,0,0,0,0,0,NA,NA,0,NA,NA,NA
"739",6,6,3,6,0,3,6,6,3,6,0,3,0,0,0,0,0,1,0,0,0,0,1,2,1,0,0,1,0,0,0,0,0,2,1,3,0,0,3,3,1,6,0,1,0,0,0,0,0.125,0.125,0.0625,0.125,0,0.0625,0.125,0.125,0.0625,0.125,0,0.0625,0,0,0,0,0,0.166666666666667,0,0,NA,0,0.166666666666667,0.333333333333333,0.333333333333333,0,NA,0.333333333333333,NA,NA,NA,NA,0,0.333333333333333,0.333333333333333,0.5,NA,0,0.5,0.5,0.333333333333333,1,NA,0.333333333333333,NA,NA,NA,NA,0,2,1,3,0,0,2,2,1,6,0,1,0,0,0,0,6,3,2,3,0,3,3,2,1,0,0,1,0,0,0,0,0,0,0,0,0,0,1,1,0,0,0,0,0,0,0,0,0,1,0,0,0,0,0,1,1,0,0,1,0,0,0,0,0,0.333333333333333,0.333333333333333,0.5,NA,0,0.333333333333333,0.333333333333333,0.333333333333333,1,NA,0.333333333333333,NA,NA,NA,NA,1,0.5,0.666666666666667,0.5,NA,1,0.5,0.333333333333333,0.333333333333333,0,NA,0.333333333333333,NA,NA,NA,NA,0,0,0,0,NA,0,0.166666666666667,0.166666666666667,0,0,NA,0,NA,NA,NA,NA,0,0.166666666666667,0,0,NA,0,0,0.166666666666667,0.333333333333333,0,NA,0.333333333333333,NA,NA,NA,NA
"740",3,3,6,3,3,6,0,0,6,6,0,0,3,0,0,0,0,0,0,1,0,0,0,0,1,0,0,0,1,0,0,0,0,1,3,1,1,2,0,0,0,4,0,0,1,0,0,0,0.0769230769230769,0.0769230769230769,0.153846153846154,0.0769230769230769,0.0769230769230769,0.153846153846154,0,0,0.153846153846154,0.153846153846154,0,0,0.0769230769230769,0,0,0,0,0,0,0.333333333333333,0,0,NA,NA,0.166666666666667,0,NA,NA,0.333333333333333,NA,NA,NA,0,0.333333333333333,0.5,0.333333333333333,0.333333333333333,0.333333333333333,NA,NA,0,0.666666666666667,NA,NA,0.333333333333333,NA,NA,NA,0,1,3,1,1,2,0,0,0,4,0,0,0,0,0,0,3,2,3,1,2,4,0,0,5,2,0,0,2,0,0,0,0,0,0,0,0,0,0,0,0,0,0,0,1,0,0,0,0,0,0,1,0,0,0,0,1,0,0,0,0,0,0,0,0,0.333333333333333,0.5,0.333333333333333,0.333333333333333,0.333333333333333,NA,NA,0,0.666666666666667,NA,NA,0,NA,NA,NA,1,0.666666666666667,0.5,0.333333333333333,0.666666666666667,0.666666666666667,NA,NA,0.833333333333333,0.333333333333333,NA,NA,0.666666666666667,NA,NA,NA,0,0,0,0,0,0,NA,NA,0,0,NA,NA,0.333333333333333,NA,NA,NA,0,0,0,0.333333333333333,0,0,NA,NA,0.166666666666667,0,NA,NA,0,NA,NA,NA
"741",3,3,3,6,0,3,6,6,6,6,6,0,0,0,0,0,0,0,0,0,0,0,0,3,1,1,5,0,0,0,0,0,0,0,1,2,0,1,2,3,3,4,5,0,0,0,0,0,0.0625,0.0625,0.0625,0.125,0,0.0625,0.125,0.125,0.125,0.125,0.125,0,0,0,0,0,0,0,0,0,NA,0,0,0.5,0.166666666666667,0.166666666666667,0.833333333333333,NA,NA,NA,NA,NA,0,0,0.333333333333333,0.333333333333333,NA,0.333333333333333,0.333333333333333,0.5,0.5,0.666666666666667,0.833333333333333,NA,NA,NA,NA,NA,0,0,1,2,0,1,2,2,2,3,1,0,0,0,0,0,3,3,2,4,0,2,4,1,3,2,0,0,0,0,0,0,0,0,0,0,0,0,0,1,1,1,4,0,0,0,0,0,0,0,0,0,0,0,0,2,0,0,1,0,0,0,0,0,0,0,0.333333333333333,0.333333333333333,NA,0.333333333333333,0.333333333333333,0.333333333333333,0.333333333333333,0.5,0.166666666666667,NA,NA,NA,NA,NA,1,1,0.666666666666667,0.666666666666667,NA,0.666666666666667,0.666666666666667,0.166666666666667,0.5,0.333333333333333,0,NA,NA,NA,NA,NA,0,0,0,0,NA,0,0,0.166666666666667,0.166666666666667,0.166666666666667,0.666666666666667,NA,NA,NA,NA,NA,0,0,0,0,NA,0,0,0.333333333333333,0,0,0.166666666666667,NA,NA,NA,NA,NA
"742",6,6,0,0,3,0,0,0,6,0,0,0,3,0,0,0,0,1,0,0,0,0,0,0,1,0,0,0,1,0,0,0,0,3,0,0,1,0,0,0,1,0,0,0,1,0,0,0,0.25,0.25,0,0,0.125,0,0,0,0.25,0,0,0,0.125,0,0,0,0,0.166666666666667,NA,NA,0,NA,NA,NA,0.166666666666667,NA,NA,NA,0.333333333333333,NA,NA,NA,0,0.5,NA,NA,0.333333333333333,NA,NA,NA,0.166666666666667,NA,NA,NA,0.333333333333333,NA,NA,NA,0,3,0,0,1,0,0,0,1,0,0,0,1,0,0,0,6,2,0,0,2,0,0,0,4,0,0,0,1,0,0,0,0,0,0,0,0,0,0,0,0,0,0,0,0,0,0,0,0,1,0,0,0,0,0,0,1,0,0,0,1,0,0,0,0,0.5,NA,NA,0.333333333333333,NA,NA,NA,0.166666666666667,NA,NA,NA,0.333333333333333,NA,NA,NA,1,0.333333333333333,NA,NA,0.666666666666667,NA,NA,NA,0.666666666666667,NA,NA,NA,0.333333333333333,NA,NA,NA,0,0,NA,NA,0,NA,NA,NA,0,NA,NA,NA,0,NA,NA,NA,0,0.166666666666667,NA,NA,0,NA,NA,NA,0.166666666666667,NA,NA,NA,0.333333333333333,NA,NA,NA
"743",3,3,6,0,0,3,0,0,6,6,0,0,0,0,0,0,0,0,0,0,0,0,0,0,0,1,0,0,0,0,0,0,0,0,4,0,0,1,0,0,3,5,0,0,0,0,0,0,0.111111111111111,0.111111111111111,0.222222222222222,0,0,0.111111111111111,0,0,0.222222222222222,0.222222222222222,0,0,0,0,0,0,0,0,0,NA,NA,0,NA,NA,0,0.166666666666667,NA,NA,NA,NA,NA,NA,0,0,0.666666666666667,NA,NA,0.333333333333333,NA,NA,0.5,0.833333333333333,NA,NA,NA,NA,NA,NA,0,0,4,0,0,1,0,0,3,4,0,0,0,0,0,0,3,3,2,0,0,2,0,0,3,1,0,0,0,0,0,0,0,0,0,0,0,0,0,0,0,1,0,0,0,0,0,0,0,0,0,0,0,0,0,0,0,0,0,0,0,0,0,0,0,0,0.666666666666667,NA,NA,0.333333333333333,NA,NA,0.5,0.666666666666667,NA,NA,NA,NA,NA,NA,1,1,0.333333333333333,NA,NA,0.666666666666667,NA,NA,0.5,0.166666666666667,NA,NA,NA,NA,NA,NA,0,0,0,NA,NA,0,NA,NA,0,0.166666666666667,NA,NA,NA,NA,NA,NA,0,0,0,NA,NA,0,NA,NA,0,0,NA,NA,NA,NA,NA,NA
"744",3,6,3,6,0,3,6,6,3,3,0,0,3,6,0,0,0,0,0,0,0,0,2,2,0,0,0,0,1,1,0,0,0,2,1,1,0,0,5,4,1,1,0,0,1,3,0,0,0.0625,0.125,0.0625,0.125,0,0.0625,0.125,0.125,0.0625,0.0625,0,0,0.0625,0.125,0,0,0,0,0,0,NA,0,0.333333333333333,0.333333333333333,0,0,NA,NA,0.333333333333333,0.166666666666667,NA,NA,0,0.333333333333333,0.333333333333333,0.166666666666667,NA,0,0.833333333333333,0.666666666666667,0.333333333333333,0.333333333333333,NA,NA,0.333333333333333,0.5,NA,NA,0,2,1,1,0,0,3,3,1,1,0,0,0,2,0,0,3,4,2,5,0,3,1,1,2,2,0,0,2,3,0,0,0,0,0,0,0,0,2,1,0,0,0,0,1,1,0,0,0,0,0,0,0,0,0,1,0,0,0,0,0,0,0,0,0,0.333333333333333,0.333333333333333,0.166666666666667,NA,0,0.5,0.5,0.333333333333333,0.333333333333333,NA,NA,0,0.333333333333333,NA,NA,1,0.666666666666667,0.666666666666667,0.833333333333333,NA,1,0.166666666666667,0.166666666666667,0.666666666666667,0.666666666666667,NA,NA,0.666666666666667,0.5,NA,NA,0,0,0,0,NA,0,0.333333333333333,0.166666666666667,0,0,NA,NA,0.333333333333333,0.166666666666667,NA,NA,0,0,0,0,NA,0,0,0.166666666666667,0,0,NA,NA,0,0,NA,NA
"745",3,3,3,6,0,3,6,6,6,6,0,0,3,0,0,0,0,0,0,0,0,0,1,3,1,1,0,0,2,0,0,0,0,1,0,2,0,1,3,4,1,5,0,0,1,0,0,0,0.0666666666666667,0.0666666666666667,0.0666666666666667,0.133333333333333,0,0.0666666666666667,0.133333333333333,0.133333333333333,0.133333333333333,0.133333333333333,0,0,0.0666666666666667,0,0,0,0,0,0,0,NA,0,0.166666666666667,0.5,0.166666666666667,0.166666666666667,NA,NA,0.666666666666667,NA,NA,NA,0,0.333333333333333,0,0.333333333333333,NA,0.333333333333333,0.5,0.666666666666667,0.166666666666667,0.833333333333333,NA,NA,0.333333333333333,NA,NA,NA,0,1,0,2,0,1,3,3,1,4,0,0,1,0,0,0,3,2,3,4,0,2,2,0,4,1,0,0,0,0,0,0,0,0,0,0,0,0,0,1,0,1,0,0,0,0,0,0,0,0,0,0,0,0,1,2,1,0,0,0,2,0,0,0,0,0.333333333333333,0,0.333333333333333,NA,0.333333333333333,0.5,0.5,0.166666666666667,0.666666666666667,NA,NA,0.333333333333333,NA,NA,NA,1,0.666666666666667,1,0.666666666666667,NA,0.666666666666667,0.333333333333333,0,0.666666666666667,0.166666666666667,NA,NA,0,NA,NA,NA,0,0,0,0,NA,0,0,0.166666666666667,0,0.166666666666667,NA,NA,0,NA,NA,NA,0,0,0,0,NA,0,0.166666666666667,0.333333333333333,0.166666666666667,0,NA,NA,0.666666666666667,NA,NA,NA
"746",3,3,3,6,3,6,6,3,6,6,3,0,0,0,0,0,0,0,0,0,0,0,1,1,2,1,1,0,0,0,0,0,0,0,0,2,0,1,3,1,3,4,2,0,0,0,0,0,0.0625,0.0625,0.0625,0.125,0.0625,0.125,0.125,0.0625,0.125,0.125,0.0625,0,0,0,0,0,0,0,0,0,0,0,0.166666666666667,0.333333333333333,0.333333333333333,0.166666666666667,0.333333333333333,NA,NA,NA,NA,NA,0,0,0,0.333333333333333,0,0.166666666666667,0.5,0.333333333333333,0.5,0.666666666666667,0.666666666666667,NA,NA,NA,NA,NA,0,0,0,2,0,1,2,1,3,3,1,0,0,0,0,0,3,3,3,4,3,5,3,1,1,2,1,0,0,0,0,0,0,0,0,0,0,0,1,0,0,1,1,0,0,0,0,0,0,0,0,0,0,0,0,1,2,0,0,0,0,0,0,0,0,0,0,0.333333333333333,0,0.166666666666667,0.333333333333333,0.333333333333333,0.5,0.5,0.333333333333333,NA,NA,NA,NA,NA,1,1,1,0.666666666666667,1,0.833333333333333,0.5,0.333333333333333,0.166666666666667,0.333333333333333,0.333333333333333,NA,NA,NA,NA,NA,0,0,0,0,0,0,0.166666666666667,0,0,0.166666666666667,0.333333333333333,NA,NA,NA,NA,NA,0,0,0,0,0,0,0,0.333333333333333,0.333333333333333,0,0,NA,NA,NA,NA,NA
"747",3,3,6,6,0,6,6,0,3,6,6,0,3,0,0,0,0,0,0,1,0,1,0,0,0,0,2,0,0,0,0,0,0,0,1,5,0,2,1,0,1,4,5,0,1,0,0,0,0.0625,0.0625,0.125,0.125,0,0.125,0.125,0,0.0625,0.125,0.125,0,0.0625,0,0,0,0,0,0,0.166666666666667,NA,0.166666666666667,0,NA,0,0,0.333333333333333,NA,0,NA,NA,NA,0,0,0.166666666666667,0.833333333333333,NA,0.333333333333333,0.166666666666667,NA,0.333333333333333,0.666666666666667,0.833333333333333,NA,0.333333333333333,NA,NA,NA,0,0,1,4,0,2,1,0,1,4,3,0,1,0,0,0,3,3,5,1,0,3,5,0,2,2,1,0,2,0,0,0,0,0,0,1,0,0,0,0,0,0,2,0,0,0,0,0,0,0,0,0,0,1,0,0,0,0,0,0,0,0,0,0,0,0,0.166666666666667,0.666666666666667,NA,0.333333333333333,0.166666666666667,NA,0.333333333333333,0.666666666666667,0.5,NA,0.333333333333333,NA,NA,NA,1,1,0.833333333333333,0.166666666666667,NA,0.5,0.833333333333333,NA,0.666666666666667,0.333333333333333,0.166666666666667,NA,0.666666666666667,NA,NA,NA,0,0,0,0.166666666666667,NA,0,0,NA,0,0,0.333333333333333,NA,0,NA,NA,NA,0,0,0,0,NA,0.166666666666667,0,NA,0,0,0,NA,0,NA,NA,NA
"748",3,3,3,6,0,6,6,0,6,6,0,0,3,0,0,0,0,0,0,1,0,0,3,0,1,1,0,0,1,0,0,0,0,0,0,3,0,2,4,0,2,3,0,0,1,0,0,0,0.0714285714285714,0.0714285714285714,0.0714285714285714,0.142857142857143,0,0.142857142857143,0.142857142857143,0,0.142857142857143,0.142857142857143,0,0,0.0714285714285714,0,0,0,0,0,0,0.166666666666667,NA,0,0.5,NA,0.166666666666667,0.166666666666667,NA,NA,0.333333333333333,NA,NA,NA,0,0,0,0.5,NA,0.333333333333333,0.666666666666667,NA,0.333333333333333,0.5,NA,NA,0.333333333333333,NA,NA,NA,0,0,0,3,0,2,3,0,2,2,0,0,1,0,0,0,3,3,3,2,0,4,0,0,3,3,0,0,1,0,0,0,0,0,0,0,0,0,1,0,0,1,0,0,0,0,0,0,0,0,0,1,0,0,2,0,1,0,0,0,1,0,0,0,0,0,0,0.5,NA,0.333333333333333,0.5,NA,0.333333333333333,0.333333333333333,NA,NA,0.333333333333333,NA,NA,NA,1,1,1,0.333333333333333,NA,0.666666666666667,0,NA,0.5,0.5,NA,NA,0.333333333333333,NA,NA,NA,0,0,0,0,NA,0,0.166666666666667,NA,0,0.166666666666667,NA,NA,0,NA,NA,NA,0,0,0,0.166666666666667,NA,0,0.333333333333333,NA,0.166666666666667,0,NA,NA,0.333333333333333,NA,NA,NA
"749",6,0,0,0,3,0,0,0,3,0,0,0,6,0,0,0,0,0,0,0,0,0,0,0,0,0,0,0,0,0,0,0,3,0,0,0,0,0,0,0,0,0,0,0,2,0,0,0,0.333333333333333,0,0,0,0.166666666666667,0,0,0,0.166666666666667,0,0,0,0.333333333333333,0,0,0,0,NA,NA,NA,0,NA,NA,NA,0,NA,NA,NA,0,NA,NA,NA,0.5,NA,NA,NA,0,NA,NA,NA,0,NA,NA,NA,0.333333333333333,NA,NA,NA,3,0,0,0,0,0,0,0,0,0,0,0,2,0,0,0,3,0,0,0,3,0,0,0,3,0,0,0,4,0,0,0,0,0,0,0,0,0,0,0,0,0,0,0,0,0,0,0,0,0,0,0,0,0,0,0,0,0,0,0,0,0,0,0,0.5,NA,NA,NA,0,NA,NA,NA,0,NA,NA,NA,0.333333333333333,NA,NA,NA,0.5,NA,NA,NA,1,NA,NA,NA,1,NA,NA,NA,0.666666666666667,NA,NA,NA,0,NA,NA,NA,0,NA,NA,NA,0,NA,NA,NA,0,NA,NA,NA,0,NA,NA,NA,0,NA,NA,NA,0,NA,NA,NA,0,NA,NA,NA
"750",3,3,3,6,0,3,6,0,3,6,0,0,6,0,0,0,0,0,0,0,0,0,1,0,0,0,0,0,0,0,0,0,0,0,1,4,0,1,5,0,1,6,0,0,3,0,0,0,0.0769230769230769,0.0769230769230769,0.0769230769230769,0.153846153846154,0,0.0769230769230769,0.153846153846154,0,0.0769230769230769,0.153846153846154,0,0,0.153846153846154,0,0,0,0,0,0,0,NA,0,0.166666666666667,NA,0,0,NA,NA,0,NA,NA,NA,0,0,0.333333333333333,0.666666666666667,NA,0.333333333333333,0.833333333333333,NA,0.333333333333333,1,NA,NA,0.5,NA,NA,NA,0,0,1,4,0,1,5,0,1,6,0,0,3,0,0,0,3,3,2,2,0,2,0,0,2,0,0,0,3,0,0,0,0,0,0,0,0,0,0,0,0,0,0,0,0,0,0,0,0,0,0,0,0,0,1,0,0,0,0,0,0,0,0,0,0,0,0.333333333333333,0.666666666666667,NA,0.333333333333333,0.833333333333333,NA,0.333333333333333,1,NA,NA,0.5,NA,NA,NA,1,1,0.666666666666667,0.333333333333333,NA,0.666666666666667,0,NA,0.666666666666667,0,NA,NA,0.5,NA,NA,NA,0,0,0,0,NA,0,0,NA,0,0,NA,NA,0,NA,NA,NA,0,0,0,0,NA,0,0.166666666666667,NA,0,0,NA,NA,0,NA,NA,NA
"751",3,3,3,6,6,6,6,3,6,0,0,0,6,0,0,0,0,0,0,1,0,2,0,3,1,0,0,0,1,0,0,0,0,1,1,2,0,1,4,2,1,0,0,0,3,0,0,0,0.0625,0.0625,0.0625,0.125,0.125,0.125,0.125,0.0625,0.125,0,0,0,0.125,0,0,0,0,0,0,0.166666666666667,0,0.333333333333333,0,1,0.166666666666667,NA,NA,NA,0.166666666666667,NA,NA,NA,0,0.333333333333333,0.333333333333333,0.333333333333333,0,0.166666666666667,0.666666666666667,0.666666666666667,0.166666666666667,NA,NA,NA,0.5,NA,NA,NA,0,1,1,2,0,1,4,0,1,0,0,0,2,0,0,0,3,2,2,3,6,3,2,0,4,0,0,0,3,0,0,0,0,0,0,0,0,0,0,2,0,0,0,0,1,0,0,0,0,0,0,1,0,2,0,1,1,0,0,0,0,0,0,0,0,0.333333333333333,0.333333333333333,0.333333333333333,0,0.166666666666667,0.666666666666667,0,0.166666666666667,NA,NA,NA,0.333333333333333,NA,NA,NA,1,0.666666666666667,0.666666666666667,0.5,1,0.5,0.333333333333333,0,0.666666666666667,NA,NA,NA,0.5,NA,NA,NA,0,0,0,0,0,0,0,0.666666666666667,0,NA,NA,NA,0.166666666666667,NA,NA,NA,0,0,0,0.166666666666667,0,0.333333333333333,0,0.333333333333333,0.166666666666667,NA,NA,NA,0,NA,NA,NA
"752",3,6,0,0,6,0,0,0,3,0,0,0,0,0,0,0,0,0,0,0,1,0,0,0,1,0,0,0,0,0,0,0,1,3,0,0,0,0,0,0,0,0,0,0,0,0,0,0,0.166666666666667,0.333333333333333,0,0,0.333333333333333,0,0,0,0.166666666666667,0,0,0,0,0,0,0,0,0,NA,NA,0.166666666666667,NA,NA,NA,0.333333333333333,NA,NA,NA,NA,NA,NA,NA,0.333333333333333,0.5,NA,NA,0,NA,NA,NA,0,NA,NA,NA,NA,NA,NA,NA,1,3,0,0,0,0,0,0,0,0,0,0,0,0,0,0,2,3,0,0,5,0,0,0,2,0,0,0,0,0,0,0,0,0,0,0,0,0,0,0,0,0,0,0,0,0,0,0,0,0,0,0,1,0,0,0,1,0,0,0,0,0,0,0,0.333333333333333,0.5,NA,NA,0,NA,NA,NA,0,NA,NA,NA,NA,NA,NA,NA,0.666666666666667,0.5,NA,NA,0.833333333333333,NA,NA,NA,0.666666666666667,NA,NA,NA,NA,NA,NA,NA,0,0,NA,NA,0,NA,NA,NA,0,NA,NA,NA,NA,NA,NA,NA,0,0,NA,NA,0.166666666666667,NA,NA,NA,0.333333333333333,NA,NA,NA,NA,NA,NA,NA
"753",3,3,3,6,0,3,6,0,6,6,0,0,6,6,0,0,0,0,0,1,0,0,0,0,0,1,0,0,1,1,0,0,0,0,1,3,0,1,5,0,1,2,0,0,1,4,0,0,0.0625,0.0625,0.0625,0.125,0,0.0625,0.125,0,0.125,0.125,0,0,0.125,0.125,0,0,0,0,0,0.166666666666667,NA,0,0,NA,0,0.166666666666667,NA,NA,0.166666666666667,0.166666666666667,NA,NA,0,0,0.333333333333333,0.5,NA,0.333333333333333,0.833333333333333,NA,0.166666666666667,0.333333333333333,NA,NA,0.166666666666667,0.666666666666667,NA,NA,0,0,1,3,0,1,5,0,1,1,0,0,1,4,0,0,3,3,2,2,0,2,1,0,5,4,0,0,4,1,0,0,0,0,0,0,0,0,0,0,0,1,0,0,0,0,0,0,0,0,0,1,0,0,0,0,0,0,0,0,1,1,0,0,0,0,0.333333333333333,0.5,NA,0.333333333333333,0.833333333333333,NA,0.166666666666667,0.166666666666667,NA,NA,0.166666666666667,0.666666666666667,NA,NA,1,1,0.666666666666667,0.333333333333333,NA,0.666666666666667,0.166666666666667,NA,0.833333333333333,0.666666666666667,NA,NA,0.666666666666667,0.166666666666667,NA,NA,0,0,0,0,NA,0,0,NA,0,0.166666666666667,NA,NA,0,0,NA,NA,0,0,0,0.166666666666667,NA,0,0,NA,0,0,NA,NA,0.166666666666667,0.166666666666667,NA,NA
"754",3,3,6,6,3,6,6,3,3,0,3,0,6,0,0,0,0,0,0,1,0,2,1,1,0,0,1,0,2,0,0,0,0,1,0,1,1,1,2,2,0,0,2,0,1,0,0,0,0.0625,0.0625,0.125,0.125,0.0625,0.125,0.125,0.0625,0.0625,0,0.0625,0,0.125,0,0,0,0,0,0,0.166666666666667,0,0.333333333333333,0.166666666666667,0.333333333333333,0,NA,0.333333333333333,NA,0.333333333333333,NA,NA,NA,0,0.333333333333333,0,0.166666666666667,0.333333333333333,0.166666666666667,0.333333333333333,0.666666666666667,0,NA,0.666666666666667,NA,0.166666666666667,NA,NA,NA,0,1,0,1,1,0,2,2,0,0,1,0,1,0,0,0,3,2,6,4,2,4,3,0,3,0,1,0,3,0,0,0,0,0,0,0,0,1,0,0,0,0,1,0,0,0,0,0,0,0,0,1,0,1,1,1,0,0,0,0,2,0,0,0,0,0.333333333333333,0,0.166666666666667,0.333333333333333,0,0.333333333333333,0.666666666666667,0,NA,0.333333333333333,NA,0.166666666666667,NA,NA,NA,1,0.666666666666667,1,0.666666666666667,0.666666666666667,0.666666666666667,0.5,0,1,NA,0.333333333333333,NA,0.5,NA,NA,NA,0,0,0,0,0,0.166666666666667,0,0,0,NA,0.333333333333333,NA,0,NA,NA,NA,0,0,0,0.166666666666667,0,0.166666666666667,0.166666666666667,0.333333333333333,0,NA,0,NA,0.333333333333333,NA,NA,NA
"755",3,6,6,6,3,6,6,6,3,3,0,0,0,0,0,0,0,0,1,0,0,1,1,1,0,1,0,0,0,0,0,0,0,2,2,2,0,2,3,4,0,2,0,0,0,0,0,0,0.0625,0.125,0.125,0.125,0.0625,0.125,0.125,0.125,0.0625,0.0625,0,0,0,0,0,0,0,0,0.166666666666667,0,0,0.166666666666667,0.166666666666667,0.166666666666667,0,0.333333333333333,NA,NA,NA,NA,NA,NA,0,0.333333333333333,0.333333333333333,0.333333333333333,0,0.333333333333333,0.5,0.666666666666667,0,0.666666666666667,NA,NA,NA,NA,NA,NA,0,2,2,2,0,2,3,4,0,2,0,0,0,0,0,0,3,4,3,4,3,3,2,1,3,0,0,0,0,0,0,0,0,0,0,0,0,0,0,0,0,0,0,0,0,0,0,0,0,0,1,0,0,1,1,1,0,1,0,0,0,0,0,0,0,0.333333333333333,0.333333333333333,0.333333333333333,0,0.333333333333333,0.5,0.666666666666667,0,0.666666666666667,NA,NA,NA,NA,NA,NA,1,0.666666666666667,0.5,0.666666666666667,1,0.5,0.333333333333333,0.166666666666667,1,0,NA,NA,NA,NA,NA,NA,0,0,0,0,0,0,0,0,0,0,NA,NA,NA,NA,NA,NA,0,0,0.166666666666667,0,0,0.166666666666667,0.166666666666667,0.166666666666667,0,0.333333333333333,NA,NA,NA,NA,NA,NA
"756",3,3,6,0,0,3,0,0,6,6,0,0,3,3,0,0,0,0,0,0,0,0,0,0,0,0,0,0,1,1,0,0,0,0,4,0,0,0,0,0,2,4,0,0,2,2,0,0,0.0909090909090909,0.0909090909090909,0.181818181818182,0,0,0.0909090909090909,0,0,0.181818181818182,0.181818181818182,0,0,0.0909090909090909,0.0909090909090909,0,0,0,0,0,NA,NA,0,NA,NA,0,0,NA,NA,0.333333333333333,0.333333333333333,NA,NA,0,0,0.666666666666667,NA,NA,0,NA,NA,0.333333333333333,0.666666666666667,NA,NA,0.666666666666667,0.666666666666667,NA,NA,0,0,4,0,0,0,0,0,2,4,0,0,1,1,0,0,3,3,2,0,0,3,0,0,4,2,0,0,1,1,0,0,0,0,0,0,0,0,0,0,0,0,0,0,1,1,0,0,0,0,0,0,0,0,0,0,0,0,0,0,0,0,0,0,0,0,0.666666666666667,NA,NA,0,NA,NA,0.333333333333333,0.666666666666667,NA,NA,0.333333333333333,0.333333333333333,NA,NA,1,1,0.333333333333333,NA,NA,1,NA,NA,0.666666666666667,0.333333333333333,NA,NA,0.333333333333333,0.333333333333333,NA,NA,0,0,0,NA,NA,0,NA,NA,0,0,NA,NA,0.333333333333333,0.333333333333333,NA,NA,0,0,0,NA,NA,0,NA,NA,0,0,NA,NA,0,0,NA,NA
"757",6,3,6,0,0,6,0,0,3,6,0,0,6,0,0,0,1,0,0,0,0,1,0,0,0,2,0,0,0,0,0,0,0,0,4,0,0,1,0,0,0,5,0,0,1,0,0,0,0.166666666666667,0.0833333333333333,0.166666666666667,0,0,0.166666666666667,0,0,0.0833333333333333,0.166666666666667,0,0,0.166666666666667,0,0,0,0.166666666666667,0,0,NA,NA,0.166666666666667,NA,NA,0,0.333333333333333,NA,NA,0,NA,NA,NA,0,0,0.666666666666667,NA,NA,0.166666666666667,NA,NA,0,0.833333333333333,NA,NA,0.166666666666667,NA,NA,NA,0,0,4,0,0,1,0,0,0,3,0,0,1,0,0,0,5,3,2,0,0,4,0,0,3,1,0,0,5,0,0,0,0,0,0,0,0,0,0,0,0,2,0,0,0,0,0,0,1,0,0,0,0,1,0,0,0,0,0,0,0,0,0,0,0,0,0.666666666666667,NA,NA,0.166666666666667,NA,NA,0,0.5,NA,NA,0.166666666666667,NA,NA,NA,0.833333333333333,1,0.333333333333333,NA,NA,0.666666666666667,NA,NA,1,0.166666666666667,NA,NA,0.833333333333333,NA,NA,NA,0,0,0,NA,NA,0,NA,NA,0,0.333333333333333,NA,NA,0,NA,NA,NA,0.166666666666667,0,0,NA,NA,0.166666666666667,NA,NA,0,0,NA,NA,0,NA,NA,NA
"758",3,3,3,6,6,3,6,3,6,6,3,0,0,0,0,0,0,0,0,0,0,0,0,1,2,0,2,0,0,0,0,0,0,0,1,2,1,0,3,2,2,3,1,0,0,0,0,0,0.0625,0.0625,0.0625,0.125,0.125,0.0625,0.125,0.0625,0.125,0.125,0.0625,0,0,0,0,0,0,0,0,0,0,0,0,0.333333333333333,0.333333333333333,0,0.666666666666667,NA,NA,NA,NA,NA,0,0,0.333333333333333,0.333333333333333,0.166666666666667,0,0.5,0.666666666666667,0.333333333333333,0.5,0.333333333333333,NA,NA,NA,NA,NA,0,0,1,2,1,0,3,1,1,3,0,0,0,0,0,0,3,3,2,4,5,3,3,1,3,3,1,0,0,0,0,0,0,0,0,0,0,0,0,1,1,0,1,0,0,0,0,0,0,0,0,0,0,0,0,0,1,0,1,0,0,0,0,0,0,0,0.333333333333333,0.333333333333333,0.166666666666667,0,0.5,0.333333333333333,0.166666666666667,0.5,0,NA,NA,NA,NA,NA,1,1,0.666666666666667,0.666666666666667,0.833333333333333,1,0.5,0.333333333333333,0.5,0.5,0.333333333333333,NA,NA,NA,NA,NA,0,0,0,0,0,0,0,0.333333333333333,0.166666666666667,0,0.333333333333333,NA,NA,NA,NA,NA,0,0,0,0,0,0,0,0,0.166666666666667,0,0.333333333333333,NA,NA,NA,NA,NA
"759",3,3,6,0,6,6,0,0,6,0,0,0,0,0,0,0,0,0,0,0,0,0,0,0,2,0,0,0,0,0,0,0,0,0,4,0,2,4,0,0,3,0,0,0,0,0,0,0,0.1,0.1,0.2,0,0.2,0.2,0,0,0.2,0,0,0,0,0,0,0,0,0,0,NA,0,0,NA,NA,0.333333333333333,NA,NA,NA,NA,NA,NA,NA,0,0,0.666666666666667,NA,0.333333333333333,0.666666666666667,NA,NA,0.5,NA,NA,NA,NA,NA,NA,NA,0,0,4,0,2,4,0,0,3,0,0,0,0,0,0,0,3,3,2,0,4,2,0,0,1,0,0,0,0,0,0,0,0,0,0,0,0,0,0,0,0,0,0,0,0,0,0,0,0,0,0,0,0,0,0,0,2,0,0,0,0,0,0,0,0,0,0.666666666666667,NA,0.333333333333333,0.666666666666667,NA,NA,0.5,NA,NA,NA,NA,NA,NA,NA,1,1,0.333333333333333,NA,0.666666666666667,0.333333333333333,NA,NA,0.166666666666667,NA,NA,NA,NA,NA,NA,NA,0,0,0,NA,0,0,NA,NA,0,NA,NA,NA,NA,NA,NA,NA,0,0,0,NA,0,0,NA,NA,0.333333333333333,NA,NA,NA,NA,NA,NA,NA
"760",3,3,6,6,6,6,0,0,6,6,0,0,6,0,0,0,0,0,1,2,1,0,0,0,1,2,0,0,1,0,0,0,0,1,1,2,1,2,0,0,1,3,0,0,1,0,0,0,0.0625,0.0625,0.125,0.125,0.125,0.125,0,0,0.125,0.125,0,0,0.125,0,0,0,0,0,0.166666666666667,0.333333333333333,0.166666666666667,0,NA,NA,0.166666666666667,0.333333333333333,NA,NA,0.166666666666667,NA,NA,NA,0,0.333333333333333,0.166666666666667,0.333333333333333,0.166666666666667,0.333333333333333,NA,NA,0.166666666666667,0.5,NA,NA,0.166666666666667,NA,NA,NA,0,1,1,0,1,2,0,0,1,2,0,0,1,0,0,0,3,2,4,4,4,4,0,0,4,2,0,0,4,0,0,0,0,0,0,2,0,0,0,0,0,1,0,0,0,0,0,0,0,0,1,0,1,0,0,0,1,1,0,0,1,0,0,0,0,0.333333333333333,0.166666666666667,0,0.166666666666667,0.333333333333333,NA,NA,0.166666666666667,0.333333333333333,NA,NA,0.166666666666667,NA,NA,NA,1,0.666666666666667,0.666666666666667,0.666666666666667,0.666666666666667,0.666666666666667,NA,NA,0.666666666666667,0.333333333333333,NA,NA,0.666666666666667,NA,NA,NA,0,0,0,0.333333333333333,0,0,NA,NA,0,0.166666666666667,NA,NA,0,NA,NA,NA,0,0,0.166666666666667,0,0.166666666666667,0,NA,NA,0.166666666666667,0.166666666666667,NA,NA,0.166666666666667,NA,NA,NA
"761",3,3,3,3,3,6,6,6,6,0,0,0,6,0,0,0,0,0,0,0,0,1,0,1,0,0,0,0,1,0,0,0,0,1,0,0,0,4,5,5,2,0,0,0,4,0,0,0,0.0666666666666667,0.0666666666666667,0.0666666666666667,0.0666666666666667,0.0666666666666667,0.133333333333333,0.133333333333333,0.133333333333333,0.133333333333333,0,0,0,0.133333333333333,0,0,0,0,0,0,0,0,0.166666666666667,0,0.166666666666667,0,NA,NA,NA,0.166666666666667,NA,NA,NA,0,0.333333333333333,0,0,0,0.666666666666667,0.833333333333333,0.833333333333333,0.333333333333333,NA,NA,NA,0.666666666666667,NA,NA,NA,0,1,0,0,0,3,5,4,2,0,0,0,4,0,0,0,3,2,3,3,3,2,1,1,4,0,0,0,1,0,0,0,0,0,0,0,0,1,0,1,0,0,0,0,0,0,0,0,0,0,0,0,0,0,0,0,0,0,0,0,1,0,0,0,0,0.333333333333333,0,0,0,0.5,0.833333333333333,0.666666666666667,0.333333333333333,NA,NA,NA,0.666666666666667,NA,NA,NA,1,0.666666666666667,1,1,1,0.333333333333333,0.166666666666667,0.166666666666667,0.666666666666667,NA,NA,NA,0.166666666666667,NA,NA,NA,0,0,0,0,0,0.166666666666667,0,0.166666666666667,0,NA,NA,NA,0,NA,NA,NA,0,0,0,0,0,0,0,0,0,NA,NA,NA,0.166666666666667,NA,NA,NA
"762",3,3,6,0,0,6,0,0,3,6,0,0,6,0,0,0,0,0,0,0,0,1,0,0,0,0,0,0,0,0,0,0,0,1,4,0,0,0,0,0,1,4,0,0,3,0,0,0,0.0909090909090909,0.0909090909090909,0.181818181818182,0,0,0.181818181818182,0,0,0.0909090909090909,0.181818181818182,0,0,0.181818181818182,0,0,0,0,0,0,NA,NA,0.166666666666667,NA,NA,0,0,NA,NA,0,NA,NA,NA,0,0.333333333333333,0.666666666666667,NA,NA,0,NA,NA,0.333333333333333,0.666666666666667,NA,NA,0.5,NA,NA,NA,0,1,4,0,0,0,0,0,1,4,0,0,3,0,0,0,3,2,2,0,0,5,0,0,2,2,0,0,3,0,0,0,0,0,0,0,0,0,0,0,0,0,0,0,0,0,0,0,0,0,0,0,0,1,0,0,0,0,0,0,0,0,0,0,0,0.333333333333333,0.666666666666667,NA,NA,0,NA,NA,0.333333333333333,0.666666666666667,NA,NA,0.5,NA,NA,NA,1,0.666666666666667,0.333333333333333,NA,NA,0.833333333333333,NA,NA,0.666666666666667,0.333333333333333,NA,NA,0.5,NA,NA,NA,0,0,0,NA,NA,0,NA,NA,0,0,NA,NA,0,NA,NA,NA,0,0,0,NA,NA,0.166666666666667,NA,NA,0,0,NA,NA,0,NA,NA,NA
"763",3,3,3,6,6,6,6,3,0,6,0,0,0,0,0,0,0,0,0,0,2,0,1,1,0,2,0,0,0,0,0,0,0,1,0,3,1,2,5,2,0,6,0,0,0,0,0,0,0.0714285714285714,0.0714285714285714,0.0714285714285714,0.142857142857143,0.142857142857143,0.142857142857143,0.142857142857143,0.0714285714285714,0,0.142857142857143,0,0,0,0,0,0,0,0,0,0,0.333333333333333,0,0.166666666666667,0.333333333333333,NA,0.333333333333333,NA,NA,NA,NA,NA,NA,0,0.333333333333333,0,0.5,0.166666666666667,0.333333333333333,0.833333333333333,0.666666666666667,NA,1,NA,NA,NA,NA,NA,NA,0,1,0,3,0,2,4,1,0,4,0,0,0,0,0,0,3,2,3,3,4,4,1,1,0,0,0,0,0,0,0,0,0,0,0,0,1,0,1,1,0,2,0,0,0,0,0,0,0,0,0,0,1,0,0,0,0,0,0,0,0,0,0,0,0,0.333333333333333,0,0.5,0,0.333333333333333,0.666666666666667,0.333333333333333,NA,0.666666666666667,NA,NA,NA,NA,NA,NA,1,0.666666666666667,1,0.5,0.666666666666667,0.666666666666667,0.166666666666667,0.333333333333333,NA,0,NA,NA,NA,NA,NA,NA,0,0,0,0,0.166666666666667,0,0.166666666666667,0.333333333333333,NA,0.333333333333333,NA,NA,NA,NA,NA,NA,0,0,0,0,0.166666666666667,0,0,0,NA,0,NA,NA,NA,NA,NA,NA
"764",3,6,0,0,3,0,0,0,6,0,0,0,6,0,0,0,0,0,0,0,0,0,0,0,0,0,0,0,2,0,0,0,0,5,0,0,0,0,0,0,0,0,0,0,3,0,0,0,0.125,0.25,0,0,0.125,0,0,0,0.25,0,0,0,0.25,0,0,0,0,0,NA,NA,0,NA,NA,NA,0,NA,NA,NA,0.333333333333333,NA,NA,NA,0,0.833333333333333,NA,NA,0,NA,NA,NA,0,NA,NA,NA,0.5,NA,NA,NA,0,5,0,0,0,0,0,0,0,0,0,0,2,0,0,0,3,1,0,0,3,0,0,0,6,0,0,0,2,0,0,0,0,0,0,0,0,0,0,0,0,0,0,0,1,0,0,0,0,0,0,0,0,0,0,0,0,0,0,0,1,0,0,0,0,0.833333333333333,NA,NA,0,NA,NA,NA,0,NA,NA,NA,0.333333333333333,NA,NA,NA,1,0.166666666666667,NA,NA,1,NA,NA,NA,1,NA,NA,NA,0.333333333333333,NA,NA,NA,0,0,NA,NA,0,NA,NA,NA,0,NA,NA,NA,0.166666666666667,NA,NA,NA,0,0,NA,NA,0,NA,NA,NA,0,NA,NA,NA,0.166666666666667,NA,NA,NA
"765",3,3,3,6,0,0,6,6,6,6,6,0,3,0,0,0,0,0,0,0,0,0,0,4,1,0,1,0,1,0,0,0,0,0,0,2,0,0,2,6,2,5,5,0,3,0,0,0,0.0625,0.0625,0.0625,0.125,0,0,0.125,0.125,0.125,0.125,0.125,0,0.0625,0,0,0,0,0,0,0,NA,NA,0,0.666666666666667,0.166666666666667,0,0.166666666666667,NA,0.333333333333333,NA,NA,NA,0,0,0,0.333333333333333,NA,NA,0.333333333333333,1,0.333333333333333,0.833333333333333,0.833333333333333,NA,1,NA,NA,NA,0,0,0,2,0,0,2,2,1,5,4,0,2,0,0,0,3,3,3,4,0,0,4,0,4,1,1,0,0,0,0,0,0,0,0,0,0,0,0,4,1,0,1,0,1,0,0,0,0,0,0,0,0,0,0,0,0,0,0,0,0,0,0,0,0,0,0,0.333333333333333,NA,NA,0.333333333333333,0.333333333333333,0.166666666666667,0.833333333333333,0.666666666666667,NA,0.666666666666667,NA,NA,NA,1,1,1,0.666666666666667,NA,NA,0.666666666666667,0,0.666666666666667,0.166666666666667,0.166666666666667,NA,0,NA,NA,NA,0,0,0,0,NA,NA,0,0.666666666666667,0.166666666666667,0,0.166666666666667,NA,0.333333333333333,NA,NA,NA,0,0,0,0,NA,NA,0,0,0,0,0,NA,0,NA,NA,NA
"766",3,6,6,0,0,3,0,0,3,6,0,0,6,6,0,0,0,0,1,0,0,0,0,0,0,1,0,0,1,3,0,0,0,1,3,0,0,0,0,0,0,2,0,0,2,5,0,0,0.0769230769230769,0.153846153846154,0.153846153846154,0,0,0.0769230769230769,0,0,0.0769230769230769,0.153846153846154,0,0,0.153846153846154,0.153846153846154,0,0,0,0,0.166666666666667,NA,NA,0,NA,NA,0,0.166666666666667,NA,NA,0.166666666666667,0.5,NA,NA,0,0.166666666666667,0.5,NA,NA,0,NA,NA,0,0.333333333333333,NA,NA,0.333333333333333,0.833333333333333,NA,NA,0,1,3,0,0,0,0,0,0,1,0,0,2,2,0,0,3,5,2,0,0,3,0,0,3,4,0,0,3,1,0,0,0,0,0,0,0,0,0,0,0,1,0,0,0,3,0,0,0,0,1,0,0,0,0,0,0,0,0,0,1,0,0,0,0,0.166666666666667,0.5,NA,NA,0,NA,NA,0,0.166666666666667,NA,NA,0.333333333333333,0.333333333333333,NA,NA,1,0.833333333333333,0.333333333333333,NA,NA,1,NA,NA,1,0.666666666666667,NA,NA,0.5,0.166666666666667,NA,NA,0,0,0,NA,NA,0,NA,NA,0,0.166666666666667,NA,NA,0,0.5,NA,NA,0,0,0.166666666666667,NA,NA,0,NA,NA,0,0,NA,NA,0.166666666666667,0,NA,NA
"767",3,3,3,6,3,3,6,0,6,6,0,0,6,0,0,0,0,0,0,0,0,0,2,0,1,0,0,0,2,0,0,0,1,0,0,4,0,0,6,0,2,4,0,0,2,0,0,0,0.0666666666666667,0.0666666666666667,0.0666666666666667,0.133333333333333,0.0666666666666667,0.0666666666666667,0.133333333333333,0,0.133333333333333,0.133333333333333,0,0,0.133333333333333,0,0,0,0,0,0,0,0,0,0.333333333333333,NA,0.166666666666667,0,NA,NA,0.333333333333333,NA,NA,NA,0.333333333333333,0,0,0.666666666666667,0,0,1,NA,0.333333333333333,0.666666666666667,NA,NA,0.333333333333333,NA,NA,NA,1,0,0,4,0,0,4,0,2,4,0,0,1,0,0,0,2,3,3,2,3,3,0,0,3,2,0,0,3,0,0,0,0,0,0,0,0,0,2,0,0,0,0,0,1,0,0,0,0,0,0,0,0,0,0,0,1,0,0,0,1,0,0,0,0.333333333333333,0,0,0.666666666666667,0,0,0.666666666666667,NA,0.333333333333333,0.666666666666667,NA,NA,0.166666666666667,NA,NA,NA,0.666666666666667,1,1,0.333333333333333,1,1,0,NA,0.5,0.333333333333333,NA,NA,0.5,NA,NA,NA,0,0,0,0,0,0,0.333333333333333,NA,0,0,NA,NA,0.166666666666667,NA,NA,NA,0,0,0,0,0,0,0,NA,0.166666666666667,0,NA,NA,0.166666666666667,NA,NA,NA
"768",6,6,0,0,6,0,0,0,6,0,0,0,0,0,0,0,0,2,0,0,0,0,0,0,1,0,0,0,0,0,0,0,0,2,0,0,0,0,0,0,3,0,0,0,0,0,0,0,0.25,0.25,0,0,0.25,0,0,0,0.25,0,0,0,0,0,0,0,0,0.333333333333333,NA,NA,0,NA,NA,NA,0.166666666666667,NA,NA,NA,NA,NA,NA,NA,0,0.333333333333333,NA,NA,0,NA,NA,NA,0.5,NA,NA,NA,NA,NA,NA,NA,0,2,0,0,0,0,0,0,3,0,0,0,0,0,0,0,6,2,0,0,6,0,0,0,2,0,0,0,0,0,0,0,0,0,0,0,0,0,0,0,0,0,0,0,0,0,0,0,0,2,0,0,0,0,0,0,1,0,0,0,0,0,0,0,0,0.333333333333333,NA,NA,0,NA,NA,NA,0.5,NA,NA,NA,NA,NA,NA,NA,1,0.333333333333333,NA,NA,1,NA,NA,NA,0.333333333333333,NA,NA,NA,NA,NA,NA,NA,0,0,NA,NA,0,NA,NA,NA,0,NA,NA,NA,NA,NA,NA,NA,0,0.333333333333333,NA,NA,0,NA,NA,NA,0.166666666666667,NA,NA,NA,NA,NA,NA,NA
"769",3,3,6,6,0,6,0,3,6,6,0,0,6,0,0,0,0,0,0,2,0,0,0,2,0,1,0,0,1,0,0,0,0,0,3,1,0,2,0,1,2,4,0,0,1,0,0,0,0.0666666666666667,0.0666666666666667,0.133333333333333,0.133333333333333,0,0.133333333333333,0,0.0666666666666667,0.133333333333333,0.133333333333333,0,0,0.133333333333333,0,0,0,0,0,0,0.333333333333333,NA,0,NA,0.666666666666667,0,0.166666666666667,NA,NA,0.166666666666667,NA,NA,NA,0,0,0.5,0.166666666666667,NA,0.333333333333333,NA,0.333333333333333,0.333333333333333,0.666666666666667,NA,NA,0.166666666666667,NA,NA,NA,0,0,3,1,0,2,0,1,2,3,0,0,1,0,0,0,3,3,3,3,0,4,0,0,4,2,0,0,4,0,0,0,0,0,0,0,0,0,0,0,0,1,0,0,0,0,0,0,0,0,0,2,0,0,0,2,0,0,0,0,1,0,0,0,0,0,0.5,0.166666666666667,NA,0.333333333333333,NA,0.333333333333333,0.333333333333333,0.5,NA,NA,0.166666666666667,NA,NA,NA,1,1,0.5,0.5,NA,0.666666666666667,NA,0,0.666666666666667,0.333333333333333,NA,NA,0.666666666666667,NA,NA,NA,0,0,0,0,NA,0,NA,0,0,0.166666666666667,NA,NA,0,NA,NA,NA,0,0,0,0.333333333333333,NA,0,NA,0.666666666666667,0,0,NA,NA,0.166666666666667,NA,NA,NA
"770",3,3,3,6,6,6,6,6,0,0,0,0,0,0,0,0,0,0,0,0,2,0,1,2,0,0,0,0,0,0,0,0,0,0,1,2,1,3,5,2,0,0,0,0,0,0,0,0,0.0769230769230769,0.0769230769230769,0.0769230769230769,0.153846153846154,0.153846153846154,0.153846153846154,0.153846153846154,0.153846153846154,0,0,0,0,0,0,0,0,0,0,0,0,0.333333333333333,0,0.166666666666667,0.333333333333333,NA,NA,NA,NA,NA,NA,NA,NA,0,0,0.333333333333333,0.333333333333333,0.166666666666667,0.5,0.833333333333333,0.333333333333333,NA,NA,NA,NA,NA,NA,NA,NA,0,0,1,2,1,3,4,1,0,0,0,0,0,0,0,0,3,3,2,4,3,3,1,3,0,0,0,0,0,0,0,0,0,0,0,0,0,0,1,1,0,0,0,0,0,0,0,0,0,0,0,0,2,0,0,1,0,0,0,0,0,0,0,0,0,0,0.333333333333333,0.333333333333333,0.166666666666667,0.5,0.666666666666667,0.166666666666667,NA,NA,NA,NA,NA,NA,NA,NA,1,1,0.666666666666667,0.666666666666667,0.5,0.5,0.166666666666667,0.5,NA,NA,NA,NA,NA,NA,NA,NA,0,0,0,0,0,0,0.166666666666667,0.166666666666667,NA,NA,NA,NA,NA,NA,NA,NA,0,0,0,0,0.333333333333333,0,0,0.166666666666667,NA,NA,NA,NA,NA,NA,NA,NA
"771",3,3,6,0,0,3,0,0,3,6,0,0,6,0,0,0,0,0,0,0,0,0,0,0,0,0,0,0,0,0,0,0,1,0,3,0,0,1,0,0,1,4,0,0,1,0,0,0,0.1,0.1,0.2,0,0,0.1,0,0,0.1,0.2,0,0,0.2,0,0,0,0,0,0,NA,NA,0,NA,NA,0,0,NA,NA,0,NA,NA,NA,0.333333333333333,0,0.5,NA,NA,0.333333333333333,NA,NA,0.333333333333333,0.666666666666667,NA,NA,0.166666666666667,NA,NA,NA,1,0,3,0,0,1,0,0,1,4,0,0,1,0,0,0,2,3,3,0,0,2,0,0,2,2,0,0,5,0,0,0,0,0,0,0,0,0,0,0,0,0,0,0,0,0,0,0,0,0,0,0,0,0,0,0,0,0,0,0,0,0,0,0,0.333333333333333,0,0.5,NA,NA,0.333333333333333,NA,NA,0.333333333333333,0.666666666666667,NA,NA,0.166666666666667,NA,NA,NA,0.666666666666667,1,0.5,NA,NA,0.666666666666667,NA,NA,0.666666666666667,0.333333333333333,NA,NA,0.833333333333333,NA,NA,NA,0,0,0,NA,NA,0,NA,NA,0,0,NA,NA,0,NA,NA,NA,0,0,0,NA,NA,0,NA,NA,0,0,NA,NA,0,NA,NA,NA
"772",3,6,3,0,6,0,0,0,6,0,0,0,6,0,0,0,0,1,1,0,0,0,0,0,1,0,0,0,1,0,0,0,0,2,0,0,2,0,0,0,0,0,0,0,6,0,0,0,0.1,0.2,0.1,0,0.2,0,0,0,0.2,0,0,0,0.2,0,0,0,0,0.166666666666667,0.333333333333333,NA,0,NA,NA,NA,0.166666666666667,NA,NA,NA,0.166666666666667,NA,NA,NA,0,0.333333333333333,0,NA,0.333333333333333,NA,NA,NA,0,NA,NA,NA,1,NA,NA,NA,0,2,0,0,2,0,0,0,0,0,0,0,5,0,0,0,3,3,2,0,4,0,0,0,5,0,0,0,0,0,0,0,0,0,0,0,0,0,0,0,0,0,0,0,1,0,0,0,0,1,1,0,0,0,0,0,1,0,0,0,0,0,0,0,0,0.333333333333333,0,NA,0.333333333333333,NA,NA,NA,0,NA,NA,NA,0.833333333333333,NA,NA,NA,1,0.5,0.666666666666667,NA,0.666666666666667,NA,NA,NA,0.833333333333333,NA,NA,NA,0,NA,NA,NA,0,0,0,NA,0,NA,NA,NA,0,NA,NA,NA,0.166666666666667,NA,NA,NA,0,0.166666666666667,0.333333333333333,NA,0,NA,NA,NA,0.166666666666667,NA,NA,NA,0,NA,NA,NA
"773",3,3,3,6,6,6,6,6,0,0,0,0,0,0,0,0,0,0,0,0,2,0,1,2,0,0,0,0,0,0,0,0,0,0,1,1,0,3,5,4,0,0,0,0,0,0,0,0,0.0769230769230769,0.0769230769230769,0.0769230769230769,0.153846153846154,0.153846153846154,0.153846153846154,0.153846153846154,0.153846153846154,0,0,0,0,0,0,0,0,0,0,0,0,0.333333333333333,0,0.166666666666667,0.333333333333333,NA,NA,NA,NA,NA,NA,NA,NA,0,0,0.333333333333333,0.166666666666667,0,0.5,0.833333333333333,0.666666666666667,NA,NA,NA,NA,NA,NA,NA,NA,0,0,1,1,0,3,4,3,0,0,0,0,0,0,0,0,3,3,2,5,4,3,1,1,0,0,0,0,0,0,0,0,0,0,0,0,0,0,1,1,0,0,0,0,0,0,0,0,0,0,0,0,2,0,0,1,0,0,0,0,0,0,0,0,0,0,0.333333333333333,0.166666666666667,0,0.5,0.666666666666667,0.5,NA,NA,NA,NA,NA,NA,NA,NA,1,1,0.666666666666667,0.833333333333333,0.666666666666667,0.5,0.166666666666667,0.166666666666667,NA,NA,NA,NA,NA,NA,NA,NA,0,0,0,0,0,0,0.166666666666667,0.166666666666667,NA,NA,NA,NA,NA,NA,NA,NA,0,0,0,0,0.333333333333333,0,0,0.166666666666667,NA,NA,NA,NA,NA,NA,NA,NA
"774",3,3,6,6,3,6,0,3,6,6,0,0,6,0,0,0,0,0,0,1,0,1,0,2,1,0,0,0,2,0,0,0,0,0,2,2,1,0,0,1,1,3,0,0,2,0,0,0,0.0625,0.0625,0.125,0.125,0.0625,0.125,0,0.0625,0.125,0.125,0,0,0.125,0,0,0,0,0,0,0.166666666666667,0,0.166666666666667,NA,0.666666666666667,0.166666666666667,0,NA,NA,0.333333333333333,NA,NA,NA,0,0,0.333333333333333,0.333333333333333,0.333333333333333,0,NA,0.333333333333333,0.166666666666667,0.5,NA,NA,0.333333333333333,NA,NA,NA,0,0,2,2,1,0,0,0,1,3,0,0,1,0,0,0,3,3,4,3,2,5,0,1,4,3,0,0,3,0,0,0,0,0,0,0,0,0,0,1,0,0,0,0,1,0,0,0,0,0,0,1,0,1,0,1,1,0,0,0,1,0,0,0,0,0,0.333333333333333,0.333333333333333,0.333333333333333,0,NA,0,0.166666666666667,0.5,NA,NA,0.166666666666667,NA,NA,NA,1,1,0.666666666666667,0.5,0.666666666666667,0.833333333333333,NA,0.333333333333333,0.666666666666667,0.5,NA,NA,0.5,NA,NA,NA,0,0,0,0,0,0,NA,0.333333333333333,0,0,NA,NA,0.166666666666667,NA,NA,NA,0,0,0,0.166666666666667,0,0.166666666666667,NA,0.333333333333333,0.166666666666667,0,NA,NA,0.166666666666667,NA,NA,NA
"775",3,6,6,3,3,6,6,6,3,3,0,0,3,0,0,0,0,0,1,0,0,0,1,1,0,2,0,0,0,0,0,0,0,1,1,1,0,3,5,4,0,2,0,0,0,0,0,0,0.0625,0.125,0.125,0.0625,0.0625,0.125,0.125,0.125,0.0625,0.0625,0,0,0.0625,0,0,0,0,0,0.166666666666667,0,0,0,0.166666666666667,0.166666666666667,0,0.666666666666667,NA,NA,0,NA,NA,NA,0,0.166666666666667,0.166666666666667,0.333333333333333,0,0.5,0.833333333333333,0.666666666666667,0,0.666666666666667,NA,NA,0,NA,NA,NA,0,1,1,1,0,3,5,3,0,1,0,0,0,0,0,0,3,5,4,2,3,3,0,2,3,0,0,0,3,0,0,0,0,0,0,0,0,0,0,1,0,1,0,0,0,0,0,0,0,0,1,0,0,0,1,0,0,1,0,0,0,0,0,0,0,0.166666666666667,0.166666666666667,0.333333333333333,0,0.5,0.833333333333333,0.5,0,0.333333333333333,NA,NA,0,NA,NA,NA,1,0.833333333333333,0.666666666666667,0.666666666666667,1,0.5,0,0.333333333333333,1,0,NA,NA,1,NA,NA,NA,0,0,0,0,0,0,0,0.166666666666667,0,0.333333333333333,NA,NA,0,NA,NA,NA,0,0,0.166666666666667,0,0,0,0.166666666666667,0,0,0.333333333333333,NA,NA,0,NA,NA,NA
"776",3,6,6,3,6,3,0,0,6,6,0,0,0,0,0,0,0,0,1,2,0,0,0,0,2,0,0,0,0,0,0,0,0,1,2,1,2,1,0,0,2,4,0,0,0,0,0,0,0.0769230769230769,0.153846153846154,0.153846153846154,0.0769230769230769,0.153846153846154,0.0769230769230769,0,0,0.153846153846154,0.153846153846154,0,0,0,0,0,0,0,0,0.166666666666667,0.666666666666667,0,0,NA,NA,0.333333333333333,0,NA,NA,NA,NA,NA,NA,0,0.166666666666667,0.333333333333333,0.333333333333333,0.333333333333333,0.333333333333333,NA,NA,0.333333333333333,0.666666666666667,NA,NA,NA,NA,NA,NA,0,1,2,0,2,1,0,0,2,4,0,0,0,0,0,0,3,5,3,1,4,2,0,0,2,2,0,0,0,0,0,0,0,0,0,1,0,0,0,0,0,0,0,0,0,0,0,0,0,0,1,1,0,0,0,0,2,0,0,0,0,0,0,0,0,0.166666666666667,0.333333333333333,0,0.333333333333333,0.333333333333333,NA,NA,0.333333333333333,0.666666666666667,NA,NA,NA,NA,NA,NA,1,0.833333333333333,0.5,0.333333333333333,0.666666666666667,0.666666666666667,NA,NA,0.333333333333333,0.333333333333333,NA,NA,NA,NA,NA,NA,0,0,0,0.333333333333333,0,0,NA,NA,0,0,NA,NA,NA,NA,NA,NA,0,0,0.166666666666667,0.333333333333333,0,0,NA,NA,0.333333333333333,0,NA,NA,NA,NA,NA,NA
"777",3,3,6,6,6,6,6,3,3,0,0,0,6,0,0,0,0,0,0,1,0,0,2,1,0,0,0,0,1,0,0,0,0,0,0,2,2,3,4,2,0,0,0,0,2,0,0,0,0.0625,0.0625,0.125,0.125,0.125,0.125,0.125,0.0625,0.0625,0,0,0,0.125,0,0,0,0,0,0,0.166666666666667,0,0,0.333333333333333,0.333333333333333,0,NA,NA,NA,0.166666666666667,NA,NA,NA,0,0,0,0.333333333333333,0.333333333333333,0.5,0.666666666666667,0.666666666666667,0,NA,NA,NA,0.333333333333333,NA,NA,NA,0,0,0,1,2,3,2,2,0,0,0,0,2,0,0,0,3,3,6,4,4,3,2,0,3,0,0,0,3,0,0,0,0,0,0,1,0,0,2,0,0,0,0,0,0,0,0,0,0,0,0,0,0,0,0,1,0,0,0,0,1,0,0,0,0,0,0,0.166666666666667,0.333333333333333,0.5,0.333333333333333,0.666666666666667,0,NA,NA,NA,0.333333333333333,NA,NA,NA,1,1,1,0.666666666666667,0.666666666666667,0.5,0.333333333333333,0,1,NA,NA,NA,0.5,NA,NA,NA,0,0,0,0.166666666666667,0,0,0.333333333333333,0,0,NA,NA,NA,0,NA,NA,NA,0,0,0,0,0,0,0,0.333333333333333,0,NA,NA,NA,0.166666666666667,NA,NA,NA
"778",3,3,3,3,3,0,6,6,6,6,6,0,3,0,0,0,0,0,0,0,0,0,1,0,1,1,1,0,1,0,0,0,1,1,1,1,0,0,2,4,0,4,5,0,2,0,0,0,0.0625,0.0625,0.0625,0.0625,0.0625,0,0.125,0.125,0.125,0.125,0.125,0,0.0625,0,0,0,0,0,0,0,0,NA,0.166666666666667,0,0.166666666666667,0.166666666666667,0.166666666666667,NA,0.333333333333333,NA,NA,NA,0.333333333333333,0.333333333333333,0.333333333333333,0.333333333333333,0,NA,0.333333333333333,0.666666666666667,0,0.666666666666667,0.833333333333333,NA,0.666666666666667,NA,NA,NA,1,1,1,1,0,0,2,4,0,4,4,0,2,0,0,0,2,2,2,2,3,0,3,2,5,1,1,0,0,0,0,0,0,0,0,0,0,0,0,0,0,0,1,0,0,0,0,0,0,0,0,0,0,0,1,0,1,1,0,0,1,0,0,0,0.333333333333333,0.333333333333333,0.333333333333333,0.333333333333333,0,NA,0.333333333333333,0.666666666666667,0,0.666666666666667,0.666666666666667,NA,0.666666666666667,NA,NA,NA,0.666666666666667,0.666666666666667,0.666666666666667,0.666666666666667,1,NA,0.5,0.333333333333333,0.833333333333333,0.166666666666667,0.166666666666667,NA,0,NA,NA,NA,0,0,0,0,0,NA,0,0,0,0,0.166666666666667,NA,0,NA,NA,NA,0,0,0,0,0,NA,0.166666666666667,0,0.166666666666667,0.166666666666667,0,NA,0.333333333333333,NA,NA,NA
"779",3,3,3,6,0,3,6,3,6,6,0,0,3,0,0,0,0,0,0,0,0,0,1,1,1,0,0,0,2,0,0,0,0,0,1,2,0,0,3,3,0,5,0,0,2,0,0,0,0.0714285714285714,0.0714285714285714,0.0714285714285714,0.142857142857143,0,0.0714285714285714,0.142857142857143,0.0714285714285714,0.142857142857143,0.142857142857143,0,0,0.0714285714285714,0,0,0,0,0,0,0,NA,0,0.166666666666667,0.333333333333333,0.166666666666667,0,NA,NA,0.666666666666667,NA,NA,NA,0,0,0.333333333333333,0.333333333333333,NA,0,0.5,1,0,0.833333333333333,NA,NA,0.666666666666667,NA,NA,NA,0,0,1,2,0,0,2,2,0,5,0,0,1,0,0,0,3,3,2,4,0,3,3,0,5,1,0,0,0,0,0,0,0,0,0,0,0,0,1,1,0,0,0,0,1,0,0,0,0,0,0,0,0,0,0,0,1,0,0,0,1,0,0,0,0,0,0.333333333333333,0.333333333333333,NA,0,0.333333333333333,0.666666666666667,0,0.833333333333333,NA,NA,0.333333333333333,NA,NA,NA,1,1,0.666666666666667,0.666666666666667,NA,1,0.5,0,0.833333333333333,0.166666666666667,NA,NA,0,NA,NA,NA,0,0,0,0,NA,0,0.166666666666667,0.333333333333333,0,0,NA,NA,0.333333333333333,NA,NA,NA,0,0,0,0,NA,0,0,0,0.166666666666667,0,NA,NA,0.333333333333333,NA,NA,NA
"780",6,3,6,6,6,3,0,0,6,6,0,0,0,0,0,0,0,0,0,2,1,0,0,0,2,0,0,0,0,0,0,0,2,0,0,3,0,1,0,0,1,3,0,0,0,0,0,0,0.142857142857143,0.0714285714285714,0.142857142857143,0.142857142857143,0.142857142857143,0.0714285714285714,0,0,0.142857142857143,0.142857142857143,0,0,0,0,0,0,0,0,0,0.333333333333333,0.166666666666667,0,NA,NA,0.333333333333333,0,NA,NA,NA,NA,NA,NA,0.333333333333333,0,0,0.5,0,0.333333333333333,NA,NA,0.166666666666667,0.5,NA,NA,NA,NA,NA,NA,2,0,0,2,0,1,0,0,1,3,0,0,0,0,0,0,4,3,6,2,5,2,0,0,3,3,0,0,0,0,0,0,0,0,0,1,0,0,0,0,0,0,0,0,0,0,0,0,0,0,0,1,1,0,0,0,2,0,0,0,0,0,0,0,0.333333333333333,0,0,0.333333333333333,0,0.333333333333333,NA,NA,0.166666666666667,0.5,NA,NA,NA,NA,NA,NA,0.666666666666667,1,1,0.333333333333333,0.833333333333333,0.666666666666667,NA,NA,0.5,0.5,NA,NA,NA,NA,NA,NA,0,0,0,0.166666666666667,0,0,NA,NA,0,0,NA,NA,NA,NA,NA,NA,0,0,0,0.166666666666667,0.166666666666667,0,NA,NA,0.333333333333333,0,NA,NA,NA,NA,NA,NA
"781",3,3,3,6,3,3,6,6,6,6,0,0,3,0,0,0,0,0,0,0,0,0,0,2,2,0,0,0,2,0,0,0,0,0,0,1,1,0,6,2,0,5,0,0,1,0,0,0,0.0625,0.0625,0.0625,0.125,0.0625,0.0625,0.125,0.125,0.125,0.125,0,0,0.0625,0,0,0,0,0,0,0,0,0,0,0.333333333333333,0.333333333333333,0,NA,NA,0.666666666666667,NA,NA,NA,0,0,0,0.166666666666667,0.333333333333333,0,1,0.333333333333333,0,0.833333333333333,NA,NA,0.333333333333333,NA,NA,NA,0,0,0,1,1,0,6,1,0,5,0,0,0,0,0,0,3,3,3,5,2,3,0,3,4,1,0,0,1,0,0,0,0,0,0,0,0,0,0,1,0,0,0,0,1,0,0,0,0,0,0,0,0,0,0,1,2,0,0,0,1,0,0,0,0,0,0,0.166666666666667,0.333333333333333,0,1,0.166666666666667,0,0.833333333333333,NA,NA,0,NA,NA,NA,1,1,1,0.833333333333333,0.666666666666667,1,0,0.5,0.666666666666667,0.166666666666667,NA,NA,0.333333333333333,NA,NA,NA,0,0,0,0,0,0,0,0.166666666666667,0,0,NA,NA,0.333333333333333,NA,NA,NA,0,0,0,0,0,0,0,0.166666666666667,0.333333333333333,0,NA,NA,0.333333333333333,NA,NA,NA
"782",3,3,3,6,0,3,6,6,6,6,0,0,6,0,0,0,0,0,0,0,0,0,2,3,0,0,0,0,2,0,0,0,0,0,1,0,0,1,2,3,0,4,0,0,2,0,0,0,0.0625,0.0625,0.0625,0.125,0,0.0625,0.125,0.125,0.125,0.125,0,0,0.125,0,0,0,0,0,0,0,NA,0,0.333333333333333,0.5,0,0,NA,NA,0.333333333333333,NA,NA,NA,0,0,0.333333333333333,0,NA,0.333333333333333,0.333333333333333,0.5,0,0.666666666666667,NA,NA,0.333333333333333,NA,NA,NA,0,0,1,0,0,1,2,1,0,4,0,0,2,0,0,0,3,3,2,6,0,2,2,2,6,2,0,0,2,0,0,0,0,0,0,0,0,0,0,2,0,0,0,0,0,0,0,0,0,0,0,0,0,0,2,1,0,0,0,0,2,0,0,0,0,0,0.333333333333333,0,NA,0.333333333333333,0.333333333333333,0.166666666666667,0,0.666666666666667,NA,NA,0.333333333333333,NA,NA,NA,1,1,0.666666666666667,1,NA,0.666666666666667,0.333333333333333,0.333333333333333,1,0.333333333333333,NA,NA,0.333333333333333,NA,NA,NA,0,0,0,0,NA,0,0,0.333333333333333,0,0,NA,NA,0,NA,NA,NA,0,0,0,0,NA,0,0.333333333333333,0.166666666666667,0,0,NA,NA,0.333333333333333,NA,NA,NA
"783",3,3,3,6,6,6,6,6,6,0,0,0,0,0,0,0,0,0,0,0,0,2,1,2,1,0,0,0,0,0,0,0,0,0,1,1,0,1,4,3,3,0,0,0,0,0,0,0,0.0666666666666667,0.0666666666666667,0.0666666666666667,0.133333333333333,0.133333333333333,0.133333333333333,0.133333333333333,0.133333333333333,0.133333333333333,0,0,0,0,0,0,0,0,0,0,0,0,0.333333333333333,0.166666666666667,0.333333333333333,0.166666666666667,NA,NA,NA,NA,NA,NA,NA,0,0,0.333333333333333,0.166666666666667,0,0.166666666666667,0.666666666666667,0.5,0.5,NA,NA,NA,NA,NA,NA,NA,0,0,1,1,0,1,4,3,3,0,0,0,0,0,0,0,3,3,2,5,6,3,1,1,2,0,0,0,0,0,0,0,0,0,0,0,0,0,0,0,0,0,0,0,0,0,0,0,0,0,0,0,0,2,1,2,1,0,0,0,0,0,0,0,0,0,0.333333333333333,0.166666666666667,0,0.166666666666667,0.666666666666667,0.5,0.5,NA,NA,NA,NA,NA,NA,NA,1,1,0.666666666666667,0.833333333333333,1,0.5,0.166666666666667,0.166666666666667,0.333333333333333,NA,NA,NA,NA,NA,NA,NA,0,0,0,0,0,0,0,0,0,NA,NA,NA,NA,NA,NA,NA,0,0,0,0,0,0.333333333333333,0.166666666666667,0.333333333333333,0.166666666666667,NA,NA,NA,NA,NA,NA,NA
"784",3,3,6,6,0,3,6,0,3,6,3,0,3,6,0,0,0,0,0,2,0,0,0,0,0,1,1,0,0,2,0,0,0,1,1,5,0,1,3,0,1,2,2,0,1,3,0,0,0.0625,0.0625,0.125,0.125,0,0.0625,0.125,0,0.0625,0.125,0.0625,0,0.0625,0.125,0,0,0,0,0,0.333333333333333,NA,0,0,NA,0,0.166666666666667,0.333333333333333,NA,0,0.333333333333333,NA,NA,0,0.333333333333333,0.166666666666667,0.833333333333333,NA,0.333333333333333,0.5,NA,0.333333333333333,0.333333333333333,0.666666666666667,NA,0.333333333333333,0.5,NA,NA,0,1,1,3,0,1,3,0,1,1,1,0,1,1,0,0,3,2,5,1,0,2,3,0,2,4,1,0,2,3,0,0,0,0,0,2,0,0,0,0,0,1,1,0,0,2,0,0,0,0,0,0,0,0,0,0,0,0,0,0,0,0,0,0,0,0.333333333333333,0.166666666666667,0.5,NA,0.333333333333333,0.5,NA,0.333333333333333,0.166666666666667,0.333333333333333,NA,0.333333333333333,0.166666666666667,NA,NA,1,0.666666666666667,0.833333333333333,0.166666666666667,NA,0.666666666666667,0.5,NA,0.666666666666667,0.666666666666667,0.333333333333333,NA,0.666666666666667,0.5,NA,NA,0,0,0,0.333333333333333,NA,0,0,NA,0,0.166666666666667,0.333333333333333,NA,0,0.333333333333333,NA,NA,0,0,0,0,NA,0,0,NA,0,0,0,NA,0,0,NA,NA
"785",3,3,3,6,0,3,6,6,6,6,0,0,3,3,0,0,0,0,0,0,0,0,1,2,0,0,0,0,1,1,0,0,0,0,1,2,0,1,5,5,1,3,0,0,1,2,0,0,0.0625,0.0625,0.0625,0.125,0,0.0625,0.125,0.125,0.125,0.125,0,0,0.0625,0.0625,0,0,0,0,0,0,NA,0,0.166666666666667,0.333333333333333,0,0,NA,NA,0.333333333333333,0.333333333333333,NA,NA,0,0,0.333333333333333,0.333333333333333,NA,0.333333333333333,0.833333333333333,0.833333333333333,0.166666666666667,0.5,NA,NA,0.333333333333333,0.666666666666667,NA,NA,0,0,1,2,0,1,4,4,1,3,0,0,0,2,0,0,3,3,2,4,0,2,1,0,5,3,0,0,2,0,0,0,0,0,0,0,0,0,1,1,0,0,0,0,1,0,0,0,0,0,0,0,0,0,0,1,0,0,0,0,0,1,0,0,0,0,0.333333333333333,0.333333333333333,NA,0.333333333333333,0.666666666666667,0.666666666666667,0.166666666666667,0.5,NA,NA,0,0.666666666666667,NA,NA,1,1,0.666666666666667,0.666666666666667,NA,0.666666666666667,0.166666666666667,0,0.833333333333333,0.5,NA,NA,0.666666666666667,0,NA,NA,0,0,0,0,NA,0,0.166666666666667,0.166666666666667,0,0,NA,NA,0.333333333333333,0,NA,NA,0,0,0,0,NA,0,0,0.166666666666667,0,0,NA,NA,0,0.333333333333333,NA,NA
"786",3,3,3,6,6,6,6,0,3,0,0,0,0,0,0,0,0,0,0,0,1,0,1,0,1,0,0,0,0,0,0,0,0,0,0,3,0,3,4,0,0,0,0,0,0,0,0,0,0.0833333333333333,0.0833333333333333,0.0833333333333333,0.166666666666667,0.166666666666667,0.166666666666667,0.166666666666667,0,0.0833333333333333,0,0,0,0,0,0,0,0,0,0,0,0.166666666666667,0,0.166666666666667,NA,0.333333333333333,NA,NA,NA,NA,NA,NA,NA,0,0,0,0.5,0,0.5,0.666666666666667,NA,0,NA,NA,NA,NA,NA,NA,NA,0,0,0,3,0,3,3,0,0,0,0,0,0,0,0,0,3,3,3,3,5,3,2,0,2,0,0,0,0,0,0,0,0,0,0,0,0,0,1,0,0,0,0,0,0,0,0,0,0,0,0,0,1,0,0,0,1,0,0,0,0,0,0,0,0,0,0,0.5,0,0.5,0.5,NA,0,NA,NA,NA,NA,NA,NA,NA,1,1,1,0.5,0.833333333333333,0.5,0.333333333333333,NA,0.666666666666667,NA,NA,NA,NA,NA,NA,NA,0,0,0,0,0,0,0.166666666666667,NA,0,NA,NA,NA,NA,NA,NA,NA,0,0,0,0,0.166666666666667,0,0,NA,0.333333333333333,NA,NA,NA,NA,NA,NA,NA
"787",3,3,3,6,3,6,6,3,6,6,0,0,3,0,0,0,0,0,0,0,0,1,3,1,1,1,0,0,1,0,0,0,0,0,1,3,0,2,2,2,2,4,0,0,1,0,0,0,0.0625,0.0625,0.0625,0.125,0.0625,0.125,0.125,0.0625,0.125,0.125,0,0,0.0625,0,0,0,0,0,0,0,0,0.166666666666667,0.5,0.333333333333333,0.166666666666667,0.166666666666667,NA,NA,0.333333333333333,NA,NA,NA,0,0,0.333333333333333,0.5,0,0.333333333333333,0.333333333333333,0.666666666666667,0.333333333333333,0.666666666666667,NA,NA,0.333333333333333,NA,NA,NA,0,0,1,3,0,2,1,2,2,3,0,0,1,0,0,0,3,3,2,3,3,3,2,0,3,2,0,0,1,0,0,0,0,0,0,0,0,0,1,0,0,1,0,0,0,0,0,0,0,0,0,0,0,1,2,1,1,0,0,0,1,0,0,0,0,0,0.333333333333333,0.5,0,0.333333333333333,0.166666666666667,0.666666666666667,0.333333333333333,0.5,NA,NA,0.333333333333333,NA,NA,NA,1,1,0.666666666666667,0.5,1,0.5,0.333333333333333,0,0.5,0.333333333333333,NA,NA,0.333333333333333,NA,NA,NA,0,0,0,0,0,0,0.166666666666667,0,0,0.166666666666667,NA,NA,0,NA,NA,NA,0,0,0,0,0,0.166666666666667,0.333333333333333,0.333333333333333,0.166666666666667,0,NA,NA,0.333333333333333,NA,NA,NA
"788",3,3,3,6,3,6,6,6,6,6,0,0,0,0,0,0,0,0,0,1,0,0,1,3,2,0,0,0,0,0,0,0,0,0,0,1,1,2,4,3,1,4,0,0,0,0,0,0,0.0625,0.0625,0.0625,0.125,0.0625,0.125,0.125,0.125,0.125,0.125,0,0,0,0,0,0,0,0,0,0.166666666666667,0,0,0.166666666666667,0.5,0.333333333333333,0,NA,NA,NA,NA,NA,NA,0,0,0,0.166666666666667,0.333333333333333,0.333333333333333,0.666666666666667,0.5,0.166666666666667,0.666666666666667,NA,NA,NA,NA,NA,NA,0,0,0,1,1,2,4,1,1,4,0,0,0,0,0,0,3,3,3,4,2,4,1,2,3,2,0,0,0,0,0,0,0,0,0,0,0,0,0,2,0,0,0,0,0,0,0,0,0,0,0,1,0,0,1,1,2,0,0,0,0,0,0,0,0,0,0,0.166666666666667,0.333333333333333,0.333333333333333,0.666666666666667,0.166666666666667,0.166666666666667,0.666666666666667,NA,NA,NA,NA,NA,NA,1,1,1,0.666666666666667,0.666666666666667,0.666666666666667,0.166666666666667,0.333333333333333,0.5,0.333333333333333,NA,NA,NA,NA,NA,NA,0,0,0,0,0,0,0,0.333333333333333,0,0,NA,NA,NA,NA,NA,NA,0,0,0,0.166666666666667,0,0,0.166666666666667,0.166666666666667,0.333333333333333,0,NA,NA,NA,NA,NA,NA
"789",3,3,3,3,6,3,6,6,3,6,0,0,0,6,0,0,0,0,0,0,1,0,2,0,1,0,0,0,0,2,0,0,1,0,1,0,0,1,4,6,0,2,0,0,0,5,0,0,0.0625,0.0625,0.0625,0.0625,0.125,0.0625,0.125,0.125,0.0625,0.125,0,0,0,0.125,0,0,0,0,0,0,0.166666666666667,0,0.333333333333333,0,0.333333333333333,0,NA,NA,NA,0.333333333333333,NA,NA,0.333333333333333,0,0.333333333333333,0,0,0.333333333333333,0.666666666666667,1,0,0.333333333333333,NA,NA,NA,0.833333333333333,NA,NA,1,0,1,0,0,1,3,6,0,2,0,0,0,3,0,0,2,3,2,3,5,2,1,0,2,4,0,0,0,1,0,0,0,0,0,0,0,0,1,0,0,0,0,0,0,2,0,0,0,0,0,0,1,0,1,0,1,0,0,0,0,0,0,0,0.333333333333333,0,0.333333333333333,0,0,0.333333333333333,0.5,1,0,0.333333333333333,NA,NA,NA,0.5,NA,NA,0.666666666666667,1,0.666666666666667,1,0.833333333333333,0.666666666666667,0.166666666666667,0,0.666666666666667,0.666666666666667,NA,NA,NA,0.166666666666667,NA,NA,0,0,0,0,0,0,0.166666666666667,0,0,0,NA,NA,NA,0.333333333333333,NA,NA,0,0,0,0,0.166666666666667,0,0.166666666666667,0,0.333333333333333,0,NA,NA,NA,0,NA,NA
"790",3,3,3,6,3,3,6,3,6,3,0,0,3,6,0,0,0,0,0,0,0,0,0,1,1,0,0,0,1,1,0,0,0,0,1,3,0,1,4,3,2,0,0,0,1,2,0,0,0.0625,0.0625,0.0625,0.125,0.0625,0.0625,0.125,0.0625,0.125,0.0625,0,0,0.0625,0.125,0,0,0,0,0,0,0,0,0,0.333333333333333,0.166666666666667,0,NA,NA,0.333333333333333,0.166666666666667,NA,NA,0,0,0.333333333333333,0.5,0,0.333333333333333,0.666666666666667,1,0.333333333333333,0,NA,NA,0.333333333333333,0.333333333333333,NA,NA,0,0,1,3,0,1,4,2,2,0,0,0,0,2,0,0,3,3,2,3,3,2,2,0,3,3,0,0,2,3,0,0,0,0,0,0,0,0,0,1,0,0,0,0,1,0,0,0,0,0,0,0,0,0,0,0,1,0,0,0,0,1,0,0,0,0,0.333333333333333,0.5,0,0.333333333333333,0.666666666666667,0.666666666666667,0.333333333333333,0,NA,NA,0,0.333333333333333,NA,NA,1,1,0.666666666666667,0.5,1,0.666666666666667,0.333333333333333,0,0.5,1,NA,NA,0.666666666666667,0.5,NA,NA,0,0,0,0,0,0,0,0.333333333333333,0,0,NA,NA,0.333333333333333,0,NA,NA,0,0,0,0,0,0,0,0,0.166666666666667,0,NA,NA,0,0.166666666666667,NA,NA
"791",6,6,0,0,3,0,0,0,6,0,0,0,6,0,0,0,0,2,0,0,0,0,0,0,0,0,0,0,1,0,0,0,0,1,0,0,0,0,0,0,1,0,0,0,2,0,0,0,0.222222222222222,0.222222222222222,0,0,0.111111111111111,0,0,0,0.222222222222222,0,0,0,0.222222222222222,0,0,0,0,0.333333333333333,NA,NA,0,NA,NA,NA,0,NA,NA,NA,0.166666666666667,NA,NA,NA,0,0.166666666666667,NA,NA,0,NA,NA,NA,0.166666666666667,NA,NA,NA,0.333333333333333,NA,NA,NA,0,1,0,0,0,0,0,0,1,0,0,0,2,0,0,0,6,3,0,0,3,0,0,0,5,0,0,0,3,0,0,0,0,0,0,0,0,0,0,0,0,0,0,0,0,0,0,0,0,2,0,0,0,0,0,0,0,0,0,0,1,0,0,0,0,0.166666666666667,NA,NA,0,NA,NA,NA,0.166666666666667,NA,NA,NA,0.333333333333333,NA,NA,NA,1,0.5,NA,NA,1,NA,NA,NA,0.833333333333333,NA,NA,NA,0.5,NA,NA,NA,0,0,NA,NA,0,NA,NA,NA,0,NA,NA,NA,0,NA,NA,NA,0,0.333333333333333,NA,NA,0,NA,NA,NA,0,NA,NA,NA,0.166666666666667,NA,NA,NA
"792",3,3,3,6,6,6,6,6,0,6,0,0,0,0,0,0,0,0,0,1,2,0,1,3,0,3,0,0,0,0,0,0,0,0,1,2,1,1,5,4,0,5,0,0,0,0,0,0,0.0666666666666667,0.0666666666666667,0.0666666666666667,0.133333333333333,0.133333333333333,0.133333333333333,0.133333333333333,0.133333333333333,0,0.133333333333333,0,0,0,0,0,0,0,0,0,0.166666666666667,0.333333333333333,0,0.166666666666667,0.5,NA,0.5,NA,NA,NA,NA,NA,NA,0,0,0.333333333333333,0.333333333333333,0.166666666666667,0.166666666666667,0.833333333333333,0.666666666666667,NA,0.833333333333333,NA,NA,NA,NA,NA,NA,0,0,1,2,1,1,4,2,0,3,0,0,0,0,0,0,3,3,2,3,3,5,1,1,0,0,0,0,0,0,0,0,0,0,0,0,0,0,1,2,0,2,0,0,0,0,0,0,0,0,0,1,2,0,0,1,0,1,0,0,0,0,0,0,0,0,0.333333333333333,0.333333333333333,0.166666666666667,0.166666666666667,0.666666666666667,0.333333333333333,NA,0.5,NA,NA,NA,NA,NA,NA,1,1,0.666666666666667,0.5,0.5,0.833333333333333,0.166666666666667,0.166666666666667,NA,0,NA,NA,NA,NA,NA,NA,0,0,0,0,0,0,0.166666666666667,0.333333333333333,NA,0.333333333333333,NA,NA,NA,NA,NA,NA,0,0,0,0.166666666666667,0.333333333333333,0,0,0.166666666666667,NA,0.166666666666667,NA,NA,NA,NA,NA,NA
"793",6,3,3,6,0,3,6,6,0,3,0,0,6,6,0,0,0,0,0,1,0,0,0,4,0,0,0,0,0,1,0,0,2,0,1,2,0,1,5,5,0,1,0,0,0,2,0,0,0.125,0.0625,0.0625,0.125,0,0.0625,0.125,0.125,0,0.0625,0,0,0.125,0.125,0,0,0,0,0,0.166666666666667,NA,0,0,0.666666666666667,NA,0,NA,NA,0,0.166666666666667,NA,NA,0.333333333333333,0,0.333333333333333,0.333333333333333,NA,0.333333333333333,0.833333333333333,0.833333333333333,NA,0.333333333333333,NA,NA,0,0.333333333333333,NA,NA,2,0,1,1,0,1,5,2,0,1,0,0,0,2,0,0,4,3,2,4,0,2,1,0,0,2,0,0,6,3,0,0,0,0,0,1,0,0,0,3,0,0,0,0,0,0,0,0,0,0,0,0,0,0,0,1,0,0,0,0,0,1,0,0,0.333333333333333,0,0.333333333333333,0.166666666666667,NA,0.333333333333333,0.833333333333333,0.333333333333333,NA,0.333333333333333,NA,NA,0,0.333333333333333,NA,NA,0.666666666666667,1,0.666666666666667,0.666666666666667,NA,0.666666666666667,0.166666666666667,0,NA,0.666666666666667,NA,NA,1,0.5,NA,NA,0,0,0,0.166666666666667,NA,0,0,0.5,NA,0,NA,NA,0,0,NA,NA,0,0,0,0,NA,0,0,0.166666666666667,NA,0,NA,NA,0,0.166666666666667,NA,NA
"794",3,3,6,0,0,6,0,0,3,6,0,0,6,3,0,0,0,0,0,0,0,0,0,0,0,1,0,0,0,2,0,0,0,0,3,0,0,2,0,0,1,2,0,0,1,2,0,0,0.0833333333333333,0.0833333333333333,0.166666666666667,0,0,0.166666666666667,0,0,0.0833333333333333,0.166666666666667,0,0,0.166666666666667,0.0833333333333333,0,0,0,0,0,NA,NA,0,NA,NA,0,0.166666666666667,NA,NA,0,0.666666666666667,NA,NA,0,0,0.5,NA,NA,0.333333333333333,NA,NA,0.333333333333333,0.333333333333333,NA,NA,0.166666666666667,0.666666666666667,NA,NA,0,0,3,0,0,2,0,0,1,2,0,0,1,1,0,0,3,3,3,0,0,4,0,0,2,3,0,0,5,0,0,0,0,0,0,0,0,0,0,0,0,0,0,0,0,1,0,0,0,0,0,0,0,0,0,0,0,1,0,0,0,1,0,0,0,0,0.5,NA,NA,0.333333333333333,NA,NA,0.333333333333333,0.333333333333333,NA,NA,0.166666666666667,0.333333333333333,NA,NA,1,1,0.5,NA,NA,0.666666666666667,NA,NA,0.666666666666667,0.5,NA,NA,0.833333333333333,0,NA,NA,0,0,0,NA,NA,0,NA,NA,0,0,NA,NA,0,0.333333333333333,NA,NA,0,0,0,NA,NA,0,NA,NA,0,0.166666666666667,NA,NA,0,0.333333333333333,NA,NA
"795",3,3,6,6,0,6,0,0,6,6,0,0,3,0,0,0,0,0,0,3,0,0,0,0,0,1,0,0,1,0,0,0,0,1,0,1,0,0,0,0,3,6,0,0,2,0,0,0,0.0769230769230769,0.0769230769230769,0.153846153846154,0.153846153846154,0,0.153846153846154,0,0,0.153846153846154,0.153846153846154,0,0,0.0769230769230769,0,0,0,0,0,0,0.5,NA,0,NA,NA,0,0.166666666666667,NA,NA,0.333333333333333,NA,NA,NA,0,0.333333333333333,0,0.166666666666667,NA,0,NA,NA,0.5,1,NA,NA,0.666666666666667,NA,NA,NA,0,1,0,1,0,0,0,0,3,5,0,0,1,0,0,0,3,2,6,2,0,6,0,0,3,0,0,0,1,0,0,0,0,0,0,0,0,0,0,0,0,1,0,0,1,0,0,0,0,0,0,3,0,0,0,0,0,0,0,0,0,0,0,0,0,0.333333333333333,0,0.166666666666667,NA,0,NA,NA,0.5,0.833333333333333,NA,NA,0.333333333333333,NA,NA,NA,1,0.666666666666667,1,0.333333333333333,NA,1,NA,NA,0.5,0,NA,NA,0.333333333333333,NA,NA,NA,0,0,0,0,NA,0,NA,NA,0,0.166666666666667,NA,NA,0.333333333333333,NA,NA,NA,0,0,0,0.5,NA,0,NA,NA,0,0,NA,NA,0,NA,NA,NA
"796",3,6,0,0,3,0,0,0,3,0,0,0,6,0,0,0,0,0,0,0,0,0,0,0,0,0,0,0,1,0,0,0,0,3,0,0,0,0,0,0,0,0,0,0,3,0,0,0,0.142857142857143,0.285714285714286,0,0,0.142857142857143,0,0,0,0.142857142857143,0,0,0,0.285714285714286,0,0,0,0,0,NA,NA,0,NA,NA,NA,0,NA,NA,NA,0.166666666666667,NA,NA,NA,0,0.5,NA,NA,0,NA,NA,NA,0,NA,NA,NA,0.5,NA,NA,NA,0,3,0,0,0,0,0,0,0,0,0,0,3,0,0,0,3,3,0,0,3,0,0,0,3,0,0,0,2,0,0,0,0,0,0,0,0,0,0,0,0,0,0,0,0,0,0,0,0,0,0,0,0,0,0,0,0,0,0,0,1,0,0,0,0,0.5,NA,NA,0,NA,NA,NA,0,NA,NA,NA,0.5,NA,NA,NA,1,0.5,NA,NA,1,NA,NA,NA,1,NA,NA,NA,0.333333333333333,NA,NA,NA,0,0,NA,NA,0,NA,NA,NA,0,NA,NA,NA,0,NA,NA,NA,0,0,NA,NA,0,NA,NA,NA,0,NA,NA,NA,0.166666666666667,NA,NA,NA
"797",3,6,6,0,6,0,0,0,0,0,0,0,0,0,0,0,0,0,2,0,1,0,0,0,0,0,0,0,0,0,0,0,0,0,3,0,3,0,0,0,0,0,0,0,0,0,0,0,0.142857142857143,0.285714285714286,0.285714285714286,0,0.285714285714286,0,0,0,0,0,0,0,0,0,0,0,0,0,0.333333333333333,NA,0.166666666666667,NA,NA,NA,NA,NA,NA,NA,NA,NA,NA,NA,0,0,0.5,NA,0.5,NA,NA,NA,NA,NA,NA,NA,NA,NA,NA,NA,0,0,2,0,3,0,0,0,0,0,0,0,0,0,0,0,3,6,2,0,2,0,0,0,0,0,0,0,0,0,0,0,0,0,1,0,0,0,0,0,0,0,0,0,0,0,0,0,0,0,1,0,1,0,0,0,0,0,0,0,0,0,0,0,0,0,0.333333333333333,NA,0.5,NA,NA,NA,NA,NA,NA,NA,NA,NA,NA,NA,1,1,0.333333333333333,NA,0.333333333333333,NA,NA,NA,NA,NA,NA,NA,NA,NA,NA,NA,0,0,0.166666666666667,NA,0,NA,NA,NA,NA,NA,NA,NA,NA,NA,NA,NA,0,0,0.166666666666667,NA,0.166666666666667,NA,NA,NA,NA,NA,NA,NA,NA,NA,NA,NA
"798",3,3,3,6,3,6,6,0,6,0,3,0,6,0,0,0,0,0,0,0,0,2,0,0,0,0,1,0,2,0,0,0,1,1,0,3,1,1,3,0,0,0,2,0,1,0,0,0,0.0666666666666667,0.0666666666666667,0.0666666666666667,0.133333333333333,0.0666666666666667,0.133333333333333,0.133333333333333,0,0.133333333333333,0,0.0666666666666667,0,0.133333333333333,0,0,0,0,0,0,0,0,0.333333333333333,0,NA,0,NA,0.333333333333333,NA,0.333333333333333,NA,NA,NA,0.333333333333333,0.333333333333333,0,0.5,0.333333333333333,0.166666666666667,0.5,NA,0,NA,0.666666666666667,NA,0.166666666666667,NA,NA,NA,1,1,0,3,1,1,3,0,0,0,1,0,0,0,0,0,2,2,3,3,2,3,3,0,6,0,1,0,4,0,0,0,0,0,0,0,0,0,0,0,0,0,1,0,1,0,0,0,0,0,0,0,0,2,0,0,0,0,0,0,1,0,0,0,0.333333333333333,0.333333333333333,0,0.5,0.333333333333333,0.166666666666667,0.5,NA,0,NA,0.333333333333333,NA,0,NA,NA,NA,0.666666666666667,0.666666666666667,1,0.5,0.666666666666667,0.5,0.5,NA,1,NA,0.333333333333333,NA,0.666666666666667,NA,NA,NA,0,0,0,0,0,0,0,NA,0,NA,0.333333333333333,NA,0.166666666666667,NA,NA,NA,0,0,0,0,0,0.333333333333333,0,NA,0,NA,0,NA,0.166666666666667,NA,NA,NA
"799",6,6,6,0,6,6,0,0,6,0,0,0,0,0,0,0,0,1,0,0,1,2,0,0,2,0,0,0,0,0,0,0,1,1,3,0,1,3,0,0,1,0,0,0,0,0,0,0,0.166666666666667,0.166666666666667,0.166666666666667,0,0.166666666666667,0.166666666666667,0,0,0.166666666666667,0,0,0,0,0,0,0,0,0.166666666666667,0,NA,0.166666666666667,0.333333333333333,NA,NA,0.333333333333333,NA,NA,NA,NA,NA,NA,NA,0.166666666666667,0.166666666666667,0.5,NA,0.166666666666667,0.5,NA,NA,0.166666666666667,NA,NA,NA,NA,NA,NA,NA,1,1,3,0,1,2,0,0,1,0,0,0,0,0,0,0,5,4,3,0,4,2,0,0,3,0,0,0,0,0,0,0,0,0,0,0,0,1,0,0,0,0,0,0,0,0,0,0,0,1,0,0,1,1,0,0,2,0,0,0,0,0,0,0,0.166666666666667,0.166666666666667,0.5,NA,0.166666666666667,0.333333333333333,NA,NA,0.166666666666667,NA,NA,NA,NA,NA,NA,NA,0.833333333333333,0.666666666666667,0.5,NA,0.666666666666667,0.333333333333333,NA,NA,0.5,NA,NA,NA,NA,NA,NA,NA,0,0,0,NA,0,0.166666666666667,NA,NA,0,NA,NA,NA,NA,NA,NA,NA,0,0.166666666666667,0,NA,0.166666666666667,0.166666666666667,NA,NA,0.333333333333333,NA,NA,NA,NA,NA,NA,NA
"800",3,3,3,6,6,6,6,3,3,6,0,0,0,0,0,0,0,0,0,0,0,0,2,3,3,2,0,0,0,0,0,0,0,0,1,1,2,2,4,1,0,1,0,0,0,0,0,0,0.0666666666666667,0.0666666666666667,0.0666666666666667,0.133333333333333,0.133333333333333,0.133333333333333,0.133333333333333,0.0666666666666667,0.0666666666666667,0.133333333333333,0,0,0,0,0,0,0,0,0,0,0,0,0.333333333333333,1,1,0.333333333333333,NA,NA,NA,NA,NA,NA,0,0,0.333333333333333,0.166666666666667,0.333333333333333,0.333333333333333,0.666666666666667,0.333333333333333,0,0.166666666666667,NA,NA,NA,NA,NA,NA,0,0,1,1,2,2,3,0,0,0,0,0,0,0,0,0,3,3,2,5,4,4,1,0,0,4,0,0,0,0,0,0,0,0,0,0,0,0,1,1,0,1,0,0,0,0,0,0,0,0,0,0,0,0,1,2,3,1,0,0,0,0,0,0,0,0,0.333333333333333,0.166666666666667,0.333333333333333,0.333333333333333,0.5,0,0,0,NA,NA,NA,NA,NA,NA,1,1,0.666666666666667,0.833333333333333,0.666666666666667,0.666666666666667,0.166666666666667,0,0,0.666666666666667,NA,NA,NA,NA,NA,NA,0,0,0,0,0,0,0.166666666666667,0.333333333333333,0,0.166666666666667,NA,NA,NA,NA,NA,NA,0,0,0,0,0,0,0.166666666666667,0.666666666666667,1,0.166666666666667,NA,NA,NA,NA,NA,NA
"801",3,6,0,0,3,0,0,0,3,0,0,0,6,0,0,0,0,0,0,0,0,0,0,0,0,0,0,0,0,0,0,0,0,5,0,0,0,0,0,0,1,0,0,0,2,0,0,0,0.142857142857143,0.285714285714286,0,0,0.142857142857143,0,0,0,0.142857142857143,0,0,0,0.285714285714286,0,0,0,0,0,NA,NA,0,NA,NA,NA,0,NA,NA,NA,0,NA,NA,NA,0,0.833333333333333,NA,NA,0,NA,NA,NA,0.333333333333333,NA,NA,NA,0.333333333333333,NA,NA,NA,0,5,0,0,0,0,0,0,1,0,0,0,2,0,0,0,3,1,0,0,3,0,0,0,2,0,0,0,4,0,0,0,0,0,0,0,0,0,0,0,0,0,0,0,0,0,0,0,0,0,0,0,0,0,0,0,0,0,0,0,0,0,0,0,0,0.833333333333333,NA,NA,0,NA,NA,NA,0.333333333333333,NA,NA,NA,0.333333333333333,NA,NA,NA,1,0.166666666666667,NA,NA,1,NA,NA,NA,0.666666666666667,NA,NA,NA,0.666666666666667,NA,NA,NA,0,0,NA,NA,0,NA,NA,NA,0,NA,NA,NA,0,NA,NA,NA,0,0,NA,NA,0,NA,NA,NA,0,NA,NA,NA,0,NA,NA,NA
"802",3,3,3,6,6,6,6,3,0,0,0,0,0,0,0,0,0,0,0,0,1,2,1,1,0,0,0,0,0,0,0,0,0,0,1,3,3,0,5,1,0,0,0,0,0,0,0,0,0.0833333333333333,0.0833333333333333,0.0833333333333333,0.166666666666667,0.166666666666667,0.166666666666667,0.166666666666667,0.0833333333333333,0,0,0,0,0,0,0,0,0,0,0,0,0.166666666666667,0.333333333333333,0.166666666666667,0.333333333333333,NA,NA,NA,NA,NA,NA,NA,NA,0,0,0.333333333333333,0.5,0.5,0,0.833333333333333,0.333333333333333,NA,NA,NA,NA,NA,NA,NA,NA,0,0,1,3,3,0,4,1,0,0,0,0,0,0,0,0,3,3,2,3,2,4,1,1,0,0,0,0,0,0,0,0,0,0,0,0,0,0,1,0,0,0,0,0,0,0,0,0,0,0,0,0,1,2,0,1,0,0,0,0,0,0,0,0,0,0,0.333333333333333,0.5,0.5,0,0.666666666666667,0.333333333333333,NA,NA,NA,NA,NA,NA,NA,NA,1,1,0.666666666666667,0.5,0.333333333333333,0.666666666666667,0.166666666666667,0.333333333333333,NA,NA,NA,NA,NA,NA,NA,NA,0,0,0,0,0,0,0.166666666666667,0,NA,NA,NA,NA,NA,NA,NA,NA,0,0,0,0,0.166666666666667,0.333333333333333,0,0.333333333333333,NA,NA,NA,NA,NA,NA,NA,NA
"803",3,3,3,6,0,3,6,3,6,6,0,0,6,0,0,0,0,0,0,1,0,0,1,2,0,0,0,0,0,0,0,0,0,0,1,3,0,1,4,3,2,4,0,0,2,0,0,0,0.0666666666666667,0.0666666666666667,0.0666666666666667,0.133333333333333,0,0.0666666666666667,0.133333333333333,0.0666666666666667,0.133333333333333,0.133333333333333,0,0,0.133333333333333,0,0,0,0,0,0,0.166666666666667,NA,0,0.166666666666667,0.666666666666667,0,0,NA,NA,0,NA,NA,NA,0,0,0.333333333333333,0.5,NA,0.333333333333333,0.666666666666667,1,0.333333333333333,0.666666666666667,NA,NA,0.333333333333333,NA,NA,NA,0,0,1,2,0,1,3,1,2,4,0,0,2,0,0,0,3,3,2,3,0,2,2,0,4,2,0,0,4,0,0,0,0,0,0,1,0,0,1,2,0,0,0,0,0,0,0,0,0,0,0,0,0,0,0,0,0,0,0,0,0,0,0,0,0,0,0.333333333333333,0.333333333333333,NA,0.333333333333333,0.5,0.333333333333333,0.333333333333333,0.666666666666667,NA,NA,0.333333333333333,NA,NA,NA,1,1,0.666666666666667,0.5,NA,0.666666666666667,0.333333333333333,0,0.666666666666667,0.333333333333333,NA,NA,0.666666666666667,NA,NA,NA,0,0,0,0.166666666666667,NA,0,0.166666666666667,0.666666666666667,0,0,NA,NA,0,NA,NA,NA,0,0,0,0,NA,0,0,0,0,0,NA,NA,0,NA,NA,NA
"804",3,6,3,0,6,0,0,0,6,0,0,0,0,0,0,0,0,0,1,0,0,0,0,0,2,0,0,0,0,0,0,0,0,3,2,0,1,0,0,0,3,0,0,0,0,0,0,0,0.125,0.25,0.125,0,0.25,0,0,0,0.25,0,0,0,0,0,0,0,0,0,0.333333333333333,NA,0,NA,NA,NA,0.333333333333333,NA,NA,NA,NA,NA,NA,NA,0,0.5,0.666666666666667,NA,0.166666666666667,NA,NA,NA,0.5,NA,NA,NA,NA,NA,NA,NA,0,3,1,0,1,0,0,0,2,0,0,0,0,0,0,0,3,3,1,0,5,0,0,0,2,0,0,0,0,0,0,0,0,0,1,0,0,0,0,0,1,0,0,0,0,0,0,0,0,0,0,0,0,0,0,0,1,0,0,0,0,0,0,0,0,0.5,0.333333333333333,NA,0.166666666666667,NA,NA,NA,0.333333333333333,NA,NA,NA,NA,NA,NA,NA,1,0.5,0.333333333333333,NA,0.833333333333333,NA,NA,NA,0.333333333333333,NA,NA,NA,NA,NA,NA,NA,0,0,0.333333333333333,NA,0,NA,NA,NA,0.166666666666667,NA,NA,NA,NA,NA,NA,NA,0,0,0,NA,0,NA,NA,NA,0.166666666666667,NA,NA,NA,NA,NA,NA,NA
"805",3,3,3,6,3,3,6,0,6,6,0,0,3,0,0,0,0,0,0,0,0,0,1,0,1,0,0,0,3,0,0,0,0,0,0,5,0,0,4,0,0,4,0,0,0,0,0,0,0.0714285714285714,0.0714285714285714,0.0714285714285714,0.142857142857143,0.0714285714285714,0.0714285714285714,0.142857142857143,0,0.142857142857143,0.142857142857143,0,0,0.0714285714285714,0,0,0,0,0,0,0,0,0,0.166666666666667,NA,0.166666666666667,0,NA,NA,1,NA,NA,NA,0,0,0,0.833333333333333,0,0,0.666666666666667,NA,0,0.666666666666667,NA,NA,0,NA,NA,NA,0,0,0,5,0,0,3,0,0,4,0,0,0,0,0,0,3,3,3,1,3,3,2,0,5,2,0,0,0,0,0,0,0,0,0,0,0,0,1,0,0,0,0,0,0,0,0,0,0,0,0,0,0,0,0,0,1,0,0,0,3,0,0,0,0,0,0,0.833333333333333,0,0,0.5,NA,0,0.666666666666667,NA,NA,0,NA,NA,NA,1,1,1,0.166666666666667,1,1,0.333333333333333,NA,0.833333333333333,0.333333333333333,NA,NA,0,NA,NA,NA,0,0,0,0,0,0,0.166666666666667,NA,0,0,NA,NA,0,NA,NA,NA,0,0,0,0,0,0,0,NA,0.166666666666667,0,NA,NA,1,NA,NA,NA
"806",6,3,0,0,6,0,0,0,6,0,0,0,0,0,0,0,1,1,0,0,0,0,0,0,2,0,0,0,0,0,0,0,3,0,0,0,2,0,0,0,0,0,0,0,0,0,0,0,0.285714285714286,0.142857142857143,0,0,0.285714285714286,0,0,0,0.285714285714286,0,0,0,0,0,0,0,0.166666666666667,0.333333333333333,NA,NA,0,NA,NA,NA,0.333333333333333,NA,NA,NA,NA,NA,NA,NA,0.5,0,NA,NA,0.333333333333333,NA,NA,NA,0,NA,NA,NA,NA,NA,NA,NA,3,0,0,0,2,0,0,0,0,0,0,0,0,0,0,0,2,2,0,0,4,0,0,0,4,0,0,0,0,0,0,0,0,0,0,0,0,0,0,0,0,0,0,0,0,0,0,0,1,1,0,0,0,0,0,0,2,0,0,0,0,0,0,0,0.5,0,NA,NA,0.333333333333333,NA,NA,NA,0,NA,NA,NA,NA,NA,NA,NA,0.333333333333333,0.666666666666667,NA,NA,0.666666666666667,NA,NA,NA,0.666666666666667,NA,NA,NA,NA,NA,NA,NA,0,0,NA,NA,0,NA,NA,NA,0,NA,NA,NA,NA,NA,NA,NA,0.166666666666667,0.333333333333333,NA,NA,0,NA,NA,NA,0.333333333333333,NA,NA,NA,NA,NA,NA,NA
"807",6,6,6,6,0,0,6,3,3,6,6,0,0,0,0,0,0,1,0,0,0,0,0,2,1,0,1,0,0,0,0,0,0,0,2,3,0,0,1,2,1,4,4,0,0,0,0,0,0.125,0.125,0.125,0.125,0,0,0.125,0.0625,0.0625,0.125,0.125,0,0,0,0,0,0,0.166666666666667,0,0,NA,NA,0,0.666666666666667,0.333333333333333,0,0.166666666666667,NA,NA,NA,NA,NA,0,0,0.333333333333333,0.5,NA,NA,0.166666666666667,0.666666666666667,0.333333333333333,0.666666666666667,0.666666666666667,NA,NA,NA,NA,NA,0,0,2,3,0,0,1,1,1,4,3,0,0,0,0,0,6,5,4,3,0,0,5,0,1,2,2,0,0,0,0,0,0,0,0,0,0,0,0,1,0,0,1,0,0,0,0,0,0,1,0,0,0,0,0,1,1,0,0,0,0,0,0,0,0,0,0.333333333333333,0.5,NA,NA,0.166666666666667,0.333333333333333,0.333333333333333,0.666666666666667,0.5,NA,NA,NA,NA,NA,1,0.833333333333333,0.666666666666667,0.5,NA,NA,0.833333333333333,0,0.333333333333333,0.333333333333333,0.333333333333333,NA,NA,NA,NA,NA,0,0,0,0,NA,NA,0,0.333333333333333,0,0,0.166666666666667,NA,NA,NA,NA,NA,0,0.166666666666667,0,0,NA,NA,0,0.333333333333333,0.333333333333333,0,0,NA,NA,NA,NA,NA
"808",3,3,3,6,0,3,6,0,3,6,6,0,6,0,3,0,0,0,0,0,0,0,1,0,0,0,2,0,0,0,2,0,0,0,0,4,0,0,3,0,0,4,3,0,4,0,3,0,0.0625,0.0625,0.0625,0.125,0,0.0625,0.125,0,0.0625,0.125,0.125,0,0.125,0,0.0625,0,0,0,0,0,NA,0,0.166666666666667,NA,0,0,0.333333333333333,NA,0,NA,0.666666666666667,NA,0,0,0,0.666666666666667,NA,0,0.5,NA,0,0.666666666666667,0.5,NA,0.666666666666667,NA,1,NA,0,0,0,4,0,0,2,0,0,4,1,0,4,0,1,0,3,3,3,2,0,3,3,0,3,2,3,0,2,0,0,0,0,0,0,0,0,0,1,0,0,0,2,0,0,0,2,0,0,0,0,0,0,0,0,0,0,0,0,0,0,0,0,0,0,0,0,0.666666666666667,NA,0,0.333333333333333,NA,0,0.666666666666667,0.166666666666667,NA,0.666666666666667,NA,0.333333333333333,NA,1,1,1,0.333333333333333,NA,1,0.5,NA,1,0.333333333333333,0.5,NA,0.333333333333333,NA,0,NA,0,0,0,0,NA,0,0.166666666666667,NA,0,0,0.333333333333333,NA,0,NA,0.666666666666667,NA,0,0,0,0,NA,0,0,NA,0,0,0,NA,0,NA,0,NA
"809",3,3,3,6,0,3,6,6,3,6,0,0,6,0,0,0,0,0,0,1,0,0,1,2,0,0,0,0,0,0,0,0,0,1,1,1,0,0,5,4,0,4,0,0,2,0,0,0,0.0666666666666667,0.0666666666666667,0.0666666666666667,0.133333333333333,0,0.0666666666666667,0.133333333333333,0.133333333333333,0.0666666666666667,0.133333333333333,0,0,0.133333333333333,0,0,0,0,0,0,0.166666666666667,NA,0,0.166666666666667,0.333333333333333,0,0,NA,NA,0,NA,NA,NA,0,0.333333333333333,0.333333333333333,0.166666666666667,NA,0,0.833333333333333,0.666666666666667,0,0.666666666666667,NA,NA,0.333333333333333,NA,NA,NA,0,1,1,1,0,0,4,2,0,4,0,0,2,0,0,0,3,2,2,4,0,3,1,2,3,2,0,0,4,0,0,0,0,0,0,0,0,0,1,2,0,0,0,0,0,0,0,0,0,0,0,1,0,0,0,0,0,0,0,0,0,0,0,0,0,0.333333333333333,0.333333333333333,0.166666666666667,NA,0,0.666666666666667,0.333333333333333,0,0.666666666666667,NA,NA,0.333333333333333,NA,NA,NA,1,0.666666666666667,0.666666666666667,0.666666666666667,NA,1,0.166666666666667,0.333333333333333,1,0.333333333333333,NA,NA,0.666666666666667,NA,NA,NA,0,0,0,0,NA,0,0.166666666666667,0.333333333333333,0,0,NA,NA,0,NA,NA,NA,0,0,0,0.166666666666667,NA,0,0,0,0,0,NA,NA,0,NA,NA,NA
"810",3,3,3,6,0,6,6,3,3,6,0,0,6,3,0,0,0,0,0,0,0,0,1,1,0,2,0,0,0,2,0,0,0,1,0,3,0,0,4,3,1,2,0,0,2,2,0,0,0.0625,0.0625,0.0625,0.125,0,0.125,0.125,0.0625,0.0625,0.125,0,0,0.125,0.0625,0,0,0,0,0,0,NA,0,0.166666666666667,0.333333333333333,0,0.333333333333333,NA,NA,0,0.666666666666667,NA,NA,0,0.333333333333333,0,0.5,NA,0,0.666666666666667,1,0.333333333333333,0.333333333333333,NA,NA,0.333333333333333,0.666666666666667,NA,NA,0,1,0,3,0,0,3,2,1,1,0,0,2,1,0,0,3,2,3,3,0,6,2,0,2,3,0,0,4,0,0,0,0,0,0,0,0,0,1,1,0,1,0,0,0,1,0,0,0,0,0,0,0,0,0,0,0,1,0,0,0,1,0,0,0,0.333333333333333,0,0.5,NA,0,0.5,0.666666666666667,0.333333333333333,0.166666666666667,NA,NA,0.333333333333333,0.333333333333333,NA,NA,1,0.666666666666667,1,0.5,NA,1,0.333333333333333,0,0.666666666666667,0.5,NA,NA,0.666666666666667,0,NA,NA,0,0,0,0,NA,0,0.166666666666667,0.333333333333333,0,0.166666666666667,NA,NA,0,0.333333333333333,NA,NA,0,0,0,0,NA,0,0,0,0,0.166666666666667,NA,NA,0,0.333333333333333,NA,NA
"811",3,6,6,3,0,3,0,0,3,6,0,0,6,0,0,0,0,0,1,1,0,0,0,0,0,0,0,0,0,0,0,0,0,2,2,1,0,0,0,0,0,5,0,0,1,0,0,0,0.0833333333333333,0.166666666666667,0.166666666666667,0.0833333333333333,0,0.0833333333333333,0,0,0.0833333333333333,0.166666666666667,0,0,0.166666666666667,0,0,0,0,0,0.166666666666667,0.333333333333333,NA,0,NA,NA,0,0,NA,NA,0,NA,NA,NA,0,0.333333333333333,0.333333333333333,0.333333333333333,NA,0,NA,NA,0,0.833333333333333,NA,NA,0.166666666666667,NA,NA,NA,0,2,2,1,0,0,0,0,0,5,0,0,1,0,0,0,3,4,3,1,0,3,0,0,3,1,0,0,5,0,0,0,0,0,0,0,0,0,0,0,0,0,0,0,0,0,0,0,0,0,1,1,0,0,0,0,0,0,0,0,0,0,0,0,0,0.333333333333333,0.333333333333333,0.333333333333333,NA,0,NA,NA,0,0.833333333333333,NA,NA,0.166666666666667,NA,NA,NA,1,0.666666666666667,0.5,0.333333333333333,NA,1,NA,NA,1,0.166666666666667,NA,NA,0.833333333333333,NA,NA,NA,0,0,0,0,NA,0,NA,NA,0,0,NA,NA,0,NA,NA,NA,0,0,0.166666666666667,0.333333333333333,NA,0,NA,NA,0,0,NA,NA,0,NA,NA,NA
"812",3,3,3,6,6,6,6,6,0,3,0,0,0,0,0,0,0,0,0,1,1,2,0,5,0,1,0,0,0,0,0,0,0,1,0,2,3,1,5,3,0,1,0,0,0,0,0,0,0.0714285714285714,0.0714285714285714,0.0714285714285714,0.142857142857143,0.142857142857143,0.142857142857143,0.142857142857143,0.142857142857143,0,0.0714285714285714,0,0,0,0,0,0,0,0,0,0.166666666666667,0.166666666666667,0.333333333333333,0,0.833333333333333,NA,0.333333333333333,NA,NA,NA,NA,NA,NA,0,0.333333333333333,0,0.333333333333333,0.5,0.166666666666667,0.833333333333333,0.5,NA,0.333333333333333,NA,NA,NA,NA,NA,NA,0,1,0,1,3,1,5,0,0,0,0,0,0,0,0,0,3,2,3,4,2,3,1,1,0,2,0,0,0,0,0,0,0,0,0,1,0,0,0,3,0,1,0,0,0,0,0,0,0,0,0,0,1,2,0,2,0,0,0,0,0,0,0,0,0,0.333333333333333,0,0.166666666666667,0.5,0.166666666666667,0.833333333333333,0,NA,0,NA,NA,NA,NA,NA,NA,1,0.666666666666667,1,0.666666666666667,0.333333333333333,0.5,0.166666666666667,0.166666666666667,NA,0.666666666666667,NA,NA,NA,NA,NA,NA,0,0,0,0.166666666666667,0,0,0,0.5,NA,0.333333333333333,NA,NA,NA,NA,NA,NA,0,0,0,0,0.166666666666667,0.333333333333333,0,0.333333333333333,NA,0,NA,NA,NA,NA,NA,NA
"813",6,6,6,0,0,3,0,0,3,6,0,0,6,0,0,0,0,1,0,0,0,0,0,0,0,0,0,0,0,0,0,0,1,0,3,0,0,1,0,0,1,4,0,0,5,0,0,0,0.166666666666667,0.166666666666667,0.166666666666667,0,0,0.0833333333333333,0,0,0.0833333333333333,0.166666666666667,0,0,0.166666666666667,0,0,0,0,0.166666666666667,0,NA,NA,0,NA,NA,0,0,NA,NA,0,NA,NA,NA,0.166666666666667,0,0.5,NA,NA,0.333333333333333,NA,NA,0.333333333333333,0.666666666666667,NA,NA,0.833333333333333,NA,NA,NA,1,0,3,0,0,1,0,0,1,4,0,0,5,0,0,0,5,5,3,0,0,2,0,0,2,2,0,0,1,0,0,0,0,0,0,0,0,0,0,0,0,0,0,0,0,0,0,0,0,1,0,0,0,0,0,0,0,0,0,0,0,0,0,0,0.166666666666667,0,0.5,NA,NA,0.333333333333333,NA,NA,0.333333333333333,0.666666666666667,NA,NA,0.833333333333333,NA,NA,NA,0.833333333333333,0.833333333333333,0.5,NA,NA,0.666666666666667,NA,NA,0.666666666666667,0.333333333333333,NA,NA,0.166666666666667,NA,NA,NA,0,0,0,NA,NA,0,NA,NA,0,0,NA,NA,0,NA,NA,NA,0,0.166666666666667,0,NA,NA,0,NA,NA,0,0,NA,NA,0,NA,NA,NA
"814",3,3,6,6,3,6,6,0,6,0,0,0,6,0,0,0,0,0,0,0,0,0,1,0,1,0,0,0,2,0,0,0,0,0,2,4,0,4,4,0,0,0,0,0,1,0,0,0,0.0666666666666667,0.0666666666666667,0.133333333333333,0.133333333333333,0.0666666666666667,0.133333333333333,0.133333333333333,0,0.133333333333333,0,0,0,0.133333333333333,0,0,0,0,0,0,0,0,0,0.166666666666667,NA,0.166666666666667,NA,NA,NA,0.333333333333333,NA,NA,NA,0,0,0.333333333333333,0.666666666666667,0,0.666666666666667,0.666666666666667,NA,0,NA,NA,NA,0.166666666666667,NA,NA,NA,0,0,2,4,0,4,3,0,0,0,0,0,1,0,0,0,3,3,4,2,3,2,2,0,5,0,0,0,3,0,0,0,0,0,0,0,0,0,1,0,0,0,0,0,0,0,0,0,0,0,0,0,0,0,0,0,1,0,0,0,2,0,0,0,0,0,0.333333333333333,0.666666666666667,0,0.666666666666667,0.5,NA,0,NA,NA,NA,0.166666666666667,NA,NA,NA,1,1,0.666666666666667,0.333333333333333,1,0.333333333333333,0.333333333333333,NA,0.833333333333333,NA,NA,NA,0.5,NA,NA,NA,0,0,0,0,0,0,0.166666666666667,NA,0,NA,NA,NA,0,NA,NA,NA,0,0,0,0,0,0,0,NA,0.166666666666667,NA,NA,NA,0.333333333333333,NA,NA,NA
"815",3,3,3,6,0,6,6,0,6,6,0,0,6,0,0,0,0,0,0,0,0,1,0,0,1,1,0,0,1,0,0,0,0,0,1,4,0,2,4,0,1,3,0,0,2,0,0,0,0.0666666666666667,0.0666666666666667,0.0666666666666667,0.133333333333333,0,0.133333333333333,0.133333333333333,0,0.133333333333333,0.133333333333333,0,0,0.133333333333333,0,0,0,0,0,0,0,NA,0.166666666666667,0,NA,0.166666666666667,0.166666666666667,NA,NA,0.166666666666667,NA,NA,NA,0,0,0.333333333333333,0.666666666666667,NA,0.333333333333333,0.666666666666667,NA,0.166666666666667,0.5,NA,NA,0.333333333333333,NA,NA,NA,0,0,1,4,0,2,4,0,1,3,0,0,1,0,0,0,3,3,2,2,0,3,2,0,4,2,0,0,4,0,0,0,0,0,0,0,0,0,0,0,0,0,0,0,1,0,0,0,0,0,0,0,0,1,0,0,1,1,0,0,0,0,0,0,0,0,0.333333333333333,0.666666666666667,NA,0.333333333333333,0.666666666666667,NA,0.166666666666667,0.5,NA,NA,0.166666666666667,NA,NA,NA,1,1,0.666666666666667,0.333333333333333,NA,0.5,0.333333333333333,NA,0.666666666666667,0.333333333333333,NA,NA,0.666666666666667,NA,NA,NA,0,0,0,0,NA,0,0,NA,0,0,NA,NA,0.166666666666667,NA,NA,NA,0,0,0,0,NA,0.166666666666667,0,NA,0.166666666666667,0.166666666666667,NA,NA,0,NA,NA,NA
"816",3,3,6,6,3,6,6,3,6,0,0,0,6,0,0,0,0,0,0,1,0,0,0,2,0,0,0,0,1,0,0,0,1,1,2,2,0,3,3,2,0,0,0,0,1,0,0,0,0.0625,0.0625,0.125,0.125,0.0625,0.125,0.125,0.0625,0.125,0,0,0,0.125,0,0,0,0,0,0,0.166666666666667,0,0,0,0.666666666666667,0,NA,NA,NA,0.166666666666667,NA,NA,NA,0.333333333333333,0.333333333333333,0.333333333333333,0.333333333333333,0,0.5,0.5,0.666666666666667,0,NA,NA,NA,0.166666666666667,NA,NA,NA,1,1,2,2,0,3,3,0,0,0,0,0,0,0,0,0,2,2,4,3,3,3,3,1,6,0,0,0,5,0,0,0,0,0,0,0,0,0,0,2,0,0,0,0,1,0,0,0,0,0,0,1,0,0,0,0,0,0,0,0,0,0,0,0,0.333333333333333,0.333333333333333,0.333333333333333,0.333333333333333,0,0.5,0.5,0,0,NA,NA,NA,0,NA,NA,NA,0.666666666666667,0.666666666666667,0.666666666666667,0.5,1,0.5,0.5,0.333333333333333,1,NA,NA,NA,0.833333333333333,NA,NA,NA,0,0,0,0,0,0,0,0.666666666666667,0,NA,NA,NA,0.166666666666667,NA,NA,NA,0,0,0,0.166666666666667,0,0,0,0,0,NA,NA,NA,0,NA,NA,NA
"817",3,3,6,6,0,6,6,0,3,6,0,0,6,3,0,0,0,0,0,1,0,1,0,0,0,1,0,0,1,2,0,0,0,1,2,5,0,2,4,0,0,3,0,0,2,2,0,0,0.0625,0.0625,0.125,0.125,0,0.125,0.125,0,0.0625,0.125,0,0,0.125,0.0625,0,0,0,0,0,0.166666666666667,NA,0.166666666666667,0,NA,0,0.166666666666667,NA,NA,0.166666666666667,0.666666666666667,NA,NA,0,0.333333333333333,0.333333333333333,0.833333333333333,NA,0.333333333333333,0.666666666666667,NA,0,0.5,NA,NA,0.333333333333333,0.666666666666667,NA,NA,0,1,2,4,0,2,4,0,0,2,0,0,1,0,0,0,3,2,4,1,0,3,2,0,3,3,0,0,4,1,0,0,0,0,0,1,0,0,0,0,0,1,0,0,1,2,0,0,0,0,0,0,0,1,0,0,0,0,0,0,0,0,0,0,0,0.333333333333333,0.333333333333333,0.666666666666667,NA,0.333333333333333,0.666666666666667,NA,0,0.333333333333333,NA,NA,0.166666666666667,0,NA,NA,1,0.666666666666667,0.666666666666667,0.166666666666667,NA,0.5,0.333333333333333,NA,1,0.5,NA,NA,0.666666666666667,0.333333333333333,NA,NA,0,0,0,0.166666666666667,NA,0,0,NA,0,0.166666666666667,NA,NA,0.166666666666667,0.666666666666667,NA,NA,0,0,0,0,NA,0.166666666666667,0,NA,0,0,NA,NA,0,0,NA,NA
"818",3,3,3,3,6,6,6,6,6,0,6,0,0,0,0,0,0,0,0,0,0,2,0,0,2,0,2,0,0,0,0,0,0,0,1,1,0,3,2,4,2,0,4,0,0,0,0,0,0.0625,0.0625,0.0625,0.0625,0.125,0.125,0.125,0.125,0.125,0,0.125,0,0,0,0,0,0,0,0,0,0,0.333333333333333,0,0,0.333333333333333,NA,0.333333333333333,NA,NA,NA,NA,NA,0,0,0.333333333333333,0.333333333333333,0,0.5,0.333333333333333,0.666666666666667,0.333333333333333,NA,0.666666666666667,NA,NA,NA,NA,NA,0,0,1,1,0,2,2,4,1,0,3,0,0,0,0,0,3,3,2,2,6,2,4,2,3,0,1,0,0,0,0,0,0,0,0,0,0,1,0,0,1,0,1,0,0,0,0,0,0,0,0,0,0,1,0,0,1,0,1,0,0,0,0,0,0,0,0.333333333333333,0.333333333333333,0,0.333333333333333,0.333333333333333,0.666666666666667,0.166666666666667,NA,0.5,NA,NA,NA,NA,NA,1,1,0.666666666666667,0.666666666666667,1,0.333333333333333,0.666666666666667,0.333333333333333,0.5,NA,0.166666666666667,NA,NA,NA,NA,NA,0,0,0,0,0,0.166666666666667,0,0,0.166666666666667,NA,0.166666666666667,NA,NA,NA,NA,NA,0,0,0,0,0,0.166666666666667,0,0,0.166666666666667,NA,0.166666666666667,NA,NA,NA,NA,NA
"819",6,6,3,6,0,6,6,0,3,6,0,0,3,3,0,0,0,1,0,0,0,1,1,0,0,1,0,0,1,2,0,0,0,1,0,4,0,1,4,0,0,2,0,0,1,2,0,0,0.125,0.125,0.0625,0.125,0,0.125,0.125,0,0.0625,0.125,0,0,0.0625,0.0625,0,0,0,0.166666666666667,0,0,NA,0.166666666666667,0.166666666666667,NA,0,0.166666666666667,NA,NA,0.333333333333333,0.666666666666667,NA,NA,0,0.166666666666667,0,0.666666666666667,NA,0.166666666666667,0.666666666666667,NA,0,0.333333333333333,NA,NA,0.333333333333333,0.666666666666667,NA,NA,0,1,0,4,0,0,3,0,0,1,0,0,0,1,0,0,6,4,3,2,0,5,2,0,3,4,0,0,2,0,0,0,0,0,0,0,0,1,1,0,0,1,0,0,1,1,0,0,0,1,0,0,0,0,0,0,0,0,0,0,0,1,0,0,0,0.166666666666667,0,0.666666666666667,NA,0,0.5,NA,0,0.166666666666667,NA,NA,0,0.333333333333333,NA,NA,1,0.666666666666667,1,0.333333333333333,NA,0.833333333333333,0.333333333333333,NA,1,0.666666666666667,NA,NA,0.666666666666667,0,NA,NA,0,0,0,0,NA,0.166666666666667,0.166666666666667,NA,0,0.166666666666667,NA,NA,0.333333333333333,0.333333333333333,NA,NA,0,0.166666666666667,0,0,NA,0,0,NA,0,0,NA,NA,0,0.333333333333333,NA,NA
"820",3,3,3,6,0,6,6,0,3,6,0,0,6,3,0,0,0,0,0,1,0,1,1,0,0,0,0,0,0,2,0,0,0,1,1,3,0,1,3,0,1,3,0,0,2,2,0,0,0.0666666666666667,0.0666666666666667,0.0666666666666667,0.133333333333333,0,0.133333333333333,0.133333333333333,0,0.0666666666666667,0.133333333333333,0,0,0.133333333333333,0.0666666666666667,0,0,0,0,0,0.166666666666667,NA,0.166666666666667,0.166666666666667,NA,0,0,NA,NA,0,0.666666666666667,NA,NA,0,0.333333333333333,0.333333333333333,0.5,NA,0.166666666666667,0.5,NA,0.333333333333333,0.5,NA,NA,0.333333333333333,0.666666666666667,NA,NA,0,1,1,2,0,1,3,0,1,3,0,0,2,0,0,0,3,2,2,3,0,4,2,0,2,3,0,0,4,1,0,0,0,0,0,1,0,0,0,0,0,0,0,0,0,2,0,0,0,0,0,0,0,1,1,0,0,0,0,0,0,0,0,0,0,0.333333333333333,0.333333333333333,0.333333333333333,NA,0.166666666666667,0.5,NA,0.333333333333333,0.5,NA,NA,0.333333333333333,0,NA,NA,1,0.666666666666667,0.666666666666667,0.5,NA,0.666666666666667,0.333333333333333,NA,0.666666666666667,0.5,NA,NA,0.666666666666667,0.333333333333333,NA,NA,0,0,0,0.166666666666667,NA,0,0,NA,0,0,NA,NA,0,0.666666666666667,NA,NA,0,0,0,0,NA,0.166666666666667,0.166666666666667,NA,0,0,NA,NA,0,0,NA,NA
"821",3,3,6,0,6,6,0,0,0,0,0,0,0,0,0,0,0,0,1,0,1,1,0,0,0,0,0,0,0,0,0,0,0,1,3,0,3,3,0,0,0,0,0,0,0,0,0,0,0.125,0.125,0.25,0,0.25,0.25,0,0,0,0,0,0,0,0,0,0,0,0,0.166666666666667,NA,0.166666666666667,0.166666666666667,NA,NA,NA,NA,NA,NA,NA,NA,NA,NA,0,0.333333333333333,0.5,NA,0.5,0.5,NA,NA,NA,NA,NA,NA,NA,NA,NA,NA,0,1,3,0,3,2,0,0,0,0,0,0,0,0,0,0,3,2,2,0,2,3,0,0,0,0,0,0,0,0,0,0,0,0,0,0,0,1,0,0,0,0,0,0,0,0,0,0,0,0,1,0,1,0,0,0,0,0,0,0,0,0,0,0,0,0.333333333333333,0.5,NA,0.5,0.333333333333333,NA,NA,NA,NA,NA,NA,NA,NA,NA,NA,1,0.666666666666667,0.333333333333333,NA,0.333333333333333,0.5,NA,NA,NA,NA,NA,NA,NA,NA,NA,NA,0,0,0,NA,0,0.166666666666667,NA,NA,NA,NA,NA,NA,NA,NA,NA,NA,0,0,0.166666666666667,NA,0.166666666666667,0,NA,NA,NA,NA,NA,NA,NA,NA,NA,NA
"822",6,3,3,6,0,6,6,6,3,6,0,3,0,0,0,0,1,0,0,0,0,0,0,3,0,2,0,2,0,0,0,0,0,1,1,1,0,1,6,2,1,3,0,1,0,0,0,0,0.125,0.0625,0.0625,0.125,0,0.125,0.125,0.125,0.0625,0.125,0,0.0625,0,0,0,0,0.166666666666667,0,0,0,NA,0,0,0.5,0,0.333333333333333,NA,0.666666666666667,NA,NA,NA,NA,0,0.333333333333333,0.333333333333333,0.166666666666667,NA,0.166666666666667,1,0.333333333333333,0.333333333333333,0.5,NA,0.333333333333333,NA,NA,NA,NA,0,1,1,1,0,1,6,0,1,3,0,0,0,0,0,0,5,2,2,5,0,5,0,3,2,1,0,1,0,0,0,0,0,0,0,0,0,0,0,2,0,0,0,1,0,0,0,0,1,0,0,0,0,0,0,1,0,2,0,1,0,0,0,0,0,0.333333333333333,0.333333333333333,0.166666666666667,NA,0.166666666666667,1,0,0.333333333333333,0.5,NA,0,NA,NA,NA,NA,0.833333333333333,0.666666666666667,0.666666666666667,0.833333333333333,NA,0.833333333333333,0,0.5,0.666666666666667,0.166666666666667,NA,0.333333333333333,NA,NA,NA,NA,0,0,0,0,NA,0,0,0.333333333333333,0,0,NA,0.333333333333333,NA,NA,NA,NA,0.166666666666667,0,0,0,NA,0,0,0.166666666666667,0,0.333333333333333,NA,0.333333333333333,NA,NA,NA,NA
"823",3,3,6,0,6,6,0,0,0,0,0,0,0,0,0,0,0,0,1,0,2,1,0,0,0,0,0,0,0,0,0,0,0,0,3,0,1,3,0,0,0,0,0,0,0,0,0,0,0.125,0.125,0.25,0,0.25,0.25,0,0,0,0,0,0,0,0,0,0,0,0,0.166666666666667,NA,0.333333333333333,0.166666666666667,NA,NA,NA,NA,NA,NA,NA,NA,NA,NA,0,0,0.5,NA,0.166666666666667,0.5,NA,NA,NA,NA,NA,NA,NA,NA,NA,NA,0,0,3,0,1,3,0,0,0,0,0,0,0,0,0,0,3,3,2,0,3,2,0,0,0,0,0,0,0,0,0,0,0,0,0,0,0,0,0,0,0,0,0,0,0,0,0,0,0,0,1,0,2,1,0,0,0,0,0,0,0,0,0,0,0,0,0.5,NA,0.166666666666667,0.5,NA,NA,NA,NA,NA,NA,NA,NA,NA,NA,1,1,0.333333333333333,NA,0.5,0.333333333333333,NA,NA,NA,NA,NA,NA,NA,NA,NA,NA,0,0,0,NA,0,0,NA,NA,NA,NA,NA,NA,NA,NA,NA,NA,0,0,0.166666666666667,NA,0.333333333333333,0.166666666666667,NA,NA,NA,NA,NA,NA,NA,NA,NA,NA
"824",3,3,3,6,0,3,6,6,0,3,6,0,3,6,0,0,0,0,0,0,0,0,0,1,0,0,2,0,0,1,0,0,1,0,0,2,0,1,2,6,0,0,4,0,1,4,0,0,0.0625,0.0625,0.0625,0.125,0,0.0625,0.125,0.125,0,0.0625,0.125,0,0.0625,0.125,0,0,0,0,0,0,NA,0,0,0.166666666666667,NA,0,0.333333333333333,NA,0,0.166666666666667,NA,NA,0.333333333333333,0,0,0.333333333333333,NA,0.333333333333333,0.333333333333333,1,NA,0,0.666666666666667,NA,0.333333333333333,0.666666666666667,NA,NA,1,0,0,2,0,1,2,5,0,0,2,0,1,4,0,0,2,3,3,4,0,2,4,0,0,3,2,0,2,1,0,0,0,0,0,0,0,0,0,1,0,0,2,0,0,0,0,0,0,0,0,0,0,0,0,0,0,0,0,0,0,1,0,0,0.333333333333333,0,0,0.333333333333333,NA,0.333333333333333,0.333333333333333,0.833333333333333,NA,0,0.333333333333333,NA,0.333333333333333,0.666666666666667,NA,NA,0.666666666666667,1,1,0.666666666666667,NA,0.666666666666667,0.666666666666667,0,NA,1,0.333333333333333,NA,0.666666666666667,0.166666666666667,NA,NA,0,0,0,0,NA,0,0,0.166666666666667,NA,0,0.333333333333333,NA,0,0,NA,NA,0,0,0,0,NA,0,0,0,NA,0,0,NA,0,0.166666666666667,NA,NA
"825",3,3,3,6,0,6,6,6,6,6,0,0,3,0,0,0,0,0,0,1,0,1,1,1,1,0,0,0,2,0,0,0,1,0,0,2,0,0,4,5,1,4,0,0,2,0,0,0,0.0625,0.0625,0.0625,0.125,0,0.125,0.125,0.125,0.125,0.125,0,0,0.0625,0,0,0,0,0,0,0.166666666666667,NA,0.166666666666667,0.166666666666667,0.166666666666667,0.166666666666667,0,NA,NA,0.666666666666667,NA,NA,NA,0.333333333333333,0,0,0.333333333333333,NA,0,0.666666666666667,0.833333333333333,0.166666666666667,0.666666666666667,NA,NA,0.666666666666667,NA,NA,NA,1,0,0,2,0,0,3,4,0,4,0,0,1,0,0,0,2,3,3,3,0,5,2,1,5,2,0,0,0,0,0,0,0,0,0,0,0,0,1,1,1,0,0,0,1,0,0,0,0,0,0,1,0,1,0,0,0,0,0,0,1,0,0,0,0.333333333333333,0,0,0.333333333333333,NA,0,0.5,0.666666666666667,0,0.666666666666667,NA,NA,0.333333333333333,NA,NA,NA,0.666666666666667,1,1,0.5,NA,0.833333333333333,0.333333333333333,0.166666666666667,0.833333333333333,0.333333333333333,NA,NA,0,NA,NA,NA,0,0,0,0,NA,0,0.166666666666667,0.166666666666667,0.166666666666667,0,NA,NA,0.333333333333333,NA,NA,NA,0,0,0,0.166666666666667,NA,0.166666666666667,0,0,0,0,NA,NA,0.333333333333333,NA,NA,NA
"826",3,3,6,0,3,6,0,0,6,3,0,0,0,0,0,0,0,0,1,0,0,0,0,0,0,1,0,0,0,0,0,0,0,1,3,0,0,2,0,0,3,2,0,0,0,0,0,0,0.1,0.1,0.2,0,0.1,0.2,0,0,0.2,0.1,0,0,0,0,0,0,0,0,0.166666666666667,NA,0,0,NA,NA,0,0.333333333333333,NA,NA,NA,NA,NA,NA,0,0.333333333333333,0.5,NA,0,0.333333333333333,NA,NA,0.5,0.666666666666667,NA,NA,NA,NA,NA,NA,0,1,3,0,0,2,0,0,3,1,0,0,0,0,0,0,3,2,2,0,3,4,0,0,3,1,0,0,0,0,0,0,0,0,0,0,0,0,0,0,0,1,0,0,0,0,0,0,0,0,1,0,0,0,0,0,0,0,0,0,0,0,0,0,0,0.333333333333333,0.5,NA,0,0.333333333333333,NA,NA,0.5,0.333333333333333,NA,NA,NA,NA,NA,NA,1,0.666666666666667,0.333333333333333,NA,1,0.666666666666667,NA,NA,0.5,0.333333333333333,NA,NA,NA,NA,NA,NA,0,0,0,NA,0,0,NA,NA,0,0.333333333333333,NA,NA,NA,NA,NA,NA,0,0,0.166666666666667,NA,0,0,NA,NA,0,0,NA,NA,NA,NA,NA,NA
"827",3,3,6,0,3,6,0,0,6,0,0,0,6,0,0,0,0,0,0,0,0,1,0,0,0,0,0,0,2,0,0,0,0,0,3,0,0,3,0,0,1,0,0,0,0,0,0,0,0.0909090909090909,0.0909090909090909,0.181818181818182,0,0.0909090909090909,0.181818181818182,0,0,0.181818181818182,0,0,0,0.181818181818182,0,0,0,0,0,0,NA,0,0.166666666666667,NA,NA,0,NA,NA,NA,0.333333333333333,NA,NA,NA,0,0,0.5,NA,0,0.5,NA,NA,0.166666666666667,NA,NA,NA,0,NA,NA,NA,0,0,3,0,0,2,0,0,1,0,0,0,0,0,0,0,3,3,3,0,3,3,0,0,5,0,0,0,4,0,0,0,0,0,0,0,0,1,0,0,0,0,0,0,0,0,0,0,0,0,0,0,0,0,0,0,0,0,0,0,2,0,0,0,0,0,0.5,NA,0,0.333333333333333,NA,NA,0.166666666666667,NA,NA,NA,0,NA,NA,NA,1,1,0.5,NA,1,0.5,NA,NA,0.833333333333333,NA,NA,NA,0.666666666666667,NA,NA,NA,0,0,0,NA,0,0.166666666666667,NA,NA,0,NA,NA,NA,0,NA,NA,NA,0,0,0,NA,0,0,NA,NA,0,NA,NA,NA,0.333333333333333,NA,NA,NA
"828",3,6,6,6,6,6,6,3,0,0,0,0,0,0,0,0,0,0,1,0,1,0,2,2,0,0,0,0,0,0,0,0,0,1,2,2,3,4,3,1,0,0,0,0,0,0,0,0,0.0714285714285714,0.142857142857143,0.142857142857143,0.142857142857143,0.142857142857143,0.142857142857143,0.142857142857143,0.0714285714285714,0,0,0,0,0,0,0,0,0,0,0.166666666666667,0,0.166666666666667,0,0.333333333333333,0.666666666666667,NA,NA,NA,NA,NA,NA,NA,NA,0,0.166666666666667,0.333333333333333,0.333333333333333,0.5,0.666666666666667,0.5,0.333333333333333,NA,NA,NA,NA,NA,NA,NA,NA,0,1,1,2,3,4,2,1,0,0,0,0,0,0,0,0,3,5,4,4,2,2,2,0,0,0,0,0,0,0,0,0,0,0,1,0,0,0,1,0,0,0,0,0,0,0,0,0,0,0,0,0,1,0,1,2,0,0,0,0,0,0,0,0,0,0.166666666666667,0.166666666666667,0.333333333333333,0.5,0.666666666666667,0.333333333333333,0.333333333333333,NA,NA,NA,NA,NA,NA,NA,NA,1,0.833333333333333,0.666666666666667,0.666666666666667,0.333333333333333,0.333333333333333,0.333333333333333,0,NA,NA,NA,NA,NA,NA,NA,NA,0,0,0.166666666666667,0,0,0,0.166666666666667,0,NA,NA,NA,NA,NA,NA,NA,NA,0,0,0,0,0.166666666666667,0,0.166666666666667,0.666666666666667,NA,NA,NA,NA,NA,NA,NA,NA
"829",3,3,3,6,3,6,6,6,3,3,0,0,6,0,0,0,0,0,0,0,0,1,0,2,0,2,0,0,0,0,0,0,0,1,0,1,1,2,6,4,0,1,0,0,4,0,0,0,0.0625,0.0625,0.0625,0.125,0.0625,0.125,0.125,0.125,0.0625,0.0625,0,0,0.125,0,0,0,0,0,0,0,0,0.166666666666667,0,0.333333333333333,0,0.666666666666667,NA,NA,0,NA,NA,NA,0,0.333333333333333,0,0.166666666666667,0.333333333333333,0.333333333333333,1,0.666666666666667,0,0.333333333333333,NA,NA,0.666666666666667,NA,NA,NA,0,1,0,1,1,1,6,2,0,1,0,0,4,0,0,0,3,2,3,5,2,4,0,2,3,0,0,0,2,0,0,0,0,0,0,0,0,1,0,2,0,0,0,0,0,0,0,0,0,0,0,0,0,0,0,0,0,2,0,0,0,0,0,0,0,0.333333333333333,0,0.166666666666667,0.333333333333333,0.166666666666667,1,0.333333333333333,0,0.333333333333333,NA,NA,0.666666666666667,NA,NA,NA,1,0.666666666666667,1,0.833333333333333,0.666666666666667,0.666666666666667,0,0.333333333333333,1,0,NA,NA,0.333333333333333,NA,NA,NA,0,0,0,0,0,0.166666666666667,0,0.333333333333333,0,0,NA,NA,0,NA,NA,NA,0,0,0,0,0,0,0,0,0,0.666666666666667,NA,NA,0,NA,NA,NA
"830",3,3,6,0,3,6,0,0,3,6,0,0,6,0,0,0,0,0,0,0,0,0,0,0,0,2,0,0,1,0,0,0,0,1,5,0,1,1,0,0,1,5,0,0,4,0,0,0,0.0833333333333333,0.0833333333333333,0.166666666666667,0,0.0833333333333333,0.166666666666667,0,0,0.0833333333333333,0.166666666666667,0,0,0.166666666666667,0,0,0,0,0,0,NA,0,0,NA,NA,0,0.333333333333333,NA,NA,0.166666666666667,NA,NA,NA,0,0.333333333333333,0.833333333333333,NA,0.333333333333333,0.166666666666667,NA,NA,0.333333333333333,0.833333333333333,NA,NA,0.666666666666667,NA,NA,NA,0,1,5,0,1,1,0,0,1,3,0,0,4,0,0,0,3,2,1,0,2,5,0,0,2,1,0,0,1,0,0,0,0,0,0,0,0,0,0,0,0,2,0,0,0,0,0,0,0,0,0,0,0,0,0,0,0,0,0,0,1,0,0,0,0,0.333333333333333,0.833333333333333,NA,0.333333333333333,0.166666666666667,NA,NA,0.333333333333333,0.5,NA,NA,0.666666666666667,NA,NA,NA,1,0.666666666666667,0.166666666666667,NA,0.666666666666667,0.833333333333333,NA,NA,0.666666666666667,0.166666666666667,NA,NA,0.166666666666667,NA,NA,NA,0,0,0,NA,0,0,NA,NA,0,0.333333333333333,NA,NA,0,NA,NA,NA,0,0,0,NA,0,0,NA,NA,0,0,NA,NA,0.166666666666667,NA,NA,NA
"831",3,3,6,0,3,6,0,0,3,0,0,0,6,0,0,0,0,0,0,0,0,2,0,0,0,0,0,0,0,0,0,0,0,1,4,0,0,4,0,0,1,0,0,0,1,0,0,0,0.1,0.1,0.2,0,0.1,0.2,0,0,0.1,0,0,0,0.2,0,0,0,0,0,0,NA,0,0.333333333333333,NA,NA,0,NA,NA,NA,0,NA,NA,NA,0,0.333333333333333,0.666666666666667,NA,0,0.666666666666667,NA,NA,0.333333333333333,NA,NA,NA,0.166666666666667,NA,NA,NA,0,1,4,0,0,3,0,0,1,0,0,0,1,0,0,0,3,2,2,0,3,1,0,0,2,0,0,0,5,0,0,0,0,0,0,0,0,1,0,0,0,0,0,0,0,0,0,0,0,0,0,0,0,1,0,0,0,0,0,0,0,0,0,0,0,0.333333333333333,0.666666666666667,NA,0,0.5,NA,NA,0.333333333333333,NA,NA,NA,0.166666666666667,NA,NA,NA,1,0.666666666666667,0.333333333333333,NA,1,0.166666666666667,NA,NA,0.666666666666667,NA,NA,NA,0.833333333333333,NA,NA,NA,0,0,0,NA,0,0.166666666666667,NA,NA,0,NA,NA,NA,0,NA,NA,NA,0,0,0,NA,0,0.166666666666667,NA,NA,0,NA,NA,NA,0,NA,NA,NA
"832",3,3,3,6,3,0,3,0,6,6,6,0,0,3,3,0,0,0,0,1,0,0,0,0,1,1,1,0,0,2,2,0,1,1,0,3,1,0,1,0,5,2,4,0,0,2,2,0,0.0666666666666667,0.0666666666666667,0.0666666666666667,0.133333333333333,0.0666666666666667,0,0.0666666666666667,0,0.133333333333333,0.133333333333333,0.133333333333333,0,0,0.0666666666666667,0.0666666666666667,0,0,0,0,0.166666666666667,0,NA,0,NA,0.166666666666667,0.166666666666667,0.166666666666667,NA,NA,0.666666666666667,0.666666666666667,NA,0.333333333333333,0.333333333333333,0,0.5,0.333333333333333,NA,0.333333333333333,NA,0.833333333333333,0.333333333333333,0.666666666666667,NA,NA,0.666666666666667,0.666666666666667,NA,1,1,0,3,1,0,1,0,4,2,3,0,0,1,0,0,2,2,3,2,2,0,2,0,1,3,2,0,0,0,1,0,0,0,0,0,0,0,0,0,1,0,1,0,0,1,2,0,0,0,0,1,0,0,0,0,0,1,0,0,0,1,0,0,0.333333333333333,0.333333333333333,0,0.5,0.333333333333333,NA,0.333333333333333,NA,0.666666666666667,0.333333333333333,0.5,NA,NA,0.333333333333333,0,NA,0.666666666666667,0.666666666666667,1,0.333333333333333,0.666666666666667,NA,0.666666666666667,NA,0.166666666666667,0.5,0.333333333333333,NA,NA,0,0.333333333333333,NA,0,0,0,0,0,NA,0,NA,0.166666666666667,0,0.166666666666667,NA,NA,0.333333333333333,0.666666666666667,NA,0,0,0,0.166666666666667,0,NA,0,NA,0,0.166666666666667,0,NA,NA,0.333333333333333,0,NA
"833",3,3,6,0,6,6,0,0,3,0,0,0,0,0,0,0,0,0,0,0,1,0,0,0,1,0,0,0,0,0,0,0,1,0,3,0,1,3,0,0,0,0,0,0,0,0,0,0,0.111111111111111,0.111111111111111,0.222222222222222,0,0.222222222222222,0.222222222222222,0,0,0.111111111111111,0,0,0,0,0,0,0,0,0,0,NA,0.166666666666667,0,NA,NA,0.333333333333333,NA,NA,NA,NA,NA,NA,NA,0.333333333333333,0,0.5,NA,0.166666666666667,0.5,NA,NA,0,NA,NA,NA,NA,NA,NA,NA,1,0,3,0,1,3,0,0,0,0,0,0,0,0,0,0,2,3,3,0,4,3,0,0,2,0,0,0,0,0,0,0,0,0,0,0,0,0,0,0,0,0,0,0,0,0,0,0,0,0,0,0,1,0,0,0,1,0,0,0,0,0,0,0,0.333333333333333,0,0.5,NA,0.166666666666667,0.5,NA,NA,0,NA,NA,NA,NA,NA,NA,NA,0.666666666666667,1,0.5,NA,0.666666666666667,0.5,NA,NA,0.666666666666667,NA,NA,NA,NA,NA,NA,NA,0,0,0,NA,0,0,NA,NA,0,NA,NA,NA,NA,NA,NA,NA,0,0,0,NA,0.166666666666667,0,NA,NA,0.333333333333333,NA,NA,NA,NA,NA,NA,NA
"834",3,3,6,6,0,3,0,0,3,6,0,0,6,3,0,0,0,0,0,2,0,0,0,0,0,0,0,0,0,1,0,0,0,1,2,2,0,1,0,0,0,4,0,0,2,1,0,0,0.0769230769230769,0.0769230769230769,0.153846153846154,0.153846153846154,0,0.0769230769230769,0,0,0.0769230769230769,0.153846153846154,0,0,0.153846153846154,0.0769230769230769,0,0,0,0,0,0.333333333333333,NA,0,NA,NA,0,0,NA,NA,0,0.333333333333333,NA,NA,0,0.333333333333333,0.333333333333333,0.333333333333333,NA,0.333333333333333,NA,NA,0,0.666666666666667,NA,NA,0.333333333333333,0.333333333333333,NA,NA,0,1,2,1,0,1,0,0,0,4,0,0,2,1,0,0,3,2,4,3,0,2,0,0,3,2,0,0,4,1,0,0,0,0,0,1,0,0,0,0,0,0,0,0,0,0,0,0,0,0,0,1,0,0,0,0,0,0,0,0,0,1,0,0,0,0.333333333333333,0.333333333333333,0.166666666666667,NA,0.333333333333333,NA,NA,0,0.666666666666667,NA,NA,0.333333333333333,0.333333333333333,NA,NA,1,0.666666666666667,0.666666666666667,0.5,NA,0.666666666666667,NA,NA,1,0.333333333333333,NA,NA,0.666666666666667,0.333333333333333,NA,NA,0,0,0,0.166666666666667,NA,0,NA,NA,0,0,NA,NA,0,0,NA,NA,0,0,0,0.166666666666667,NA,0,NA,NA,0,0,NA,NA,0,0.333333333333333,NA,NA
"835",3,3,6,0,0,3,0,0,3,6,0,0,6,0,0,0,0,0,0,0,0,0,0,0,0,0,0,0,1,0,0,0,1,0,3,0,0,0,0,0,0,5,0,0,3,0,0,0,0.1,0.1,0.2,0,0,0.1,0,0,0.1,0.2,0,0,0.2,0,0,0,0,0,0,NA,NA,0,NA,NA,0,0,NA,NA,0.166666666666667,NA,NA,NA,0.333333333333333,0,0.5,NA,NA,0,NA,NA,0,0.833333333333333,NA,NA,0.5,NA,NA,NA,1,0,3,0,0,0,0,0,0,5,0,0,3,0,0,0,2,3,3,0,0,3,0,0,3,1,0,0,2,0,0,0,0,0,0,0,0,0,0,0,0,0,0,0,0,0,0,0,0,0,0,0,0,0,0,0,0,0,0,0,1,0,0,0,0.333333333333333,0,0.5,NA,NA,0,NA,NA,0,0.833333333333333,NA,NA,0.5,NA,NA,NA,0.666666666666667,1,0.5,NA,NA,1,NA,NA,1,0.166666666666667,NA,NA,0.333333333333333,NA,NA,NA,0,0,0,NA,NA,0,NA,NA,0,0,NA,NA,0,NA,NA,NA,0,0,0,NA,NA,0,NA,NA,0,0,NA,NA,0.166666666666667,NA,NA,NA
"836",3,6,6,6,3,6,6,0,6,6,0,0,0,0,0,0,0,0,1,0,0,0,1,0,1,1,0,0,0,0,0,0,0,2,1,3,0,1,5,0,1,3,0,0,0,0,0,0,0.0625,0.125,0.125,0.125,0.0625,0.125,0.125,0,0.125,0.125,0,0,0,0,0,0,0,0,0.166666666666667,0,0,0,0.166666666666667,NA,0.166666666666667,0.166666666666667,NA,NA,NA,NA,NA,NA,0,0.333333333333333,0.166666666666667,0.5,0,0.166666666666667,0.833333333333333,NA,0.166666666666667,0.5,NA,NA,NA,NA,NA,NA,0,2,1,3,0,1,4,0,1,2,0,0,0,0,0,0,3,4,4,3,3,5,1,0,4,3,0,0,0,0,0,0,0,0,0,0,0,0,1,0,0,1,0,0,0,0,0,0,0,0,1,0,0,0,0,0,1,0,0,0,0,0,0,0,0,0.333333333333333,0.166666666666667,0.5,0,0.166666666666667,0.666666666666667,NA,0.166666666666667,0.333333333333333,NA,NA,NA,NA,NA,NA,1,0.666666666666667,0.666666666666667,0.5,1,0.833333333333333,0.166666666666667,NA,0.666666666666667,0.5,NA,NA,NA,NA,NA,NA,0,0,0,0,0,0,0.166666666666667,NA,0,0.166666666666667,NA,NA,NA,NA,NA,NA,0,0,0.166666666666667,0,0,0,0,NA,0.166666666666667,0,NA,NA,NA,NA,NA,NA
"837",3,6,6,0,6,6,0,0,6,0,0,0,0,0,0,0,0,0,1,0,0,0,0,0,2,0,0,0,0,0,0,0,1,1,4,0,2,3,0,0,0,0,0,0,0,0,0,0,0.0909090909090909,0.181818181818182,0.181818181818182,0,0.181818181818182,0.181818181818182,0,0,0.181818181818182,0,0,0,0,0,0,0,0,0,0.166666666666667,NA,0,0,NA,NA,0.333333333333333,NA,NA,NA,NA,NA,NA,NA,0.333333333333333,0.166666666666667,0.666666666666667,NA,0.333333333333333,0.5,NA,NA,0,NA,NA,NA,NA,NA,NA,NA,1,1,3,0,2,3,0,0,0,0,0,0,0,0,0,0,2,5,2,0,4,3,0,0,4,0,0,0,0,0,0,0,0,0,1,0,0,0,0,0,0,0,0,0,0,0,0,0,0,0,0,0,0,0,0,0,2,0,0,0,0,0,0,0,0.333333333333333,0.166666666666667,0.5,NA,0.333333333333333,0.5,NA,NA,0,NA,NA,NA,NA,NA,NA,NA,0.666666666666667,0.833333333333333,0.333333333333333,NA,0.666666666666667,0.5,NA,NA,0.666666666666667,NA,NA,NA,NA,NA,NA,NA,0,0,0.166666666666667,NA,0,0,NA,NA,0,NA,NA,NA,NA,NA,NA,NA,0,0,0,NA,0,0,NA,NA,0.333333333333333,NA,NA,NA,NA,NA,NA,NA
"838",6,0,0,0,3,0,0,0,3,0,0,0,6,0,0,0,2,0,0,0,0,0,0,0,0,0,0,0,0,0,0,0,0,0,0,0,1,0,0,0,1,0,0,0,2,0,0,0,0.333333333333333,0,0,0,0.166666666666667,0,0,0,0.166666666666667,0,0,0,0.333333333333333,0,0,0,0.333333333333333,NA,NA,NA,0,NA,NA,NA,0,NA,NA,NA,0,NA,NA,NA,0,NA,NA,NA,0.333333333333333,NA,NA,NA,0.333333333333333,NA,NA,NA,0.333333333333333,NA,NA,NA,0,0,0,0,1,0,0,0,1,0,0,0,2,0,0,0,4,0,0,0,2,0,0,0,2,0,0,0,4,0,0,0,0,0,0,0,0,0,0,0,0,0,0,0,0,0,0,0,2,0,0,0,0,0,0,0,0,0,0,0,0,0,0,0,0,NA,NA,NA,0.333333333333333,NA,NA,NA,0.333333333333333,NA,NA,NA,0.333333333333333,NA,NA,NA,0.666666666666667,NA,NA,NA,0.666666666666667,NA,NA,NA,0.666666666666667,NA,NA,NA,0.666666666666667,NA,NA,NA,0,NA,NA,NA,0,NA,NA,NA,0,NA,NA,NA,0,NA,NA,NA,0.333333333333333,NA,NA,NA,0,NA,NA,NA,0,NA,NA,NA,0,NA,NA,NA
"839",3,3,6,6,0,0,3,6,0,3,6,6,0,0,6,0,0,0,0,1,0,0,0,0,0,1,0,4,0,0,2,0,0,1,1,2,0,0,1,2,0,3,3,5,0,0,5,0,0.0625,0.0625,0.125,0.125,0,0,0.0625,0.125,0,0.0625,0.125,0.125,0,0,0.125,0,0,0,0,0.166666666666667,NA,NA,0,0,NA,0.333333333333333,0,0.666666666666667,NA,NA,0.333333333333333,NA,0,0.333333333333333,0.166666666666667,0.333333333333333,NA,NA,0.333333333333333,0.333333333333333,NA,1,0.5,0.833333333333333,NA,NA,0.833333333333333,NA,0,1,1,2,0,0,1,2,0,2,3,1,0,0,3,0,3,2,5,3,0,0,2,4,0,0,3,1,0,0,1,0,0,0,0,0,0,0,0,0,0,1,0,4,0,0,2,0,0,0,0,1,0,0,0,0,0,0,0,0,0,0,0,0,0,0.333333333333333,0.166666666666667,0.333333333333333,NA,NA,0.333333333333333,0.333333333333333,NA,0.666666666666667,0.5,0.166666666666667,NA,NA,0.5,NA,1,0.666666666666667,0.833333333333333,0.5,NA,NA,0.666666666666667,0.666666666666667,NA,0,0.5,0.166666666666667,NA,NA,0.166666666666667,NA,0,0,0,0,NA,NA,0,0,NA,0.333333333333333,0,0.666666666666667,NA,NA,0.333333333333333,NA,0,0,0,0.166666666666667,NA,NA,0,0,NA,0,0,0,NA,NA,0,NA
"840",3,3,6,6,3,6,6,0,3,0,0,0,6,0,0,0,0,0,0,1,0,2,0,0,0,0,0,0,0,0,0,0,0,0,1,3,0,1,4,0,1,0,0,0,3,0,0,0,0.0714285714285714,0.0714285714285714,0.142857142857143,0.142857142857143,0.0714285714285714,0.142857142857143,0.142857142857143,0,0.0714285714285714,0,0,0,0.142857142857143,0,0,0,0,0,0,0.166666666666667,0,0.333333333333333,0,NA,0,NA,NA,NA,0,NA,NA,NA,0,0,0.166666666666667,0.5,0,0.166666666666667,0.666666666666667,NA,0.333333333333333,NA,NA,NA,0.5,NA,NA,NA,0,0,1,2,0,1,4,0,1,0,0,0,3,0,0,0,3,3,5,3,3,3,2,0,2,0,0,0,3,0,0,0,0,0,0,1,0,0,0,0,0,0,0,0,0,0,0,0,0,0,0,0,0,2,0,0,0,0,0,0,0,0,0,0,0,0,0.166666666666667,0.333333333333333,0,0.166666666666667,0.666666666666667,NA,0.333333333333333,NA,NA,NA,0.5,NA,NA,NA,1,1,0.833333333333333,0.5,1,0.5,0.333333333333333,NA,0.666666666666667,NA,NA,NA,0.5,NA,NA,NA,0,0,0,0.166666666666667,0,0,0,NA,0,NA,NA,NA,0,NA,NA,NA,0,0,0,0,0,0.333333333333333,0,NA,0,NA,NA,NA,0,NA,NA,NA
"841",3,3,6,6,3,6,6,6,3,0,0,3,3,0,0,0,0,0,0,1,0,2,1,2,0,0,0,1,0,0,0,0,0,1,1,2,0,4,3,2,0,0,0,2,2,0,0,0,0.0625,0.0625,0.125,0.125,0.0625,0.125,0.125,0.125,0.0625,0,0,0.0625,0.0625,0,0,0,0,0,0,0.166666666666667,0,0.333333333333333,0.166666666666667,0.333333333333333,0,NA,NA,0.333333333333333,0,NA,NA,NA,0,0.333333333333333,0.166666666666667,0.333333333333333,0,0.666666666666667,0.5,0.333333333333333,0,NA,NA,0.666666666666667,0.666666666666667,NA,NA,NA,0,1,1,2,0,3,3,0,0,0,0,1,2,0,0,0,3,2,5,3,3,1,2,4,3,0,0,1,1,0,0,0,0,0,0,0,0,1,0,2,0,0,0,1,0,0,0,0,0,0,0,1,0,1,1,0,0,0,0,0,0,0,0,0,0,0.333333333333333,0.166666666666667,0.333333333333333,0,0.5,0.5,0,0,NA,NA,0.333333333333333,0.666666666666667,NA,NA,NA,1,0.666666666666667,0.833333333333333,0.5,1,0.166666666666667,0.333333333333333,0.666666666666667,1,NA,NA,0.333333333333333,0.333333333333333,NA,NA,NA,0,0,0,0,0,0.166666666666667,0,0.333333333333333,0,NA,NA,0.333333333333333,0,NA,NA,NA,0,0,0,0.166666666666667,0,0.166666666666667,0.166666666666667,0,0,NA,NA,0,0,NA,NA,NA
"842",6,3,0,0,6,0,0,0,6,0,0,0,3,0,0,0,0,1,0,0,0,0,0,0,1,0,0,0,1,0,0,0,2,1,0,0,2,0,0,0,2,0,0,0,2,0,0,0,0.25,0.125,0,0,0.25,0,0,0,0.25,0,0,0,0.125,0,0,0,0,0.333333333333333,NA,NA,0,NA,NA,NA,0.166666666666667,NA,NA,NA,0.333333333333333,NA,NA,NA,0.333333333333333,0.333333333333333,NA,NA,0.333333333333333,NA,NA,NA,0.333333333333333,NA,NA,NA,0.666666666666667,NA,NA,NA,2,1,0,0,2,0,0,0,2,0,0,0,2,0,0,0,4,1,0,0,4,0,0,0,3,0,0,0,0,0,0,0,0,0,0,0,0,0,0,0,0,0,0,0,0,0,0,0,0,1,0,0,0,0,0,0,1,0,0,0,1,0,0,0,0.333333333333333,0.333333333333333,NA,NA,0.333333333333333,NA,NA,NA,0.333333333333333,NA,NA,NA,0.666666666666667,NA,NA,NA,0.666666666666667,0.333333333333333,NA,NA,0.666666666666667,NA,NA,NA,0.5,NA,NA,NA,0,NA,NA,NA,0,0,NA,NA,0,NA,NA,NA,0,NA,NA,NA,0,NA,NA,NA,0,0.333333333333333,NA,NA,0,NA,NA,NA,0.166666666666667,NA,NA,NA,0.333333333333333,NA,NA,NA
"843",3,3,6,3,6,6,0,0,3,0,0,0,0,0,0,0,0,0,0,1,1,2,0,0,1,0,0,0,0,0,0,0,0,1,3,2,0,0,0,0,0,0,0,0,0,0,0,0,0.1,0.1,0.2,0.1,0.2,0.2,0,0,0.1,0,0,0,0,0,0,0,0,0,0,0.333333333333333,0.166666666666667,0.333333333333333,NA,NA,0.333333333333333,NA,NA,NA,NA,NA,NA,NA,0,0.333333333333333,0.5,0.666666666666667,0,0,NA,NA,0,NA,NA,NA,NA,NA,NA,NA,0,1,3,1,0,0,0,0,0,0,0,0,0,0,0,0,3,2,3,1,5,4,0,0,2,0,0,0,0,0,0,0,0,0,0,1,0,0,0,0,0,0,0,0,0,0,0,0,0,0,0,0,1,2,0,0,1,0,0,0,0,0,0,0,0,0.333333333333333,0.5,0.333333333333333,0,0,NA,NA,0,NA,NA,NA,NA,NA,NA,NA,1,0.666666666666667,0.5,0.333333333333333,0.833333333333333,0.666666666666667,NA,NA,0.666666666666667,NA,NA,NA,NA,NA,NA,NA,0,0,0,0.333333333333333,0,0,NA,NA,0,NA,NA,NA,NA,NA,NA,NA,0,0,0,0,0.166666666666667,0.333333333333333,NA,NA,0.333333333333333,NA,NA,NA,NA,NA,NA,NA
"844",3,3,6,6,0,3,0,0,3,6,0,0,6,6,0,0,0,0,0,2,0,0,0,0,0,0,0,0,0,4,0,0,1,0,2,4,0,1,0,0,1,2,0,0,2,4,0,0,0.0714285714285714,0.0714285714285714,0.142857142857143,0.142857142857143,0,0.0714285714285714,0,0,0.0714285714285714,0.142857142857143,0,0,0.142857142857143,0.142857142857143,0,0,0,0,0,0.333333333333333,NA,0,NA,NA,0,0,NA,NA,0,0.666666666666667,NA,NA,0.333333333333333,0,0.333333333333333,0.666666666666667,NA,0.333333333333333,NA,NA,0.333333333333333,0.333333333333333,NA,NA,0.333333333333333,0.666666666666667,NA,NA,1,0,2,3,0,1,0,0,1,2,0,0,2,2,0,0,2,3,4,1,0,2,0,0,2,4,0,0,4,0,0,0,0,0,0,1,0,0,0,0,0,0,0,0,0,2,0,0,0,0,0,1,0,0,0,0,0,0,0,0,0,2,0,0,0.333333333333333,0,0.333333333333333,0.5,NA,0.333333333333333,NA,NA,0.333333333333333,0.333333333333333,NA,NA,0.333333333333333,0.333333333333333,NA,NA,0.666666666666667,1,0.666666666666667,0.166666666666667,NA,0.666666666666667,NA,NA,0.666666666666667,0.666666666666667,NA,NA,0.666666666666667,0,NA,NA,0,0,0,0.166666666666667,NA,0,NA,NA,0,0,NA,NA,0,0.333333333333333,NA,NA,0,0,0,0.166666666666667,NA,0,NA,NA,0,0,NA,NA,0,0.333333333333333,NA,NA
"845",3,3,6,0,0,6,0,0,6,6,0,0,3,0,0,0,0,0,0,0,0,1,0,0,1,0,0,0,1,0,0,0,0,0,3,0,0,2,0,0,1,6,0,0,2,0,0,0,0.0909090909090909,0.0909090909090909,0.181818181818182,0,0,0.181818181818182,0,0,0.181818181818182,0.181818181818182,0,0,0.0909090909090909,0,0,0,0,0,0,NA,NA,0.166666666666667,NA,NA,0.166666666666667,0,NA,NA,0.333333333333333,NA,NA,NA,0,0,0.5,NA,NA,0.333333333333333,NA,NA,0.166666666666667,1,NA,NA,0.666666666666667,NA,NA,NA,0,0,3,0,0,1,0,0,0,6,0,0,2,0,0,0,3,3,3,0,0,4,0,0,5,0,0,0,0,0,0,0,0,0,0,0,0,1,0,0,1,0,0,0,0,0,0,0,0,0,0,0,0,0,0,0,0,0,0,0,1,0,0,0,0,0,0.5,NA,NA,0.166666666666667,NA,NA,0,1,NA,NA,0.666666666666667,NA,NA,NA,1,1,0.5,NA,NA,0.666666666666667,NA,NA,0.833333333333333,0,NA,NA,0,NA,NA,NA,0,0,0,NA,NA,0.166666666666667,NA,NA,0.166666666666667,0,NA,NA,0,NA,NA,NA,0,0,0,NA,NA,0,NA,NA,0,0,NA,NA,0.333333333333333,NA,NA,NA
"846",3,3,3,6,3,6,6,6,3,0,0,0,6,0,0,0,0,0,0,0,0,1,1,2,0,0,0,0,0,0,0,0,0,0,1,2,1,3,4,5,1,0,0,0,4,0,0,0,0.0666666666666667,0.0666666666666667,0.0666666666666667,0.133333333333333,0.0666666666666667,0.133333333333333,0.133333333333333,0.133333333333333,0.0666666666666667,0,0,0,0.133333333333333,0,0,0,0,0,0,0,0,0.166666666666667,0.166666666666667,0.333333333333333,0,NA,NA,NA,0,NA,NA,NA,0,0,0.333333333333333,0.333333333333333,0.333333333333333,0.5,0.666666666666667,0.833333333333333,0.333333333333333,NA,NA,NA,0.666666666666667,NA,NA,NA,0,0,1,2,1,3,4,3,1,0,0,0,4,0,0,0,3,3,2,4,2,2,1,1,2,0,0,0,2,0,0,0,0,0,0,0,0,0,0,2,0,0,0,0,0,0,0,0,0,0,0,0,0,1,1,0,0,0,0,0,0,0,0,0,0,0,0.333333333333333,0.333333333333333,0.333333333333333,0.5,0.666666666666667,0.5,0.333333333333333,NA,NA,NA,0.666666666666667,NA,NA,NA,1,1,0.666666666666667,0.666666666666667,0.666666666666667,0.333333333333333,0.166666666666667,0.166666666666667,0.666666666666667,NA,NA,NA,0.333333333333333,NA,NA,NA,0,0,0,0,0,0,0,0.333333333333333,0,NA,NA,NA,0,NA,NA,NA,0,0,0,0,0,0.166666666666667,0.166666666666667,0,0,NA,NA,NA,0,NA,NA,NA
"847",3,3,6,0,6,6,0,0,3,3,0,0,6,0,0,0,0,0,0,0,1,1,0,0,0,2,0,0,1,0,0,0,0,0,3,0,2,2,0,0,0,3,0,0,1,0,0,0,0.0833333333333333,0.0833333333333333,0.166666666666667,0,0.166666666666667,0.166666666666667,0,0,0.0833333333333333,0.0833333333333333,0,0,0.166666666666667,0,0,0,0,0,0,NA,0.166666666666667,0.166666666666667,NA,NA,0,0.666666666666667,NA,NA,0.166666666666667,NA,NA,NA,0,0,0.5,NA,0.333333333333333,0.333333333333333,NA,NA,0,1,NA,NA,0.166666666666667,NA,NA,NA,0,0,3,0,2,2,0,0,0,1,0,0,1,0,0,0,3,3,3,0,3,3,0,0,3,0,0,0,4,0,0,0,0,0,0,0,0,0,0,0,0,2,0,0,0,0,0,0,0,0,0,0,1,1,0,0,0,0,0,0,1,0,0,0,0,0,0.5,NA,0.333333333333333,0.333333333333333,NA,NA,0,0.333333333333333,NA,NA,0.166666666666667,NA,NA,NA,1,1,0.5,NA,0.5,0.5,NA,NA,1,0,NA,NA,0.666666666666667,NA,NA,NA,0,0,0,NA,0,0,NA,NA,0,0.666666666666667,NA,NA,0,NA,NA,NA,0,0,0,NA,0.166666666666667,0.166666666666667,NA,NA,0,0,NA,NA,0.166666666666667,NA,NA,NA
"848",3,3,3,6,6,6,6,0,6,6,3,0,0,0,0,0,0,0,0,1,1,2,1,0,1,2,1,0,0,0,0,0,1,0,1,3,1,3,3,0,3,5,0,0,0,0,0,0,0.0625,0.0625,0.0625,0.125,0.125,0.125,0.125,0,0.125,0.125,0.0625,0,0,0,0,0,0,0,0,0.166666666666667,0.166666666666667,0.333333333333333,0.166666666666667,NA,0.166666666666667,0.333333333333333,0.333333333333333,NA,NA,NA,NA,NA,0.333333333333333,0,0.333333333333333,0.5,0.166666666666667,0.5,0.5,NA,0.5,0.833333333333333,0,NA,NA,NA,NA,NA,1,0,1,3,1,2,2,0,3,4,0,0,0,0,0,0,2,3,2,2,4,2,3,0,2,0,2,0,0,0,0,0,0,0,0,0,0,1,1,0,0,1,0,0,0,0,0,0,0,0,0,1,1,1,0,0,1,1,1,0,0,0,0,0,0.333333333333333,0,0.333333333333333,0.5,0.166666666666667,0.333333333333333,0.333333333333333,NA,0.5,0.666666666666667,0,NA,NA,NA,NA,NA,0.666666666666667,1,0.666666666666667,0.333333333333333,0.666666666666667,0.333333333333333,0.5,NA,0.333333333333333,0,0.666666666666667,NA,NA,NA,NA,NA,0,0,0,0,0,0.166666666666667,0.166666666666667,NA,0,0.166666666666667,0,NA,NA,NA,NA,NA,0,0,0,0.166666666666667,0.166666666666667,0.166666666666667,0,NA,0.166666666666667,0.166666666666667,0.333333333333333,NA,NA,NA,NA,NA
"849",6,3,0,0,6,0,0,0,6,0,0,0,0,0,0,0,1,1,0,0,0,0,0,0,2,0,0,0,0,0,0,0,0,0,0,0,1,0,0,0,2,0,0,0,0,0,0,0,0.285714285714286,0.142857142857143,0,0,0.285714285714286,0,0,0,0.285714285714286,0,0,0,0,0,0,0,0.166666666666667,0.333333333333333,NA,NA,0,NA,NA,NA,0.333333333333333,NA,NA,NA,NA,NA,NA,NA,0,0,NA,NA,0.166666666666667,NA,NA,NA,0.333333333333333,NA,NA,NA,NA,NA,NA,NA,0,0,0,0,1,0,0,0,1,0,0,0,0,0,0,0,5,2,0,0,5,0,0,0,3,0,0,0,0,0,0,0,0,0,0,0,0,0,0,0,1,0,0,0,0,0,0,0,1,1,0,0,0,0,0,0,1,0,0,0,0,0,0,0,0,0,NA,NA,0.166666666666667,NA,NA,NA,0.166666666666667,NA,NA,NA,NA,NA,NA,NA,0.833333333333333,0.666666666666667,NA,NA,0.833333333333333,NA,NA,NA,0.5,NA,NA,NA,NA,NA,NA,NA,0,0,NA,NA,0,NA,NA,NA,0.166666666666667,NA,NA,NA,NA,NA,NA,NA,0.166666666666667,0.333333333333333,NA,NA,0,NA,NA,NA,0.166666666666667,NA,NA,NA,NA,NA,NA,NA
"850",3,3,6,6,6,3,6,3,3,6,0,0,0,3,0,0,0,0,0,1,1,0,0,3,1,1,0,0,0,1,0,0,0,0,2,0,0,0,5,3,0,3,0,0,0,1,0,0,0.0625,0.0625,0.125,0.125,0.125,0.0625,0.125,0.0625,0.0625,0.125,0,0,0,0.0625,0,0,0,0,0,0.166666666666667,0.166666666666667,0,0,1,0.333333333333333,0.166666666666667,NA,NA,NA,0.333333333333333,NA,NA,0,0,0.333333333333333,0,0,0,0.833333333333333,1,0,0.5,NA,NA,NA,0.333333333333333,NA,NA,0,0,2,0,0,0,5,0,0,2,0,0,0,0,0,0,3,3,4,5,5,3,1,0,2,3,0,0,0,2,0,0,0,0,0,0,0,0,0,3,0,1,0,0,0,1,0,0,0,0,0,1,1,0,0,0,1,0,0,0,0,0,0,0,0,0,0.333333333333333,0,0,0,0.833333333333333,0,0,0.333333333333333,NA,NA,NA,0,NA,NA,1,1,0.666666666666667,0.833333333333333,0.833333333333333,1,0.166666666666667,0,0.666666666666667,0.5,NA,NA,NA,0.666666666666667,NA,NA,0,0,0,0,0,0,0,1,0,0.166666666666667,NA,NA,NA,0.333333333333333,NA,NA,0,0,0,0.166666666666667,0.166666666666667,0,0,0,0.333333333333333,0,NA,NA,NA,0,NA,NA
"851",6,0,0,0,6,0,0,0,6,0,0,0,3,0,0,0,0,0,0,0,0,0,0,0,1,0,0,0,1,0,0,0,3,0,0,0,1,0,0,0,0,0,0,0,1,0,0,0,0.285714285714286,0,0,0,0.285714285714286,0,0,0,0.285714285714286,0,0,0,0.142857142857143,0,0,0,0,NA,NA,NA,0,NA,NA,NA,0.166666666666667,NA,NA,NA,0.333333333333333,NA,NA,NA,0.5,NA,NA,NA,0.166666666666667,NA,NA,NA,0,NA,NA,NA,0.333333333333333,NA,NA,NA,3,0,0,0,1,0,0,0,0,0,0,0,0,0,0,0,3,0,0,0,5,0,0,0,5,0,0,0,2,0,0,0,0,0,0,0,0,0,0,0,0,0,0,0,1,0,0,0,0,0,0,0,0,0,0,0,1,0,0,0,0,0,0,0,0.5,NA,NA,NA,0.166666666666667,NA,NA,NA,0,NA,NA,NA,0,NA,NA,NA,0.5,NA,NA,NA,0.833333333333333,NA,NA,NA,0.833333333333333,NA,NA,NA,0.666666666666667,NA,NA,NA,0,NA,NA,NA,0,NA,NA,NA,0,NA,NA,NA,0.333333333333333,NA,NA,NA,0,NA,NA,NA,0,NA,NA,NA,0.166666666666667,NA,NA,NA,0,NA,NA,NA
"852",3,3,3,6,6,6,6,0,0,3,0,0,0,0,0,0,0,0,0,0,0,1,2,0,0,1,0,0,0,0,0,0,1,0,0,4,4,1,5,0,0,1,0,0,0,0,0,0,0.0833333333333333,0.0833333333333333,0.0833333333333333,0.166666666666667,0.166666666666667,0.166666666666667,0.166666666666667,0,0,0.0833333333333333,0,0,0,0,0,0,0,0,0,0,0,0.166666666666667,0.333333333333333,NA,NA,0.333333333333333,NA,NA,NA,NA,NA,NA,0.333333333333333,0,0,0.666666666666667,0.666666666666667,0.166666666666667,0.833333333333333,NA,NA,0.333333333333333,NA,NA,NA,NA,NA,NA,1,0,0,4,4,1,3,0,0,1,0,0,0,0,0,0,2,3,3,2,2,4,1,0,0,1,0,0,0,0,0,0,0,0,0,0,0,0,2,0,0,0,0,0,0,0,0,0,0,0,0,0,0,1,0,0,0,1,0,0,0,0,0,0,0.333333333333333,0,0,0.666666666666667,0.666666666666667,0.166666666666667,0.5,NA,NA,0.333333333333333,NA,NA,NA,NA,NA,NA,0.666666666666667,1,1,0.333333333333333,0.333333333333333,0.666666666666667,0.166666666666667,NA,NA,0.333333333333333,NA,NA,NA,NA,NA,NA,0,0,0,0,0,0,0.333333333333333,NA,NA,0,NA,NA,NA,NA,NA,NA,0,0,0,0,0,0.166666666666667,0,NA,NA,0.333333333333333,NA,NA,NA,NA,NA,NA
"853",6,6,3,6,0,6,6,6,3,6,0,0,0,0,0,0,0,1,0,1,0,1,0,2,1,0,0,0,0,0,0,0,0,1,1,3,0,1,5,5,1,4,0,0,0,0,0,0,0.125,0.125,0.0625,0.125,0,0.125,0.125,0.125,0.0625,0.125,0,0,0,0,0,0,0,0.166666666666667,0,0.166666666666667,NA,0.166666666666667,0,0.333333333333333,0.333333333333333,0,NA,NA,NA,NA,NA,NA,0,0.166666666666667,0.333333333333333,0.5,NA,0.166666666666667,0.833333333333333,0.833333333333333,0.333333333333333,0.666666666666667,NA,NA,NA,NA,NA,NA,0,1,1,2,0,1,5,4,1,4,0,0,0,0,0,0,6,4,2,3,0,4,1,0,1,2,0,0,0,0,0,0,0,0,0,1,0,0,0,1,0,0,0,0,0,0,0,0,0,1,0,0,0,1,0,1,1,0,0,0,0,0,0,0,0,0.166666666666667,0.333333333333333,0.333333333333333,NA,0.166666666666667,0.833333333333333,0.666666666666667,0.333333333333333,0.666666666666667,NA,NA,NA,NA,NA,NA,1,0.666666666666667,0.666666666666667,0.5,NA,0.666666666666667,0.166666666666667,0,0.333333333333333,0.333333333333333,NA,NA,NA,NA,NA,NA,0,0,0,0.166666666666667,NA,0,0,0.166666666666667,0,0,NA,NA,NA,NA,NA,NA,0,0.166666666666667,0,0,NA,0.166666666666667,0,0.166666666666667,0.333333333333333,0,NA,NA,NA,NA,NA,NA
"854",3,3,3,6,3,6,6,6,6,0,0,0,6,0,0,0,0,0,0,0,0,1,0,4,0,0,0,0,1,0,0,0,0,0,1,2,0,4,3,3,2,0,0,0,3,0,0,0,0.0625,0.0625,0.0625,0.125,0.0625,0.125,0.125,0.125,0.125,0,0,0,0.125,0,0,0,0,0,0,0,0,0.166666666666667,0,0.666666666666667,0,NA,NA,NA,0.166666666666667,NA,NA,NA,0,0,0.333333333333333,0.333333333333333,0,0.666666666666667,0.5,0.5,0.333333333333333,NA,NA,NA,0.5,NA,NA,NA,0,0,1,2,0,3,3,1,2,0,0,0,3,0,0,0,3,3,2,4,3,2,3,1,4,0,0,0,2,0,0,0,0,0,0,0,0,1,0,2,0,0,0,0,0,0,0,0,0,0,0,0,0,0,0,2,0,0,0,0,1,0,0,0,0,0,0.333333333333333,0.333333333333333,0,0.5,0.5,0.166666666666667,0.333333333333333,NA,NA,NA,0.5,NA,NA,NA,1,1,0.666666666666667,0.666666666666667,1,0.333333333333333,0.5,0.166666666666667,0.666666666666667,NA,NA,NA,0.333333333333333,NA,NA,NA,0,0,0,0,0,0.166666666666667,0,0.333333333333333,0,NA,NA,NA,0,NA,NA,NA,0,0,0,0,0,0,0,0.333333333333333,0,NA,NA,NA,0.166666666666667,NA,NA,NA
"855",3,3,6,0,6,6,0,0,3,6,0,0,0,0,0,0,0,0,0,0,0,1,0,0,1,1,0,0,0,0,0,0,0,0,3,0,5,1,0,0,1,4,0,0,0,0,0,0,0.0909090909090909,0.0909090909090909,0.181818181818182,0,0.181818181818182,0.181818181818182,0,0,0.0909090909090909,0.181818181818182,0,0,0,0,0,0,0,0,0,NA,0,0.166666666666667,NA,NA,0.333333333333333,0.166666666666667,NA,NA,NA,NA,NA,NA,0,0,0.5,NA,0.833333333333333,0.166666666666667,NA,NA,0.333333333333333,0.666666666666667,NA,NA,NA,NA,NA,NA,0,0,3,0,5,1,0,0,0,4,0,0,0,0,0,0,3,3,3,0,1,4,0,0,2,1,0,0,0,0,0,0,0,0,0,0,0,0,0,0,1,0,0,0,0,0,0,0,0,0,0,0,0,1,0,0,0,1,0,0,0,0,0,0,0,0,0.5,NA,0.833333333333333,0.166666666666667,NA,NA,0,0.666666666666667,NA,NA,NA,NA,NA,NA,1,1,0.5,NA,0.166666666666667,0.666666666666667,NA,NA,0.666666666666667,0.166666666666667,NA,NA,NA,NA,NA,NA,0,0,0,NA,0,0,NA,NA,0.333333333333333,0,NA,NA,NA,NA,NA,NA,0,0,0,NA,0,0.166666666666667,NA,NA,0,0.166666666666667,NA,NA,NA,NA,NA,NA
"856",3,3,3,6,0,3,6,0,3,6,0,0,6,0,0,0,0,0,0,0,0,0,1,0,0,0,0,0,1,0,0,0,0,0,1,3,0,0,5,0,0,3,0,0,2,0,0,0,0.0769230769230769,0.0769230769230769,0.0769230769230769,0.153846153846154,0,0.0769230769230769,0.153846153846154,0,0.0769230769230769,0.153846153846154,0,0,0.153846153846154,0,0,0,0,0,0,0,NA,0,0.166666666666667,NA,0,0,NA,NA,0.166666666666667,NA,NA,NA,0,0,0.333333333333333,0.5,NA,0,0.833333333333333,NA,0,0.5,NA,NA,0.333333333333333,NA,NA,NA,0,0,1,3,0,0,5,0,0,3,0,0,1,0,0,0,3,3,2,3,0,3,0,0,3,3,0,0,4,0,0,0,0,0,0,0,0,0,0,0,0,0,0,0,1,0,0,0,0,0,0,0,0,0,1,0,0,0,0,0,0,0,0,0,0,0,0.333333333333333,0.5,NA,0,0.833333333333333,NA,0,0.5,NA,NA,0.166666666666667,NA,NA,NA,1,1,0.666666666666667,0.5,NA,1,0,NA,1,0.5,NA,NA,0.666666666666667,NA,NA,NA,0,0,0,0,NA,0,0,NA,0,0,NA,NA,0.166666666666667,NA,NA,NA,0,0,0,0,NA,0,0.166666666666667,NA,0,0,NA,NA,0,NA,NA,NA
"857",6,6,3,6,6,6,6,6,0,0,0,0,0,0,0,0,0,1,0,1,2,0,0,3,0,0,0,0,0,0,0,0,0,2,1,2,0,4,4,3,0,0,0,0,0,0,0,0,0.133333333333333,0.133333333333333,0.0666666666666667,0.133333333333333,0.133333333333333,0.133333333333333,0.133333333333333,0.133333333333333,0,0,0,0,0,0,0,0,0,0.166666666666667,0,0.166666666666667,0.333333333333333,0,0,0.5,NA,NA,NA,NA,NA,NA,NA,NA,0,0.333333333333333,0.333333333333333,0.333333333333333,0,0.666666666666667,0.666666666666667,0.5,NA,NA,NA,NA,NA,NA,NA,NA,0,1,1,1,0,4,4,1,0,0,0,0,0,0,0,0,6,4,2,4,4,2,2,2,0,0,0,0,0,0,0,0,0,1,0,1,0,0,0,2,0,0,0,0,0,0,0,0,0,0,0,0,2,0,0,1,0,0,0,0,0,0,0,0,0,0.166666666666667,0.333333333333333,0.166666666666667,0,0.666666666666667,0.666666666666667,0.166666666666667,NA,NA,NA,NA,NA,NA,NA,NA,1,0.666666666666667,0.666666666666667,0.666666666666667,0.666666666666667,0.333333333333333,0.333333333333333,0.333333333333333,NA,NA,NA,NA,NA,NA,NA,NA,0,0.166666666666667,0,0.166666666666667,0,0,0,0.333333333333333,NA,NA,NA,NA,NA,NA,NA,NA,0,0,0,0,0.333333333333333,0,0,0.166666666666667,NA,NA,NA,NA,NA,NA,NA,NA
"858",3,3,3,6,3,6,6,6,6,0,0,0,6,0,0,0,0,0,0,0,0,0,2,1,0,0,0,0,2,0,0,0,0,1,0,0,1,3,4,6,1,0,0,0,4,0,0,0,0.0625,0.0625,0.0625,0.125,0.0625,0.125,0.125,0.125,0.125,0,0,0,0.125,0,0,0,0,0,0,0,0,0,0.333333333333333,0.166666666666667,0,NA,NA,NA,0.333333333333333,NA,NA,NA,0,0.333333333333333,0,0,0.333333333333333,0.5,0.666666666666667,1,0.166666666666667,NA,NA,NA,0.666666666666667,NA,NA,NA,0,1,0,0,1,3,3,5,1,0,0,0,3,0,0,0,3,2,3,6,2,3,1,0,5,0,0,0,1,0,0,0,0,0,0,0,0,0,1,1,0,0,0,0,1,0,0,0,0,0,0,0,0,0,1,0,0,0,0,0,1,0,0,0,0,0.333333333333333,0,0,0.333333333333333,0.5,0.5,0.833333333333333,0.166666666666667,NA,NA,NA,0.5,NA,NA,NA,1,0.666666666666667,1,1,0.666666666666667,0.5,0.166666666666667,0,0.833333333333333,NA,NA,NA,0.166666666666667,NA,NA,NA,0,0,0,0,0,0,0.166666666666667,0.166666666666667,0,NA,NA,NA,0.166666666666667,NA,NA,NA,0,0,0,0,0,0,0.166666666666667,0,0,NA,NA,NA,0.166666666666667,NA,NA,NA
"859",3,3,6,6,6,6,6,6,3,0,0,0,0,0,0,0,0,0,0,0,0,0,0,3,1,0,0,0,0,0,0,0,0,0,2,1,3,6,4,2,1,0,0,0,0,0,0,0,0.0666666666666667,0.0666666666666667,0.133333333333333,0.133333333333333,0.133333333333333,0.133333333333333,0.133333333333333,0.133333333333333,0.0666666666666667,0,0,0,0,0,0,0,0,0,0,0,0,0,0,0.5,0.333333333333333,NA,NA,NA,NA,NA,NA,NA,0,0,0.333333333333333,0.166666666666667,0.5,1,0.666666666666667,0.333333333333333,0.333333333333333,NA,NA,NA,NA,NA,NA,NA,0,0,2,1,3,6,4,0,0,0,0,0,0,0,0,0,3,3,4,5,3,0,2,3,2,0,0,0,0,0,0,0,0,0,0,0,0,0,0,2,1,0,0,0,0,0,0,0,0,0,0,0,0,0,0,1,0,0,0,0,0,0,0,0,0,0,0.333333333333333,0.166666666666667,0.5,1,0.666666666666667,0,0,NA,NA,NA,NA,NA,NA,NA,1,1,0.666666666666667,0.833333333333333,0.5,0,0.333333333333333,0.5,0.666666666666667,NA,NA,NA,NA,NA,NA,NA,0,0,0,0,0,0,0,0.333333333333333,0.333333333333333,NA,NA,NA,NA,NA,NA,NA,0,0,0,0,0,0,0,0.166666666666667,0,NA,NA,NA,NA,NA,NA,NA
"860",3,3,3,3,6,6,6,3,3,0,6,6,0,0,0,0,0,0,0,0,1,2,0,0,0,0,2,0,0,0,0,0,0,1,1,1,2,4,4,1,1,0,6,5,0,0,0,0,0.0625,0.0625,0.0625,0.0625,0.125,0.125,0.125,0.0625,0.0625,0,0.125,0.125,0,0,0,0,0,0,0,0,0.166666666666667,0.333333333333333,0,0,0,NA,0.333333333333333,0,NA,NA,NA,NA,0,0.333333333333333,0.333333333333333,0.333333333333333,0.333333333333333,0.666666666666667,0.666666666666667,0.333333333333333,0.333333333333333,NA,1,0.833333333333333,NA,NA,NA,NA,0,1,1,1,2,3,4,1,1,0,4,5,0,0,0,0,3,2,2,2,3,1,2,2,2,0,0,1,0,0,0,0,0,0,0,0,0,1,0,0,0,0,2,0,0,0,0,0,0,0,0,0,1,1,0,0,0,0,0,0,0,0,0,0,0,0.333333333333333,0.333333333333333,0.333333333333333,0.333333333333333,0.5,0.666666666666667,0.333333333333333,0.333333333333333,NA,0.666666666666667,0.833333333333333,NA,NA,NA,NA,1,0.666666666666667,0.666666666666667,0.666666666666667,0.5,0.166666666666667,0.333333333333333,0.666666666666667,0.666666666666667,NA,0,0.166666666666667,NA,NA,NA,NA,0,0,0,0,0,0.166666666666667,0,0,0,NA,0.333333333333333,0,NA,NA,NA,NA,0,0,0,0,0.166666666666667,0.166666666666667,0,0,0,NA,0,0,NA,NA,NA,NA
"861",3,6,6,6,0,6,6,6,3,6,0,0,0,0,0,0,0,0,1,1,0,1,0,3,0,1,0,0,0,0,0,0,1,0,1,2,0,2,4,4,1,5,0,0,0,0,0,0,0.0625,0.125,0.125,0.125,0,0.125,0.125,0.125,0.0625,0.125,0,0,0,0,0,0,0,0,0.166666666666667,0.166666666666667,NA,0.166666666666667,0,0.5,0,0.166666666666667,NA,NA,NA,NA,NA,NA,0.333333333333333,0,0.166666666666667,0.333333333333333,NA,0.333333333333333,0.666666666666667,0.666666666666667,0.333333333333333,0.833333333333333,NA,NA,NA,NA,NA,NA,1,0,1,2,0,1,4,2,1,4,0,0,0,0,0,0,2,6,4,3,0,4,2,1,2,1,0,0,0,0,0,0,0,0,0,0,0,1,0,2,0,1,0,0,0,0,0,0,0,0,1,1,0,0,0,1,0,0,0,0,0,0,0,0,0.333333333333333,0,0.166666666666667,0.333333333333333,NA,0.166666666666667,0.666666666666667,0.333333333333333,0.333333333333333,0.666666666666667,NA,NA,NA,NA,NA,NA,0.666666666666667,1,0.666666666666667,0.5,NA,0.666666666666667,0.333333333333333,0.166666666666667,0.666666666666667,0.166666666666667,NA,NA,NA,NA,NA,NA,0,0,0,0,NA,0.166666666666667,0,0.333333333333333,0,0.166666666666667,NA,NA,NA,NA,NA,NA,0,0,0.166666666666667,0.166666666666667,NA,0,0,0.166666666666667,0,0,NA,NA,NA,NA,NA,NA
"862",3,3,3,6,3,6,6,6,3,0,0,0,6,0,0,0,0,0,0,0,0,2,1,1,0,0,0,0,0,0,0,0,0,1,1,1,1,1,5,3,0,0,0,0,2,0,0,0,0.0666666666666667,0.0666666666666667,0.0666666666666667,0.133333333333333,0.0666666666666667,0.133333333333333,0.133333333333333,0.133333333333333,0.0666666666666667,0,0,0,0.133333333333333,0,0,0,0,0,0,0,0,0.333333333333333,0.166666666666667,0.166666666666667,0,NA,NA,NA,0,NA,NA,NA,0,0.333333333333333,0.333333333333333,0.166666666666667,0.333333333333333,0.166666666666667,0.833333333333333,0.5,0,NA,NA,NA,0.333333333333333,NA,NA,NA,0,1,1,1,1,1,5,3,0,0,0,0,2,0,0,0,3,2,2,5,2,3,0,2,3,0,0,0,4,0,0,0,0,0,0,0,0,0,0,0,0,0,0,0,0,0,0,0,0,0,0,0,0,2,1,1,0,0,0,0,0,0,0,0,0,0.333333333333333,0.333333333333333,0.166666666666667,0.333333333333333,0.166666666666667,0.833333333333333,0.5,0,NA,NA,NA,0.333333333333333,NA,NA,NA,1,0.666666666666667,0.666666666666667,0.833333333333333,0.666666666666667,0.5,0,0.333333333333333,1,NA,NA,NA,0.666666666666667,NA,NA,NA,0,0,0,0,0,0,0,0,0,NA,NA,NA,0,NA,NA,NA,0,0,0,0,0,0.333333333333333,0.166666666666667,0.166666666666667,0,NA,NA,NA,0,NA,NA,NA
"863",6,6,3,0,6,0,0,0,0,0,0,0,0,0,0,0,0,1,1,0,1,0,0,0,0,0,0,0,0,0,0,0,1,0,0,0,4,0,0,0,0,0,0,0,0,0,0,0,0.285714285714286,0.285714285714286,0.142857142857143,0,0.285714285714286,0,0,0,0,0,0,0,0,0,0,0,0,0.166666666666667,0.333333333333333,NA,0.166666666666667,NA,NA,NA,NA,NA,NA,NA,NA,NA,NA,NA,0.166666666666667,0,0,NA,0.666666666666667,NA,NA,NA,NA,NA,NA,NA,NA,NA,NA,NA,1,0,0,0,3,0,0,0,0,0,0,0,0,0,0,0,5,5,2,0,2,0,0,0,0,0,0,0,0,0,0,0,0,0,0,0,1,0,0,0,0,0,0,0,0,0,0,0,0,1,1,0,0,0,0,0,0,0,0,0,0,0,0,0,0.166666666666667,0,0,NA,0.5,NA,NA,NA,NA,NA,NA,NA,NA,NA,NA,NA,0.833333333333333,0.833333333333333,0.666666666666667,NA,0.333333333333333,NA,NA,NA,NA,NA,NA,NA,NA,NA,NA,NA,0,0,0,NA,0.166666666666667,NA,NA,NA,NA,NA,NA,NA,NA,NA,NA,NA,0,0.166666666666667,0.333333333333333,NA,0,NA,NA,NA,NA,NA,NA,NA,NA,NA,NA,NA
"864",3,3,3,6,0,6,6,6,6,6,0,0,3,0,0,0,0,0,0,0,0,1,1,1,0,0,0,0,1,0,0,0,0,1,1,2,0,2,5,4,0,3,0,0,1,0,0,0,0.0625,0.0625,0.0625,0.125,0,0.125,0.125,0.125,0.125,0.125,0,0,0.0625,0,0,0,0,0,0,0,NA,0.166666666666667,0.166666666666667,0.166666666666667,0,0,NA,NA,0.333333333333333,NA,NA,NA,0,0.333333333333333,0.333333333333333,0.333333333333333,NA,0.333333333333333,0.833333333333333,0.666666666666667,0,0.5,NA,NA,0.333333333333333,NA,NA,NA,0,1,1,2,0,2,5,3,0,3,0,0,1,0,0,0,3,2,2,4,0,3,0,2,6,3,0,0,1,0,0,0,0,0,0,0,0,0,0,1,0,0,0,0,0,0,0,0,0,0,0,0,0,1,1,0,0,0,0,0,1,0,0,0,0,0.333333333333333,0.333333333333333,0.333333333333333,NA,0.333333333333333,0.833333333333333,0.5,0,0.5,NA,NA,0.333333333333333,NA,NA,NA,1,0.666666666666667,0.666666666666667,0.666666666666667,NA,0.5,0,0.333333333333333,1,0.5,NA,NA,0.333333333333333,NA,NA,NA,0,0,0,0,NA,0,0,0.166666666666667,0,0,NA,NA,0,NA,NA,NA,0,0,0,0,NA,0.166666666666667,0.166666666666667,0,0,0,NA,NA,0.333333333333333,NA,NA,NA
"865",3,3,6,0,6,6,0,0,6,0,0,0,0,0,0,0,0,0,0,0,0,0,0,0,2,0,0,0,0,0,0,0,0,0,5,0,2,4,0,0,2,0,0,0,0,0,0,0,0.1,0.1,0.2,0,0.2,0.2,0,0,0.2,0,0,0,0,0,0,0,0,0,0,NA,0,0,NA,NA,0.333333333333333,NA,NA,NA,NA,NA,NA,NA,0,0,0.833333333333333,NA,0.333333333333333,0.666666666666667,NA,NA,0.333333333333333,NA,NA,NA,NA,NA,NA,NA,0,0,5,0,2,4,0,0,1,0,0,0,0,0,0,0,3,3,1,0,4,2,0,0,3,0,0,0,0,0,0,0,0,0,0,0,0,0,0,0,1,0,0,0,0,0,0,0,0,0,0,0,0,0,0,0,1,0,0,0,0,0,0,0,0,0,0.833333333333333,NA,0.333333333333333,0.666666666666667,NA,NA,0.166666666666667,NA,NA,NA,NA,NA,NA,NA,1,1,0.166666666666667,NA,0.666666666666667,0.333333333333333,NA,NA,0.5,NA,NA,NA,NA,NA,NA,NA,0,0,0,NA,0,0,NA,NA,0.166666666666667,NA,NA,NA,NA,NA,NA,NA,0,0,0,NA,0,0,NA,NA,0.166666666666667,NA,NA,NA,NA,NA,NA,NA
"866",6,6,0,0,6,0,0,0,6,0,0,0,6,0,0,0,0,2,0,0,0,0,0,0,2,0,0,0,1,0,0,0,1,1,0,0,1,0,0,0,2,0,0,0,1,0,0,0,0.2,0.2,0,0,0.2,0,0,0,0.2,0,0,0,0.2,0,0,0,0,0.333333333333333,NA,NA,0,NA,NA,NA,0.333333333333333,NA,NA,NA,0.166666666666667,NA,NA,NA,0.166666666666667,0.166666666666667,NA,NA,0.166666666666667,NA,NA,NA,0.333333333333333,NA,NA,NA,0.166666666666667,NA,NA,NA,1,1,0,0,1,0,0,0,1,0,0,0,1,0,0,0,5,3,0,0,5,0,0,0,3,0,0,0,4,0,0,0,0,0,0,0,0,0,0,0,1,0,0,0,0,0,0,0,0,2,0,0,0,0,0,0,1,0,0,0,1,0,0,0,0.166666666666667,0.166666666666667,NA,NA,0.166666666666667,NA,NA,NA,0.166666666666667,NA,NA,NA,0.166666666666667,NA,NA,NA,0.833333333333333,0.5,NA,NA,0.833333333333333,NA,NA,NA,0.5,NA,NA,NA,0.666666666666667,NA,NA,NA,0,0,NA,NA,0,NA,NA,NA,0.166666666666667,NA,NA,NA,0,NA,NA,NA,0,0.333333333333333,NA,NA,0,NA,NA,NA,0.166666666666667,NA,NA,NA,0.166666666666667,NA,NA,NA
"867",3,3,3,6,3,3,6,6,6,6,0,3,0,0,0,0,0,0,0,0,0,0,0,1,2,0,0,3,0,0,0,0,0,0,1,3,0,1,4,2,1,4,0,1,0,0,0,0,0.0625,0.0625,0.0625,0.125,0.0625,0.0625,0.125,0.125,0.125,0.125,0,0.0625,0,0,0,0,0,0,0,0,0,0,0,0.166666666666667,0.333333333333333,0,NA,1,NA,NA,NA,NA,0,0,0.333333333333333,0.5,0,0.333333333333333,0.666666666666667,0.333333333333333,0.166666666666667,0.666666666666667,NA,0.333333333333333,NA,NA,NA,NA,0,0,1,3,0,1,4,2,1,4,0,0,0,0,0,0,3,3,2,3,3,2,2,3,3,2,0,0,0,0,0,0,0,0,0,0,0,0,0,0,0,0,0,1,0,0,0,0,0,0,0,0,0,0,0,1,2,0,0,2,0,0,0,0,0,0,0.333333333333333,0.5,0,0.333333333333333,0.666666666666667,0.333333333333333,0.166666666666667,0.666666666666667,NA,0,NA,NA,NA,NA,1,1,0.666666666666667,0.5,1,0.666666666666667,0.333333333333333,0.5,0.5,0.333333333333333,NA,0,NA,NA,NA,NA,0,0,0,0,0,0,0,0,0,0,NA,0.333333333333333,NA,NA,NA,NA,0,0,0,0,0,0,0,0.166666666666667,0.333333333333333,0,NA,0.666666666666667,NA,NA,NA,NA
"868",3,3,3,6,0,3,6,6,6,6,3,0,3,0,0,0,0,0,0,0,0,0,1,2,0,0,1,0,1,0,0,0,0,0,1,1,0,0,2,4,2,6,0,0,2,0,0,0,0.0625,0.0625,0.0625,0.125,0,0.0625,0.125,0.125,0.125,0.125,0.0625,0,0.0625,0,0,0,0,0,0,0,NA,0,0.166666666666667,0.333333333333333,0,0,0.333333333333333,NA,0.333333333333333,NA,NA,NA,0,0,0.333333333333333,0.166666666666667,NA,0,0.333333333333333,0.666666666666667,0.333333333333333,1,0,NA,0.666666666666667,NA,NA,NA,0,0,1,1,0,0,1,3,2,6,0,0,1,0,0,0,3,3,2,5,0,3,4,1,4,0,2,0,1,0,0,0,0,0,0,0,0,0,1,1,0,0,0,0,1,0,0,0,0,0,0,0,0,0,0,1,0,0,1,0,0,0,0,0,0,0,0.333333333333333,0.166666666666667,NA,0,0.166666666666667,0.5,0.333333333333333,1,0,NA,0.333333333333333,NA,NA,NA,1,1,0.666666666666667,0.833333333333333,NA,1,0.666666666666667,0.166666666666667,0.666666666666667,0,0.666666666666667,NA,0.333333333333333,NA,NA,NA,0,0,0,0,NA,0,0.166666666666667,0.166666666666667,0,0,0,NA,0.333333333333333,NA,NA,NA,0,0,0,0,NA,0,0,0.166666666666667,0,0,0.333333333333333,NA,0,NA,NA,NA
"869",3,3,3,6,0,6,6,3,6,6,0,0,0,0,0,0,0,0,0,1,0,1,2,1,0,0,0,0,0,0,0,0,0,1,0,3,0,0,3,3,4,4,0,0,0,0,0,0,0.0714285714285714,0.0714285714285714,0.0714285714285714,0.142857142857143,0,0.142857142857143,0.142857142857143,0.0714285714285714,0.142857142857143,0.142857142857143,0,0,0,0,0,0,0,0,0,0.166666666666667,NA,0.166666666666667,0.333333333333333,0.333333333333333,0,0,NA,NA,NA,NA,NA,NA,0,0.333333333333333,0,0.5,NA,0,0.5,1,0.666666666666667,0.666666666666667,NA,NA,NA,NA,NA,NA,0,1,0,3,0,0,2,2,4,4,0,0,0,0,0,0,3,2,3,2,0,5,2,0,2,2,0,0,0,0,0,0,0,0,0,0,0,0,1,1,0,0,0,0,0,0,0,0,0,0,0,1,0,1,1,0,0,0,0,0,0,0,0,0,0,0.333333333333333,0,0.5,NA,0,0.333333333333333,0.666666666666667,0.666666666666667,0.666666666666667,NA,NA,NA,NA,NA,NA,1,0.666666666666667,1,0.333333333333333,NA,0.833333333333333,0.333333333333333,0,0.333333333333333,0.333333333333333,NA,NA,NA,NA,NA,NA,0,0,0,0,NA,0,0.166666666666667,0.333333333333333,0,0,NA,NA,NA,NA,NA,NA,0,0,0,0.166666666666667,NA,0.166666666666667,0.166666666666667,0,0,0,NA,NA,NA,NA,NA,NA
"870",6,6,3,0,6,0,0,0,0,0,0,0,0,0,0,0,0,1,1,0,0,0,0,0,0,0,0,0,0,0,0,0,0,1,2,0,3,0,0,0,0,0,0,0,0,0,0,0,0.285714285714286,0.285714285714286,0.142857142857143,0,0.285714285714286,0,0,0,0,0,0,0,0,0,0,0,0,0.166666666666667,0.333333333333333,NA,0,NA,NA,NA,NA,NA,NA,NA,NA,NA,NA,NA,0,0.166666666666667,0.666666666666667,NA,0.5,NA,NA,NA,NA,NA,NA,NA,NA,NA,NA,NA,0,1,1,0,3,0,0,0,0,0,0,0,0,0,0,0,6,4,1,0,3,0,0,0,0,0,0,0,0,0,0,0,0,0,1,0,0,0,0,0,0,0,0,0,0,0,0,0,0,1,0,0,0,0,0,0,0,0,0,0,0,0,0,0,0,0.166666666666667,0.333333333333333,NA,0.5,NA,NA,NA,NA,NA,NA,NA,NA,NA,NA,NA,1,0.666666666666667,0.333333333333333,NA,0.5,NA,NA,NA,NA,NA,NA,NA,NA,NA,NA,NA,0,0,0.333333333333333,NA,0,NA,NA,NA,NA,NA,NA,NA,NA,NA,NA,NA,0,0.166666666666667,0,NA,0,NA,NA,NA,NA,NA,NA,NA,NA,NA,NA,NA
"871",3,3,6,3,3,6,0,0,6,6,0,0,6,3,0,0,0,0,1,2,0,0,0,0,1,1,0,0,0,2,0,0,1,0,1,0,0,1,0,0,0,2,0,0,3,3,0,0,0.0666666666666667,0.0666666666666667,0.133333333333333,0.0666666666666667,0.0666666666666667,0.133333333333333,0,0,0.133333333333333,0.133333333333333,0,0,0.133333333333333,0.0666666666666667,0,0,0,0,0.166666666666667,0.666666666666667,0,0,NA,NA,0.166666666666667,0.166666666666667,NA,NA,0,0.666666666666667,NA,NA,0.333333333333333,0,0.166666666666667,0,0,0.166666666666667,NA,NA,0,0.333333333333333,NA,NA,0.5,1,NA,NA,1,0,1,0,0,1,0,0,0,2,0,0,3,1,0,0,2,3,4,1,3,5,0,0,5,3,0,0,3,0,0,0,0,0,0,0,0,0,0,0,0,0,0,0,0,2,0,0,0,0,1,2,0,0,0,0,1,1,0,0,0,0,0,0,0.333333333333333,0,0.166666666666667,0,0,0.166666666666667,NA,NA,0,0.333333333333333,NA,NA,0.5,0.333333333333333,NA,NA,0.666666666666667,1,0.666666666666667,0.333333333333333,1,0.833333333333333,NA,NA,0.833333333333333,0.5,NA,NA,0.5,0,NA,NA,0,0,0,0,0,0,NA,NA,0,0,NA,NA,0,0.666666666666667,NA,NA,0,0,0.166666666666667,0.666666666666667,0,0,NA,NA,0.166666666666667,0.166666666666667,NA,NA,0,0,NA,NA
"872",3,6,3,6,0,3,6,3,3,6,0,0,6,0,0,0,0,0,0,0,0,0,0,3,0,1,0,0,0,0,0,0,0,2,1,2,0,1,4,2,0,5,0,0,6,0,0,0,0.0666666666666667,0.133333333333333,0.0666666666666667,0.133333333333333,0,0.0666666666666667,0.133333333333333,0.0666666666666667,0.0666666666666667,0.133333333333333,0,0,0.133333333333333,0,0,0,0,0,0,0,NA,0,0,1,0,0.166666666666667,NA,NA,0,NA,NA,NA,0,0.333333333333333,0.333333333333333,0.333333333333333,NA,0.333333333333333,0.666666666666667,0.666666666666667,0,0.833333333333333,NA,NA,1,NA,NA,NA,0,2,1,2,0,1,4,0,0,5,0,0,6,0,0,0,3,4,2,4,0,2,2,0,3,0,0,0,0,0,0,0,0,0,0,0,0,0,0,2,0,0,0,0,0,0,0,0,0,0,0,0,0,0,0,1,0,1,0,0,0,0,0,0,0,0.333333333333333,0.333333333333333,0.333333333333333,NA,0.333333333333333,0.666666666666667,0,0,0.833333333333333,NA,NA,1,NA,NA,NA,1,0.666666666666667,0.666666666666667,0.666666666666667,NA,0.666666666666667,0.333333333333333,0,1,0,NA,NA,0,NA,NA,NA,0,0,0,0,NA,0,0,0.666666666666667,0,0,NA,NA,0,NA,NA,NA,0,0,0,0,NA,0,0,0.333333333333333,0,0.166666666666667,NA,NA,0,NA,NA,NA
"873",3,3,6,0,6,6,0,0,6,3,0,0,6,0,0,0,0,0,0,0,1,1,0,0,0,2,0,0,2,0,0,0,1,0,5,0,2,2,0,0,1,1,0,0,3,0,0,0,0.0769230769230769,0.0769230769230769,0.153846153846154,0,0.153846153846154,0.153846153846154,0,0,0.153846153846154,0.0769230769230769,0,0,0.153846153846154,0,0,0,0,0,0,NA,0.166666666666667,0.166666666666667,NA,NA,0,0.666666666666667,NA,NA,0.333333333333333,NA,NA,NA,0.333333333333333,0,0.833333333333333,NA,0.333333333333333,0.333333333333333,NA,NA,0.166666666666667,0.333333333333333,NA,NA,0.5,NA,NA,NA,1,0,5,0,2,2,0,0,1,0,0,0,2,0,0,0,2,3,1,0,3,3,0,0,5,1,0,0,2,0,0,0,0,0,0,0,0,0,0,0,0,1,0,0,1,0,0,0,0,0,0,0,1,1,0,0,0,1,0,0,1,0,0,0,0.333333333333333,0,0.833333333333333,NA,0.333333333333333,0.333333333333333,NA,NA,0.166666666666667,0,NA,NA,0.333333333333333,NA,NA,NA,0.666666666666667,1,0.166666666666667,NA,0.5,0.5,NA,NA,0.833333333333333,0.333333333333333,NA,NA,0.333333333333333,NA,NA,NA,0,0,0,NA,0,0,NA,NA,0,0.333333333333333,NA,NA,0.166666666666667,NA,NA,NA,0,0,0,NA,0.166666666666667,0.166666666666667,NA,NA,0,0.333333333333333,NA,NA,0.166666666666667,NA,NA,NA
"874",3,6,0,0,3,0,0,0,3,0,0,0,6,0,0,0,0,0,0,0,0,0,0,0,0,0,0,0,0,0,0,0,0,3,0,0,0,0,0,0,0,0,0,0,3,0,0,0,0.142857142857143,0.285714285714286,0,0,0.142857142857143,0,0,0,0.142857142857143,0,0,0,0.285714285714286,0,0,0,0,0,NA,NA,0,NA,NA,NA,0,NA,NA,NA,0,NA,NA,NA,0,0.5,NA,NA,0,NA,NA,NA,0,NA,NA,NA,0.5,NA,NA,NA,0,3,0,0,0,0,0,0,0,0,0,0,3,0,0,0,3,3,0,0,3,0,0,0,3,0,0,0,3,0,0,0,0,0,0,0,0,0,0,0,0,0,0,0,0,0,0,0,0,0,0,0,0,0,0,0,0,0,0,0,0,0,0,0,0,0.5,NA,NA,0,NA,NA,NA,0,NA,NA,NA,0.5,NA,NA,NA,1,0.5,NA,NA,1,NA,NA,NA,1,NA,NA,NA,0.5,NA,NA,NA,0,0,NA,NA,0,NA,NA,NA,0,NA,NA,NA,0,NA,NA,NA,0,0,NA,NA,0,NA,NA,NA,0,NA,NA,NA,0,NA,NA,NA
"875",6,3,6,0,3,6,0,0,3,3,0,0,6,0,0,0,1,0,0,0,0,0,0,0,0,1,0,0,0,0,0,0,2,0,4,0,1,3,0,0,0,3,0,0,2,0,0,0,0.166666666666667,0.0833333333333333,0.166666666666667,0,0.0833333333333333,0.166666666666667,0,0,0.0833333333333333,0.0833333333333333,0,0,0.166666666666667,0,0,0,0.166666666666667,0,0,NA,0,0,NA,NA,0,0.333333333333333,NA,NA,0,NA,NA,NA,0.333333333333333,0,0.666666666666667,NA,0.333333333333333,0.5,NA,NA,0,1,NA,NA,0.333333333333333,NA,NA,NA,2,0,4,0,1,3,0,0,0,2,0,0,2,0,0,0,3,3,2,0,2,3,0,0,3,0,0,0,4,0,0,0,0,0,0,0,0,0,0,0,0,1,0,0,0,0,0,0,1,0,0,0,0,0,0,0,0,0,0,0,0,0,0,0,0.333333333333333,0,0.666666666666667,NA,0.333333333333333,0.5,NA,NA,0,0.666666666666667,NA,NA,0.333333333333333,NA,NA,NA,0.5,1,0.333333333333333,NA,0.666666666666667,0.5,NA,NA,1,0,NA,NA,0.666666666666667,NA,NA,NA,0,0,0,NA,0,0,NA,NA,0,0.333333333333333,NA,NA,0,NA,NA,NA,0.166666666666667,0,0,NA,0,0,NA,NA,0,0,NA,NA,0,NA,NA,NA
"876",6,6,0,0,6,0,0,0,3,0,0,0,0,0,0,0,0,2,0,0,1,0,0,0,1,0,0,0,0,0,0,0,0,3,0,0,3,0,0,0,0,0,0,0,0,0,0,0,0.285714285714286,0.285714285714286,0,0,0.285714285714286,0,0,0,0.142857142857143,0,0,0,0,0,0,0,0,0.333333333333333,NA,NA,0.166666666666667,NA,NA,NA,0.333333333333333,NA,NA,NA,NA,NA,NA,NA,0,0.5,NA,NA,0.5,NA,NA,NA,0,NA,NA,NA,NA,NA,NA,NA,0,2,0,0,2,0,0,0,0,0,0,0,0,0,0,0,6,2,0,0,3,0,0,0,2,0,0,0,0,0,0,0,0,1,0,0,1,0,0,0,0,0,0,0,0,0,0,0,0,1,0,0,0,0,0,0,1,0,0,0,0,0,0,0,0,0.333333333333333,NA,NA,0.333333333333333,NA,NA,NA,0,NA,NA,NA,NA,NA,NA,NA,1,0.333333333333333,NA,NA,0.5,NA,NA,NA,0.666666666666667,NA,NA,NA,NA,NA,NA,NA,0,0.166666666666667,NA,NA,0.166666666666667,NA,NA,NA,0,NA,NA,NA,NA,NA,NA,NA,0,0.166666666666667,NA,NA,0,NA,NA,NA,0.333333333333333,NA,NA,NA,NA,NA,NA,NA
"877",3,3,3,6,3,6,6,0,6,6,0,0,6,0,0,0,0,0,0,0,0,1,2,0,0,2,0,0,2,0,0,0,0,0,1,4,0,2,3,0,1,5,0,0,1,0,0,0,0.0625,0.0625,0.0625,0.125,0.0625,0.125,0.125,0,0.125,0.125,0,0,0.125,0,0,0,0,0,0,0,0,0.166666666666667,0.333333333333333,NA,0,0.333333333333333,NA,NA,0.333333333333333,NA,NA,NA,0,0,0.333333333333333,0.666666666666667,0,0.333333333333333,0.5,NA,0.166666666666667,0.833333333333333,NA,NA,0.166666666666667,NA,NA,NA,0,0,1,4,0,2,2,0,1,4,0,0,1,0,0,0,3,3,2,2,3,3,2,0,5,0,0,0,3,0,0,0,0,0,0,0,0,0,1,0,0,1,0,0,0,0,0,0,0,0,0,0,0,1,1,0,0,1,0,0,2,0,0,0,0,0,0.333333333333333,0.666666666666667,0,0.333333333333333,0.333333333333333,NA,0.166666666666667,0.666666666666667,NA,NA,0.166666666666667,NA,NA,NA,1,1,0.666666666666667,0.333333333333333,1,0.5,0.333333333333333,NA,0.833333333333333,0,NA,NA,0.5,NA,NA,NA,0,0,0,0,0,0,0.166666666666667,NA,0,0.166666666666667,NA,NA,0,NA,NA,NA,0,0,0,0,0,0.166666666666667,0.166666666666667,NA,0,0.166666666666667,NA,NA,0.333333333333333,NA,NA,NA
"878",3,3,6,0,3,3,0,0,6,6,0,0,3,0,0,0,0,0,0,0,0,0,0,0,1,0,0,0,1,0,0,0,0,0,3,0,0,1,0,0,0,4,0,0,1,0,0,0,0.0909090909090909,0.0909090909090909,0.181818181818182,0,0.0909090909090909,0.0909090909090909,0,0,0.181818181818182,0.181818181818182,0,0,0.0909090909090909,0,0,0,0,0,0,NA,0,0,NA,NA,0.166666666666667,0,NA,NA,0.333333333333333,NA,NA,NA,0,0,0.5,NA,0,0.333333333333333,NA,NA,0,0.666666666666667,NA,NA,0.333333333333333,NA,NA,NA,0,0,3,0,0,1,0,0,0,4,0,0,0,0,0,0,3,3,3,0,3,2,0,0,5,2,0,0,2,0,0,0,0,0,0,0,0,0,0,0,0,0,0,0,1,0,0,0,0,0,0,0,0,0,0,0,1,0,0,0,0,0,0,0,0,0,0.5,NA,0,0.333333333333333,NA,NA,0,0.666666666666667,NA,NA,0,NA,NA,NA,1,1,0.5,NA,1,0.666666666666667,NA,NA,0.833333333333333,0.333333333333333,NA,NA,0.666666666666667,NA,NA,NA,0,0,0,NA,0,0,NA,NA,0,0,NA,NA,0.333333333333333,NA,NA,NA,0,0,0,NA,0,0,NA,NA,0.166666666666667,0,NA,NA,0,NA,NA,NA
"879",3,6,6,0,0,6,0,0,3,6,0,0,6,3,0,0,0,0,0,0,0,1,0,0,0,0,0,0,0,2,0,0,0,2,4,0,0,2,0,0,1,2,0,0,1,1,0,0,0.0769230769230769,0.153846153846154,0.153846153846154,0,0,0.153846153846154,0,0,0.0769230769230769,0.153846153846154,0,0,0.153846153846154,0.0769230769230769,0,0,0,0,0,NA,NA,0.166666666666667,NA,NA,0,0,NA,NA,0,0.666666666666667,NA,NA,0,0.333333333333333,0.666666666666667,NA,NA,0.333333333333333,NA,NA,0.333333333333333,0.333333333333333,NA,NA,0.166666666666667,0.333333333333333,NA,NA,0,2,4,0,0,2,0,0,1,2,0,0,1,0,0,0,3,4,2,0,0,3,0,0,2,4,0,0,5,1,0,0,0,0,0,0,0,0,0,0,0,0,0,0,0,1,0,0,0,0,0,0,0,1,0,0,0,0,0,0,0,1,0,0,0,0.333333333333333,0.666666666666667,NA,NA,0.333333333333333,NA,NA,0.333333333333333,0.333333333333333,NA,NA,0.166666666666667,0,NA,NA,1,0.666666666666667,0.333333333333333,NA,NA,0.5,NA,NA,0.666666666666667,0.666666666666667,NA,NA,0.833333333333333,0.333333333333333,NA,NA,0,0,0,NA,NA,0,NA,NA,0,0,NA,NA,0,0.333333333333333,NA,NA,0,0,0,NA,NA,0.166666666666667,NA,NA,0,0,NA,NA,0,0.333333333333333,NA,NA
"880",3,3,3,6,0,0,6,0,6,6,6,0,0,0,0,0,0,0,0,1,0,0,0,0,1,0,1,0,0,0,0,0,0,1,0,5,0,0,2,0,4,4,4,0,0,0,0,0,0.0769230769230769,0.0769230769230769,0.0769230769230769,0.153846153846154,0,0,0.153846153846154,0,0.153846153846154,0.153846153846154,0.153846153846154,0,0,0,0,0,0,0,0,0.166666666666667,NA,NA,0,NA,0.166666666666667,0,0.166666666666667,NA,NA,NA,NA,NA,0,0.333333333333333,0,0.833333333333333,NA,NA,0.333333333333333,NA,0.666666666666667,0.666666666666667,0.666666666666667,NA,NA,NA,NA,NA,0,1,0,4,0,0,2,0,4,4,3,0,0,0,0,0,3,2,3,1,0,0,4,0,1,2,2,0,0,0,0,0,0,0,0,1,0,0,0,0,0,0,1,0,0,0,0,0,0,0,0,0,0,0,0,0,1,0,0,0,0,0,0,0,0,0.333333333333333,0,0.666666666666667,NA,NA,0.333333333333333,NA,0.666666666666667,0.666666666666667,0.5,NA,NA,NA,NA,NA,1,0.666666666666667,1,0.166666666666667,NA,NA,0.666666666666667,NA,0.166666666666667,0.333333333333333,0.333333333333333,NA,NA,NA,NA,NA,0,0,0,0.166666666666667,NA,NA,0,NA,0,0,0.166666666666667,NA,NA,NA,NA,NA,0,0,0,0,NA,NA,0,NA,0.166666666666667,0,0,NA,NA,NA,NA,NA
"881",3,3,6,3,6,3,0,0,6,3,0,0,3,6,0,0,0,0,1,1,0,0,0,0,2,0,0,0,1,0,0,0,0,1,3,1,0,1,0,0,1,1,0,0,1,3,0,0,0.0714285714285714,0.0714285714285714,0.142857142857143,0.0714285714285714,0.142857142857143,0.0714285714285714,0,0,0.142857142857143,0.0714285714285714,0,0,0.0714285714285714,0.142857142857143,0,0,0,0,0.166666666666667,0.333333333333333,0,0,NA,NA,0.333333333333333,0,NA,NA,0.333333333333333,0,NA,NA,0,0.333333333333333,0.5,0.333333333333333,0,0.333333333333333,NA,NA,0.166666666666667,0.333333333333333,NA,NA,0.333333333333333,0.5,NA,NA,0,1,2,1,0,1,0,0,1,1,0,0,0,3,0,0,3,2,3,1,6,2,0,0,3,2,0,0,2,3,0,0,0,0,1,0,0,0,0,0,0,0,0,0,1,0,0,0,0,0,0,1,0,0,0,0,2,0,0,0,0,0,0,0,0,0.333333333333333,0.333333333333333,0.333333333333333,0,0.333333333333333,NA,NA,0.166666666666667,0.333333333333333,NA,NA,0,0.5,NA,NA,1,0.666666666666667,0.5,0.333333333333333,1,0.666666666666667,NA,NA,0.5,0.666666666666667,NA,NA,0.666666666666667,0.5,NA,NA,0,0,0.166666666666667,0,0,0,NA,NA,0,0,NA,NA,0.333333333333333,0,NA,NA,0,0,0,0.333333333333333,0,0,NA,NA,0.333333333333333,0,NA,NA,0,0,NA,NA
"882",3,3,3,6,6,6,6,0,6,6,0,0,0,3,0,0,0,0,0,0,1,1,1,0,2,0,0,0,0,2,0,0,0,0,0,5,2,1,4,0,3,3,0,0,0,1,0,0,0.0625,0.0625,0.0625,0.125,0.125,0.125,0.125,0,0.125,0.125,0,0,0,0.0625,0,0,0,0,0,0,0.166666666666667,0.166666666666667,0.166666666666667,NA,0.333333333333333,0,NA,NA,NA,0.666666666666667,NA,NA,0,0,0,0.833333333333333,0.333333333333333,0.166666666666667,0.666666666666667,NA,0.5,0.5,NA,NA,NA,0.333333333333333,NA,NA,0,0,0,5,1,1,3,0,2,3,0,0,0,1,0,0,3,3,3,1,4,4,2,0,2,3,0,0,0,0,0,0,0,0,0,0,1,0,1,0,1,0,0,0,0,0,0,0,0,0,0,0,0,1,0,0,1,0,0,0,0,2,0,0,0,0,0,0.833333333333333,0.166666666666667,0.166666666666667,0.5,NA,0.333333333333333,0.5,NA,NA,NA,0.333333333333333,NA,NA,1,1,1,0.166666666666667,0.666666666666667,0.666666666666667,0.333333333333333,NA,0.333333333333333,0.5,NA,NA,NA,0,NA,NA,0,0,0,0,0.166666666666667,0,0.166666666666667,NA,0.166666666666667,0,NA,NA,NA,0,NA,NA,0,0,0,0,0,0.166666666666667,0,NA,0.166666666666667,0,NA,NA,NA,0.666666666666667,NA,NA
"883",3,3,3,6,3,6,6,0,3,0,3,0,6,0,0,0,0,0,0,0,0,0,1,0,0,0,1,0,1,0,0,0,0,0,1,3,0,3,4,0,1,0,2,0,2,0,0,0,0.0714285714285714,0.0714285714285714,0.0714285714285714,0.142857142857143,0.0714285714285714,0.142857142857143,0.142857142857143,0,0.0714285714285714,0,0.0714285714285714,0,0.142857142857143,0,0,0,0,0,0,0,0,0,0.166666666666667,NA,0,NA,0.333333333333333,NA,0.166666666666667,NA,NA,NA,0,0,0.333333333333333,0.5,0,0.5,0.666666666666667,NA,0.333333333333333,NA,0.666666666666667,NA,0.333333333333333,NA,NA,NA,0,0,1,3,0,3,3,0,1,0,2,0,2,0,0,0,3,3,2,3,3,3,2,0,2,0,0,0,3,0,0,0,0,0,0,0,0,0,1,0,0,0,0,0,0,0,0,0,0,0,0,0,0,0,0,0,0,0,1,0,1,0,0,0,0,0,0.333333333333333,0.5,0,0.5,0.5,NA,0.333333333333333,NA,0.666666666666667,NA,0.333333333333333,NA,NA,NA,1,1,0.666666666666667,0.5,1,0.5,0.333333333333333,NA,0.666666666666667,NA,0,NA,0.5,NA,NA,NA,0,0,0,0,0,0,0.166666666666667,NA,0,NA,0,NA,0,NA,NA,NA,0,0,0,0,0,0,0,NA,0,NA,0.333333333333333,NA,0.166666666666667,NA,NA,NA
"884",3,3,3,6,0,0,3,0,6,6,6,0,3,0,0,0,0,0,0,0,0,0,0,0,1,1,0,0,1,0,0,0,0,1,0,4,0,0,1,0,0,4,5,0,0,0,0,0,0.0769230769230769,0.0769230769230769,0.0769230769230769,0.153846153846154,0,0,0.0769230769230769,0,0.153846153846154,0.153846153846154,0.153846153846154,0,0.0769230769230769,0,0,0,0,0,0,0,NA,NA,0,NA,0.166666666666667,0.166666666666667,0,NA,0.333333333333333,NA,NA,NA,0,0.333333333333333,0,0.666666666666667,NA,NA,0.333333333333333,NA,0,0.666666666666667,0.833333333333333,NA,0,NA,NA,NA,0,1,0,4,0,0,1,0,0,4,5,0,0,0,0,0,3,2,3,2,0,0,2,0,5,1,1,0,2,0,0,0,0,0,0,0,0,0,0,0,0,0,0,0,0,0,0,0,0,0,0,0,0,0,0,0,1,1,0,0,1,0,0,0,0,0.333333333333333,0,0.666666666666667,NA,NA,0.333333333333333,NA,0,0.666666666666667,0.833333333333333,NA,0,NA,NA,NA,1,0.666666666666667,1,0.333333333333333,NA,NA,0.666666666666667,NA,0.833333333333333,0.166666666666667,0.166666666666667,NA,0.666666666666667,NA,NA,NA,0,0,0,0,NA,NA,0,NA,0,0,0,NA,0,NA,NA,NA,0,0,0,0,NA,NA,0,NA,0.166666666666667,0.166666666666667,0,NA,0.333333333333333,NA,NA,NA
"885",3,3,3,6,0,6,6,6,3,3,0,0,3,6,0,0,0,0,0,0,0,1,0,2,0,0,0,0,1,1,0,0,0,1,0,2,0,1,4,3,0,1,0,0,0,3,0,0,0.0625,0.0625,0.0625,0.125,0,0.125,0.125,0.125,0.0625,0.0625,0,0,0.0625,0.125,0,0,0,0,0,0,NA,0.166666666666667,0,0.333333333333333,0,0,NA,NA,0.333333333333333,0.166666666666667,NA,NA,0,0.333333333333333,0,0.333333333333333,NA,0.166666666666667,0.666666666666667,0.5,0,0.333333333333333,NA,NA,0,0.5,NA,NA,0,1,0,2,0,0,4,1,0,1,0,0,0,2,0,0,3,2,3,4,0,5,2,3,3,2,0,0,2,3,0,0,0,0,0,0,0,1,0,2,0,0,0,0,0,1,0,0,0,0,0,0,0,0,0,0,0,0,0,0,1,0,0,0,0,0.333333333333333,0,0.333333333333333,NA,0,0.666666666666667,0.166666666666667,0,0.333333333333333,NA,NA,0,0.333333333333333,NA,NA,1,0.666666666666667,1,0.666666666666667,NA,0.833333333333333,0.333333333333333,0.5,1,0.666666666666667,NA,NA,0.666666666666667,0.5,NA,NA,0,0,0,0,NA,0.166666666666667,0,0.333333333333333,0,0,NA,NA,0,0.166666666666667,NA,NA,0,0,0,0,NA,0,0,0,0,0,NA,NA,0.333333333333333,0,NA,NA
"886",6,0,0,0,6,0,0,0,3,0,0,0,6,0,0,0,0,0,0,0,1,0,0,0,0,0,0,0,0,0,0,0,3,0,0,0,2,0,0,0,0,0,0,0,2,0,0,0,0.285714285714286,0,0,0,0.285714285714286,0,0,0,0.142857142857143,0,0,0,0.285714285714286,0,0,0,0,NA,NA,NA,0.166666666666667,NA,NA,NA,0,NA,NA,NA,0,NA,NA,NA,0.5,NA,NA,NA,0.333333333333333,NA,NA,NA,0,NA,NA,NA,0.333333333333333,NA,NA,NA,3,0,0,0,2,0,0,0,0,0,0,0,2,0,0,0,3,0,0,0,3,0,0,0,3,0,0,0,4,0,0,0,0,0,0,0,0,0,0,0,0,0,0,0,0,0,0,0,0,0,0,0,1,0,0,0,0,0,0,0,0,0,0,0,0.5,NA,NA,NA,0.333333333333333,NA,NA,NA,0,NA,NA,NA,0.333333333333333,NA,NA,NA,0.5,NA,NA,NA,0.5,NA,NA,NA,1,NA,NA,NA,0.666666666666667,NA,NA,NA,0,NA,NA,NA,0,NA,NA,NA,0,NA,NA,NA,0,NA,NA,NA,0,NA,NA,NA,0.166666666666667,NA,NA,NA,0,NA,NA,NA,0,NA,NA,NA
"887",3,3,6,3,0,3,0,0,6,6,0,0,6,0,0,0,0,0,0,2,0,0,0,0,0,1,0,0,2,0,0,0,1,0,3,2,0,1,0,0,2,5,0,0,3,0,0,0,0.0833333333333333,0.0833333333333333,0.166666666666667,0.0833333333333333,0,0.0833333333333333,0,0,0.166666666666667,0.166666666666667,0,0,0.166666666666667,0,0,0,0,0,0,0.666666666666667,NA,0,NA,NA,0,0.166666666666667,NA,NA,0.333333333333333,NA,NA,NA,0.333333333333333,0,0.5,0.666666666666667,NA,0.333333333333333,NA,NA,0.333333333333333,0.833333333333333,NA,NA,0.5,NA,NA,NA,1,0,3,1,0,1,0,0,2,4,0,0,2,0,0,0,2,3,3,0,0,2,0,0,4,1,0,0,2,0,0,0,0,0,0,1,0,0,0,0,0,1,0,0,1,0,0,0,0,0,0,1,0,0,0,0,0,0,0,0,1,0,0,0,0.333333333333333,0,0.5,0.333333333333333,NA,0.333333333333333,NA,NA,0.333333333333333,0.666666666666667,NA,NA,0.333333333333333,NA,NA,NA,0.666666666666667,1,0.5,0,NA,0.666666666666667,NA,NA,0.666666666666667,0.166666666666667,NA,NA,0.333333333333333,NA,NA,NA,0,0,0,0.333333333333333,NA,0,NA,NA,0,0.166666666666667,NA,NA,0.166666666666667,NA,NA,NA,0,0,0,0.333333333333333,NA,0,NA,NA,0,0,NA,NA,0.166666666666667,NA,NA,NA
"888",3,6,6,6,3,6,6,0,3,0,0,0,6,0,0,0,0,0,1,0,0,0,2,0,0,0,0,0,0,0,0,0,0,1,1,3,0,4,4,0,1,0,0,0,3,0,0,0,0.0666666666666667,0.133333333333333,0.133333333333333,0.133333333333333,0.0666666666666667,0.133333333333333,0.133333333333333,0,0.0666666666666667,0,0,0,0.133333333333333,0,0,0,0,0,0.166666666666667,0,0,0,0.333333333333333,NA,0,NA,NA,NA,0,NA,NA,NA,0,0.166666666666667,0.166666666666667,0.5,0,0.666666666666667,0.666666666666667,NA,0.333333333333333,NA,NA,NA,0.5,NA,NA,NA,0,1,1,3,0,4,3,0,1,0,0,0,3,0,0,0,3,5,4,3,3,2,1,0,2,0,0,0,3,0,0,0,0,0,0,0,0,0,1,0,0,0,0,0,0,0,0,0,0,0,1,0,0,0,1,0,0,0,0,0,0,0,0,0,0,0.166666666666667,0.166666666666667,0.5,0,0.666666666666667,0.5,NA,0.333333333333333,NA,NA,NA,0.5,NA,NA,NA,1,0.833333333333333,0.666666666666667,0.5,1,0.333333333333333,0.166666666666667,NA,0.666666666666667,NA,NA,NA,0.5,NA,NA,NA,0,0,0,0,0,0,0.166666666666667,NA,0,NA,NA,NA,0,NA,NA,NA,0,0,0.166666666666667,0,0,0,0.166666666666667,NA,0,NA,NA,NA,0,NA,NA,NA
"889",3,6,6,6,0,0,6,6,3,6,6,0,0,0,0,0,0,0,0,1,0,0,0,1,0,1,1,0,0,0,0,0,1,2,2,2,0,0,2,4,1,4,5,0,0,0,0,0,0.0625,0.125,0.125,0.125,0,0,0.125,0.125,0.0625,0.125,0.125,0,0,0,0,0,0,0,0,0.166666666666667,NA,NA,0,0.166666666666667,0,0.166666666666667,0.166666666666667,NA,NA,NA,NA,NA,0.333333333333333,0.333333333333333,0.333333333333333,0.333333333333333,NA,NA,0.333333333333333,0.666666666666667,0.333333333333333,0.666666666666667,0.833333333333333,NA,NA,NA,NA,NA,1,2,2,2,0,0,2,3,1,3,4,0,0,0,0,0,2,4,4,3,0,0,4,2,2,2,1,0,0,0,0,0,0,0,0,0,0,0,0,1,0,1,1,0,0,0,0,0,0,0,0,1,0,0,0,0,0,0,0,0,0,0,0,0,0.333333333333333,0.333333333333333,0.333333333333333,0.333333333333333,NA,NA,0.333333333333333,0.5,0.333333333333333,0.5,0.666666666666667,NA,NA,NA,NA,NA,0.666666666666667,0.666666666666667,0.666666666666667,0.5,NA,NA,0.666666666666667,0.333333333333333,0.666666666666667,0.333333333333333,0.166666666666667,NA,NA,NA,NA,NA,0,0,0,0,NA,NA,0,0.166666666666667,0,0.166666666666667,0.166666666666667,NA,NA,NA,NA,NA,0,0,0,0.166666666666667,NA,NA,0,0,0,0,0,NA,NA,NA,NA,NA
"890",3,3,3,6,0,6,6,6,3,6,0,0,0,6,0,0,0,0,0,0,0,1,0,3,1,1,0,0,0,2,0,0,1,1,1,2,0,2,3,5,1,2,0,0,0,3,0,0,0.0625,0.0625,0.0625,0.125,0,0.125,0.125,0.125,0.0625,0.125,0,0,0,0.125,0,0,0,0,0,0,NA,0.166666666666667,0,0.5,0.333333333333333,0.166666666666667,NA,NA,NA,0.333333333333333,NA,NA,0.333333333333333,0.333333333333333,0.333333333333333,0.333333333333333,NA,0.333333333333333,0.5,0.833333333333333,0.333333333333333,0.333333333333333,NA,NA,NA,0.5,NA,NA,1,1,1,2,0,2,3,3,1,2,0,0,0,3,0,0,2,2,2,4,0,3,3,0,1,3,0,0,0,1,0,0,0,0,0,0,0,0,0,2,0,0,0,0,0,0,0,0,0,0,0,0,0,1,0,1,1,1,0,0,0,2,0,0,0.333333333333333,0.333333333333333,0.333333333333333,0.333333333333333,NA,0.333333333333333,0.5,0.5,0.333333333333333,0.333333333333333,NA,NA,NA,0.5,NA,NA,0.666666666666667,0.666666666666667,0.666666666666667,0.666666666666667,NA,0.5,0.5,0,0.333333333333333,0.5,NA,NA,NA,0.166666666666667,NA,NA,0,0,0,0,NA,0,0,0.333333333333333,0,0,NA,NA,NA,0,NA,NA,0,0,0,0,NA,0.166666666666667,0,0.166666666666667,0.333333333333333,0.166666666666667,NA,NA,NA,0.333333333333333,NA,NA
"891",3,3,3,6,3,6,6,6,6,6,0,0,0,0,0,0,0,0,0,0,0,0,1,3,1,1,0,0,0,0,0,0,1,0,1,0,0,1,5,1,2,4,0,0,0,0,0,0,0.0625,0.0625,0.0625,0.125,0.0625,0.125,0.125,0.125,0.125,0.125,0,0,0,0,0,0,0,0,0,0,0,0,0.166666666666667,0.5,0.166666666666667,0.166666666666667,NA,NA,NA,NA,NA,NA,0.333333333333333,0,0.333333333333333,0,0,0.166666666666667,0.833333333333333,0.166666666666667,0.333333333333333,0.666666666666667,NA,NA,NA,NA,NA,NA,1,0,1,0,0,1,5,1,2,4,0,0,0,0,0,0,2,3,2,6,3,5,0,2,3,1,0,0,0,0,0,0,0,0,0,0,0,0,0,0,0,0,0,0,0,0,0,0,0,0,0,0,0,0,1,3,1,1,0,0,0,0,0,0,0.333333333333333,0,0.333333333333333,0,0,0.166666666666667,0.833333333333333,0.166666666666667,0.333333333333333,0.666666666666667,NA,NA,NA,NA,NA,NA,0.666666666666667,1,0.666666666666667,1,1,0.833333333333333,0,0.333333333333333,0.5,0.166666666666667,NA,NA,NA,NA,NA,NA,0,0,0,0,0,0,0,0,0,0,NA,NA,NA,NA,NA,NA,0,0,0,0,0,0,0.166666666666667,0.5,0.166666666666667,0.166666666666667,NA,NA,NA,NA,NA,NA
"892",6,3,3,3,6,6,3,6,3,3,6,0,0,0,0,0,1,0,0,0,1,2,0,1,1,2,0,0,0,0,0,0,0,0,0,1,1,2,1,3,1,2,6,0,0,0,0,0,0.125,0.0625,0.0625,0.0625,0.125,0.125,0.0625,0.125,0.0625,0.0625,0.125,0,0,0,0,0,0.166666666666667,0,0,0,0.166666666666667,0.333333333333333,0,0.166666666666667,0.333333333333333,0.666666666666667,0,NA,NA,NA,NA,NA,0,0,0,0.333333333333333,0.166666666666667,0.333333333333333,0.333333333333333,0.5,0.333333333333333,0.666666666666667,1,NA,NA,NA,NA,NA,0,0,0,1,1,2,1,3,1,1,6,0,0,0,0,0,5,3,3,2,4,2,2,2,1,0,0,0,0,0,0,0,0,0,0,0,0,0,0,0,0,1,0,0,0,0,0,0,1,0,0,0,1,2,0,1,1,1,0,0,0,0,0,0,0,0,0,0.333333333333333,0.166666666666667,0.333333333333333,0.333333333333333,0.5,0.333333333333333,0.333333333333333,1,NA,NA,NA,NA,NA,0.833333333333333,1,1,0.666666666666667,0.666666666666667,0.333333333333333,0.666666666666667,0.333333333333333,0.333333333333333,0,0,NA,NA,NA,NA,NA,0,0,0,0,0,0,0,0,0,0.333333333333333,0,NA,NA,NA,NA,NA,0.166666666666667,0,0,0,0.166666666666667,0.333333333333333,0,0.166666666666667,0.333333333333333,0.333333333333333,0,NA,NA,NA,NA,NA
"893",6,3,0,0,6,0,0,0,6,0,0,0,0,0,0,0,1,1,0,0,1,0,0,0,2,0,0,0,0,0,0,0,1,2,0,0,0,0,0,0,1,0,0,0,0,0,0,0,0.285714285714286,0.142857142857143,0,0,0.285714285714286,0,0,0,0.285714285714286,0,0,0,0,0,0,0,0.166666666666667,0.333333333333333,NA,NA,0.166666666666667,NA,NA,NA,0.333333333333333,NA,NA,NA,NA,NA,NA,NA,0.166666666666667,0.666666666666667,NA,NA,0,NA,NA,NA,0.166666666666667,NA,NA,NA,NA,NA,NA,NA,0,1,0,0,0,0,0,0,1,0,0,0,0,0,0,0,5,1,0,0,5,0,0,0,3,0,0,0,0,0,0,0,1,1,0,0,0,0,0,0,0,0,0,0,0,0,0,0,0,0,0,0,1,0,0,0,2,0,0,0,0,0,0,0,0,0.333333333333333,NA,NA,0,NA,NA,NA,0.166666666666667,NA,NA,NA,NA,NA,NA,NA,0.833333333333333,0.333333333333333,NA,NA,0.833333333333333,NA,NA,NA,0.5,NA,NA,NA,NA,NA,NA,NA,0.166666666666667,0.333333333333333,NA,NA,0,NA,NA,NA,0,NA,NA,NA,NA,NA,NA,NA,0,0,NA,NA,0.166666666666667,NA,NA,NA,0.333333333333333,NA,NA,NA,NA,NA,NA,NA
"894",3,3,6,6,6,6,6,3,6,3,0,0,0,0,0,0,0,0,0,1,0,1,1,1,1,1,0,0,0,0,0,0,0,1,0,2,2,3,5,1,1,3,0,0,0,0,0,0,0.0625,0.0625,0.125,0.125,0.125,0.125,0.125,0.0625,0.125,0.0625,0,0,0,0,0,0,0,0,0,0.166666666666667,0,0.166666666666667,0.166666666666667,0.333333333333333,0.166666666666667,0.333333333333333,NA,NA,NA,NA,NA,NA,0,0.333333333333333,0,0.333333333333333,0.333333333333333,0.5,0.833333333333333,0.333333333333333,0.166666666666667,1,NA,NA,NA,NA,NA,NA,0,1,0,2,2,2,4,1,1,2,0,0,0,0,0,0,3,2,6,3,4,3,1,1,4,0,0,0,0,0,0,0,0,0,0,0,0,1,1,0,0,1,0,0,0,0,0,0,0,0,0,1,0,0,0,1,1,0,0,0,0,0,0,0,0,0.333333333333333,0,0.333333333333333,0.333333333333333,0.333333333333333,0.666666666666667,0.333333333333333,0.166666666666667,0.666666666666667,NA,NA,NA,NA,NA,NA,1,0.666666666666667,1,0.5,0.666666666666667,0.5,0.166666666666667,0.333333333333333,0.666666666666667,0,NA,NA,NA,NA,NA,NA,0,0,0,0,0,0.166666666666667,0.166666666666667,0,0,0.333333333333333,NA,NA,NA,NA,NA,NA,0,0,0,0.166666666666667,0,0,0,0.333333333333333,0.166666666666667,0,NA,NA,NA,NA,NA,NA
"895",3,3,3,6,6,6,6,3,6,0,0,0,6,0,0,0,0,0,0,0,0,1,1,1,1,0,0,0,1,0,0,0,1,0,0,3,0,3,5,1,0,0,0,0,4,0,0,0,0.0625,0.0625,0.0625,0.125,0.125,0.125,0.125,0.0625,0.125,0,0,0,0.125,0,0,0,0,0,0,0,0,0.166666666666667,0.166666666666667,0.333333333333333,0.166666666666667,NA,NA,NA,0.166666666666667,NA,NA,NA,0.333333333333333,0,0,0.5,0,0.5,0.833333333333333,0.333333333333333,0,NA,NA,NA,0.666666666666667,NA,NA,NA,1,0,0,3,0,2,5,0,0,0,0,0,3,0,0,0,2,3,3,3,6,3,0,2,5,0,0,0,2,0,0,0,0,0,0,0,0,1,0,1,0,0,0,0,1,0,0,0,0,0,0,0,0,0,1,0,1,0,0,0,0,0,0,0,0.333333333333333,0,0,0.5,0,0.333333333333333,0.833333333333333,0,0,NA,NA,NA,0.5,NA,NA,NA,0.666666666666667,1,1,0.5,1,0.5,0,0.666666666666667,0.833333333333333,NA,NA,NA,0.333333333333333,NA,NA,NA,0,0,0,0,0,0.166666666666667,0,0.333333333333333,0,NA,NA,NA,0.166666666666667,NA,NA,NA,0,0,0,0,0,0,0.166666666666667,0,0.166666666666667,NA,NA,NA,0,NA,NA,NA
"896",3,3,3,6,6,6,6,0,6,0,0,0,6,0,0,0,0,0,0,0,0,0,0,0,1,0,0,0,0,0,0,0,1,0,1,3,0,3,3,0,1,0,0,0,2,0,0,0,0.0666666666666667,0.0666666666666667,0.0666666666666667,0.133333333333333,0.133333333333333,0.133333333333333,0.133333333333333,0,0.133333333333333,0,0,0,0.133333333333333,0,0,0,0,0,0,0,0,0,0,NA,0.166666666666667,NA,NA,NA,0,NA,NA,NA,0.333333333333333,0,0.333333333333333,0.5,0,0.5,0.5,NA,0.166666666666667,NA,NA,NA,0.333333333333333,NA,NA,NA,1,0,1,3,0,3,3,0,1,0,0,0,2,0,0,0,2,3,2,3,6,3,3,0,4,0,0,0,4,0,0,0,0,0,0,0,0,0,0,0,0,0,0,0,0,0,0,0,0,0,0,0,0,0,0,0,1,0,0,0,0,0,0,0,0.333333333333333,0,0.333333333333333,0.5,0,0.5,0.5,NA,0.166666666666667,NA,NA,NA,0.333333333333333,NA,NA,NA,0.666666666666667,1,0.666666666666667,0.5,1,0.5,0.5,NA,0.666666666666667,NA,NA,NA,0.666666666666667,NA,NA,NA,0,0,0,0,0,0,0,NA,0,NA,NA,NA,0,NA,NA,NA,0,0,0,0,0,0,0,NA,0.166666666666667,NA,NA,NA,0,NA,NA,NA
"897",3,6,0,0,3,0,0,0,3,0,0,0,6,0,0,0,0,0,0,0,0,0,0,0,0,0,0,0,0,0,0,0,0,3,0,0,0,0,0,0,1,0,0,0,2,0,0,0,0.142857142857143,0.285714285714286,0,0,0.142857142857143,0,0,0,0.142857142857143,0,0,0,0.285714285714286,0,0,0,0,0,NA,NA,0,NA,NA,NA,0,NA,NA,NA,0,NA,NA,NA,0,0.5,NA,NA,0,NA,NA,NA,0.333333333333333,NA,NA,NA,0.333333333333333,NA,NA,NA,0,3,0,0,0,0,0,0,1,0,0,0,2,0,0,0,3,3,0,0,3,0,0,0,2,0,0,0,4,0,0,0,0,0,0,0,0,0,0,0,0,0,0,0,0,0,0,0,0,0,0,0,0,0,0,0,0,0,0,0,0,0,0,0,0,0.5,NA,NA,0,NA,NA,NA,0.333333333333333,NA,NA,NA,0.333333333333333,NA,NA,NA,1,0.5,NA,NA,1,NA,NA,NA,0.666666666666667,NA,NA,NA,0.666666666666667,NA,NA,NA,0,0,NA,NA,0,NA,NA,NA,0,NA,NA,NA,0,NA,NA,NA,0,0,NA,NA,0,NA,NA,NA,0,NA,NA,NA,0,NA,NA,NA
"898",3,3,6,6,0,3,6,3,3,6,3,0,0,6,0,0,0,0,0,1,0,0,0,1,1,1,2,0,0,3,0,0,0,0,0,1,0,1,4,2,1,2,2,0,0,6,0,0,0.0625,0.0625,0.125,0.125,0,0.0625,0.125,0.0625,0.0625,0.125,0.0625,0,0,0.125,0,0,0,0,0,0.166666666666667,NA,0,0,0.333333333333333,0.333333333333333,0.166666666666667,0.666666666666667,NA,NA,0.5,NA,NA,0,0,0,0.166666666666667,NA,0.333333333333333,0.666666666666667,0.666666666666667,0.333333333333333,0.333333333333333,0.666666666666667,NA,NA,1,NA,NA,0,0,0,0,0,1,4,1,1,1,0,0,0,3,0,0,3,3,6,5,0,2,2,1,1,4,1,0,0,0,0,0,0,0,0,1,0,0,0,1,0,1,2,0,0,3,0,0,0,0,0,0,0,0,0,0,1,0,0,0,0,0,0,0,0,0,0,0,NA,0.333333333333333,0.666666666666667,0.333333333333333,0.333333333333333,0.166666666666667,0,NA,NA,0.5,NA,NA,1,1,1,0.833333333333333,NA,0.666666666666667,0.333333333333333,0.333333333333333,0.333333333333333,0.666666666666667,0.333333333333333,NA,NA,0,NA,NA,0,0,0,0.166666666666667,NA,0,0,0.333333333333333,0,0.166666666666667,0.666666666666667,NA,NA,0.5,NA,NA,0,0,0,0,NA,0,0,0,0.333333333333333,0,0,NA,NA,0,NA,NA
"899",3,3,6,6,6,6,6,6,6,0,0,0,0,0,0,0,0,0,1,0,0,2,0,3,1,0,0,0,0,0,0,0,0,0,2,0,1,2,5,4,0,0,0,0,0,0,0,0,0.0625,0.0625,0.125,0.125,0.125,0.125,0.125,0.125,0.125,0,0,0,0,0,0,0,0,0,0.166666666666667,0,0,0.333333333333333,0,0.5,0.166666666666667,NA,NA,NA,NA,NA,NA,NA,0,0,0.333333333333333,0,0.166666666666667,0.333333333333333,0.833333333333333,0.666666666666667,0,NA,NA,NA,NA,NA,NA,NA,0,0,2,0,1,2,5,1,0,0,0,0,0,0,0,0,3,3,3,6,5,2,1,2,5,0,0,0,0,0,0,0,0,0,0,0,0,0,0,3,0,0,0,0,0,0,0,0,0,0,1,0,0,2,0,0,1,0,0,0,0,0,0,0,0,0,0.333333333333333,0,0.166666666666667,0.333333333333333,0.833333333333333,0.166666666666667,0,NA,NA,NA,NA,NA,NA,NA,1,1,0.5,1,0.833333333333333,0.333333333333333,0.166666666666667,0.333333333333333,0.833333333333333,NA,NA,NA,NA,NA,NA,NA,0,0,0,0,0,0,0,0.5,0,NA,NA,NA,NA,NA,NA,NA,0,0,0.166666666666667,0,0,0.333333333333333,0,0,0.166666666666667,NA,NA,NA,NA,NA,NA,NA
"900",3,6,6,6,3,6,6,6,3,0,0,0,3,0,0,0,0,0,0,0,0,1,1,2,0,0,0,0,2,0,0,0,0,2,2,3,0,3,5,5,0,0,0,0,3,0,0,0,0.0625,0.125,0.125,0.125,0.0625,0.125,0.125,0.125,0.0625,0,0,0,0.0625,0,0,0,0,0,0,0,0,0.166666666666667,0.166666666666667,0.333333333333333,0,NA,NA,NA,0.666666666666667,NA,NA,NA,0,0.333333333333333,0.333333333333333,0.5,0,0.5,0.833333333333333,0.833333333333333,0,NA,NA,NA,1,NA,NA,NA,0,2,2,3,0,2,5,3,0,0,0,0,1,0,0,0,3,4,4,3,3,3,0,1,3,0,0,0,0,0,0,0,0,0,0,0,0,1,0,2,0,0,0,0,2,0,0,0,0,0,0,0,0,0,1,0,0,0,0,0,0,0,0,0,0,0.333333333333333,0.333333333333333,0.5,0,0.333333333333333,0.833333333333333,0.5,0,NA,NA,NA,0.333333333333333,NA,NA,NA,1,0.666666666666667,0.666666666666667,0.5,1,0.5,0,0.166666666666667,1,NA,NA,NA,0,NA,NA,NA,0,0,0,0,0,0.166666666666667,0,0.333333333333333,0,NA,NA,NA,0.666666666666667,NA,NA,NA,0,0,0,0,0,0,0.166666666666667,0,0,NA,NA,NA,0,NA,NA,NA
"901",6,6,3,6,6,3,6,0,6,6,0,0,0,0,0,0,0,1,0,1,1,0,0,0,1,1,0,0,0,0,0,0,0,0,1,4,2,1,4,0,1,4,0,0,0,0,0,0,0.125,0.125,0.0625,0.125,0.125,0.0625,0.125,0,0.125,0.125,0,0,0,0,0,0,0,0.166666666666667,0,0.166666666666667,0.166666666666667,0,0,NA,0.166666666666667,0.166666666666667,NA,NA,NA,NA,NA,NA,0,0,0.333333333333333,0.666666666666667,0.333333333333333,0.333333333333333,0.666666666666667,NA,0.166666666666667,0.666666666666667,NA,NA,NA,NA,NA,NA,0,0,1,4,2,1,4,0,0,3,0,0,0,0,0,0,6,5,2,1,3,2,2,0,5,2,0,0,0,0,0,0,0,0,0,0,0,0,0,0,1,1,0,0,0,0,0,0,0,1,0,1,1,0,0,0,0,0,0,0,0,0,0,0,0,0,0.333333333333333,0.666666666666667,0.333333333333333,0.333333333333333,0.666666666666667,NA,0,0.5,NA,NA,NA,NA,NA,NA,1,0.833333333333333,0.666666666666667,0.166666666666667,0.5,0.666666666666667,0.333333333333333,NA,0.833333333333333,0.333333333333333,NA,NA,NA,NA,NA,NA,0,0,0,0,0,0,0,NA,0.166666666666667,0.166666666666667,NA,NA,NA,NA,NA,NA,0,0.166666666666667,0,0.166666666666667,0.166666666666667,0,0,NA,0,0,NA,NA,NA,NA,NA,NA
"902",3,3,6,0,3,6,0,0,3,0,0,0,6,0,0,0,0,0,0,0,0,1,0,0,0,0,0,0,0,0,0,0,0,0,3,0,0,3,0,0,0,0,0,0,2,0,0,0,0.1,0.1,0.2,0,0.1,0.2,0,0,0.1,0,0,0,0.2,0,0,0,0,0,0,NA,0,0.166666666666667,NA,NA,0,NA,NA,NA,0,NA,NA,NA,0,0,0.5,NA,0,0.5,NA,NA,0,NA,NA,NA,0.333333333333333,NA,NA,NA,0,0,3,0,0,3,0,0,0,0,0,0,2,0,0,0,3,3,3,0,3,2,0,0,3,0,0,0,4,0,0,0,0,0,0,0,0,0,0,0,0,0,0,0,0,0,0,0,0,0,0,0,0,1,0,0,0,0,0,0,0,0,0,0,0,0,0.5,NA,0,0.5,NA,NA,0,NA,NA,NA,0.333333333333333,NA,NA,NA,1,1,0.5,NA,1,0.333333333333333,NA,NA,1,NA,NA,NA,0.666666666666667,NA,NA,NA,0,0,0,NA,0,0,NA,NA,0,NA,NA,NA,0,NA,NA,NA,0,0,0,NA,0,0.166666666666667,NA,NA,0,NA,NA,NA,0,NA,NA,NA
"903",3,6,6,3,3,6,0,0,3,0,0,0,6,0,0,0,0,0,1,1,0,1,0,0,0,0,0,0,1,0,0,0,1,1,2,1,0,4,0,0,0,0,0,0,0,0,0,0,0.0833333333333333,0.166666666666667,0.166666666666667,0.0833333333333333,0.0833333333333333,0.166666666666667,0,0,0.0833333333333333,0,0,0,0.166666666666667,0,0,0,0,0,0.166666666666667,0.333333333333333,0,0.166666666666667,NA,NA,0,NA,NA,NA,0.166666666666667,NA,NA,NA,0.333333333333333,0.166666666666667,0.333333333333333,0.333333333333333,0,0.666666666666667,NA,NA,0,NA,NA,NA,0,NA,NA,NA,1,1,2,0,0,3,0,0,0,0,0,0,0,0,0,0,2,5,3,2,3,2,0,0,3,0,0,0,5,0,0,0,0,0,0,1,0,1,0,0,0,0,0,0,0,0,0,0,0,0,1,0,0,0,0,0,0,0,0,0,1,0,0,0,0.333333333333333,0.166666666666667,0.333333333333333,0,0,0.5,NA,NA,0,NA,NA,NA,0,NA,NA,NA,0.666666666666667,0.833333333333333,0.5,0.666666666666667,1,0.333333333333333,NA,NA,1,NA,NA,NA,0.833333333333333,NA,NA,NA,0,0,0,0.333333333333333,0,0.166666666666667,NA,NA,0,NA,NA,NA,0,NA,NA,NA,0,0,0.166666666666667,0,0,0,NA,NA,0,NA,NA,NA,0.166666666666667,NA,NA,NA
"904",3,3,3,6,3,6,6,6,3,0,0,0,6,0,0,0,0,0,0,0,0,2,1,2,0,0,0,0,0,0,0,0,0,0,0,1,0,3,4,5,0,0,0,0,5,0,0,0,0.0666666666666667,0.0666666666666667,0.0666666666666667,0.133333333333333,0.0666666666666667,0.133333333333333,0.133333333333333,0.133333333333333,0.0666666666666667,0,0,0,0.133333333333333,0,0,0,0,0,0,0,0,0.333333333333333,0.166666666666667,0.333333333333333,0,NA,NA,NA,0,NA,NA,NA,0,0,0,0.166666666666667,0,0.5,0.666666666666667,0.833333333333333,0,NA,NA,NA,0.833333333333333,NA,NA,NA,0,0,0,1,0,1,3,4,0,0,0,0,5,0,0,0,3,3,3,5,3,3,2,0,3,0,0,0,1,0,0,0,0,0,0,0,0,2,1,1,0,0,0,0,0,0,0,0,0,0,0,0,0,0,0,1,0,0,0,0,0,0,0,0,0,0,0,0.166666666666667,0,0.166666666666667,0.5,0.666666666666667,0,NA,NA,NA,0.833333333333333,NA,NA,NA,1,1,1,0.833333333333333,1,0.5,0.333333333333333,0,1,NA,NA,NA,0.166666666666667,NA,NA,NA,0,0,0,0,0,0.333333333333333,0.166666666666667,0.166666666666667,0,NA,NA,NA,0,NA,NA,NA,0,0,0,0,0,0,0,0.166666666666667,0,NA,NA,NA,0,NA,NA,NA
"905",3,3,3,6,6,6,6,6,0,3,6,0,0,0,0,0,0,0,0,1,2,1,0,2,0,1,2,0,0,0,0,0,1,0,1,1,1,0,1,6,0,1,5,0,0,0,0,0,0.0625,0.0625,0.0625,0.125,0.125,0.125,0.125,0.125,0,0.0625,0.125,0,0,0,0,0,0,0,0,0.166666666666667,0.333333333333333,0.166666666666667,0,0.333333333333333,NA,0.333333333333333,0.333333333333333,NA,NA,NA,NA,NA,0.333333333333333,0,0.333333333333333,0.166666666666667,0.166666666666667,0,0.166666666666667,1,NA,0.333333333333333,0.833333333333333,NA,NA,NA,NA,NA,1,0,1,0,1,0,1,4,0,0,3,0,0,0,0,0,2,3,2,5,3,5,5,0,0,2,1,0,0,0,0,0,0,0,0,1,0,0,0,2,0,1,2,0,0,0,0,0,0,0,0,0,2,1,0,0,0,0,0,0,0,0,0,0,0.333333333333333,0,0.333333333333333,0,0.166666666666667,0,0.166666666666667,0.666666666666667,NA,0,0.5,NA,NA,NA,NA,NA,0.666666666666667,1,0.666666666666667,0.833333333333333,0.5,0.833333333333333,0.833333333333333,0,NA,0.666666666666667,0.166666666666667,NA,NA,NA,NA,NA,0,0,0,0.166666666666667,0,0,0,0.333333333333333,NA,0.333333333333333,0.333333333333333,NA,NA,NA,NA,NA,0,0,0,0,0.333333333333333,0.166666666666667,0,0,NA,0,0,NA,NA,NA,NA,NA
"906",3,6,6,0,0,6,0,0,6,6,0,0,6,3,0,0,0,0,1,0,0,1,0,0,0,1,0,0,2,2,0,0,0,1,3,0,0,2,0,0,2,1,0,0,1,1,0,0,0.0714285714285714,0.142857142857143,0.142857142857143,0,0,0.142857142857143,0,0,0.142857142857143,0.142857142857143,0,0,0.142857142857143,0.0714285714285714,0,0,0,0,0.166666666666667,NA,NA,0.166666666666667,NA,NA,0,0.166666666666667,NA,NA,0.333333333333333,0.666666666666667,NA,NA,0,0.166666666666667,0.5,NA,NA,0.333333333333333,NA,NA,0.333333333333333,0.166666666666667,NA,NA,0.166666666666667,0.333333333333333,NA,NA,0,1,3,0,0,1,0,0,2,1,0,0,1,0,0,0,3,5,2,0,0,4,0,0,4,4,0,0,3,1,0,0,0,0,0,0,0,1,0,0,0,0,0,0,0,1,0,0,0,0,1,0,0,0,0,0,0,1,0,0,2,1,0,0,0,0.166666666666667,0.5,NA,NA,0.166666666666667,NA,NA,0.333333333333333,0.166666666666667,NA,NA,0.166666666666667,0,NA,NA,1,0.833333333333333,0.333333333333333,NA,NA,0.666666666666667,NA,NA,0.666666666666667,0.666666666666667,NA,NA,0.5,0.333333333333333,NA,NA,0,0,0,NA,NA,0.166666666666667,NA,NA,0,0,NA,NA,0,0.333333333333333,NA,NA,0,0,0.166666666666667,NA,NA,0,NA,NA,0,0.166666666666667,NA,NA,0.333333333333333,0.333333333333333,NA,NA
"907",6,6,6,6,0,3,6,0,6,6,0,0,3,0,0,0,1,0,0,1,0,0,0,0,0,0,0,0,1,0,0,0,0,2,0,4,0,0,5,0,1,3,0,0,1,0,0,0,0.125,0.125,0.125,0.125,0,0.0625,0.125,0,0.125,0.125,0,0,0.0625,0,0,0,0.166666666666667,0,0,0.166666666666667,NA,0,0,NA,0,0,NA,NA,0.333333333333333,NA,NA,NA,0,0.333333333333333,0,0.666666666666667,NA,0,0.833333333333333,NA,0.166666666666667,0.5,NA,NA,0.333333333333333,NA,NA,NA,0,2,0,3,0,0,5,0,1,3,0,0,1,0,0,0,5,4,6,2,0,3,1,0,5,3,0,0,1,0,0,0,0,0,0,1,0,0,0,0,0,0,0,0,0,0,0,0,1,0,0,0,0,0,0,0,0,0,0,0,1,0,0,0,0,0.333333333333333,0,0.5,NA,0,0.833333333333333,NA,0.166666666666667,0.5,NA,NA,0.333333333333333,NA,NA,NA,0.833333333333333,0.666666666666667,1,0.333333333333333,NA,1,0.166666666666667,NA,0.833333333333333,0.5,NA,NA,0.333333333333333,NA,NA,NA,0,0,0,0.166666666666667,NA,0,0,NA,0,0,NA,NA,0,NA,NA,NA,0.166666666666667,0,0,0,NA,0,0,NA,0,0,NA,NA,0.333333333333333,NA,NA,NA
"908",6,6,3,0,6,0,0,0,6,0,0,0,3,0,0,0,0,1,1,0,0,0,0,0,1,0,0,0,1,0,0,0,0,1,0,0,0,0,0,0,0,0,0,0,1,0,0,0,0.2,0.2,0.1,0,0.2,0,0,0,0.2,0,0,0,0.1,0,0,0,0,0.166666666666667,0.333333333333333,NA,0,NA,NA,NA,0.166666666666667,NA,NA,NA,0.333333333333333,NA,NA,NA,0,0.166666666666667,0,NA,0,NA,NA,NA,0,NA,NA,NA,0.333333333333333,NA,NA,NA,0,1,0,0,0,0,0,0,0,0,0,0,1,0,0,0,6,4,2,0,6,0,0,0,5,0,0,0,1,0,0,0,0,0,0,0,0,0,0,0,0,0,0,0,0,0,0,0,0,1,1,0,0,0,0,0,1,0,0,0,1,0,0,0,0,0.166666666666667,0,NA,0,NA,NA,NA,0,NA,NA,NA,0.333333333333333,NA,NA,NA,1,0.666666666666667,0.666666666666667,NA,1,NA,NA,NA,0.833333333333333,NA,NA,NA,0.333333333333333,NA,NA,NA,0,0,0,NA,0,NA,NA,NA,0,NA,NA,NA,0,NA,NA,NA,0,0.166666666666667,0.333333333333333,NA,0,NA,NA,NA,0.166666666666667,NA,NA,NA,0.333333333333333,NA,NA,NA
"909",6,3,3,6,0,6,6,0,3,6,0,0,6,0,0,0,1,0,0,1,0,0,3,0,0,1,0,0,0,0,0,0,1,0,0,5,0,1,5,0,0,4,0,0,3,0,0,0,0.133333333333333,0.0666666666666667,0.0666666666666667,0.133333333333333,0,0.133333333333333,0.133333333333333,0,0.0666666666666667,0.133333333333333,0,0,0.133333333333333,0,0,0,0.166666666666667,0,0,0.166666666666667,NA,0,0.5,NA,0,0.166666666666667,NA,NA,0,NA,NA,NA,0.166666666666667,0,0,0.833333333333333,NA,0.166666666666667,0.833333333333333,NA,0,0.666666666666667,NA,NA,0.5,NA,NA,NA,1,0,0,4,0,1,2,0,0,3,0,0,3,0,0,0,4,3,3,1,0,5,1,0,3,2,0,0,3,0,0,0,0,0,0,1,0,0,3,0,0,1,0,0,0,0,0,0,1,0,0,0,0,0,0,0,0,0,0,0,0,0,0,0,0.166666666666667,0,0,0.666666666666667,NA,0.166666666666667,0.333333333333333,NA,0,0.5,NA,NA,0.5,NA,NA,NA,0.666666666666667,1,1,0.166666666666667,NA,0.833333333333333,0.166666666666667,NA,1,0.333333333333333,NA,NA,0.5,NA,NA,NA,0,0,0,0.166666666666667,NA,0,0.5,NA,0,0.166666666666667,NA,NA,0,NA,NA,NA,0.166666666666667,0,0,0,NA,0,0,NA,0,0,NA,NA,0,NA,NA,NA
"910",3,3,3,6,3,6,6,6,3,0,0,0,6,0,0,0,0,0,0,0,0,1,0,1,0,0,0,0,0,0,0,0,0,1,0,2,1,3,4,5,0,0,0,0,3,0,0,0,0.0666666666666667,0.0666666666666667,0.0666666666666667,0.133333333333333,0.0666666666666667,0.133333333333333,0.133333333333333,0.133333333333333,0.0666666666666667,0,0,0,0.133333333333333,0,0,0,0,0,0,0,0,0.166666666666667,0,0.166666666666667,0,NA,NA,NA,0,NA,NA,NA,0,0.333333333333333,0,0.333333333333333,0.333333333333333,0.5,0.666666666666667,0.833333333333333,0,NA,NA,NA,0.5,NA,NA,NA,0,1,0,2,1,2,4,5,0,0,0,0,3,0,0,0,3,2,3,4,2,3,2,0,3,0,0,0,3,0,0,0,0,0,0,0,0,1,0,0,0,0,0,0,0,0,0,0,0,0,0,0,0,0,0,1,0,0,0,0,0,0,0,0,0,0.333333333333333,0,0.333333333333333,0.333333333333333,0.333333333333333,0.666666666666667,0.833333333333333,0,NA,NA,NA,0.5,NA,NA,NA,1,0.666666666666667,1,0.666666666666667,0.666666666666667,0.5,0.333333333333333,0,1,NA,NA,NA,0.5,NA,NA,NA,0,0,0,0,0,0.166666666666667,0,0,0,NA,NA,NA,0,NA,NA,NA,0,0,0,0,0,0,0,0.166666666666667,0,NA,NA,NA,0,NA,NA,NA
"911",3,3,6,6,6,6,6,3,6,0,0,0,3,0,0,0,0,0,0,2,0,2,0,1,1,0,0,0,0,0,0,0,0,0,2,2,0,3,4,1,1,0,0,0,2,0,0,0,0.0625,0.0625,0.125,0.125,0.125,0.125,0.125,0.0625,0.125,0,0,0,0.0625,0,0,0,0,0,0,0.333333333333333,0,0.333333333333333,0,0.333333333333333,0.166666666666667,NA,NA,NA,0,NA,NA,NA,0,0,0.333333333333333,0.333333333333333,0,0.5,0.666666666666667,0.333333333333333,0.166666666666667,NA,NA,NA,0.666666666666667,NA,NA,NA,0,0,2,1,0,3,4,0,1,0,0,0,2,0,0,0,3,3,4,3,6,1,2,2,4,0,0,0,1,0,0,0,0,0,0,1,0,0,0,1,0,0,0,0,0,0,0,0,0,0,0,1,0,2,0,0,1,0,0,0,0,0,0,0,0,0,0.333333333333333,0.166666666666667,0,0.5,0.666666666666667,0,0.166666666666667,NA,NA,NA,0.666666666666667,NA,NA,NA,1,1,0.666666666666667,0.5,1,0.166666666666667,0.333333333333333,0.666666666666667,0.666666666666667,NA,NA,NA,0.333333333333333,NA,NA,NA,0,0,0,0.166666666666667,0,0,0,0.333333333333333,0,NA,NA,NA,0,NA,NA,NA,0,0,0,0.166666666666667,0,0.333333333333333,0,0,0.166666666666667,NA,NA,NA,0,NA,NA,NA
"912",3,3,6,6,0,6,6,3,3,6,0,0,3,3,0,0,0,0,0,1,0,1,2,2,0,2,0,0,1,2,0,0,0,0,0,1,0,1,2,2,0,3,0,0,1,3,0,0,0.0625,0.0625,0.125,0.125,0,0.125,0.125,0.0625,0.0625,0.125,0,0,0.0625,0.0625,0,0,0,0,0,0.166666666666667,NA,0.166666666666667,0.333333333333333,0.666666666666667,0,0.333333333333333,NA,NA,0.333333333333333,0.666666666666667,NA,NA,0,0,0,0.166666666666667,NA,0.166666666666667,0.333333333333333,0.666666666666667,0,0.5,NA,NA,0.333333333333333,1,NA,NA,0,0,0,1,0,1,2,1,0,2,0,0,1,1,0,0,3,3,6,4,0,4,2,0,3,2,0,0,1,0,0,0,0,0,0,0,0,0,0,1,0,1,0,0,0,2,0,0,0,0,0,1,0,1,2,1,0,1,0,0,1,0,0,0,0,0,0,0.166666666666667,NA,0.166666666666667,0.333333333333333,0.333333333333333,0,0.333333333333333,NA,NA,0.333333333333333,0.333333333333333,NA,NA,1,1,1,0.666666666666667,NA,0.666666666666667,0.333333333333333,0,1,0.333333333333333,NA,NA,0.333333333333333,0,NA,NA,0,0,0,0,NA,0,0,0.333333333333333,0,0.166666666666667,NA,NA,0,0.666666666666667,NA,NA,0,0,0,0.166666666666667,NA,0.166666666666667,0.333333333333333,0.333333333333333,0,0.166666666666667,NA,NA,0.333333333333333,0,NA,NA
"913",3,3,6,6,3,6,6,3,3,6,0,0,3,0,0,0,0,0,0,1,0,1,2,1,0,2,0,0,1,0,0,0,0,0,1,2,0,2,4,3,0,4,0,0,1,0,0,0,0.0625,0.0625,0.125,0.125,0.0625,0.125,0.125,0.0625,0.0625,0.125,0,0,0.0625,0,0,0,0,0,0,0.166666666666667,0,0.166666666666667,0.333333333333333,0.333333333333333,0,0.333333333333333,NA,NA,0.333333333333333,NA,NA,NA,0,0,0.166666666666667,0.333333333333333,0,0.333333333333333,0.666666666666667,1,0,0.666666666666667,NA,NA,0.333333333333333,NA,NA,NA,0,0,1,2,0,2,3,2,0,2,0,0,0,0,0,0,3,3,5,3,3,3,1,0,3,2,0,0,2,0,0,0,0,0,0,0,0,0,1,1,0,2,0,0,1,0,0,0,0,0,0,1,0,1,1,0,0,0,0,0,0,0,0,0,0,0,0.166666666666667,0.333333333333333,0,0.333333333333333,0.5,0.666666666666667,0,0.333333333333333,NA,NA,0,NA,NA,NA,1,1,0.833333333333333,0.5,1,0.5,0.166666666666667,0,1,0.333333333333333,NA,NA,0.666666666666667,NA,NA,NA,0,0,0,0,0,0,0.166666666666667,0.333333333333333,0,0.333333333333333,NA,NA,0.333333333333333,NA,NA,NA,0,0,0,0.166666666666667,0,0.166666666666667,0.166666666666667,0,0,0,NA,NA,0,NA,NA,NA
"914",3,3,3,3,0,3,6,6,6,6,0,0,6,0,0,0,0,0,0,0,0,0,1,1,0,1,0,0,1,0,0,0,0,0,1,0,0,1,3,4,1,5,0,0,1,0,0,0,0.0666666666666667,0.0666666666666667,0.0666666666666667,0.0666666666666667,0,0.0666666666666667,0.133333333333333,0.133333333333333,0.133333333333333,0.133333333333333,0,0,0.133333333333333,0,0,0,0,0,0,0,NA,0,0.166666666666667,0.166666666666667,0,0.166666666666667,NA,NA,0.166666666666667,NA,NA,NA,0,0,0.333333333333333,0,NA,0.333333333333333,0.5,0.666666666666667,0.166666666666667,0.833333333333333,NA,NA,0.166666666666667,NA,NA,NA,0,0,1,0,0,1,2,4,1,4,0,0,1,0,0,0,3,3,2,3,0,2,3,1,5,1,0,0,4,0,0,0,0,0,0,0,0,0,1,0,0,1,0,0,0,0,0,0,0,0,0,0,0,0,0,1,0,0,0,0,1,0,0,0,0,0,0.333333333333333,0,NA,0.333333333333333,0.333333333333333,0.666666666666667,0.166666666666667,0.666666666666667,NA,NA,0.166666666666667,NA,NA,NA,1,1,0.666666666666667,1,NA,0.666666666666667,0.5,0.166666666666667,0.833333333333333,0.166666666666667,NA,NA,0.666666666666667,NA,NA,NA,0,0,0,0,NA,0,0.166666666666667,0,0,0.166666666666667,NA,NA,0,NA,NA,NA,0,0,0,0,NA,0,0,0.166666666666667,0,0,NA,NA,0.166666666666667,NA,NA,NA
"915",3,3,3,6,6,6,6,0,6,6,0,0,0,0,0,0,0,0,0,1,0,0,0,0,2,1,0,0,0,0,0,0,1,1,1,3,1,1,4,0,1,6,0,0,0,0,0,0,0.0666666666666667,0.0666666666666667,0.0666666666666667,0.133333333333333,0.133333333333333,0.133333333333333,0.133333333333333,0,0.133333333333333,0.133333333333333,0,0,0,0,0,0,0,0,0,0.166666666666667,0,0,0,NA,0.333333333333333,0.166666666666667,NA,NA,NA,NA,NA,NA,0.333333333333333,0.333333333333333,0.333333333333333,0.5,0.166666666666667,0.166666666666667,0.666666666666667,NA,0.166666666666667,1,NA,NA,NA,NA,NA,NA,1,1,1,2,1,1,4,0,1,5,0,0,0,0,0,0,2,2,2,3,5,5,2,0,3,0,0,0,0,0,0,0,0,0,0,1,0,0,0,0,0,1,0,0,0,0,0,0,0,0,0,0,0,0,0,0,2,0,0,0,0,0,0,0,0.333333333333333,0.333333333333333,0.333333333333333,0.333333333333333,0.166666666666667,0.166666666666667,0.666666666666667,NA,0.166666666666667,0.833333333333333,NA,NA,NA,NA,NA,NA,0.666666666666667,0.666666666666667,0.666666666666667,0.5,0.833333333333333,0.833333333333333,0.333333333333333,NA,0.5,0,NA,NA,NA,NA,NA,NA,0,0,0,0.166666666666667,0,0,0,NA,0,0.166666666666667,NA,NA,NA,NA,NA,NA,0,0,0,0,0,0,0,NA,0.333333333333333,0,NA,NA,NA,NA,NA,NA
"916",3,3,6,0,0,6,0,0,3,6,0,0,6,0,0,0,0,0,0,0,0,0,0,0,0,1,0,0,0,0,0,0,0,0,3,0,0,2,0,0,0,4,0,0,1,0,0,0,0.0909090909090909,0.0909090909090909,0.181818181818182,0,0,0.181818181818182,0,0,0.0909090909090909,0.181818181818182,0,0,0.181818181818182,0,0,0,0,0,0,NA,NA,0,NA,NA,0,0.166666666666667,NA,NA,0,NA,NA,NA,0,0,0.5,NA,NA,0.333333333333333,NA,NA,0,0.666666666666667,NA,NA,0.166666666666667,NA,NA,NA,0,0,3,0,0,2,0,0,0,3,0,0,1,0,0,0,3,3,3,0,0,4,0,0,3,2,0,0,5,0,0,0,0,0,0,0,0,0,0,0,0,1,0,0,0,0,0,0,0,0,0,0,0,0,0,0,0,0,0,0,0,0,0,0,0,0,0.5,NA,NA,0.333333333333333,NA,NA,0,0.5,NA,NA,0.166666666666667,NA,NA,NA,1,1,0.5,NA,NA,0.666666666666667,NA,NA,1,0.333333333333333,NA,NA,0.833333333333333,NA,NA,NA,0,0,0,NA,NA,0,NA,NA,0,0.166666666666667,NA,NA,0,NA,NA,NA,0,0,0,NA,NA,0,NA,NA,0,0,NA,NA,0,NA,NA,NA
"917",3,3,6,3,6,6,0,0,6,0,0,0,6,0,0,0,0,0,0,1,0,1,0,0,1,0,0,0,1,0,0,0,0,0,3,1,1,3,0,0,0,0,0,0,4,0,0,0,0.0769230769230769,0.0769230769230769,0.153846153846154,0.0769230769230769,0.153846153846154,0.153846153846154,0,0,0.153846153846154,0,0,0,0.153846153846154,0,0,0,0,0,0,0.333333333333333,0,0.166666666666667,NA,NA,0.166666666666667,NA,NA,NA,0.166666666666667,NA,NA,NA,0,0,0.5,0.333333333333333,0.166666666666667,0.5,NA,NA,0,NA,NA,NA,0.666666666666667,NA,NA,NA,0,0,3,0,1,2,0,0,0,0,0,0,4,0,0,0,3,3,3,2,5,3,0,0,5,0,0,0,1,0,0,0,0,0,0,1,0,1,0,0,0,0,0,0,0,0,0,0,0,0,0,0,0,0,0,0,1,0,0,0,1,0,0,0,0,0,0.5,0,0.166666666666667,0.333333333333333,NA,NA,0,NA,NA,NA,0.666666666666667,NA,NA,NA,1,1,0.5,0.666666666666667,0.833333333333333,0.5,NA,NA,0.833333333333333,NA,NA,NA,0.166666666666667,NA,NA,NA,0,0,0,0.333333333333333,0,0.166666666666667,NA,NA,0,NA,NA,NA,0,NA,NA,NA,0,0,0,0,0,0,NA,NA,0.166666666666667,NA,NA,NA,0.166666666666667,NA,NA,NA
"918",3,6,6,0,6,3,0,0,3,6,0,0,0,0,0,0,0,0,2,0,2,0,0,0,1,0,0,0,0,0,0,0,1,0,2,0,1,1,0,0,0,4,0,0,0,0,0,0,0.0909090909090909,0.181818181818182,0.181818181818182,0,0.181818181818182,0.0909090909090909,0,0,0.0909090909090909,0.181818181818182,0,0,0,0,0,0,0,0,0.333333333333333,NA,0.333333333333333,0,NA,NA,0.333333333333333,0,NA,NA,NA,NA,NA,NA,0.333333333333333,0,0.333333333333333,NA,0.166666666666667,0.333333333333333,NA,NA,0,0.666666666666667,NA,NA,NA,NA,NA,NA,1,0,2,0,0,1,0,0,0,4,0,0,0,0,0,0,2,6,2,0,4,2,0,0,2,2,0,0,0,0,0,0,0,0,0,0,1,0,0,0,0,0,0,0,0,0,0,0,0,0,2,0,1,0,0,0,1,0,0,0,0,0,0,0,0.333333333333333,0,0.333333333333333,NA,0,0.333333333333333,NA,NA,0,0.666666666666667,NA,NA,NA,NA,NA,NA,0.666666666666667,1,0.333333333333333,NA,0.666666666666667,0.666666666666667,NA,NA,0.666666666666667,0.333333333333333,NA,NA,NA,NA,NA,NA,0,0,0,NA,0.166666666666667,0,NA,NA,0,0,NA,NA,NA,NA,NA,NA,0,0,0.333333333333333,NA,0.166666666666667,0,NA,NA,0.333333333333333,0,NA,NA,NA,NA,NA,NA
"919",3,3,6,6,6,6,6,3,6,3,0,0,0,0,0,0,0,0,0,0,0,1,0,1,1,1,0,0,0,0,0,0,0,0,2,2,2,1,4,3,1,2,0,0,0,0,0,0,0.0625,0.0625,0.125,0.125,0.125,0.125,0.125,0.0625,0.125,0.0625,0,0,0,0,0,0,0,0,0,0,0,0.166666666666667,0,0.333333333333333,0.166666666666667,0.333333333333333,NA,NA,NA,NA,NA,NA,0,0,0.333333333333333,0.333333333333333,0.333333333333333,0.166666666666667,0.666666666666667,1,0.166666666666667,0.666666666666667,NA,NA,NA,NA,NA,NA,0,0,2,2,2,1,4,2,1,1,0,0,0,0,0,0,3,3,4,4,4,4,2,0,4,1,0,0,0,0,0,0,0,0,0,0,0,0,0,1,0,1,0,0,0,0,0,0,0,0,0,0,0,1,0,0,1,0,0,0,0,0,0,0,0,0,0.333333333333333,0.333333333333333,0.333333333333333,0.166666666666667,0.666666666666667,0.666666666666667,0.166666666666667,0.333333333333333,NA,NA,NA,NA,NA,NA,1,1,0.666666666666667,0.666666666666667,0.666666666666667,0.666666666666667,0.333333333333333,0,0.666666666666667,0.333333333333333,NA,NA,NA,NA,NA,NA,0,0,0,0,0,0,0,0.333333333333333,0,0.333333333333333,NA,NA,NA,NA,NA,NA,0,0,0,0,0,0.166666666666667,0,0,0.166666666666667,0,NA,NA,NA,NA,NA,NA
"920",3,3,3,3,3,3,6,6,6,6,0,0,3,0,0,0,0,0,0,0,0,0,0,1,1,0,0,0,1,0,0,0,0,0,1,0,0,1,4,6,1,4,0,0,3,0,0,0,0.0666666666666667,0.0666666666666667,0.0666666666666667,0.0666666666666667,0.0666666666666667,0.0666666666666667,0.133333333333333,0.133333333333333,0.133333333333333,0.133333333333333,0,0,0.0666666666666667,0,0,0,0,0,0,0,0,0,0,0.166666666666667,0.166666666666667,0,NA,NA,0.333333333333333,NA,NA,NA,0,0,0.333333333333333,0,0,0.333333333333333,0.666666666666667,1,0.166666666666667,0.666666666666667,NA,NA,1,NA,NA,NA,0,0,1,0,0,1,4,5,1,4,0,0,2,0,0,0,3,3,2,3,3,2,2,0,4,2,0,0,0,0,0,0,0,0,0,0,0,0,0,1,0,0,0,0,1,0,0,0,0,0,0,0,0,0,0,0,1,0,0,0,0,0,0,0,0,0,0.333333333333333,0,0,0.333333333333333,0.666666666666667,0.833333333333333,0.166666666666667,0.666666666666667,NA,NA,0.666666666666667,NA,NA,NA,1,1,0.666666666666667,1,1,0.666666666666667,0.333333333333333,0,0.666666666666667,0.333333333333333,NA,NA,0,NA,NA,NA,0,0,0,0,0,0,0,0.166666666666667,0,0,NA,NA,0.333333333333333,NA,NA,NA,0,0,0,0,0,0,0,0,0.166666666666667,0,NA,NA,0,NA,NA,NA
"921",3,3,6,6,0,3,6,6,3,6,0,0,6,0,0,0,0,0,0,0,0,0,1,1,0,1,0,0,1,0,0,0,0,0,2,2,0,1,3,4,0,4,0,0,3,0,0,0,0.0625,0.0625,0.125,0.125,0,0.0625,0.125,0.125,0.0625,0.125,0,0,0.125,0,0,0,0,0,0,0,NA,0,0.166666666666667,0.166666666666667,0,0.166666666666667,NA,NA,0.166666666666667,NA,NA,NA,0,0,0.333333333333333,0.333333333333333,NA,0.333333333333333,0.5,0.666666666666667,0,0.666666666666667,NA,NA,0.5,NA,NA,NA,0,0,2,2,0,1,2,4,0,4,0,0,3,0,0,0,3,3,4,4,0,2,3,1,3,1,0,0,2,0,0,0,0,0,0,0,0,0,1,0,0,0,0,0,0,0,0,0,0,0,0,0,0,0,0,1,0,1,0,0,1,0,0,0,0,0,0.333333333333333,0.333333333333333,NA,0.333333333333333,0.333333333333333,0.666666666666667,0,0.666666666666667,NA,NA,0.5,NA,NA,NA,1,1,0.666666666666667,0.666666666666667,NA,0.666666666666667,0.5,0.166666666666667,1,0.166666666666667,NA,NA,0.333333333333333,NA,NA,NA,0,0,0,0,NA,0,0.166666666666667,0,0,0,NA,NA,0,NA,NA,NA,0,0,0,0,NA,0,0,0.166666666666667,0,0.166666666666667,NA,NA,0.166666666666667,NA,NA,NA
"922",3,3,6,6,0,3,0,0,6,6,0,0,3,3,0,0,0,0,0,2,0,0,0,0,1,0,0,0,2,1,0,0,0,0,2,1,0,0,0,0,1,4,0,0,1,3,0,0,0.0769230769230769,0.0769230769230769,0.153846153846154,0.153846153846154,0,0.0769230769230769,0,0,0.153846153846154,0.153846153846154,0,0,0.0769230769230769,0.0769230769230769,0,0,0,0,0,0.333333333333333,NA,0,NA,NA,0.166666666666667,0,NA,NA,0.666666666666667,0.333333333333333,NA,NA,0,0,0.333333333333333,0.166666666666667,NA,0,NA,NA,0.166666666666667,0.666666666666667,NA,NA,0.333333333333333,1,NA,NA,0,0,2,1,0,0,0,0,0,4,0,0,1,2,0,0,3,3,4,3,0,3,0,0,5,2,0,0,0,0,0,0,0,0,0,0,0,0,0,0,1,0,0,0,0,1,0,0,0,0,0,2,0,0,0,0,0,0,0,0,2,0,0,0,0,0,0.333333333333333,0.166666666666667,NA,0,NA,NA,0,0.666666666666667,NA,NA,0.333333333333333,0.666666666666667,NA,NA,1,1,0.666666666666667,0.5,NA,1,NA,NA,0.833333333333333,0.333333333333333,NA,NA,0,0,NA,NA,0,0,0,0,NA,0,NA,NA,0.166666666666667,0,NA,NA,0,0.333333333333333,NA,NA,0,0,0,0.333333333333333,NA,0,NA,NA,0,0,NA,NA,0.666666666666667,0,NA,NA
"923",3,3,3,6,3,6,6,3,3,6,3,0,3,0,0,0,0,0,0,0,0,0,2,1,0,2,1,0,1,0,0,0,0,0,0,2,1,1,2,2,1,2,1,0,2,0,0,0,0.0625,0.0625,0.0625,0.125,0.0625,0.125,0.125,0.0625,0.0625,0.125,0.0625,0,0.0625,0,0,0,0,0,0,0,0,0,0.333333333333333,0.333333333333333,0,0.333333333333333,0.333333333333333,NA,0.333333333333333,NA,NA,NA,0,0,0,0.333333333333333,0.333333333333333,0.166666666666667,0.333333333333333,0.666666666666667,0.333333333333333,0.333333333333333,0.333333333333333,NA,0.666666666666667,NA,NA,NA,0,0,0,2,1,1,1,2,1,1,1,0,2,0,0,0,3,3,3,4,2,5,3,0,2,3,1,0,0,0,0,0,0,0,0,0,0,0,1,0,0,1,0,0,0,0,0,0,0,0,0,0,0,0,1,1,0,1,1,0,1,0,0,0,0,0,0,0.333333333333333,0.333333333333333,0.166666666666667,0.166666666666667,0.666666666666667,0.333333333333333,0.166666666666667,0.333333333333333,NA,0.666666666666667,NA,NA,NA,1,1,1,0.666666666666667,0.666666666666667,0.833333333333333,0.5,0,0.666666666666667,0.5,0.333333333333333,NA,0,NA,NA,NA,0,0,0,0,0,0,0.166666666666667,0,0,0.166666666666667,0,NA,0,NA,NA,NA,0,0,0,0,0,0,0.166666666666667,0.333333333333333,0,0.166666666666667,0.333333333333333,NA,0.333333333333333,NA,NA,NA
"924",3,3,3,3,3,6,6,6,3,6,0,0,0,6,0,0,0,0,0,0,0,0,2,0,0,2,0,0,0,2,0,0,0,0,1,1,0,3,4,6,1,3,0,0,0,6,0,0,0.0625,0.0625,0.0625,0.0625,0.0625,0.125,0.125,0.125,0.0625,0.125,0,0,0,0.125,0,0,0,0,0,0,0,0,0.333333333333333,0,0,0.333333333333333,NA,NA,NA,0.333333333333333,NA,NA,0,0,0.333333333333333,0.333333333333333,0,0.5,0.666666666666667,1,0.333333333333333,0.5,NA,NA,NA,1,NA,NA,0,0,1,1,0,3,3,6,1,2,0,0,0,4,0,0,3,3,2,2,3,3,1,0,2,2,0,0,0,0,0,0,0,0,0,0,0,0,1,0,0,1,0,0,0,2,0,0,0,0,0,0,0,0,1,0,0,1,0,0,0,0,0,0,0,0,0.333333333333333,0.333333333333333,0,0.5,0.5,1,0.333333333333333,0.333333333333333,NA,NA,NA,0.666666666666667,NA,NA,1,1,0.666666666666667,0.666666666666667,1,0.5,0.166666666666667,0,0.666666666666667,0.333333333333333,NA,NA,NA,0,NA,NA,0,0,0,0,0,0,0.166666666666667,0,0,0.166666666666667,NA,NA,NA,0.333333333333333,NA,NA,0,0,0,0,0,0,0.166666666666667,0,0,0.166666666666667,NA,NA,NA,0,NA,NA
"925",3,3,3,6,3,6,6,0,3,0,6,0,6,0,0,0,0,0,0,0,0,2,0,0,0,0,2,0,0,0,0,0,0,0,0,4,0,2,3,0,1,0,4,0,4,0,0,0,0.0666666666666667,0.0666666666666667,0.0666666666666667,0.133333333333333,0.0666666666666667,0.133333333333333,0.133333333333333,0,0.0666666666666667,0,0.133333333333333,0,0.133333333333333,0,0,0,0,0,0,0,0,0.333333333333333,0,NA,0,NA,0.333333333333333,NA,0,NA,NA,NA,0,0,0,0.666666666666667,0,0.333333333333333,0.5,NA,0.333333333333333,NA,0.666666666666667,NA,0.666666666666667,NA,NA,NA,0,0,0,4,0,1,3,0,1,0,3,0,4,0,0,0,3,3,3,2,3,3,3,0,2,0,1,0,2,0,0,0,0,0,0,0,0,1,0,0,0,0,1,0,0,0,0,0,0,0,0,0,0,1,0,0,0,0,1,0,0,0,0,0,0,0,0,0.666666666666667,0,0.166666666666667,0.5,NA,0.333333333333333,NA,0.5,NA,0.666666666666667,NA,NA,NA,1,1,1,0.333333333333333,1,0.5,0.5,NA,0.666666666666667,NA,0.166666666666667,NA,0.333333333333333,NA,NA,NA,0,0,0,0,0,0.166666666666667,0,NA,0,NA,0.166666666666667,NA,0,NA,NA,NA,0,0,0,0,0,0.166666666666667,0,NA,0,NA,0.166666666666667,NA,0,NA,NA,NA
"926",6,6,6,0,0,6,0,0,3,6,0,0,6,0,0,0,0,1,1,0,0,1,0,0,0,0,0,0,0,0,0,0,0,2,3,0,0,2,0,0,0,5,0,0,0,0,0,0,0.153846153846154,0.153846153846154,0.153846153846154,0,0,0.153846153846154,0,0,0.0769230769230769,0.153846153846154,0,0,0.153846153846154,0,0,0,0,0.166666666666667,0.166666666666667,NA,NA,0.166666666666667,NA,NA,0,0,NA,NA,0,NA,NA,NA,0,0.333333333333333,0.5,NA,NA,0.333333333333333,NA,NA,0,0.833333333333333,NA,NA,0,NA,NA,NA,0,1,3,0,0,2,0,0,0,5,0,0,0,0,0,0,6,4,2,0,0,3,0,0,3,1,0,0,6,0,0,0,0,1,0,0,0,0,0,0,0,0,0,0,0,0,0,0,0,0,1,0,0,1,0,0,0,0,0,0,0,0,0,0,0,0.166666666666667,0.5,NA,NA,0.333333333333333,NA,NA,0,0.833333333333333,NA,NA,0,NA,NA,NA,1,0.666666666666667,0.333333333333333,NA,NA,0.5,NA,NA,1,0.166666666666667,NA,NA,1,NA,NA,NA,0,0.166666666666667,0,NA,NA,0,NA,NA,0,0,NA,NA,0,NA,NA,NA,0,0,0.166666666666667,NA,NA,0.166666666666667,NA,NA,0,0,NA,NA,0,NA,NA,NA
"927",3,3,3,6,3,6,6,6,0,3,6,0,0,0,3,0,0,0,0,0,1,1,0,3,0,1,1,0,0,0,2,0,0,0,1,2,1,1,2,3,0,0,1,0,0,0,3,0,0.0625,0.0625,0.0625,0.125,0.0625,0.125,0.125,0.125,0,0.0625,0.125,0,0,0,0.0625,0,0,0,0,0,0.333333333333333,0.166666666666667,0,0.5,NA,0.333333333333333,0.166666666666667,NA,NA,NA,0.666666666666667,NA,0,0,0.333333333333333,0.333333333333333,0.333333333333333,0.166666666666667,0.333333333333333,0.5,NA,0,0.166666666666667,NA,NA,NA,1,NA,0,0,1,2,1,1,2,1,0,0,1,0,0,0,1,0,3,3,2,4,1,4,4,2,0,2,4,0,0,0,0,0,0,0,0,0,0,0,0,2,0,0,0,0,0,0,2,0,0,0,0,0,1,1,0,1,0,1,1,0,0,0,0,0,0,0,0.333333333333333,0.333333333333333,0.333333333333333,0.166666666666667,0.333333333333333,0.166666666666667,NA,0,0.166666666666667,NA,NA,NA,0.333333333333333,NA,1,1,0.666666666666667,0.666666666666667,0.333333333333333,0.666666666666667,0.666666666666667,0.333333333333333,NA,0.666666666666667,0.666666666666667,NA,NA,NA,0,NA,0,0,0,0,0,0,0,0.333333333333333,NA,0,0,NA,NA,NA,0.666666666666667,NA,0,0,0,0,0.333333333333333,0.166666666666667,0,0.166666666666667,NA,0.333333333333333,0.166666666666667,NA,NA,NA,0,NA
"928",6,6,0,0,6,0,0,0,6,0,0,0,6,0,0,0,0,2,0,0,1,0,0,0,0,0,0,0,1,0,0,0,0,0,0,0,1,0,0,0,0,0,0,0,3,0,0,0,0.2,0.2,0,0,0.2,0,0,0,0.2,0,0,0,0.2,0,0,0,0,0.333333333333333,NA,NA,0.166666666666667,NA,NA,NA,0,NA,NA,NA,0.166666666666667,NA,NA,NA,0,0,NA,NA,0.166666666666667,NA,NA,NA,0,NA,NA,NA,0.5,NA,NA,NA,0,0,0,0,1,0,0,0,0,0,0,0,3,0,0,0,6,4,0,0,4,0,0,0,6,0,0,0,2,0,0,0,0,0,0,0,0,0,0,0,0,0,0,0,0,0,0,0,0,2,0,0,1,0,0,0,0,0,0,0,1,0,0,0,0,0,NA,NA,0.166666666666667,NA,NA,NA,0,NA,NA,NA,0.5,NA,NA,NA,1,0.666666666666667,NA,NA,0.666666666666667,NA,NA,NA,1,NA,NA,NA,0.333333333333333,NA,NA,NA,0,0,NA,NA,0,NA,NA,NA,0,NA,NA,NA,0,NA,NA,NA,0,0.333333333333333,NA,NA,0.166666666666667,NA,NA,NA,0,NA,NA,NA,0.166666666666667,NA,NA,NA
"929",3,3,6,3,0,6,0,0,3,6,0,0,6,0,0,0,0,0,1,3,0,0,0,0,0,1,0,0,0,0,0,0,0,0,0,2,0,2,0,0,1,4,0,0,2,0,0,0,0.0833333333333333,0.0833333333333333,0.166666666666667,0.0833333333333333,0,0.166666666666667,0,0,0.0833333333333333,0.166666666666667,0,0,0.166666666666667,0,0,0,0,0,0.166666666666667,1,NA,0,NA,NA,0,0.166666666666667,NA,NA,0,NA,NA,NA,0,0,0,0.666666666666667,NA,0.333333333333333,NA,NA,0.333333333333333,0.666666666666667,NA,NA,0.333333333333333,NA,NA,NA,0,0,0,0,0,2,0,0,1,4,0,0,2,0,0,0,3,3,5,0,0,4,0,0,2,1,0,0,4,0,0,0,0,0,0,2,0,0,0,0,0,0,0,0,0,0,0,0,0,0,1,1,0,0,0,0,0,1,0,0,0,0,0,0,0,0,0,0,NA,0.333333333333333,NA,NA,0.333333333333333,0.666666666666667,NA,NA,0.333333333333333,NA,NA,NA,1,1,0.833333333333333,0,NA,0.666666666666667,NA,NA,0.666666666666667,0.166666666666667,NA,NA,0.666666666666667,NA,NA,NA,0,0,0,0.666666666666667,NA,0,NA,NA,0,0,NA,NA,0,NA,NA,NA,0,0,0.166666666666667,0.333333333333333,NA,0,NA,NA,0,0.166666666666667,NA,NA,0,NA,NA,NA
"930",3,6,3,6,3,3,6,0,6,6,0,0,6,0,0,0,0,0,0,0,0,0,0,0,1,0,0,0,0,0,0,0,0,2,1,4,0,1,3,0,0,5,0,0,1,0,0,0,0.0625,0.125,0.0625,0.125,0.0625,0.0625,0.125,0,0.125,0.125,0,0,0.125,0,0,0,0,0,0,0,0,0,0,NA,0.166666666666667,0,NA,NA,0,NA,NA,NA,0,0.333333333333333,0.333333333333333,0.666666666666667,0,0.333333333333333,0.5,NA,0,0.833333333333333,NA,NA,0.166666666666667,NA,NA,NA,0,2,1,4,0,1,3,0,0,5,0,0,1,0,0,0,3,4,2,2,3,2,3,0,5,1,0,0,5,0,0,0,0,0,0,0,0,0,0,0,0,0,0,0,0,0,0,0,0,0,0,0,0,0,0,0,1,0,0,0,0,0,0,0,0,0.333333333333333,0.333333333333333,0.666666666666667,0,0.333333333333333,0.5,NA,0,0.833333333333333,NA,NA,0.166666666666667,NA,NA,NA,1,0.666666666666667,0.666666666666667,0.333333333333333,1,0.666666666666667,0.5,NA,0.833333333333333,0.166666666666667,NA,NA,0.833333333333333,NA,NA,NA,0,0,0,0,0,0,0,NA,0,0,NA,NA,0,NA,NA,NA,0,0,0,0,0,0,0,NA,0.166666666666667,0,NA,NA,0,NA,NA,NA
"931",3,3,3,6,3,6,6,0,3,3,0,0,6,0,0,0,0,0,0,0,0,1,2,0,0,1,0,0,1,0,0,0,1,0,0,3,0,2,4,0,0,1,0,0,2,0,0,0,0.0714285714285714,0.0714285714285714,0.0714285714285714,0.142857142857143,0.0714285714285714,0.142857142857143,0.142857142857143,0,0.0714285714285714,0.0714285714285714,0,0,0.142857142857143,0,0,0,0,0,0,0,0,0.166666666666667,0.333333333333333,NA,0,0.333333333333333,NA,NA,0.166666666666667,NA,NA,NA,0.333333333333333,0,0,0.5,0,0.333333333333333,0.666666666666667,NA,0,0.333333333333333,NA,NA,0.333333333333333,NA,NA,NA,1,0,0,3,0,2,3,0,0,0,0,0,2,0,0,0,2,3,3,3,3,3,1,0,3,2,0,0,3,0,0,0,0,0,0,0,0,0,1,0,0,1,0,0,0,0,0,0,0,0,0,0,0,1,1,0,0,0,0,0,1,0,0,0,0.333333333333333,0,0,0.5,0,0.333333333333333,0.5,NA,0,0,NA,NA,0.333333333333333,NA,NA,NA,0.666666666666667,1,1,0.5,1,0.5,0.166666666666667,NA,1,0.666666666666667,NA,NA,0.5,NA,NA,NA,0,0,0,0,0,0,0.166666666666667,NA,0,0.333333333333333,NA,NA,0,NA,NA,NA,0,0,0,0,0,0.166666666666667,0.166666666666667,NA,0,0,NA,NA,0.166666666666667,NA,NA,NA
"932",3,3,3,6,6,6,6,0,6,3,3,0,0,0,0,0,0,0,0,0,0,1,1,0,2,1,2,0,0,0,0,0,0,0,0,3,1,2,4,0,1,2,3,0,0,0,0,0,0.0666666666666667,0.0666666666666667,0.0666666666666667,0.133333333333333,0.133333333333333,0.133333333333333,0.133333333333333,0,0.133333333333333,0.0666666666666667,0.0666666666666667,0,0,0,0,0,0,0,0,0,0,0.166666666666667,0.166666666666667,NA,0.333333333333333,0.333333333333333,0.666666666666667,NA,NA,NA,NA,NA,0,0,0,0.5,0.166666666666667,0.333333333333333,0.666666666666667,NA,0.166666666666667,0.666666666666667,1,NA,NA,NA,NA,NA,0,0,0,3,1,1,3,0,1,2,1,0,0,0,0,0,3,3,3,3,5,4,2,0,3,0,0,0,0,0,0,0,0,0,0,0,0,1,1,0,0,0,2,0,0,0,0,0,0,0,0,0,0,0,0,0,2,1,0,0,0,0,0,0,0,0,0,0.5,0.166666666666667,0.166666666666667,0.5,NA,0.166666666666667,0.666666666666667,0.333333333333333,NA,NA,NA,NA,NA,1,1,1,0.5,0.833333333333333,0.666666666666667,0.333333333333333,NA,0.5,0,0,NA,NA,NA,NA,NA,0,0,0,0,0,0.166666666666667,0.166666666666667,NA,0,0,0.666666666666667,NA,NA,NA,NA,NA,0,0,0,0,0,0,0,NA,0.333333333333333,0.333333333333333,0,NA,NA,NA,NA,NA
"933",3,3,3,6,0,3,6,0,3,6,0,0,6,3,0,0,0,0,0,0,0,0,0,0,0,0,0,0,0,1,0,0,0,0,1,4,0,0,5,0,0,3,0,0,0,3,0,0,0.0714285714285714,0.0714285714285714,0.0714285714285714,0.142857142857143,0,0.0714285714285714,0.142857142857143,0,0.0714285714285714,0.142857142857143,0,0,0.142857142857143,0.0714285714285714,0,0,0,0,0,0,NA,0,0,NA,0,0,NA,NA,0,0.333333333333333,NA,NA,0,0,0.333333333333333,0.666666666666667,NA,0,0.833333333333333,NA,0,0.5,NA,NA,0,1,NA,NA,0,0,1,4,0,0,5,0,0,3,0,0,0,2,0,0,3,3,2,2,0,3,1,0,3,3,0,0,6,0,0,0,0,0,0,0,0,0,0,0,0,0,0,0,0,1,0,0,0,0,0,0,0,0,0,0,0,0,0,0,0,0,0,0,0,0,0.333333333333333,0.666666666666667,NA,0,0.833333333333333,NA,0,0.5,NA,NA,0,0.666666666666667,NA,NA,1,1,0.666666666666667,0.333333333333333,NA,1,0.166666666666667,NA,1,0.5,NA,NA,1,0,NA,NA,0,0,0,0,NA,0,0,NA,0,0,NA,NA,0,0.333333333333333,NA,NA,0,0,0,0,NA,0,0,NA,0,0,NA,NA,0,0,NA,NA
"934",3,3,6,3,3,6,0,0,3,0,0,0,6,0,0,0,0,0,0,1,0,2,0,0,0,0,0,0,0,0,0,0,0,0,4,0,0,1,0,0,1,0,0,0,2,0,0,0,0.0909090909090909,0.0909090909090909,0.181818181818182,0.0909090909090909,0.0909090909090909,0.181818181818182,0,0,0.0909090909090909,0,0,0,0.181818181818182,0,0,0,0,0,0,0.333333333333333,0,0.333333333333333,NA,NA,0,NA,NA,NA,0,NA,NA,NA,0,0,0.666666666666667,0,0,0.166666666666667,NA,NA,0.333333333333333,NA,NA,NA,0.333333333333333,NA,NA,NA,0,0,4,0,0,1,0,0,1,0,0,0,2,0,0,0,3,3,2,2,3,3,0,0,2,0,0,0,4,0,0,0,0,0,0,0,0,0,0,0,0,0,0,0,0,0,0,0,0,0,0,1,0,2,0,0,0,0,0,0,0,0,0,0,0,0,0.666666666666667,0,0,0.166666666666667,NA,NA,0.333333333333333,NA,NA,NA,0.333333333333333,NA,NA,NA,1,1,0.333333333333333,0.666666666666667,1,0.5,NA,NA,0.666666666666667,NA,NA,NA,0.666666666666667,NA,NA,NA,0,0,0,0,0,0,NA,NA,0,NA,NA,NA,0,NA,NA,NA,0,0,0,0.333333333333333,0,0.333333333333333,NA,NA,0,NA,NA,NA,0,NA,NA,NA
"935",3,3,6,0,3,6,0,0,6,3,0,0,6,0,0,0,0,0,1,0,0,1,0,0,1,1,0,0,1,0,0,0,0,1,3,0,1,2,0,0,1,1,0,0,3,0,0,0,0.0833333333333333,0.0833333333333333,0.166666666666667,0,0.0833333333333333,0.166666666666667,0,0,0.166666666666667,0.0833333333333333,0,0,0.166666666666667,0,0,0,0,0,0.166666666666667,NA,0,0.166666666666667,NA,NA,0.166666666666667,0.333333333333333,NA,NA,0.166666666666667,NA,NA,NA,0,0.333333333333333,0.5,NA,0.333333333333333,0.333333333333333,NA,NA,0.166666666666667,0.333333333333333,NA,NA,0.5,NA,NA,NA,0,1,3,0,1,2,0,0,1,1,0,0,2,0,0,0,3,2,2,0,2,3,0,0,4,1,0,0,3,0,0,0,0,0,0,0,0,0,0,0,0,0,0,0,1,0,0,0,0,0,1,0,0,1,0,0,1,1,0,0,0,0,0,0,0,0.333333333333333,0.5,NA,0.333333333333333,0.333333333333333,NA,NA,0.166666666666667,0.333333333333333,NA,NA,0.333333333333333,NA,NA,NA,1,0.666666666666667,0.333333333333333,NA,0.666666666666667,0.5,NA,NA,0.666666666666667,0.333333333333333,NA,NA,0.5,NA,NA,NA,0,0,0,NA,0,0,NA,NA,0,0,NA,NA,0.166666666666667,NA,NA,NA,0,0,0.166666666666667,NA,0,0.166666666666667,NA,NA,0.166666666666667,0.333333333333333,NA,NA,0,NA,NA,NA
"936",3,3,6,6,3,6,0,0,6,3,0,0,6,0,0,0,0,0,0,2,0,1,0,0,0,2,0,0,3,0,0,0,0,1,1,4,1,2,0,0,0,1,0,0,2,0,0,0,0.0714285714285714,0.0714285714285714,0.142857142857143,0.142857142857143,0.0714285714285714,0.142857142857143,0,0,0.142857142857143,0.0714285714285714,0,0,0.142857142857143,0,0,0,0,0,0,0.333333333333333,0,0.166666666666667,NA,NA,0,0.666666666666667,NA,NA,0.5,NA,NA,NA,0,0.333333333333333,0.166666666666667,0.666666666666667,0.333333333333333,0.333333333333333,NA,NA,0,0.333333333333333,NA,NA,0.333333333333333,NA,NA,NA,0,1,1,2,1,2,0,0,0,0,0,0,1,0,0,0,3,2,5,2,2,3,0,0,6,1,0,0,2,0,0,0,0,0,0,2,0,0,0,0,0,1,0,0,1,0,0,0,0,0,0,0,0,1,0,0,0,1,0,0,2,0,0,0,0,0.333333333333333,0.166666666666667,0.333333333333333,0.333333333333333,0.333333333333333,NA,NA,0,0,NA,NA,0.166666666666667,NA,NA,NA,1,0.666666666666667,0.833333333333333,0.333333333333333,0.666666666666667,0.5,NA,NA,1,0.333333333333333,NA,NA,0.333333333333333,NA,NA,NA,0,0,0,0.333333333333333,0,0,NA,NA,0,0.333333333333333,NA,NA,0.166666666666667,NA,NA,NA,0,0,0,0,0,0.166666666666667,NA,NA,0,0.333333333333333,NA,NA,0.333333333333333,NA,NA,NA
"937",3,3,3,6,3,6,6,6,6,0,0,0,6,0,0,0,0,0,0,1,0,2,1,2,0,0,0,0,2,0,0,0,1,1,0,2,0,0,4,6,0,0,0,0,0,0,0,0,0.0625,0.0625,0.0625,0.125,0.0625,0.125,0.125,0.125,0.125,0,0,0,0.125,0,0,0,0,0,0,0.166666666666667,0,0.333333333333333,0.166666666666667,0.333333333333333,0,NA,NA,NA,0.333333333333333,NA,NA,NA,0.333333333333333,0.333333333333333,0,0.333333333333333,0,0,0.666666666666667,1,0,NA,NA,NA,0,NA,NA,NA,1,1,0,2,0,0,3,4,0,0,0,0,0,0,0,0,2,2,3,3,3,4,2,0,6,0,0,0,4,0,0,0,0,0,0,0,0,0,1,2,0,0,0,0,0,0,0,0,0,0,0,1,0,2,0,0,0,0,0,0,2,0,0,0,0.333333333333333,0.333333333333333,0,0.333333333333333,0,0,0.5,0.666666666666667,0,NA,NA,NA,0,NA,NA,NA,0.666666666666667,0.666666666666667,1,0.5,1,0.666666666666667,0.333333333333333,0,1,NA,NA,NA,0.666666666666667,NA,NA,NA,0,0,0,0,0,0,0.166666666666667,0.333333333333333,0,NA,NA,NA,0,NA,NA,NA,0,0,0,0.166666666666667,0,0.333333333333333,0,0,0,NA,NA,NA,0.333333333333333,NA,NA,NA
"938",3,6,6,3,3,3,0,0,6,6,0,0,6,0,0,0,0,0,1,1,0,0,0,0,1,1,0,0,3,0,0,0,0,2,1,0,0,0,0,0,1,5,0,0,1,0,0,0,0.0714285714285714,0.142857142857143,0.142857142857143,0.0714285714285714,0.0714285714285714,0.0714285714285714,0,0,0.142857142857143,0.142857142857143,0,0,0.142857142857143,0,0,0,0,0,0.166666666666667,0.333333333333333,0,0,NA,NA,0.166666666666667,0.166666666666667,NA,NA,0.5,NA,NA,NA,0,0.333333333333333,0.166666666666667,0,0,0,NA,NA,0.166666666666667,0.833333333333333,NA,NA,0.166666666666667,NA,NA,NA,0,2,1,0,0,0,0,0,0,4,0,0,1,0,0,0,3,4,4,2,3,3,0,0,5,1,0,0,2,0,0,0,0,0,0,0,0,0,0,0,1,1,0,0,0,0,0,0,0,0,1,1,0,0,0,0,0,0,0,0,3,0,0,0,0,0.333333333333333,0.166666666666667,0,0,0,NA,NA,0,0.666666666666667,NA,NA,0.166666666666667,NA,NA,NA,1,0.666666666666667,0.666666666666667,0.666666666666667,1,1,NA,NA,0.833333333333333,0.166666666666667,NA,NA,0.333333333333333,NA,NA,NA,0,0,0,0,0,0,NA,NA,0.166666666666667,0.166666666666667,NA,NA,0,NA,NA,NA,0,0,0.166666666666667,0.333333333333333,0,0,NA,NA,0,0,NA,NA,0.5,NA,NA,NA
"939",3,3,6,3,6,6,0,0,6,0,0,0,0,0,0,0,0,0,0,1,0,1,0,0,2,0,0,0,0,0,0,0,0,0,4,1,2,3,0,0,1,0,0,0,0,0,0,0,0.0909090909090909,0.0909090909090909,0.181818181818182,0.0909090909090909,0.181818181818182,0.181818181818182,0,0,0.181818181818182,0,0,0,0,0,0,0,0,0,0,0.333333333333333,0,0.166666666666667,NA,NA,0.333333333333333,NA,NA,NA,NA,NA,NA,NA,0,0,0.666666666666667,0.333333333333333,0.333333333333333,0.5,NA,NA,0.166666666666667,NA,NA,NA,NA,NA,NA,NA,0,0,4,1,2,2,0,0,1,0,0,0,0,0,0,0,3,3,2,1,4,3,0,0,3,0,0,0,0,0,0,0,0,0,0,0,0,1,0,0,0,0,0,0,0,0,0,0,0,0,0,1,0,0,0,0,2,0,0,0,0,0,0,0,0,0,0.666666666666667,0.333333333333333,0.333333333333333,0.333333333333333,NA,NA,0.166666666666667,NA,NA,NA,NA,NA,NA,NA,1,1,0.333333333333333,0.333333333333333,0.666666666666667,0.5,NA,NA,0.5,NA,NA,NA,NA,NA,NA,NA,0,0,0,0,0,0.166666666666667,NA,NA,0,NA,NA,NA,NA,NA,NA,NA,0,0,0,0.333333333333333,0,0,NA,NA,0.333333333333333,NA,NA,NA,NA,NA,NA,NA
"940",3,3,6,0,6,6,0,0,6,0,0,0,0,0,0,0,0,0,0,0,1,3,0,0,2,0,0,0,0,0,0,0,1,1,3,0,0,1,0,0,0,0,0,0,0,0,0,0,0.1,0.1,0.2,0,0.2,0.2,0,0,0.2,0,0,0,0,0,0,0,0,0,0,NA,0.166666666666667,0.5,NA,NA,0.333333333333333,NA,NA,NA,NA,NA,NA,NA,0.333333333333333,0.333333333333333,0.5,NA,0,0.166666666666667,NA,NA,0,NA,NA,NA,NA,NA,NA,NA,1,1,3,0,0,1,0,0,0,0,0,0,0,0,0,0,2,2,3,0,5,2,0,0,4,0,0,0,0,0,0,0,0,0,0,0,0,0,0,0,0,0,0,0,0,0,0,0,0,0,0,0,1,3,0,0,2,0,0,0,0,0,0,0,0.333333333333333,0.333333333333333,0.5,NA,0,0.166666666666667,NA,NA,0,NA,NA,NA,NA,NA,NA,NA,0.666666666666667,0.666666666666667,0.5,NA,0.833333333333333,0.333333333333333,NA,NA,0.666666666666667,NA,NA,NA,NA,NA,NA,NA,0,0,0,NA,0,0,NA,NA,0,NA,NA,NA,NA,NA,NA,NA,0,0,0,NA,0.166666666666667,0.5,NA,NA,0.333333333333333,NA,NA,NA,NA,NA,NA,NA
"941",3,6,6,3,3,6,0,0,6,3,0,0,3,0,0,0,0,0,1,1,0,1,0,0,1,1,0,0,3,0,0,0,0,2,2,0,0,1,0,0,1,2,0,0,1,0,0,0,0.0769230769230769,0.153846153846154,0.153846153846154,0.0769230769230769,0.0769230769230769,0.153846153846154,0,0,0.153846153846154,0.0769230769230769,0,0,0.0769230769230769,0,0,0,0,0,0.166666666666667,0.333333333333333,0,0.166666666666667,NA,NA,0.166666666666667,0.333333333333333,NA,NA,1,NA,NA,NA,0,0.333333333333333,0.333333333333333,0,0,0.166666666666667,NA,NA,0.166666666666667,0.666666666666667,NA,NA,0.333333333333333,NA,NA,NA,0,2,1,0,0,1,0,0,1,1,0,0,0,0,0,0,3,4,4,2,3,4,0,0,4,1,0,0,0,0,0,0,0,0,1,0,0,0,0,0,0,1,0,0,1,0,0,0,0,0,0,1,0,1,0,0,1,0,0,0,2,0,0,0,0,0.333333333333333,0.166666666666667,0,0,0.166666666666667,NA,NA,0.166666666666667,0.333333333333333,NA,NA,0,NA,NA,NA,1,0.666666666666667,0.666666666666667,0.666666666666667,1,0.666666666666667,NA,NA,0.666666666666667,0.333333333333333,NA,NA,0,NA,NA,NA,0,0,0.166666666666667,0,0,0,NA,NA,0,0.333333333333333,NA,NA,0.333333333333333,NA,NA,NA,0,0,0,0.333333333333333,0,0.166666666666667,NA,NA,0.166666666666667,0,NA,NA,0.666666666666667,NA,NA,NA
"942",3,3,3,6,3,3,6,6,6,6,0,0,3,0,0,0,0,0,0,0,0,0,3,2,1,1,0,0,1,0,0,0,1,0,0,1,0,0,3,5,2,5,0,0,0,0,0,0,0.0625,0.0625,0.0625,0.125,0.0625,0.0625,0.125,0.125,0.125,0.125,0,0,0.0625,0,0,0,0,0,0,0,0,0,0.5,0.333333333333333,0.166666666666667,0.166666666666667,NA,NA,0.333333333333333,NA,NA,NA,0.333333333333333,0,0,0.166666666666667,0,0,0.5,0.833333333333333,0.333333333333333,0.833333333333333,NA,NA,0,NA,NA,NA,1,0,0,1,0,0,1,3,2,4,0,0,0,0,0,0,2,3,3,5,3,3,2,1,3,1,0,0,2,0,0,0,0,0,0,0,0,0,2,2,0,1,0,0,0,0,0,0,0,0,0,0,0,0,1,0,1,0,0,0,1,0,0,0,0.333333333333333,0,0,0.166666666666667,0,0,0.166666666666667,0.5,0.333333333333333,0.666666666666667,NA,NA,0,NA,NA,NA,0.666666666666667,1,1,0.833333333333333,1,1,0.333333333333333,0.166666666666667,0.5,0.166666666666667,NA,NA,0.666666666666667,NA,NA,NA,0,0,0,0,0,0,0.333333333333333,0.333333333333333,0,0.166666666666667,NA,NA,0,NA,NA,NA,0,0,0,0,0,0,0.166666666666667,0,0.166666666666667,0,NA,NA,0.333333333333333,NA,NA,NA
"943",3,6,0,0,3,0,0,0,6,0,0,0,3,0,0,0,0,1,0,0,0,0,0,0,1,0,0,0,1,0,0,0,1,3,0,0,0,0,0,0,0,0,0,0,0,0,0,0,0.142857142857143,0.285714285714286,0,0,0.142857142857143,0,0,0,0.285714285714286,0,0,0,0.142857142857143,0,0,0,0,0.166666666666667,NA,NA,0,NA,NA,NA,0.166666666666667,NA,NA,NA,0.333333333333333,NA,NA,NA,0.333333333333333,0.5,NA,NA,0,NA,NA,NA,0,NA,NA,NA,0,NA,NA,NA,1,3,0,0,0,0,0,0,0,0,0,0,0,0,0,0,2,2,0,0,3,0,0,0,5,0,0,0,2,0,0,0,0,0,0,0,0,0,0,0,0,0,0,0,0,0,0,0,0,1,0,0,0,0,0,0,1,0,0,0,1,0,0,0,0.333333333333333,0.5,NA,NA,0,NA,NA,NA,0,NA,NA,NA,0,NA,NA,NA,0.666666666666667,0.333333333333333,NA,NA,1,NA,NA,NA,0.833333333333333,NA,NA,NA,0.666666666666667,NA,NA,NA,0,0,NA,NA,0,NA,NA,NA,0,NA,NA,NA,0,NA,NA,NA,0,0.166666666666667,NA,NA,0,NA,NA,NA,0.166666666666667,NA,NA,NA,0.333333333333333,NA,NA,NA
"944",3,3,3,6,3,6,6,0,3,3,0,0,6,0,0,0,0,0,0,0,0,0,3,0,0,1,0,0,0,0,0,0,1,0,1,3,1,3,4,0,1,3,0,0,2,0,0,0,0.0714285714285714,0.0714285714285714,0.0714285714285714,0.142857142857143,0.0714285714285714,0.142857142857143,0.142857142857143,0,0.0714285714285714,0.0714285714285714,0,0,0.142857142857143,0,0,0,0,0,0,0,0,0,0.5,NA,0,0.333333333333333,NA,NA,0,NA,NA,NA,0.333333333333333,0,0.333333333333333,0.5,0.333333333333333,0.5,0.666666666666667,NA,0.333333333333333,1,NA,NA,0.333333333333333,NA,NA,NA,1,0,1,3,1,3,2,0,1,2,0,0,2,0,0,0,2,3,2,3,2,3,1,0,2,0,0,0,4,0,0,0,0,0,0,0,0,0,2,0,0,1,0,0,0,0,0,0,0,0,0,0,0,0,1,0,0,0,0,0,0,0,0,0,0.333333333333333,0,0.333333333333333,0.5,0.333333333333333,0.5,0.333333333333333,NA,0.333333333333333,0.666666666666667,NA,NA,0.333333333333333,NA,NA,NA,0.666666666666667,1,0.666666666666667,0.5,0.666666666666667,0.5,0.166666666666667,NA,0.666666666666667,0,NA,NA,0.666666666666667,NA,NA,NA,0,0,0,0,0,0,0.333333333333333,NA,0,0.333333333333333,NA,NA,0,NA,NA,NA,0,0,0,0,0,0,0.166666666666667,NA,0,0,NA,NA,0,NA,NA,NA
"945",3,3,3,6,0,6,6,6,3,6,0,0,6,0,0,0,0,0,0,0,0,1,1,2,0,0,0,0,0,0,0,0,1,1,0,1,0,1,5,5,0,5,0,0,2,0,0,0,0.0625,0.0625,0.0625,0.125,0,0.125,0.125,0.125,0.0625,0.125,0,0,0.125,0,0,0,0,0,0,0,NA,0.166666666666667,0.166666666666667,0.333333333333333,0,0,NA,NA,0,NA,NA,NA,0.333333333333333,0.333333333333333,0,0.166666666666667,NA,0.166666666666667,0.833333333333333,0.833333333333333,0,0.833333333333333,NA,NA,0.333333333333333,NA,NA,NA,1,1,0,1,0,1,5,4,0,5,0,0,2,0,0,0,2,2,3,5,0,4,0,0,3,1,0,0,4,0,0,0,0,0,0,0,0,0,0,1,0,0,0,0,0,0,0,0,0,0,0,0,0,1,1,1,0,0,0,0,0,0,0,0,0.333333333333333,0.333333333333333,0,0.166666666666667,NA,0.166666666666667,0.833333333333333,0.666666666666667,0,0.833333333333333,NA,NA,0.333333333333333,NA,NA,NA,0.666666666666667,0.666666666666667,1,0.833333333333333,NA,0.666666666666667,0,0,1,0.166666666666667,NA,NA,0.666666666666667,NA,NA,NA,0,0,0,0,NA,0,0,0.166666666666667,0,0,NA,NA,0,NA,NA,NA,0,0,0,0,NA,0.166666666666667,0.166666666666667,0.166666666666667,0,0,NA,NA,0,NA,NA,NA
"946",3,6,6,3,0,3,0,0,6,6,0,0,6,0,0,0,0,1,0,1,0,0,0,0,0,0,0,0,1,0,0,0,0,2,3,2,0,1,0,0,2,4,0,0,3,0,0,0,0.0769230769230769,0.153846153846154,0.153846153846154,0.0769230769230769,0,0.0769230769230769,0,0,0.153846153846154,0.153846153846154,0,0,0.153846153846154,0,0,0,0,0.166666666666667,0,0.333333333333333,NA,0,NA,NA,0,0,NA,NA,0.166666666666667,NA,NA,NA,0,0.333333333333333,0.5,0.666666666666667,NA,0.333333333333333,NA,NA,0.333333333333333,0.666666666666667,NA,NA,0.5,NA,NA,NA,0,2,3,1,0,1,0,0,2,4,0,0,3,0,0,0,3,3,3,1,0,2,0,0,4,2,0,0,2,0,0,0,0,0,0,1,0,0,0,0,0,0,0,0,0,0,0,0,0,1,0,0,0,0,0,0,0,0,0,0,1,0,0,0,0,0.333333333333333,0.5,0.333333333333333,NA,0.333333333333333,NA,NA,0.333333333333333,0.666666666666667,NA,NA,0.5,NA,NA,NA,1,0.5,0.5,0.333333333333333,NA,0.666666666666667,NA,NA,0.666666666666667,0.333333333333333,NA,NA,0.333333333333333,NA,NA,NA,0,0,0,0.333333333333333,NA,0,NA,NA,0,0,NA,NA,0,NA,NA,NA,0,0.166666666666667,0,0,NA,0,NA,NA,0,0,NA,NA,0.166666666666667,NA,NA,NA
"947",3,3,6,6,6,6,0,0,3,6,0,0,0,0,0,0,0,0,0,2,2,0,0,0,1,1,0,0,0,0,0,0,1,0,2,4,2,1,0,0,1,4,0,0,0,0,0,0,0.0769230769230769,0.0769230769230769,0.153846153846154,0.153846153846154,0.153846153846154,0.153846153846154,0,0,0.0769230769230769,0.153846153846154,0,0,0,0,0,0,0,0,0,0.333333333333333,0.333333333333333,0,NA,NA,0.333333333333333,0.166666666666667,NA,NA,NA,NA,NA,NA,0.333333333333333,0,0.333333333333333,0.666666666666667,0.333333333333333,0.166666666666667,NA,NA,0.333333333333333,0.666666666666667,NA,NA,NA,NA,NA,NA,1,0,2,3,1,1,0,0,1,3,0,0,0,0,0,0,2,3,4,1,3,5,0,0,1,2,0,0,0,0,0,0,0,0,0,1,1,0,0,0,0,1,0,0,0,0,0,0,0,0,0,1,1,0,0,0,1,0,0,0,0,0,0,0,0.333333333333333,0,0.333333333333333,0.5,0.166666666666667,0.166666666666667,NA,NA,0.333333333333333,0.5,NA,NA,NA,NA,NA,NA,0.666666666666667,1,0.666666666666667,0.166666666666667,0.5,0.833333333333333,NA,NA,0.333333333333333,0.333333333333333,NA,NA,NA,NA,NA,NA,0,0,0,0.166666666666667,0.166666666666667,0,NA,NA,0,0.166666666666667,NA,NA,NA,NA,NA,NA,0,0,0,0.166666666666667,0.166666666666667,0,NA,NA,0.333333333333333,0,NA,NA,NA,NA,NA,NA
"948",3,3,6,6,0,3,6,0,6,6,0,0,6,0,0,0,0,0,0,0,0,0,1,0,0,0,0,0,1,0,0,0,0,1,2,4,0,0,5,0,0,3,0,0,3,0,0,0,0.0666666666666667,0.0666666666666667,0.133333333333333,0.133333333333333,0,0.0666666666666667,0.133333333333333,0,0.133333333333333,0.133333333333333,0,0,0.133333333333333,0,0,0,0,0,0,0,NA,0,0.166666666666667,NA,0,0,NA,NA,0.166666666666667,NA,NA,NA,0,0.333333333333333,0.333333333333333,0.666666666666667,NA,0,0.833333333333333,NA,0,0.5,NA,NA,0.5,NA,NA,NA,0,1,2,4,0,0,4,0,0,3,0,0,3,0,0,0,3,2,4,2,0,3,1,0,6,3,0,0,2,0,0,0,0,0,0,0,0,0,1,0,0,0,0,0,0,0,0,0,0,0,0,0,0,0,0,0,0,0,0,0,1,0,0,0,0,0.333333333333333,0.333333333333333,0.666666666666667,NA,0,0.666666666666667,NA,0,0.5,NA,NA,0.5,NA,NA,NA,1,0.666666666666667,0.666666666666667,0.333333333333333,NA,1,0.166666666666667,NA,1,0.5,NA,NA,0.333333333333333,NA,NA,NA,0,0,0,0,NA,0,0.166666666666667,NA,0,0,NA,NA,0,NA,NA,NA,0,0,0,0,NA,0,0,NA,0,0,NA,NA,0.166666666666667,NA,NA,NA
"949",3,6,0,0,3,0,0,0,3,0,0,0,6,0,0,0,0,1,0,0,0,0,0,0,0,0,0,0,0,0,0,0,1,3,0,0,0,0,0,0,0,0,0,0,3,0,0,0,0.142857142857143,0.285714285714286,0,0,0.142857142857143,0,0,0,0.142857142857143,0,0,0,0.285714285714286,0,0,0,0,0.166666666666667,NA,NA,0,NA,NA,NA,0,NA,NA,NA,0,NA,NA,NA,0.333333333333333,0.5,NA,NA,0,NA,NA,NA,0,NA,NA,NA,0.5,NA,NA,NA,1,3,0,0,0,0,0,0,0,0,0,0,3,0,0,0,2,2,0,0,3,0,0,0,3,0,0,0,3,0,0,0,0,0,0,0,0,0,0,0,0,0,0,0,0,0,0,0,0,1,0,0,0,0,0,0,0,0,0,0,0,0,0,0,0.333333333333333,0.5,NA,NA,0,NA,NA,NA,0,NA,NA,NA,0.5,NA,NA,NA,0.666666666666667,0.333333333333333,NA,NA,1,NA,NA,NA,1,NA,NA,NA,0.5,NA,NA,NA,0,0,NA,NA,0,NA,NA,NA,0,NA,NA,NA,0,NA,NA,NA,0,0.166666666666667,NA,NA,0,NA,NA,NA,0,NA,NA,NA,0,NA,NA,NA
"950",6,3,3,6,0,3,6,3,6,6,0,0,3,0,0,0,1,0,0,0,0,0,0,1,1,1,0,0,1,0,0,0,0,0,1,4,0,1,4,2,1,4,0,0,3,0,0,0,0.133333333333333,0.0666666666666667,0.0666666666666667,0.133333333333333,0,0.0666666666666667,0.133333333333333,0.0666666666666667,0.133333333333333,0.133333333333333,0,0,0.0666666666666667,0,0,0,0.166666666666667,0,0,0,NA,0,0,0.333333333333333,0.166666666666667,0.166666666666667,NA,NA,0.333333333333333,NA,NA,NA,0,0,0.333333333333333,0.666666666666667,NA,0.333333333333333,0.666666666666667,0.666666666666667,0.166666666666667,0.666666666666667,NA,NA,1,NA,NA,NA,0,0,1,4,0,1,4,1,0,4,0,0,2,0,0,0,5,3,2,2,0,2,2,1,5,1,0,0,0,0,0,0,0,0,0,0,0,0,0,1,1,0,0,0,1,0,0,0,1,0,0,0,0,0,0,0,0,1,0,0,0,0,0,0,0,0,0.333333333333333,0.666666666666667,NA,0.333333333333333,0.666666666666667,0.333333333333333,0,0.666666666666667,NA,NA,0.666666666666667,NA,NA,NA,0.833333333333333,1,0.666666666666667,0.333333333333333,NA,0.666666666666667,0.333333333333333,0.333333333333333,0.833333333333333,0.166666666666667,NA,NA,0,NA,NA,NA,0,0,0,0,NA,0,0,0.333333333333333,0.166666666666667,0,NA,NA,0.333333333333333,NA,NA,NA,0.166666666666667,0,0,0,NA,0,0,0,0,0.166666666666667,NA,NA,0,NA,NA,NA
"951",3,3,6,6,3,3,0,0,6,6,0,0,0,3,0,0,0,0,0,2,0,0,0,0,2,0,0,0,0,2,0,0,0,1,2,4,0,1,0,0,2,4,0,0,0,2,0,0,0.0769230769230769,0.0769230769230769,0.153846153846154,0.153846153846154,0.0769230769230769,0.0769230769230769,0,0,0.153846153846154,0.153846153846154,0,0,0,0.0769230769230769,0,0,0,0,0,0.333333333333333,0,0,NA,NA,0.333333333333333,0,NA,NA,NA,0.666666666666667,NA,NA,0,0.333333333333333,0.333333333333333,0.666666666666667,0,0.333333333333333,NA,NA,0.333333333333333,0.666666666666667,NA,NA,NA,0.666666666666667,NA,NA,0,1,2,2,0,1,0,0,2,4,0,0,0,0,0,0,3,2,4,2,3,2,0,0,2,2,0,0,0,1,0,0,0,0,0,2,0,0,0,0,0,0,0,0,0,2,0,0,0,0,0,0,0,0,0,0,2,0,0,0,0,0,0,0,0,0.333333333333333,0.333333333333333,0.333333333333333,0,0.333333333333333,NA,NA,0.333333333333333,0.666666666666667,NA,NA,NA,0,NA,NA,1,0.666666666666667,0.666666666666667,0.333333333333333,1,0.666666666666667,NA,NA,0.333333333333333,0.333333333333333,NA,NA,NA,0.333333333333333,NA,NA,0,0,0,0.333333333333333,0,0,NA,NA,0,0,NA,NA,NA,0.666666666666667,NA,NA,0,0,0,0,0,0,NA,NA,0.333333333333333,0,NA,NA,NA,0,NA,NA
"952",6,6,6,6,0,3,6,6,0,6,3,0,0,0,0,0,0,1,0,0,0,0,1,1,0,0,1,0,0,0,0,0,1,0,2,1,0,1,1,3,0,4,2,0,0,0,0,0,0.125,0.125,0.125,0.125,0,0.0625,0.125,0.125,0,0.125,0.0625,0,0,0,0,0,0,0.166666666666667,0,0,NA,0,0.166666666666667,0.166666666666667,NA,0,0.333333333333333,NA,NA,NA,NA,NA,0.166666666666667,0,0.333333333333333,0.166666666666667,NA,0.333333333333333,0.166666666666667,0.5,NA,0.666666666666667,0.666666666666667,NA,NA,NA,NA,NA,1,0,2,1,0,1,1,3,0,4,2,0,0,0,0,0,5,5,4,5,0,2,4,2,0,2,0,0,0,0,0,0,0,0,0,0,0,0,0,0,0,0,0,0,0,0,0,0,0,1,0,0,0,0,1,1,0,0,1,0,0,0,0,0,0.166666666666667,0,0.333333333333333,0.166666666666667,NA,0.333333333333333,0.166666666666667,0.5,NA,0.666666666666667,0.666666666666667,NA,NA,NA,NA,NA,0.833333333333333,0.833333333333333,0.666666666666667,0.833333333333333,NA,0.666666666666667,0.666666666666667,0.333333333333333,NA,0.333333333333333,0,NA,NA,NA,NA,NA,0,0,0,0,NA,0,0,0,NA,0,0,NA,NA,NA,NA,NA,0,0.166666666666667,0,0,NA,0,0.166666666666667,0.166666666666667,NA,0,0.333333333333333,NA,NA,NA,NA,NA
"953",3,6,3,0,6,0,0,0,6,0,0,0,3,0,0,0,0,0,1,0,0,0,0,0,1,0,0,0,1,0,0,0,0,2,0,0,2,0,0,0,1,0,0,0,0,0,0,0,0.111111111111111,0.222222222222222,0.111111111111111,0,0.222222222222222,0,0,0,0.222222222222222,0,0,0,0.111111111111111,0,0,0,0,0,0.333333333333333,NA,0,NA,NA,NA,0.166666666666667,NA,NA,NA,0.333333333333333,NA,NA,NA,0,0.333333333333333,0,NA,0.333333333333333,NA,NA,NA,0.166666666666667,NA,NA,NA,0,NA,NA,NA,0,2,0,0,2,0,0,0,1,0,0,0,0,0,0,0,3,4,2,0,4,0,0,0,4,0,0,0,2,0,0,0,0,0,0,0,0,0,0,0,0,0,0,0,0,0,0,0,0,0,1,0,0,0,0,0,1,0,0,0,1,0,0,0,0,0.333333333333333,0,NA,0.333333333333333,NA,NA,NA,0.166666666666667,NA,NA,NA,0,NA,NA,NA,1,0.666666666666667,0.666666666666667,NA,0.666666666666667,NA,NA,NA,0.666666666666667,NA,NA,NA,0.666666666666667,NA,NA,NA,0,0,0,NA,0,NA,NA,NA,0,NA,NA,NA,0,NA,NA,NA,0,0,0.333333333333333,NA,0,NA,NA,NA,0.166666666666667,NA,NA,NA,0.333333333333333,NA,NA,NA
"954",3,3,3,3,0,0,3,6,6,6,6,0,3,6,0,0,0,0,0,0,0,0,0,1,0,0,0,0,1,3,0,0,0,0,1,1,0,0,1,5,3,3,4,0,1,3,0,0,0.0625,0.0625,0.0625,0.0625,0,0,0.0625,0.125,0.125,0.125,0.125,0,0.0625,0.125,0,0,0,0,0,0,NA,NA,0,0.166666666666667,0,0,0,NA,0.333333333333333,0.5,NA,NA,0,0,0.333333333333333,0.333333333333333,NA,NA,0.333333333333333,0.833333333333333,0.5,0.5,0.666666666666667,NA,0.333333333333333,0.5,NA,NA,0,0,1,1,0,0,1,4,3,3,4,0,1,2,0,0,3,3,2,2,0,0,2,1,3,3,2,0,1,1,0,0,0,0,0,0,0,0,0,1,0,0,0,0,0,1,0,0,0,0,0,0,0,0,0,0,0,0,0,0,1,2,0,0,0,0,0.333333333333333,0.333333333333333,NA,NA,0.333333333333333,0.666666666666667,0.5,0.5,0.666666666666667,NA,0.333333333333333,0.333333333333333,NA,NA,1,1,0.666666666666667,0.666666666666667,NA,NA,0.666666666666667,0.166666666666667,0.5,0.5,0.333333333333333,NA,0.333333333333333,0.166666666666667,NA,NA,0,0,0,0,NA,NA,0,0.166666666666667,0,0,0,NA,0,0.166666666666667,NA,NA,0,0,0,0,NA,NA,0,0,0,0,0,NA,0.333333333333333,0.333333333333333,NA,NA
"955",6,6,0,0,6,0,0,0,6,0,0,0,3,0,0,0,0,2,0,0,1,0,0,0,0,0,0,0,1,0,0,0,0,2,0,0,1,0,0,0,3,0,0,0,1,0,0,0,0.222222222222222,0.222222222222222,0,0,0.222222222222222,0,0,0,0.222222222222222,0,0,0,0.111111111111111,0,0,0,0,0.333333333333333,NA,NA,0.166666666666667,NA,NA,NA,0,NA,NA,NA,0.333333333333333,NA,NA,NA,0,0.333333333333333,NA,NA,0.166666666666667,NA,NA,NA,0.5,NA,NA,NA,0.333333333333333,NA,NA,NA,0,2,0,0,0,0,0,0,3,0,0,0,1,0,0,0,6,2,0,0,5,0,0,0,3,0,0,0,1,0,0,0,0,0,0,0,1,0,0,0,0,0,0,0,0,0,0,0,0,2,0,0,0,0,0,0,0,0,0,0,1,0,0,0,0,0.333333333333333,NA,NA,0,NA,NA,NA,0.5,NA,NA,NA,0.333333333333333,NA,NA,NA,1,0.333333333333333,NA,NA,0.833333333333333,NA,NA,NA,0.5,NA,NA,NA,0.333333333333333,NA,NA,NA,0,0,NA,NA,0.166666666666667,NA,NA,NA,0,NA,NA,NA,0,NA,NA,NA,0,0.333333333333333,NA,NA,0,NA,NA,NA,0,NA,NA,NA,0.333333333333333,NA,NA,NA
"956",3,6,3,0,3,0,0,0,6,0,0,0,6,0,0,0,0,1,1,0,0,0,0,0,0,0,0,0,1,0,0,0,0,1,0,0,0,0,0,0,2,0,0,0,3,0,0,0,0.111111111111111,0.222222222222222,0.111111111111111,0,0.111111111111111,0,0,0,0.222222222222222,0,0,0,0.222222222222222,0,0,0,0,0.166666666666667,0.333333333333333,NA,0,NA,NA,NA,0,NA,NA,NA,0.166666666666667,NA,NA,NA,0,0.166666666666667,0,NA,0,NA,NA,NA,0.333333333333333,NA,NA,NA,0.5,NA,NA,NA,0,1,0,0,0,0,0,0,2,0,0,0,3,0,0,0,3,4,2,0,3,0,0,0,4,0,0,0,2,0,0,0,0,0,0,0,0,0,0,0,0,0,0,0,0,0,0,0,0,1,1,0,0,0,0,0,0,0,0,0,1,0,0,0,0,0.166666666666667,0,NA,0,NA,NA,NA,0.333333333333333,NA,NA,NA,0.5,NA,NA,NA,1,0.666666666666667,0.666666666666667,NA,1,NA,NA,NA,0.666666666666667,NA,NA,NA,0.333333333333333,NA,NA,NA,0,0,0,NA,0,NA,NA,NA,0,NA,NA,NA,0,NA,NA,NA,0,0.166666666666667,0.333333333333333,NA,0,NA,NA,NA,0,NA,NA,NA,0.166666666666667,NA,NA,NA
"957",3,3,3,6,0,3,6,6,3,6,0,0,6,0,0,0,0,0,0,0,0,0,0,3,0,0,0,0,1,0,0,0,0,0,1,1,0,1,6,4,1,5,0,0,3,0,0,0,0.0666666666666667,0.0666666666666667,0.0666666666666667,0.133333333333333,0,0.0666666666666667,0.133333333333333,0.133333333333333,0.0666666666666667,0.133333333333333,0,0,0.133333333333333,0,0,0,0,0,0,0,NA,0,0,0.5,0,0,NA,NA,0.166666666666667,NA,NA,NA,0,0,0.333333333333333,0.166666666666667,NA,0.333333333333333,1,0.666666666666667,0.333333333333333,0.833333333333333,NA,NA,0.5,NA,NA,NA,0,0,1,1,0,1,6,2,1,5,0,0,3,0,0,0,3,3,2,5,0,2,0,1,2,1,0,0,2,0,0,0,0,0,0,0,0,0,0,2,0,0,0,0,0,0,0,0,0,0,0,0,0,0,0,1,0,0,0,0,1,0,0,0,0,0,0.333333333333333,0.166666666666667,NA,0.333333333333333,1,0.333333333333333,0.333333333333333,0.833333333333333,NA,NA,0.5,NA,NA,NA,1,1,0.666666666666667,0.833333333333333,NA,0.666666666666667,0,0.166666666666667,0.666666666666667,0.166666666666667,NA,NA,0.333333333333333,NA,NA,NA,0,0,0,0,NA,0,0,0.333333333333333,0,0,NA,NA,0,NA,NA,NA,0,0,0,0,NA,0,0,0.166666666666667,0,0,NA,NA,0.166666666666667,NA,NA,NA
"958",6,6,0,0,3,0,0,0,6,0,0,0,6,0,0,0,0,1,0,0,0,0,0,0,0,0,0,0,2,0,0,0,0,3,0,0,0,0,0,0,0,0,0,0,4,0,0,0,0.222222222222222,0.222222222222222,0,0,0.111111111111111,0,0,0,0.222222222222222,0,0,0,0.222222222222222,0,0,0,0,0.166666666666667,NA,NA,0,NA,NA,NA,0,NA,NA,NA,0.333333333333333,NA,NA,NA,0,0.5,NA,NA,0,NA,NA,NA,0,NA,NA,NA,0.666666666666667,NA,NA,NA,0,2,0,0,0,0,0,0,0,0,0,0,3,0,0,0,6,3,0,0,3,0,0,0,6,0,0,0,1,0,0,0,0,1,0,0,0,0,0,0,0,0,0,0,1,0,0,0,0,0,0,0,0,0,0,0,0,0,0,0,1,0,0,0,0,0.333333333333333,NA,NA,0,NA,NA,NA,0,NA,NA,NA,0.5,NA,NA,NA,1,0.5,NA,NA,1,NA,NA,NA,1,NA,NA,NA,0.166666666666667,NA,NA,NA,0,0.166666666666667,NA,NA,0,NA,NA,NA,0,NA,NA,NA,0.166666666666667,NA,NA,NA,0,0,NA,NA,0,NA,NA,NA,0,NA,NA,NA,0.166666666666667,NA,NA,NA
"959",3,3,6,6,0,6,6,6,3,6,0,0,3,0,0,0,0,0,0,1,0,1,1,2,0,1,0,0,1,0,0,0,1,0,1,2,0,2,4,4,0,3,0,0,0,0,0,0,0.0625,0.0625,0.125,0.125,0,0.125,0.125,0.125,0.0625,0.125,0,0,0.0625,0,0,0,0,0,0,0.166666666666667,NA,0.166666666666667,0.166666666666667,0.333333333333333,0,0.166666666666667,NA,NA,0.333333333333333,NA,NA,NA,0.333333333333333,0,0.166666666666667,0.333333333333333,NA,0.333333333333333,0.666666666666667,0.666666666666667,0,0.5,NA,NA,0,NA,NA,NA,1,0,1,1,0,1,3,2,0,2,0,0,0,0,0,0,2,3,5,4,0,4,2,2,3,3,0,0,2,0,0,0,0,0,0,1,0,1,1,2,0,1,0,0,0,0,0,0,0,0,0,0,0,0,0,0,0,0,0,0,1,0,0,0,0.333333333333333,0,0.166666666666667,0.166666666666667,NA,0.166666666666667,0.5,0.333333333333333,0,0.333333333333333,NA,NA,0,NA,NA,NA,0.666666666666667,1,0.833333333333333,0.666666666666667,NA,0.666666666666667,0.333333333333333,0.333333333333333,1,0.5,NA,NA,0.666666666666667,NA,NA,NA,0,0,0,0.166666666666667,NA,0.166666666666667,0.166666666666667,0.333333333333333,0,0.166666666666667,NA,NA,0,NA,NA,NA,0,0,0,0,NA,0,0,0,0,0,NA,NA,0.333333333333333,NA,NA,NA
"960",3,6,3,0,3,0,0,0,6,0,0,0,3,0,0,0,0,0,2,0,0,0,0,0,0,0,0,0,1,0,0,0,0,2,1,0,1,0,0,0,2,0,0,0,1,0,0,0,0.125,0.25,0.125,0,0.125,0,0,0,0.25,0,0,0,0.125,0,0,0,0,0,0.666666666666667,NA,0,NA,NA,NA,0,NA,NA,NA,0.333333333333333,NA,NA,NA,0,0.333333333333333,0.333333333333333,NA,0.333333333333333,NA,NA,NA,0.333333333333333,NA,NA,NA,0.333333333333333,NA,NA,NA,0,2,0,0,1,0,0,0,2,0,0,0,0,0,0,0,3,4,1,0,2,0,0,0,4,0,0,0,2,0,0,0,0,0,1,0,0,0,0,0,0,0,0,0,1,0,0,0,0,0,1,0,0,0,0,0,0,0,0,0,0,0,0,0,0,0.333333333333333,0,NA,0.333333333333333,NA,NA,NA,0.333333333333333,NA,NA,NA,0,NA,NA,NA,1,0.666666666666667,0.333333333333333,NA,0.666666666666667,NA,NA,NA,0.666666666666667,NA,NA,NA,0.666666666666667,NA,NA,NA,0,0,0.333333333333333,NA,0,NA,NA,NA,0,NA,NA,NA,0.333333333333333,NA,NA,NA,0,0,0.333333333333333,NA,0,NA,NA,NA,0,NA,NA,NA,0,NA,NA,NA
"961",3,3,6,6,3,3,0,0,6,6,0,0,6,0,0,0,0,0,0,2,0,0,0,0,1,0,0,0,0,0,0,0,0,0,2,4,0,1,0,0,2,3,0,0,2,0,0,0,0.0714285714285714,0.0714285714285714,0.142857142857143,0.142857142857143,0.0714285714285714,0.0714285714285714,0,0,0.142857142857143,0.142857142857143,0,0,0.142857142857143,0,0,0,0,0,0,0.333333333333333,0,0,NA,NA,0.166666666666667,0,NA,NA,0,NA,NA,NA,0,0,0.333333333333333,0.666666666666667,0,0.333333333333333,NA,NA,0.333333333333333,0.5,NA,NA,0.333333333333333,NA,NA,NA,0,0,2,2,0,1,0,0,2,3,0,0,2,0,0,0,3,3,4,2,3,2,0,0,3,3,0,0,4,0,0,0,0,0,0,2,0,0,0,0,0,0,0,0,0,0,0,0,0,0,0,0,0,0,0,0,1,0,0,0,0,0,0,0,0,0,0.333333333333333,0.333333333333333,0,0.333333333333333,NA,NA,0.333333333333333,0.5,NA,NA,0.333333333333333,NA,NA,NA,1,1,0.666666666666667,0.333333333333333,1,0.666666666666667,NA,NA,0.5,0.5,NA,NA,0.666666666666667,NA,NA,NA,0,0,0,0.333333333333333,0,0,NA,NA,0,0,NA,NA,0,NA,NA,NA,0,0,0,0,0,0,NA,NA,0.166666666666667,0,NA,NA,0,NA,NA,NA
"962",6,3,3,6,6,6,6,6,3,0,0,0,0,0,0,0,1,0,0,1,1,2,0,1,1,0,0,0,0,0,0,0,2,1,0,1,1,2,4,5,0,0,0,0,0,0,0,0,0.133333333333333,0.0666666666666667,0.0666666666666667,0.133333333333333,0.133333333333333,0.133333333333333,0.133333333333333,0.133333333333333,0.0666666666666667,0,0,0,0,0,0,0,0.166666666666667,0,0,0.166666666666667,0.166666666666667,0.333333333333333,0,0.166666666666667,0.333333333333333,NA,NA,NA,NA,NA,NA,NA,0.333333333333333,0.333333333333333,0,0.166666666666667,0.166666666666667,0.333333333333333,0.666666666666667,0.833333333333333,0,NA,NA,NA,NA,NA,NA,NA,2,1,0,1,1,1,4,5,0,0,0,0,0,0,0,0,3,2,3,4,4,3,2,0,2,0,0,0,0,0,0,0,0,0,0,0,0,1,0,0,0,0,0,0,0,0,0,0,1,0,0,1,1,1,0,1,1,0,0,0,0,0,0,0,0.333333333333333,0.333333333333333,0,0.166666666666667,0.166666666666667,0.166666666666667,0.666666666666667,0.833333333333333,0,NA,NA,NA,NA,NA,NA,NA,0.5,0.666666666666667,1,0.666666666666667,0.666666666666667,0.5,0.333333333333333,0,0.666666666666667,NA,NA,NA,NA,NA,NA,NA,0,0,0,0,0,0.166666666666667,0,0,0,NA,NA,NA,NA,NA,NA,NA,0.166666666666667,0,0,0.166666666666667,0.166666666666667,0.166666666666667,0,0.166666666666667,0.333333333333333,NA,NA,NA,NA,NA,NA,NA
"963",3,3,3,6,0,3,6,0,3,6,0,0,6,6,0,0,0,0,0,0,0,0,3,0,0,1,0,0,0,2,0,0,0,0,1,3,0,0,5,0,1,2,0,0,0,3,0,0,0.0666666666666667,0.0666666666666667,0.0666666666666667,0.133333333333333,0,0.0666666666666667,0.133333333333333,0,0.0666666666666667,0.133333333333333,0,0,0.133333333333333,0.133333333333333,0,0,0,0,0,0,NA,0,0.5,NA,0,0.166666666666667,NA,NA,0,0.333333333333333,NA,NA,0,0,0.333333333333333,0.5,NA,0,0.833333333333333,NA,0.333333333333333,0.333333333333333,NA,NA,0,0.5,NA,NA,0,0,1,3,0,0,2,0,1,1,0,0,0,3,0,0,3,3,2,3,0,3,1,0,2,4,0,0,6,1,0,0,0,0,0,0,0,0,3,0,0,1,0,0,0,0,0,0,0,0,0,0,0,0,0,0,0,0,0,0,0,2,0,0,0,0,0.333333333333333,0.5,NA,0,0.333333333333333,NA,0.333333333333333,0.166666666666667,NA,NA,0,0.5,NA,NA,1,1,0.666666666666667,0.5,NA,1,0.166666666666667,NA,0.666666666666667,0.666666666666667,NA,NA,1,0.166666666666667,NA,NA,0,0,0,0,NA,0,0.5,NA,0,0.166666666666667,NA,NA,0,0,NA,NA,0,0,0,0,NA,0,0,NA,0,0,NA,NA,0,0.333333333333333,NA,NA
"964",3,6,6,6,3,6,6,3,6,0,0,0,3,0,0,0,0,0,1,0,0,1,0,1,1,0,0,0,0,0,0,0,1,2,2,3,0,3,4,1,2,0,0,0,2,0,0,0,0.0625,0.125,0.125,0.125,0.0625,0.125,0.125,0.0625,0.125,0,0,0,0.0625,0,0,0,0,0,0.166666666666667,0,0,0.166666666666667,0,0.333333333333333,0.166666666666667,NA,NA,NA,0,NA,NA,NA,0.333333333333333,0.333333333333333,0.333333333333333,0.5,0,0.5,0.666666666666667,0.333333333333333,0.333333333333333,NA,NA,NA,0.666666666666667,NA,NA,NA,1,2,2,3,0,3,4,1,2,0,0,0,2,0,0,0,2,4,3,3,3,2,2,1,3,0,0,0,1,0,0,0,0,0,0,0,0,0,0,0,0,0,0,0,0,0,0,0,0,0,1,0,0,1,0,1,1,0,0,0,0,0,0,0,0.333333333333333,0.333333333333333,0.333333333333333,0.5,0,0.5,0.666666666666667,0.333333333333333,0.333333333333333,NA,NA,NA,0.666666666666667,NA,NA,NA,0.666666666666667,0.666666666666667,0.5,0.5,1,0.333333333333333,0.333333333333333,0.333333333333333,0.5,NA,NA,NA,0.333333333333333,NA,NA,NA,0,0,0,0,0,0,0,0,0,NA,NA,NA,0,NA,NA,NA,0,0,0.166666666666667,0,0,0.166666666666667,0,0.333333333333333,0.166666666666667,NA,NA,NA,0,NA,NA,NA
"965",3,3,3,6,6,6,6,0,3,0,6,0,0,0,0,0,0,0,0,1,0,1,2,0,1,0,2,0,0,0,0,0,0,1,1,3,3,3,3,0,0,0,4,0,0,0,0,0,0.0714285714285714,0.0714285714285714,0.0714285714285714,0.142857142857143,0.142857142857143,0.142857142857143,0.142857142857143,0,0.0714285714285714,0,0.142857142857143,0,0,0,0,0,0,0,0,0.166666666666667,0,0.166666666666667,0.333333333333333,NA,0.333333333333333,NA,0.333333333333333,NA,NA,NA,NA,NA,0,0.333333333333333,0.333333333333333,0.5,0.5,0.5,0.5,NA,0,NA,0.666666666666667,NA,NA,NA,NA,NA,0,1,1,3,3,3,2,0,0,0,3,0,0,0,0,0,3,2,2,2,3,2,2,0,2,0,1,0,0,0,0,0,0,0,0,0,0,0,1,0,0,0,1,0,0,0,0,0,0,0,0,1,0,1,1,0,1,0,1,0,0,0,0,0,0,0.333333333333333,0.333333333333333,0.5,0.5,0.5,0.333333333333333,NA,0,NA,0.5,NA,NA,NA,NA,NA,1,0.666666666666667,0.666666666666667,0.333333333333333,0.5,0.333333333333333,0.333333333333333,NA,0.666666666666667,NA,0.166666666666667,NA,NA,NA,NA,NA,0,0,0,0,0,0,0.166666666666667,NA,0,NA,0.166666666666667,NA,NA,NA,NA,NA,0,0,0,0.166666666666667,0,0.166666666666667,0.166666666666667,NA,0.333333333333333,NA,0.166666666666667,NA,NA,NA,NA,NA
"966",3,3,3,6,0,3,6,0,6,6,0,0,6,0,0,0,0,0,0,0,0,0,2,0,0,1,0,0,1,0,0,0,1,1,1,3,0,1,2,0,2,3,0,0,2,0,0,0,0.0714285714285714,0.0714285714285714,0.0714285714285714,0.142857142857143,0,0.0714285714285714,0.142857142857143,0,0.142857142857143,0.142857142857143,0,0,0.142857142857143,0,0,0,0,0,0,0,NA,0,0.333333333333333,NA,0,0.166666666666667,NA,NA,0.166666666666667,NA,NA,NA,0.333333333333333,0.333333333333333,0.333333333333333,0.5,NA,0.333333333333333,0.333333333333333,NA,0.333333333333333,0.5,NA,NA,0.333333333333333,NA,NA,NA,1,1,1,3,0,1,1,0,2,3,0,0,2,0,0,0,2,2,2,3,0,2,3,0,4,2,0,0,3,0,0,0,0,0,0,0,0,0,1,0,0,0,0,0,0,0,0,0,0,0,0,0,0,0,1,0,0,1,0,0,1,0,0,0,0.333333333333333,0.333333333333333,0.333333333333333,0.5,NA,0.333333333333333,0.166666666666667,NA,0.333333333333333,0.5,NA,NA,0.333333333333333,NA,NA,NA,0.666666666666667,0.666666666666667,0.666666666666667,0.5,NA,0.666666666666667,0.5,NA,0.666666666666667,0.333333333333333,NA,NA,0.5,NA,NA,NA,0,0,0,0,NA,0,0.166666666666667,NA,0,0,NA,NA,0,NA,NA,NA,0,0,0,0,NA,0,0.166666666666667,NA,0,0.166666666666667,NA,NA,0.166666666666667,NA,NA,NA
"967",3,6,6,0,3,0,0,0,6,0,0,0,6,0,0,0,0,0,2,0,0,0,0,0,0,0,0,0,1,0,0,0,1,0,0,0,0,0,0,0,2,0,0,0,1,0,0,0,0.1,0.2,0.2,0,0.1,0,0,0,0.2,0,0,0,0.2,0,0,0,0,0,0.333333333333333,NA,0,NA,NA,NA,0,NA,NA,NA,0.166666666666667,NA,NA,NA,0.333333333333333,0,0,NA,0,NA,NA,NA,0.333333333333333,NA,NA,NA,0.166666666666667,NA,NA,NA,1,0,0,0,0,0,0,0,2,0,0,0,1,0,0,0,2,6,4,0,3,0,0,0,4,0,0,0,4,0,0,0,0,0,0,0,0,0,0,0,0,0,0,0,0,0,0,0,0,0,2,0,0,0,0,0,0,0,0,0,1,0,0,0,0.333333333333333,0,0,NA,0,NA,NA,NA,0.333333333333333,NA,NA,NA,0.166666666666667,NA,NA,NA,0.666666666666667,1,0.666666666666667,NA,1,NA,NA,NA,0.666666666666667,NA,NA,NA,0.666666666666667,NA,NA,NA,0,0,0,NA,0,NA,NA,NA,0,NA,NA,NA,0,NA,NA,NA,0,0,0.333333333333333,NA,0,NA,NA,NA,0,NA,NA,NA,0.166666666666667,NA,NA,NA
"968",6,6,0,0,6,0,0,0,6,0,0,0,0,0,0,0,0,2,0,0,0,0,0,0,3,0,0,0,0,0,0,0,0,0,0,0,0,0,0,0,0,0,0,0,0,0,0,0,0.25,0.25,0,0,0.25,0,0,0,0.25,0,0,0,0,0,0,0,0,0.333333333333333,NA,NA,0,NA,NA,NA,0.5,NA,NA,NA,NA,NA,NA,NA,0,0,NA,NA,0,NA,NA,NA,0,NA,NA,NA,NA,NA,NA,NA,0,0,0,0,0,0,0,0,0,0,0,0,0,0,0,0,6,4,0,0,6,0,0,0,3,0,0,0,0,0,0,0,0,0,0,0,0,0,0,0,0,0,0,0,0,0,0,0,0,2,0,0,0,0,0,0,3,0,0,0,0,0,0,0,0,0,NA,NA,0,NA,NA,NA,0,NA,NA,NA,NA,NA,NA,NA,1,0.666666666666667,NA,NA,1,NA,NA,NA,0.5,NA,NA,NA,NA,NA,NA,NA,0,0,NA,NA,0,NA,NA,NA,0,NA,NA,NA,NA,NA,NA,NA,0,0.333333333333333,NA,NA,0,NA,NA,NA,0.5,NA,NA,NA,NA,NA,NA,NA
"969",6,3,6,6,0,3,6,3,3,6,0,0,6,0,0,0,1,0,1,2,0,0,1,2,0,0,0,0,1,0,0,0,0,0,1,3,0,0,5,1,0,5,0,0,3,0,0,0,0.125,0.0625,0.125,0.125,0,0.0625,0.125,0.0625,0.0625,0.125,0,0,0.125,0,0,0,0.166666666666667,0,0.166666666666667,0.333333333333333,NA,0,0.166666666666667,0.666666666666667,0,0,NA,NA,0.166666666666667,NA,NA,NA,0,0,0.166666666666667,0.5,NA,0,0.833333333333333,0.333333333333333,0,0.833333333333333,NA,NA,0.5,NA,NA,NA,0,0,1,2,0,0,4,1,0,5,0,0,2,0,0,0,5,3,4,2,0,3,1,0,3,1,0,0,3,0,0,0,0,0,0,1,0,0,1,0,0,0,0,0,1,0,0,0,1,0,1,1,0,0,0,2,0,0,0,0,0,0,0,0,0,0,0.166666666666667,0.333333333333333,NA,0,0.666666666666667,0.333333333333333,0,0.833333333333333,NA,NA,0.333333333333333,NA,NA,NA,0.833333333333333,1,0.666666666666667,0.333333333333333,NA,1,0.166666666666667,0,1,0.166666666666667,NA,NA,0.5,NA,NA,NA,0,0,0,0.166666666666667,NA,0,0.166666666666667,0,0,0,NA,NA,0.166666666666667,NA,NA,NA,0.166666666666667,0,0.166666666666667,0.166666666666667,NA,0,0,0.666666666666667,0,0,NA,NA,0,NA,NA,NA
"970",3,3,3,6,3,0,3,6,6,6,6,0,0,0,3,0,0,0,0,0,0,0,0,3,2,0,0,0,0,0,1,0,0,0,0,2,0,0,1,3,0,4,4,0,0,0,3,0,0.0625,0.0625,0.0625,0.125,0.0625,0,0.0625,0.125,0.125,0.125,0.125,0,0,0,0.0625,0,0,0,0,0,0,NA,0,0.5,0.333333333333333,0,0,NA,NA,NA,0.333333333333333,NA,0,0,0,0.333333333333333,0,NA,0.333333333333333,0.5,0,0.666666666666667,0.666666666666667,NA,NA,NA,1,NA,0,0,0,2,0,0,1,2,0,4,4,0,0,0,2,0,3,3,3,4,3,0,2,1,4,2,2,0,0,0,0,0,0,0,0,0,0,0,0,1,0,0,0,0,0,0,1,0,0,0,0,0,0,0,0,2,2,0,0,0,0,0,0,0,0,0,0,0.333333333333333,0,NA,0.333333333333333,0.333333333333333,0,0.666666666666667,0.666666666666667,NA,NA,NA,0.666666666666667,NA,1,1,1,0.666666666666667,1,NA,0.666666666666667,0.166666666666667,0.666666666666667,0.333333333333333,0.333333333333333,NA,NA,NA,0,NA,0,0,0,0,0,NA,0,0.166666666666667,0,0,0,NA,NA,NA,0.333333333333333,NA,0,0,0,0,0,NA,0,0.333333333333333,0.333333333333333,0,0,NA,NA,NA,0,NA
"971",3,3,3,6,3,6,6,6,6,0,0,0,6,0,0,0,0,0,0,0,0,2,1,2,2,0,0,0,2,0,0,0,0,0,1,2,1,2,5,3,1,0,0,0,2,0,0,0,0.0625,0.0625,0.0625,0.125,0.0625,0.125,0.125,0.125,0.125,0,0,0,0.125,0,0,0,0,0,0,0,0,0.333333333333333,0.166666666666667,0.333333333333333,0.333333333333333,NA,NA,NA,0.333333333333333,NA,NA,NA,0,0,0.333333333333333,0.333333333333333,0.333333333333333,0.333333333333333,0.833333333333333,0.5,0.166666666666667,NA,NA,NA,0.333333333333333,NA,NA,NA,0,0,1,2,1,2,4,3,1,0,0,0,2,0,0,0,3,3,2,4,2,2,1,1,3,0,0,0,2,0,0,0,0,0,0,0,0,0,1,0,0,0,0,0,0,0,0,0,0,0,0,0,0,2,0,2,2,0,0,0,2,0,0,0,0,0,0.333333333333333,0.333333333333333,0.333333333333333,0.333333333333333,0.666666666666667,0.5,0.166666666666667,NA,NA,NA,0.333333333333333,NA,NA,NA,1,1,0.666666666666667,0.666666666666667,0.666666666666667,0.333333333333333,0.166666666666667,0.166666666666667,0.5,NA,NA,NA,0.333333333333333,NA,NA,NA,0,0,0,0,0,0,0.166666666666667,0,0,NA,NA,NA,0,NA,NA,NA,0,0,0,0,0,0.333333333333333,0,0.333333333333333,0.333333333333333,NA,NA,NA,0.333333333333333,NA,NA,NA
"972",3,6,6,3,6,6,0,0,6,0,0,0,3,0,0,0,0,0,1,1,0,2,0,0,1,0,0,0,1,0,0,0,0,1,1,2,1,2,0,0,0,0,0,0,0,0,0,0,0.0769230769230769,0.153846153846154,0.153846153846154,0.0769230769230769,0.153846153846154,0.153846153846154,0,0,0.153846153846154,0,0,0,0.0769230769230769,0,0,0,0,0,0.166666666666667,0.333333333333333,0,0.333333333333333,NA,NA,0.166666666666667,NA,NA,NA,0.333333333333333,NA,NA,NA,0,0.166666666666667,0.166666666666667,0.666666666666667,0.166666666666667,0.333333333333333,NA,NA,0,NA,NA,NA,0,NA,NA,NA,0,1,1,2,1,2,0,0,0,0,0,0,0,0,0,0,3,5,4,0,5,2,0,0,5,0,0,0,2,0,0,0,0,0,0,0,0,0,0,0,0,0,0,0,0,0,0,0,0,0,1,1,0,2,0,0,1,0,0,0,1,0,0,0,0,0.166666666666667,0.166666666666667,0.666666666666667,0.166666666666667,0.333333333333333,NA,NA,0,NA,NA,NA,0,NA,NA,NA,1,0.833333333333333,0.666666666666667,0,0.833333333333333,0.333333333333333,NA,NA,0.833333333333333,NA,NA,NA,0.666666666666667,NA,NA,NA,0,0,0,0,0,0,NA,NA,0,NA,NA,NA,0,NA,NA,NA,0,0,0.166666666666667,0.333333333333333,0,0.333333333333333,NA,NA,0.166666666666667,NA,NA,NA,0.333333333333333,NA,NA,NA
"973",3,3,3,6,0,0,3,3,6,6,6,0,0,0,3,0,0,0,0,1,0,0,0,2,1,1,1,0,0,0,2,0,0,1,0,2,0,0,1,3,3,4,4,0,0,0,1,0,0.0714285714285714,0.0714285714285714,0.0714285714285714,0.142857142857143,0,0,0.0714285714285714,0.0714285714285714,0.142857142857143,0.142857142857143,0.142857142857143,0,0,0,0.0714285714285714,0,0,0,0,0.166666666666667,NA,NA,0,0.666666666666667,0.166666666666667,0.166666666666667,0.166666666666667,NA,NA,NA,0.666666666666667,NA,0,0.333333333333333,0,0.333333333333333,NA,NA,0.333333333333333,1,0.5,0.666666666666667,0.666666666666667,NA,NA,NA,0.333333333333333,NA,0,1,0,2,0,0,1,1,2,3,3,0,0,0,0,0,3,2,3,3,0,0,2,0,3,2,2,0,0,0,1,0,0,0,0,0,0,0,0,2,1,1,1,0,0,0,1,0,0,0,0,1,0,0,0,0,0,0,0,0,0,0,1,0,0,0.333333333333333,0,0.333333333333333,NA,NA,0.333333333333333,0.333333333333333,0.333333333333333,0.5,0.5,NA,NA,NA,0,NA,1,0.666666666666667,1,0.5,NA,NA,0.666666666666667,0,0.5,0.333333333333333,0.333333333333333,NA,NA,NA,0.333333333333333,NA,0,0,0,0,NA,NA,0,0.666666666666667,0.166666666666667,0.166666666666667,0.166666666666667,NA,NA,NA,0.333333333333333,NA,0,0,0,0.166666666666667,NA,NA,0,0,0,0,0,NA,NA,NA,0.333333333333333,NA
"974",6,3,3,6,3,6,6,6,0,3,6,0,0,0,0,0,1,0,0,0,0,1,1,2,0,1,1,0,0,0,0,0,1,1,0,2,0,4,1,4,0,3,3,0,0,0,0,0,0.125,0.0625,0.0625,0.125,0.0625,0.125,0.125,0.125,0,0.0625,0.125,0,0,0,0,0,0.166666666666667,0,0,0,0,0.166666666666667,0.166666666666667,0.333333333333333,NA,0.333333333333333,0.166666666666667,NA,NA,NA,NA,NA,0.166666666666667,0.333333333333333,0,0.333333333333333,0,0.666666666666667,0.166666666666667,0.666666666666667,NA,1,0.5,NA,NA,NA,NA,NA,0,1,0,2,0,4,1,4,0,2,2,0,0,0,0,0,5,2,3,4,3,1,4,0,0,0,3,0,0,0,0,0,1,0,0,0,0,0,0,0,0,1,1,0,0,0,0,0,0,0,0,0,0,1,1,2,0,0,0,0,0,0,0,0,0,0.333333333333333,0,0.333333333333333,0,0.666666666666667,0.166666666666667,0.666666666666667,NA,0.666666666666667,0.333333333333333,NA,NA,NA,NA,NA,0.833333333333333,0.666666666666667,1,0.666666666666667,1,0.166666666666667,0.666666666666667,0,NA,0,0.5,NA,NA,NA,NA,NA,0.166666666666667,0,0,0,0,0,0,0,NA,0.333333333333333,0.166666666666667,NA,NA,NA,NA,NA,0,0,0,0,0,0.166666666666667,0.166666666666667,0.333333333333333,NA,0,0,NA,NA,NA,NA,NA
"975",3,3,6,0,6,6,0,0,6,0,0,0,3,0,0,0,0,0,0,0,0,1,0,0,1,0,0,0,1,0,0,0,0,0,3,0,0,3,0,0,1,0,0,0,2,0,0,0,0.0909090909090909,0.0909090909090909,0.181818181818182,0,0.181818181818182,0.181818181818182,0,0,0.181818181818182,0,0,0,0.0909090909090909,0,0,0,0,0,0,NA,0,0.166666666666667,NA,NA,0.166666666666667,NA,NA,NA,0.333333333333333,NA,NA,NA,0,0,0.5,NA,0,0.5,NA,NA,0.166666666666667,NA,NA,NA,0.666666666666667,NA,NA,NA,0,0,3,0,0,3,0,0,1,0,0,0,1,0,0,0,3,3,3,0,6,2,0,0,4,0,0,0,1,0,0,0,0,0,0,0,0,0,0,0,0,0,0,0,1,0,0,0,0,0,0,0,0,1,0,0,1,0,0,0,0,0,0,0,0,0,0.5,NA,0,0.5,NA,NA,0.166666666666667,NA,NA,NA,0.333333333333333,NA,NA,NA,1,1,0.5,NA,1,0.333333333333333,NA,NA,0.666666666666667,NA,NA,NA,0.333333333333333,NA,NA,NA,0,0,0,NA,0,0,NA,NA,0,NA,NA,NA,0.333333333333333,NA,NA,NA,0,0,0,NA,0,0.166666666666667,NA,NA,0.166666666666667,NA,NA,NA,0,NA,NA,NA
"976",3,6,6,6,0,6,0,0,6,6,0,0,3,0,0,0,0,0,1,2,0,1,0,0,0,0,0,0,3,0,0,0,0,2,0,4,0,2,0,0,1,4,0,0,2,0,0,0,0.0714285714285714,0.142857142857143,0.142857142857143,0.142857142857143,0,0.142857142857143,0,0,0.142857142857143,0.142857142857143,0,0,0.0714285714285714,0,0,0,0,0,0.166666666666667,0.333333333333333,NA,0.166666666666667,NA,NA,0,0,NA,NA,1,NA,NA,NA,0,0.333333333333333,0,0.666666666666667,NA,0.333333333333333,NA,NA,0.166666666666667,0.666666666666667,NA,NA,0.666666666666667,NA,NA,NA,0,2,0,3,0,2,0,0,1,4,0,0,0,0,0,0,3,4,5,1,0,3,0,0,5,2,0,0,0,0,0,0,0,0,0,1,0,0,0,0,0,0,0,0,2,0,0,0,0,0,1,1,0,1,0,0,0,0,0,0,1,0,0,0,0,0.333333333333333,0,0.5,NA,0.333333333333333,NA,NA,0.166666666666667,0.666666666666667,NA,NA,0,NA,NA,NA,1,0.666666666666667,0.833333333333333,0.166666666666667,NA,0.5,NA,NA,0.833333333333333,0.333333333333333,NA,NA,0,NA,NA,NA,0,0,0,0.166666666666667,NA,0,NA,NA,0,0,NA,NA,0.666666666666667,NA,NA,NA,0,0,0.166666666666667,0.166666666666667,NA,0.166666666666667,NA,NA,0,0,NA,NA,0.333333333333333,NA,NA,NA
"977",6,6,6,6,0,6,6,6,0,3,3,0,0,0,0,0,1,0,1,1,0,0,0,2,0,1,3,0,0,0,0,0,0,0,1,2,0,1,3,6,0,2,1,0,0,0,0,0,0.125,0.125,0.125,0.125,0,0.125,0.125,0.125,0,0.0625,0.0625,0,0,0,0,0,0.166666666666667,0,0.166666666666667,0.166666666666667,NA,0,0,0.333333333333333,NA,0.333333333333333,1,NA,NA,NA,NA,NA,0,0,0.166666666666667,0.333333333333333,NA,0.166666666666667,0.5,1,NA,0.666666666666667,0.333333333333333,NA,NA,NA,NA,NA,0,0,1,2,0,1,3,4,0,1,0,0,0,0,0,0,5,6,4,3,0,5,3,0,0,1,0,0,0,0,0,0,0,0,0,0,0,0,0,2,0,1,1,0,0,0,0,0,1,0,1,1,0,0,0,0,0,0,2,0,0,0,0,0,0,0,0.166666666666667,0.333333333333333,NA,0.166666666666667,0.5,0.666666666666667,NA,0.333333333333333,0,NA,NA,NA,NA,NA,0.833333333333333,1,0.666666666666667,0.5,NA,0.833333333333333,0.5,0,NA,0.333333333333333,0,NA,NA,NA,NA,NA,0,0,0,0,NA,0,0,0.333333333333333,NA,0.333333333333333,0.333333333333333,NA,NA,NA,NA,NA,0.166666666666667,0,0.166666666666667,0.166666666666667,NA,0,0,0,NA,0,0.666666666666667,NA,NA,NA,NA,NA
"978",3,3,6,6,6,6,6,0,6,3,0,0,0,0,0,0,0,0,0,1,0,1,1,0,2,1,0,0,0,0,0,0,1,0,1,4,0,1,3,0,1,2,0,0,0,0,0,0,0.0666666666666667,0.0666666666666667,0.133333333333333,0.133333333333333,0.133333333333333,0.133333333333333,0.133333333333333,0,0.133333333333333,0.0666666666666667,0,0,0,0,0,0,0,0,0,0.166666666666667,0,0.166666666666667,0.166666666666667,NA,0.333333333333333,0.333333333333333,NA,NA,NA,NA,NA,NA,0.333333333333333,0,0.166666666666667,0.666666666666667,0,0.166666666666667,0.5,NA,0.166666666666667,0.666666666666667,NA,NA,NA,NA,NA,NA,1,0,1,3,0,1,2,0,0,1,0,0,0,0,0,0,2,3,5,2,6,4,3,0,4,1,0,0,0,0,0,0,0,0,0,1,0,0,1,0,1,1,0,0,0,0,0,0,0,0,0,0,0,1,0,0,1,0,0,0,0,0,0,0,0.333333333333333,0,0.166666666666667,0.5,0,0.166666666666667,0.333333333333333,NA,0,0.333333333333333,NA,NA,NA,NA,NA,NA,0.666666666666667,1,0.833333333333333,0.333333333333333,1,0.666666666666667,0.5,NA,0.666666666666667,0.333333333333333,NA,NA,NA,NA,NA,NA,0,0,0,0.166666666666667,0,0,0.166666666666667,NA,0.166666666666667,0.333333333333333,NA,NA,NA,NA,NA,NA,0,0,0,0,0,0.166666666666667,0,NA,0.166666666666667,0,NA,NA,NA,NA,NA,NA
"979",3,3,6,6,6,3,0,0,6,6,0,0,0,0,0,0,0,0,0,2,0,0,0,0,2,1,0,0,0,0,0,0,1,1,2,5,1,0,0,0,2,3,0,0,0,0,0,0,0.0769230769230769,0.0769230769230769,0.153846153846154,0.153846153846154,0.153846153846154,0.0769230769230769,0,0,0.153846153846154,0.153846153846154,0,0,0,0,0,0,0,0,0,0.333333333333333,0,0,NA,NA,0.333333333333333,0.166666666666667,NA,NA,NA,NA,NA,NA,0.333333333333333,0.333333333333333,0.333333333333333,0.833333333333333,0.166666666666667,0,NA,NA,0.333333333333333,0.5,NA,NA,NA,NA,NA,NA,1,1,2,3,1,0,0,0,1,3,0,0,0,0,0,0,2,2,4,1,5,3,0,0,3,2,0,0,0,0,0,0,0,0,0,2,0,0,0,0,1,0,0,0,0,0,0,0,0,0,0,0,0,0,0,0,1,1,0,0,0,0,0,0,0.333333333333333,0.333333333333333,0.333333333333333,0.5,0.166666666666667,0,NA,NA,0.166666666666667,0.5,NA,NA,NA,NA,NA,NA,0.666666666666667,0.666666666666667,0.666666666666667,0.166666666666667,0.833333333333333,1,NA,NA,0.5,0.333333333333333,NA,NA,NA,NA,NA,NA,0,0,0,0.333333333333333,0,0,NA,NA,0.166666666666667,0,NA,NA,NA,NA,NA,NA,0,0,0,0,0,0,NA,NA,0.166666666666667,0.166666666666667,NA,NA,NA,NA,NA,NA
"980",3,3,3,6,3,0,3,6,3,6,6,0,0,6,0,0,0,0,0,0,0,0,0,3,1,0,0,0,0,2,0,0,0,0,1,2,1,0,1,5,0,2,3,0,0,4,0,0,0.0625,0.0625,0.0625,0.125,0.0625,0,0.0625,0.125,0.0625,0.125,0.125,0,0,0.125,0,0,0,0,0,0,0,NA,0,0.5,0.333333333333333,0,0,NA,NA,0.333333333333333,NA,NA,0,0,0.333333333333333,0.333333333333333,0.333333333333333,NA,0.333333333333333,0.833333333333333,0,0.333333333333333,0.5,NA,NA,0.666666666666667,NA,NA,0,0,1,2,1,0,1,3,0,2,3,0,0,3,0,0,3,3,2,4,2,0,2,0,2,4,3,0,0,1,0,0,0,0,0,0,0,0,0,2,0,0,0,0,0,1,0,0,0,0,0,0,0,0,0,1,1,0,0,0,0,1,0,0,0,0,0.333333333333333,0.333333333333333,0.333333333333333,NA,0.333333333333333,0.5,0,0.333333333333333,0.5,NA,NA,0.5,NA,NA,1,1,0.666666666666667,0.666666666666667,0.666666666666667,NA,0.666666666666667,0,0.666666666666667,0.666666666666667,0.5,NA,NA,0.166666666666667,NA,NA,0,0,0,0,0,NA,0,0.333333333333333,0,0,0,NA,NA,0.166666666666667,NA,NA,0,0,0,0,0,NA,0,0.166666666666667,0.333333333333333,0,0,NA,NA,0.166666666666667,NA,NA
"981",3,6,3,0,3,0,0,0,3,0,0,0,6,0,0,0,0,0,1,0,0,0,0,0,0,0,0,0,0,0,0,0,0,3,0,0,1,0,0,0,0,0,0,0,1,0,0,0,0.125,0.25,0.125,0,0.125,0,0,0,0.125,0,0,0,0.25,0,0,0,0,0,0.333333333333333,NA,0,NA,NA,NA,0,NA,NA,NA,0,NA,NA,NA,0,0.5,0,NA,0.333333333333333,NA,NA,NA,0,NA,NA,NA,0.166666666666667,NA,NA,NA,0,3,0,0,1,0,0,0,0,0,0,0,1,0,0,0,3,3,2,0,2,0,0,0,3,0,0,0,5,0,0,0,0,0,0,0,0,0,0,0,0,0,0,0,0,0,0,0,0,0,1,0,0,0,0,0,0,0,0,0,0,0,0,0,0,0.5,0,NA,0.333333333333333,NA,NA,NA,0,NA,NA,NA,0.166666666666667,NA,NA,NA,1,0.5,0.666666666666667,NA,0.666666666666667,NA,NA,NA,1,NA,NA,NA,0.833333333333333,NA,NA,NA,0,0,0,NA,0,NA,NA,NA,0,NA,NA,NA,0,NA,NA,NA,0,0,0.333333333333333,NA,0,NA,NA,NA,0,NA,NA,NA,0,NA,NA,NA
"982",3,6,6,6,0,0,3,6,3,6,6,0,3,0,0,0,0,0,1,0,0,0,0,3,0,0,1,0,1,0,0,0,0,1,1,2,0,0,1,4,1,5,6,0,2,0,0,0,0.0625,0.125,0.125,0.125,0,0,0.0625,0.125,0.0625,0.125,0.125,0,0.0625,0,0,0,0,0,0.166666666666667,0,NA,NA,0,0.5,0,0,0.166666666666667,NA,0.333333333333333,NA,NA,NA,0,0.166666666666667,0.166666666666667,0.333333333333333,NA,NA,0.333333333333333,0.666666666666667,0.333333333333333,0.833333333333333,1,NA,0.666666666666667,NA,NA,NA,0,1,1,2,0,0,1,2,1,5,5,0,1,0,0,0,3,5,4,4,0,0,2,1,2,1,0,0,1,0,0,0,0,0,0,0,0,0,0,2,0,0,1,0,1,0,0,0,0,0,1,0,0,0,0,1,0,0,0,0,0,0,0,0,0,0.166666666666667,0.166666666666667,0.333333333333333,NA,NA,0.333333333333333,0.333333333333333,0.333333333333333,0.833333333333333,0.833333333333333,NA,0.333333333333333,NA,NA,NA,1,0.833333333333333,0.666666666666667,0.666666666666667,NA,NA,0.666666666666667,0.166666666666667,0.666666666666667,0.166666666666667,0,NA,0.333333333333333,NA,NA,NA,0,0,0,0,NA,NA,0,0.333333333333333,0,0,0.166666666666667,NA,0.333333333333333,NA,NA,NA,0,0,0.166666666666667,0,NA,NA,0,0.166666666666667,0,0,0,NA,0,NA,NA,NA
"983",3,3,3,6,3,3,6,6,6,6,3,0,0,0,0,0,0,0,0,0,0,0,1,2,1,0,1,0,0,0,0,0,1,0,1,2,0,1,3,3,0,3,1,0,0,0,0,0,0.0625,0.0625,0.0625,0.125,0.0625,0.0625,0.125,0.125,0.125,0.125,0.0625,0,0,0,0,0,0,0,0,0,0,0,0.166666666666667,0.333333333333333,0.166666666666667,0,0.333333333333333,NA,NA,NA,NA,NA,0.333333333333333,0,0.333333333333333,0.333333333333333,0,0.333333333333333,0.5,0.5,0,0.5,0.333333333333333,NA,NA,NA,NA,NA,1,0,1,2,0,1,2,1,0,3,1,0,0,0,0,0,2,3,2,4,3,2,3,3,5,3,1,0,0,0,0,0,0,0,0,0,0,0,1,2,0,0,0,0,0,0,0,0,0,0,0,0,0,0,0,0,1,0,1,0,0,0,0,0,0.333333333333333,0,0.333333333333333,0.333333333333333,0,0.333333333333333,0.333333333333333,0.166666666666667,0,0.5,0.333333333333333,NA,NA,NA,NA,NA,0.666666666666667,1,0.666666666666667,0.666666666666667,1,0.666666666666667,0.5,0.5,0.833333333333333,0.5,0.333333333333333,NA,NA,NA,NA,NA,0,0,0,0,0,0,0.166666666666667,0.333333333333333,0,0,0,NA,NA,NA,NA,NA,0,0,0,0,0,0,0,0,0.166666666666667,0,0.333333333333333,NA,NA,NA,NA,NA
"984",3,6,6,0,3,0,0,0,3,0,0,0,6,0,0,0,0,0,2,0,0,0,0,0,0,0,0,0,0,0,0,0,0,0,2,0,0,0,0,0,0,0,0,0,2,0,0,0,0.111111111111111,0.222222222222222,0.222222222222222,0,0.111111111111111,0,0,0,0.111111111111111,0,0,0,0.222222222222222,0,0,0,0,0,0.333333333333333,NA,0,NA,NA,NA,0,NA,NA,NA,0,NA,NA,NA,0,0,0.333333333333333,NA,0,NA,NA,NA,0,NA,NA,NA,0.333333333333333,NA,NA,NA,0,0,1,0,0,0,0,0,0,0,0,0,2,0,0,0,3,6,3,0,3,0,0,0,3,0,0,0,4,0,0,0,0,0,1,0,0,0,0,0,0,0,0,0,0,0,0,0,0,0,1,0,0,0,0,0,0,0,0,0,0,0,0,0,0,0,0.166666666666667,NA,0,NA,NA,NA,0,NA,NA,NA,0.333333333333333,NA,NA,NA,1,1,0.5,NA,1,NA,NA,NA,1,NA,NA,NA,0.666666666666667,NA,NA,NA,0,0,0.166666666666667,NA,0,NA,NA,NA,0,NA,NA,NA,0,NA,NA,NA,0,0,0.166666666666667,NA,0,NA,NA,NA,0,NA,NA,NA,0,NA,NA,NA
"985",3,3,3,6,6,6,6,3,6,0,0,0,0,0,0,0,0,0,0,0,0,2,2,3,2,0,0,0,0,0,0,0,0,1,1,1,2,1,4,2,1,0,0,0,0,0,0,0,0.0714285714285714,0.0714285714285714,0.0714285714285714,0.142857142857143,0.142857142857143,0.142857142857143,0.142857142857143,0.0714285714285714,0.142857142857143,0,0,0,0,0,0,0,0,0,0,0,0,0.333333333333333,0.333333333333333,1,0.333333333333333,NA,NA,NA,NA,NA,NA,NA,0,0.333333333333333,0.333333333333333,0.166666666666667,0.333333333333333,0.166666666666667,0.666666666666667,0.666666666666667,0.166666666666667,NA,NA,NA,NA,NA,NA,NA,0,1,1,1,2,0,3,0,0,0,0,0,0,0,0,0,3,2,2,5,4,4,1,0,4,0,0,0,0,0,0,0,0,0,0,0,0,1,1,2,1,0,0,0,0,0,0,0,0,0,0,0,0,1,1,1,1,0,0,0,0,0,0,0,0,0.333333333333333,0.333333333333333,0.166666666666667,0.333333333333333,0,0.5,0,0,NA,NA,NA,NA,NA,NA,NA,1,0.666666666666667,0.666666666666667,0.833333333333333,0.666666666666667,0.666666666666667,0.166666666666667,0,0.666666666666667,NA,NA,NA,NA,NA,NA,NA,0,0,0,0,0,0.166666666666667,0.166666666666667,0.666666666666667,0.166666666666667,NA,NA,NA,NA,NA,NA,NA,0,0,0,0,0,0.166666666666667,0.166666666666667,0.333333333333333,0.166666666666667,NA,NA,NA,NA,NA,NA,NA
"986",3,3,3,6,6,6,6,6,6,0,0,0,3,0,0,0,0,0,0,0,2,2,0,2,1,0,0,0,1,0,0,0,0,1,1,2,2,1,5,5,0,0,0,0,1,0,0,0,0.0625,0.0625,0.0625,0.125,0.125,0.125,0.125,0.125,0.125,0,0,0,0.0625,0,0,0,0,0,0,0,0.333333333333333,0.333333333333333,0,0.333333333333333,0.166666666666667,NA,NA,NA,0.333333333333333,NA,NA,NA,0,0.333333333333333,0.333333333333333,0.333333333333333,0.333333333333333,0.166666666666667,0.833333333333333,0.833333333333333,0,NA,NA,NA,0.333333333333333,NA,NA,NA,0,1,1,2,1,1,5,4,0,0,0,0,1,0,0,0,3,2,2,4,3,3,1,0,5,0,0,0,1,0,0,0,0,0,0,0,1,0,0,1,0,0,0,0,0,0,0,0,0,0,0,0,1,2,0,1,1,0,0,0,1,0,0,0,0,0.333333333333333,0.333333333333333,0.333333333333333,0.166666666666667,0.166666666666667,0.833333333333333,0.666666666666667,0,NA,NA,NA,0.333333333333333,NA,NA,NA,1,0.666666666666667,0.666666666666667,0.666666666666667,0.5,0.5,0.166666666666667,0,0.833333333333333,NA,NA,NA,0.333333333333333,NA,NA,NA,0,0,0,0,0.166666666666667,0,0,0.166666666666667,0,NA,NA,NA,0,NA,NA,NA,0,0,0,0,0.166666666666667,0.333333333333333,0,0.166666666666667,0.166666666666667,NA,NA,NA,0.333333333333333,NA,NA,NA
"987",6,6,3,0,3,0,0,0,6,0,0,0,6,0,0,0,0,1,1,0,0,0,0,0,1,0,0,0,2,0,0,0,1,1,0,0,0,0,0,0,0,0,0,0,5,0,0,0,0.2,0.2,0.1,0,0.1,0,0,0,0.2,0,0,0,0.2,0,0,0,0,0.166666666666667,0.333333333333333,NA,0,NA,NA,NA,0.166666666666667,NA,NA,NA,0.333333333333333,NA,NA,NA,0.166666666666667,0.166666666666667,0,NA,0,NA,NA,NA,0,NA,NA,NA,0.833333333333333,NA,NA,NA,1,1,0,0,0,0,0,0,0,0,0,0,4,0,0,0,5,4,2,0,3,0,0,0,5,0,0,0,0,0,0,0,0,0,0,0,0,0,0,0,0,0,0,0,1,0,0,0,0,1,1,0,0,0,0,0,1,0,0,0,1,0,0,0,0.166666666666667,0.166666666666667,0,NA,0,NA,NA,NA,0,NA,NA,NA,0.666666666666667,NA,NA,NA,0.833333333333333,0.666666666666667,0.666666666666667,NA,1,NA,NA,NA,0.833333333333333,NA,NA,NA,0,NA,NA,NA,0,0,0,NA,0,NA,NA,NA,0,NA,NA,NA,0.166666666666667,NA,NA,NA,0,0.166666666666667,0.333333333333333,NA,0,NA,NA,NA,0.166666666666667,NA,NA,NA,0.166666666666667,NA,NA,NA
"988",3,6,6,6,6,6,6,6,3,0,0,0,0,0,0,0,0,0,0,1,1,2,0,2,1,0,0,0,0,0,0,0,0,2,1,1,1,3,5,5,0,0,0,0,0,0,0,0,0.0625,0.125,0.125,0.125,0.125,0.125,0.125,0.125,0.0625,0,0,0,0,0,0,0,0,0,0,0.166666666666667,0.166666666666667,0.333333333333333,0,0.333333333333333,0.333333333333333,NA,NA,NA,NA,NA,NA,NA,0,0.333333333333333,0.166666666666667,0.166666666666667,0.166666666666667,0.5,0.833333333333333,0.833333333333333,0,NA,NA,NA,NA,NA,NA,NA,0,2,1,1,0,3,5,4,0,0,0,0,0,0,0,0,3,4,5,4,5,1,1,0,2,0,0,0,0,0,0,0,0,0,0,0,1,0,0,1,0,0,0,0,0,0,0,0,0,0,0,1,0,2,0,1,1,0,0,0,0,0,0,0,0,0.333333333333333,0.166666666666667,0.166666666666667,0,0.5,0.833333333333333,0.666666666666667,0,NA,NA,NA,NA,NA,NA,NA,1,0.666666666666667,0.833333333333333,0.666666666666667,0.833333333333333,0.166666666666667,0.166666666666667,0,0.666666666666667,NA,NA,NA,NA,NA,NA,NA,0,0,0,0,0.166666666666667,0,0,0.166666666666667,0,NA,NA,NA,NA,NA,NA,NA,0,0,0,0.166666666666667,0,0.333333333333333,0,0.166666666666667,0.333333333333333,NA,NA,NA,NA,NA,NA,NA
"989",3,3,3,6,0,3,6,0,6,6,0,0,6,0,0,0,0,0,0,0,0,0,0,0,0,1,0,0,2,0,0,0,0,0,0,3,0,1,3,0,1,5,0,0,3,0,0,0,0.0714285714285714,0.0714285714285714,0.0714285714285714,0.142857142857143,0,0.0714285714285714,0.142857142857143,0,0.142857142857143,0.142857142857143,0,0,0.142857142857143,0,0,0,0,0,0,0,NA,0,0,NA,0,0.166666666666667,NA,NA,0.333333333333333,NA,NA,NA,0,0,0,0.5,NA,0.333333333333333,0.5,NA,0.166666666666667,0.833333333333333,NA,NA,0.5,NA,NA,NA,0,0,0,3,0,1,3,0,1,4,0,0,3,0,0,0,3,3,3,3,0,2,3,0,5,1,0,0,1,0,0,0,0,0,0,0,0,0,0,0,0,1,0,0,0,0,0,0,0,0,0,0,0,0,0,0,0,0,0,0,2,0,0,0,0,0,0,0.5,NA,0.333333333333333,0.5,NA,0.166666666666667,0.666666666666667,NA,NA,0.5,NA,NA,NA,1,1,1,0.5,NA,0.666666666666667,0.5,NA,0.833333333333333,0.166666666666667,NA,NA,0.166666666666667,NA,NA,NA,0,0,0,0,NA,0,0,NA,0,0.166666666666667,NA,NA,0,NA,NA,NA,0,0,0,0,NA,0,0,NA,0,0,NA,NA,0.333333333333333,NA,NA,NA
"990",3,6,0,0,3,0,0,0,6,0,0,0,6,0,0,0,0,0,0,0,0,0,0,0,0,0,0,0,2,0,0,0,0,3,0,0,1,0,0,0,0,0,0,0,4,0,0,0,0.125,0.25,0,0,0.125,0,0,0,0.25,0,0,0,0.25,0,0,0,0,0,NA,NA,0,NA,NA,NA,0,NA,NA,NA,0.333333333333333,NA,NA,NA,0,0.5,NA,NA,0.333333333333333,NA,NA,NA,0,NA,NA,NA,0.666666666666667,NA,NA,NA,0,3,0,0,1,0,0,0,0,0,0,0,2,0,0,0,3,3,0,0,2,0,0,0,6,0,0,0,2,0,0,0,0,0,0,0,0,0,0,0,0,0,0,0,2,0,0,0,0,0,0,0,0,0,0,0,0,0,0,0,0,0,0,0,0,0.5,NA,NA,0.333333333333333,NA,NA,NA,0,NA,NA,NA,0.333333333333333,NA,NA,NA,1,0.5,NA,NA,0.666666666666667,NA,NA,NA,1,NA,NA,NA,0.333333333333333,NA,NA,NA,0,0,NA,NA,0,NA,NA,NA,0,NA,NA,NA,0.333333333333333,NA,NA,NA,0,0,NA,NA,0,NA,NA,NA,0,NA,NA,NA,0,NA,NA,NA
"991",3,6,6,3,0,6,6,6,3,6,0,0,3,0,0,0,0,0,1,0,0,0,0,1,0,0,0,0,1,0,0,0,0,1,2,1,0,2,3,3,0,4,0,0,1,0,0,0,0.0625,0.125,0.125,0.0625,0,0.125,0.125,0.125,0.0625,0.125,0,0,0.0625,0,0,0,0,0,0.166666666666667,0,NA,0,0,0.166666666666667,0,0,NA,NA,0.333333333333333,NA,NA,NA,0,0.166666666666667,0.333333333333333,0.333333333333333,NA,0.333333333333333,0.5,0.5,0,0.666666666666667,NA,NA,0.333333333333333,NA,NA,NA,0,1,1,1,0,2,3,3,0,4,0,0,1,0,0,0,3,5,4,2,0,4,3,2,3,2,0,0,1,0,0,0,0,0,1,0,0,0,0,0,0,0,0,0,0,0,0,0,0,0,0,0,0,0,0,1,0,0,0,0,1,0,0,0,0,0.166666666666667,0.166666666666667,0.333333333333333,NA,0.333333333333333,0.5,0.5,0,0.666666666666667,NA,NA,0.333333333333333,NA,NA,NA,1,0.833333333333333,0.666666666666667,0.666666666666667,NA,0.666666666666667,0.5,0.333333333333333,1,0.333333333333333,NA,NA,0.333333333333333,NA,NA,NA,0,0,0.166666666666667,0,NA,0,0,0,0,0,NA,NA,0,NA,NA,NA,0,0,0,0,NA,0,0,0.166666666666667,0,0,NA,NA,0.333333333333333,NA,NA,NA
"992",3,3,3,3,0,6,6,6,3,6,3,0,3,3,0,0,0,0,0,0,0,1,1,0,0,1,2,0,2,1,0,0,1,0,0,0,0,2,4,5,0,3,2,0,2,3,0,0,0.0625,0.0625,0.0625,0.0625,0,0.125,0.125,0.125,0.0625,0.125,0.0625,0,0.0625,0.0625,0,0,0,0,0,0,NA,0.166666666666667,0.166666666666667,0,0,0.166666666666667,0.666666666666667,NA,0.666666666666667,0.333333333333333,NA,NA,0.333333333333333,0,0,0,NA,0.333333333333333,0.666666666666667,0.833333333333333,0,0.5,0.666666666666667,NA,0.666666666666667,1,NA,NA,1,0,0,0,0,2,3,5,0,3,1,0,1,2,0,0,2,3,3,3,0,3,2,1,3,2,0,0,0,0,0,0,0,0,0,0,0,0,1,0,0,0,1,0,1,1,0,0,0,0,0,0,0,1,0,0,0,1,1,0,1,0,0,0,0.333333333333333,0,0,0,NA,0.333333333333333,0.5,0.833333333333333,0,0.5,0.333333333333333,NA,0.333333333333333,0.666666666666667,NA,NA,0.666666666666667,1,1,1,NA,0.5,0.333333333333333,0.166666666666667,1,0.333333333333333,0,NA,0,0,NA,NA,0,0,0,0,NA,0,0.166666666666667,0,0,0,0.333333333333333,NA,0.333333333333333,0.333333333333333,NA,NA,0,0,0,0,NA,0.166666666666667,0,0,0,0.166666666666667,0.333333333333333,NA,0.333333333333333,0,NA,NA
"993",3,3,3,6,0,6,6,6,6,6,0,0,3,0,0,0,0,0,0,1,0,0,1,4,0,2,0,0,2,0,0,0,0,0,0,2,0,2,4,4,0,4,0,0,3,0,0,0,0.0625,0.0625,0.0625,0.125,0,0.125,0.125,0.125,0.125,0.125,0,0,0.0625,0,0,0,0,0,0,0.166666666666667,NA,0,0.166666666666667,0.666666666666667,0,0.333333333333333,NA,NA,0.666666666666667,NA,NA,NA,0,0,0,0.333333333333333,NA,0.333333333333333,0.666666666666667,0.666666666666667,0,0.666666666666667,NA,NA,1,NA,NA,NA,0,0,0,2,0,2,4,1,0,2,0,0,1,0,0,0,3,3,3,3,0,4,1,1,6,2,0,0,0,0,0,0,0,0,0,0,0,0,0,3,0,2,0,0,2,0,0,0,0,0,0,1,0,0,1,1,0,0,0,0,0,0,0,0,0,0,0,0.333333333333333,NA,0.333333333333333,0.666666666666667,0.166666666666667,0,0.333333333333333,NA,NA,0.333333333333333,NA,NA,NA,1,1,1,0.5,NA,0.666666666666667,0.166666666666667,0.166666666666667,1,0.333333333333333,NA,NA,0,NA,NA,NA,0,0,0,0,NA,0,0,0.5,0,0.333333333333333,NA,NA,0.666666666666667,NA,NA,NA,0,0,0,0.166666666666667,NA,0,0.166666666666667,0.166666666666667,0,0,NA,NA,0,NA,NA,NA
"994",3,3,3,6,0,3,3,3,3,6,6,0,3,6,0,0,0,0,0,0,0,0,0,2,0,1,1,0,1,1,0,0,0,1,0,2,0,1,1,3,0,2,3,0,0,4,0,0,0.0625,0.0625,0.0625,0.125,0,0.0625,0.0625,0.0625,0.0625,0.125,0.125,0,0.0625,0.125,0,0,0,0,0,0,NA,0,0,0.666666666666667,0,0.166666666666667,0.166666666666667,NA,0.333333333333333,0.166666666666667,NA,NA,0,0.333333333333333,0,0.333333333333333,NA,0.333333333333333,0.333333333333333,1,0,0.333333333333333,0.5,NA,0,0.666666666666667,NA,NA,0,1,0,2,0,1,1,1,0,2,3,0,0,3,0,0,3,2,3,4,0,2,2,0,3,3,2,0,2,2,0,0,0,0,0,0,0,0,0,2,0,0,0,0,0,1,0,0,0,0,0,0,0,0,0,0,0,1,1,0,1,0,0,0,0,0.333333333333333,0,0.333333333333333,NA,0.333333333333333,0.333333333333333,0.333333333333333,0,0.333333333333333,0.5,NA,0,0.5,NA,NA,1,0.666666666666667,1,0.666666666666667,NA,0.666666666666667,0.666666666666667,0,1,0.5,0.333333333333333,NA,0.666666666666667,0.333333333333333,NA,NA,0,0,0,0,NA,0,0,0.666666666666667,0,0,0,NA,0,0.166666666666667,NA,NA,0,0,0,0,NA,0,0,0,0,0.166666666666667,0.166666666666667,NA,0.333333333333333,0,NA,NA
"995",3,3,6,6,0,3,0,0,3,6,0,0,6,0,0,0,0,0,1,2,0,0,0,0,0,0,0,0,1,0,0,0,0,1,2,3,0,1,0,0,1,4,0,0,3,0,0,0,0.0833333333333333,0.0833333333333333,0.166666666666667,0.166666666666667,0,0.0833333333333333,0,0,0.0833333333333333,0.166666666666667,0,0,0.166666666666667,0,0,0,0,0,0.166666666666667,0.333333333333333,NA,0,NA,NA,0,0,NA,NA,0.166666666666667,NA,NA,NA,0,0.333333333333333,0.333333333333333,0.5,NA,0.333333333333333,NA,NA,0.333333333333333,0.666666666666667,NA,NA,0.5,NA,NA,NA,0,1,1,1,0,1,0,0,1,4,0,0,3,0,0,0,3,2,4,3,0,2,0,0,2,2,0,0,2,0,0,0,0,0,1,2,0,0,0,0,0,0,0,0,0,0,0,0,0,0,0,0,0,0,0,0,0,0,0,0,1,0,0,0,0,0.333333333333333,0.166666666666667,0.166666666666667,NA,0.333333333333333,NA,NA,0.333333333333333,0.666666666666667,NA,NA,0.5,NA,NA,NA,1,0.666666666666667,0.666666666666667,0.5,NA,0.666666666666667,NA,NA,0.666666666666667,0.333333333333333,NA,NA,0.333333333333333,NA,NA,NA,0,0,0.166666666666667,0.333333333333333,NA,0,NA,NA,0,0,NA,NA,0,NA,NA,NA,0,0,0,0,NA,0,NA,NA,0,0,NA,NA,0.166666666666667,NA,NA,NA
"996",3,3,6,0,0,3,0,0,6,6,0,0,3,0,0,0,0,0,0,0,0,0,0,0,1,1,0,0,2,0,0,0,0,0,4,0,0,1,0,0,2,4,0,0,1,0,0,0,0.1,0.1,0.2,0,0,0.1,0,0,0.2,0.2,0,0,0.1,0,0,0,0,0,0,NA,NA,0,NA,NA,0.166666666666667,0.166666666666667,NA,NA,0.666666666666667,NA,NA,NA,0,0,0.666666666666667,NA,NA,0.333333333333333,NA,NA,0.333333333333333,0.666666666666667,NA,NA,0.333333333333333,NA,NA,NA,0,0,4,0,0,1,0,0,2,3,0,0,0,0,0,0,3,3,2,0,0,2,0,0,3,2,0,0,1,0,0,0,0,0,0,0,0,0,0,0,0,1,0,0,1,0,0,0,0,0,0,0,0,0,0,0,1,0,0,0,1,0,0,0,0,0,0.666666666666667,NA,NA,0.333333333333333,NA,NA,0.333333333333333,0.5,NA,NA,0,NA,NA,NA,1,1,0.333333333333333,NA,NA,0.666666666666667,NA,NA,0.5,0.333333333333333,NA,NA,0.333333333333333,NA,NA,NA,0,0,0,NA,NA,0,NA,NA,0,0.166666666666667,NA,NA,0.333333333333333,NA,NA,NA,0,0,0,NA,NA,0,NA,NA,0.166666666666667,0,NA,NA,0.333333333333333,NA,NA,NA
"997",3,3,3,6,6,3,6,0,6,6,6,0,0,0,0,0,0,0,0,0,1,0,0,0,2,0,2,0,0,0,0,0,0,0,1,3,1,0,2,0,3,5,4,0,0,0,0,0,0.0625,0.0625,0.0625,0.125,0.125,0.0625,0.125,0,0.125,0.125,0.125,0,0,0,0,0,0,0,0,0,0.166666666666667,0,0,NA,0.333333333333333,0,0.333333333333333,NA,NA,NA,NA,NA,0,0,0.333333333333333,0.5,0.166666666666667,0,0.333333333333333,NA,0.5,0.833333333333333,0.666666666666667,NA,NA,NA,NA,NA,0,0,1,3,1,0,2,0,2,5,2,0,0,0,0,0,3,3,2,3,4,3,4,0,2,1,2,0,0,0,0,0,0,0,0,0,0,0,0,0,1,0,2,0,0,0,0,0,0,0,0,0,1,0,0,0,1,0,0,0,0,0,0,0,0,0,0.333333333333333,0.5,0.166666666666667,0,0.333333333333333,NA,0.333333333333333,0.833333333333333,0.333333333333333,NA,NA,NA,NA,NA,1,1,0.666666666666667,0.5,0.666666666666667,1,0.666666666666667,NA,0.333333333333333,0.166666666666667,0.333333333333333,NA,NA,NA,NA,NA,0,0,0,0,0,0,0,NA,0.166666666666667,0,0.333333333333333,NA,NA,NA,NA,NA,0,0,0,0,0.166666666666667,0,0,NA,0.166666666666667,0,0,NA,NA,NA,NA,NA
"998",3,3,6,0,0,3,0,0,3,6,0,0,6,0,0,0,0,0,0,0,0,0,0,0,0,0,0,0,1,0,0,0,0,1,3,0,0,1,0,0,0,5,0,0,3,0,0,0,0.1,0.1,0.2,0,0,0.1,0,0,0.1,0.2,0,0,0.2,0,0,0,0,0,0,NA,NA,0,NA,NA,0,0,NA,NA,0.166666666666667,NA,NA,NA,0,0.333333333333333,0.5,NA,NA,0.333333333333333,NA,NA,0,0.833333333333333,NA,NA,0.5,NA,NA,NA,0,1,3,0,0,1,0,0,0,5,0,0,2,0,0,0,3,2,3,0,0,2,0,0,3,1,0,0,3,0,0,0,0,0,0,0,0,0,0,0,0,0,0,0,1,0,0,0,0,0,0,0,0,0,0,0,0,0,0,0,0,0,0,0,0,0.333333333333333,0.5,NA,NA,0.333333333333333,NA,NA,0,0.833333333333333,NA,NA,0.333333333333333,NA,NA,NA,1,0.666666666666667,0.5,NA,NA,0.666666666666667,NA,NA,1,0.166666666666667,NA,NA,0.5,NA,NA,NA,0,0,0,NA,NA,0,NA,NA,0,0,NA,NA,0.166666666666667,NA,NA,NA,0,0,0,NA,NA,0,NA,NA,0,0,NA,NA,0,NA,NA,NA
"999",3,3,3,6,3,0,3,3,3,6,6,0,3,6,0,0,0,0,0,0,0,0,0,1,1,0,0,0,1,1,0,0,0,1,1,2,0,0,1,0,1,2,6,0,1,4,0,0,0.0625,0.0625,0.0625,0.125,0.0625,0,0.0625,0.0625,0.0625,0.125,0.125,0,0.0625,0.125,0,0,0,0,0,0,0,NA,0,0.333333333333333,0.333333333333333,0,0,NA,0.333333333333333,0.166666666666667,NA,NA,0,0.333333333333333,0.333333333333333,0.333333333333333,0,NA,0.333333333333333,0,0.333333333333333,0.333333333333333,1,NA,0.333333333333333,0.666666666666667,NA,NA,0,1,1,2,0,0,1,0,0,2,6,0,1,3,0,0,3,2,2,4,3,0,2,2,2,4,0,0,1,2,0,0,0,0,0,0,0,0,0,0,1,0,0,0,0,1,0,0,0,0,0,0,0,0,0,1,0,0,0,0,1,0,0,0,0,0.333333333333333,0.333333333333333,0.333333333333333,0,NA,0.333333333333333,0,0,0.333333333333333,1,NA,0.333333333333333,0.5,NA,NA,1,0.666666666666667,0.666666666666667,0.666666666666667,1,NA,0.666666666666667,0.666666666666667,0.666666666666667,0.666666666666667,0,NA,0.333333333333333,0.333333333333333,NA,NA,0,0,0,0,0,NA,0,0,0.333333333333333,0,0,NA,0,0.166666666666667,NA,NA,0,0,0,0,0,NA,0,0.333333333333333,0,0,0,NA,0.333333333333333,0,NA,NA
"1000",3,3,3,6,3,6,6,0,6,3,0,0,3,0,0,0,0,0,0,0,0,2,2,0,0,1,0,0,2,0,0,0,1,0,0,4,0,3,5,0,2,3,0,0,0,0,0,0,0.0714285714285714,0.0714285714285714,0.0714285714285714,0.142857142857143,0.0714285714285714,0.142857142857143,0.142857142857143,0,0.142857142857143,0.0714285714285714,0,0,0.0714285714285714,0,0,0,0,0,0,0,0,0.333333333333333,0.333333333333333,NA,0,0.333333333333333,NA,NA,0.666666666666667,NA,NA,NA,0.333333333333333,0,0,0.666666666666667,0,0.5,0.833333333333333,NA,0.333333333333333,1,NA,NA,0,NA,NA,NA,1,0,0,4,0,2,3,0,2,2,0,0,0,0,0,0,2,3,3,2,3,2,1,0,4,0,0,0,1,0,0,0,0,0,0,0,0,1,2,0,0,1,0,0,0,0,0,0,0,0,0,0,0,1,0,0,0,0,0,0,2,0,0,0,0.333333333333333,0,0,0.666666666666667,0,0.333333333333333,0.5,NA,0.333333333333333,0.666666666666667,NA,NA,0,NA,NA,NA,0.666666666666667,1,1,0.333333333333333,1,0.333333333333333,0.166666666666667,NA,0.666666666666667,0,NA,NA,0.333333333333333,NA,NA,NA,0,0,0,0,0,0.166666666666667,0.333333333333333,NA,0,0.333333333333333,NA,NA,0,NA,NA,NA,0,0,0,0,0,0.166666666666667,0,NA,0,0,NA,NA,0.666666666666667,NA,NA,NA
"1001",3,3,6,3,0,3,0,0,6,6,0,0,6,0,0,0,0,0,0,1,0,0,0,0,0,1,0,0,2,0,0,0,0,1,2,0,0,1,0,0,1,4,0,0,2,0,0,0,0.0833333333333333,0.0833333333333333,0.166666666666667,0.0833333333333333,0,0.0833333333333333,0,0,0.166666666666667,0.166666666666667,0,0,0.166666666666667,0,0,0,0,0,0,0.333333333333333,NA,0,NA,NA,0,0.166666666666667,NA,NA,0.333333333333333,NA,NA,NA,0,0.333333333333333,0.333333333333333,0,NA,0.333333333333333,NA,NA,0.166666666666667,0.666666666666667,NA,NA,0.333333333333333,NA,NA,NA,0,1,2,0,0,1,0,0,1,3,0,0,2,0,0,0,3,2,4,2,0,2,0,0,5,2,0,0,2,0,0,0,0,0,0,0,0,0,0,0,0,1,0,0,0,0,0,0,0,0,0,1,0,0,0,0,0,0,0,0,2,0,0,0,0,0.333333333333333,0.333333333333333,0,NA,0.333333333333333,NA,NA,0.166666666666667,0.5,NA,NA,0.333333333333333,NA,NA,NA,1,0.666666666666667,0.666666666666667,0.666666666666667,NA,0.666666666666667,NA,NA,0.833333333333333,0.333333333333333,NA,NA,0.333333333333333,NA,NA,NA,0,0,0,0,NA,0,NA,NA,0,0.166666666666667,NA,NA,0,NA,NA,NA,0,0,0,0.333333333333333,NA,0,NA,NA,0,0,NA,NA,0.333333333333333,NA,NA,NA
"1002",3,6,6,6,3,6,6,6,0,6,0,0,0,0,0,0,0,0,1,0,0,0,0,2,0,2,0,0,0,0,0,0,0,2,1,2,1,2,5,4,0,2,0,0,0,0,0,0,0.0625,0.125,0.125,0.125,0.0625,0.125,0.125,0.125,0,0.125,0,0,0,0,0,0,0,0,0.166666666666667,0,0,0,0,0.333333333333333,NA,0.333333333333333,NA,NA,NA,NA,NA,NA,0,0.333333333333333,0.166666666666667,0.333333333333333,0.333333333333333,0.333333333333333,0.833333333333333,0.666666666666667,NA,0.333333333333333,NA,NA,NA,NA,NA,NA,0,2,0,2,1,2,5,3,0,1,0,0,0,0,0,0,3,4,5,4,2,4,1,1,0,3,0,0,0,0,0,0,0,0,1,0,0,0,0,1,0,1,0,0,0,0,0,0,0,0,0,0,0,0,0,1,0,1,0,0,0,0,0,0,0,0.333333333333333,0,0.333333333333333,0.333333333333333,0.333333333333333,0.833333333333333,0.5,NA,0.166666666666667,NA,NA,NA,NA,NA,NA,1,0.666666666666667,0.833333333333333,0.666666666666667,0.666666666666667,0.666666666666667,0.166666666666667,0.166666666666667,NA,0.5,NA,NA,NA,NA,NA,NA,0,0,0.166666666666667,0,0,0,0,0.166666666666667,NA,0.166666666666667,NA,NA,NA,NA,NA,NA,0,0,0,0,0,0,0,0.166666666666667,NA,0.166666666666667,NA,NA,NA,NA,NA,NA
