"","npts11","npts21","npts31","npts41","npts12","npts22","npts32","npts42","npts13","npts23","npts33","npts43","npts14","npts24","npts34","npts44","ntox11","ntox21","ntox31","ntox41","ntox12","ntox22","ntox32","ntox42","ntox13","ntox23","ntox33","ntox43","ntox14","ntox24","ntox34","ntox44","neff11","neff21","neff31","neff41","neff12","neff22","neff32","neff42","neff13","neff23","neff33","neff43","neff14","neff24","neff34","neff44","ppts11","ppts21","ppts31","ppts41","ppts12","ppts22","ppts32","ppts42","ppts13","ppts23","ppts33","ppts43","ppts14","ppts24","ppts34","ppts44","ptox11","ptox21","ptox31","ptox41","ptox12","ptox22","ptox32","ptox42","ptox13","ptox23","ptox33","ptox43","ptox14","ptox24","ptox34","ptox44","peff11","peff21","peff31","peff41","peff12","peff22","peff32","peff42","peff13","peff23","peff33","peff43","peff14","peff24","peff34","peff44","nct111","nct121","nct131","nct141","nct112","nct122","nct132","nct142","nct113","nct123","nct133","nct143","nct114","nct124","nct134","nct144","nct211","nct221","nct231","nct241","nct212","nct222","nct232","nct242","nct213","nct223","nct233","nct243","nct214","nct224","nct234","nct244","nct311","nct321","nct331","nct341","nct312","nct322","nct332","nct342","nct313","nct323","nct333","nct343","nct314","nct324","nct334","nct344","nct411","nct421","nct431","nct441","nct412","nct422","nct432","nct442","nct413","nct423","nct433","nct443","nct414","nct424","nct434","nct444","pct111","pct121","pct131","pct141","pct112","pct122","pct132","pct142","pct113","pct123","pct133","pct143","pct114","pct124","pct134","pct144","pct211","pct221","pct231","pct241","pct212","pct222","pct232","pct242","pct213","pct223","pct233","pct243","pct214","pct224","pct234","pct244","pct311","pct321","pct331","pct341","pct312","pct322","pct332","pct342","pct313","pct323","pct333","pct343","pct314","pct324","pct334","pct344","pct411","pct421","pct431","pct441","pct412","pct422","pct432","pct442","pct413","pct423","pct433","pct443","pct414","pct424","pct434","pct444"
"1",1,2,3,4,1,2,3,4,1,2,3,4,1,2,3,4,1,2,3,4,1,2,3,4,1,2,3,4,1,2,3,4,1,2,3,4,1,2,3,4,1,2,3,4,1,2,3,4,1,2,3,4,1,2,3,4,1,2,3,4,1,2,3,4,1,2,3,4,1,2,3,4,1,2,3,4,1,2,3,4,1,2,3,4,1,2,3,4,1,2,3,4,1,2,3,4,1,2,3,4,1,2,3,4,1,2,3,4,1,2,3,4,1,2,3,4,1,2,3,4,1,2,3,4,1,2,3,4,1,2,3,4,1,2,3,4,1,2,3,4,1,2,3,4,1,2,3,4,1,2,3,4,1,2,3,4,1,2,3,4,1,2,3,4,1,2,3,4,1,2,3,4,1,2,3,4,1,2,3,4,1,2,3,4,1,2,3,4,1,2,3,4,1,2,3,4,1,2,3,4,1,2,3,4,1,2,3,4,1,2,3,4,1,2,3,4,1,2,3,4,1,2,3,4
"2",1,1,1,1,2,2,2,2,3,3,3,3,4,4,4,4,1,1,1,1,2,2,2,2,3,3,3,3,4,4,4,4,1,1,1,1,2,2,2,2,3,3,3,3,4,4,4,4,1,1,1,1,2,2,2,2,3,3,3,3,4,4,4,4,1,1,1,1,2,2,2,2,3,3,3,3,4,4,4,4,1,1,1,1,2,2,2,2,3,3,3,3,4,4,4,4,1,1,1,1,2,2,2,2,3,3,3,3,4,4,4,4,1,1,1,1,2,2,2,2,3,3,3,3,4,4,4,4,1,1,1,1,2,2,2,2,3,3,3,3,4,4,4,4,1,1,1,1,2,2,2,2,3,3,3,3,4,4,4,4,1,1,1,1,2,2,2,2,3,3,3,3,4,4,4,4,1,1,1,1,2,2,2,2,3,3,3,3,4,4,4,4,1,1,1,1,2,2,2,2,3,3,3,3,4,4,4,4,1,1,1,1,2,2,2,2,3,3,3,3,4,4,4,4
"3",6,6,3,6,0,3,6,6,0,3,6,0,0,3,0,0,0,1,0,0,0,0,1,4,0,0,3,0,0,2,0,0,0,1,1,1,0,1,2,3,0,1,5,0,0,3,0,0,0.125,0.125,0.0625,0.125,0,0.0625,0.125,0.125,0,0.0625,0.125,0,0,0.0625,0,0,0,0.166666666666667,0,0,NA,0,0.166666666666667,0.666666666666667,NA,0,0.5,NA,NA,0.666666666666667,NA,NA,0,0.166666666666667,0.333333333333333,0.166666666666667,NA,0.333333333333333,0.333333333333333,0.5,NA,0.333333333333333,0.833333333333333,NA,NA,1,NA,NA,0,1,1,1,0,1,2,0,0,1,2,0,0,1,0,0,6,4,2,5,0,2,3,2,0,2,1,0,0,0,0,0,0,0,0,0,0,0,0,3,0,0,3,0,0,2,0,0,0,1,0,0,0,0,1,1,0,0,0,0,0,0,0,0,0,0.166666666666667,0.333333333333333,0.166666666666667,NA,0.333333333333333,0.333333333333333,0,NA,0.333333333333333,0.333333333333333,NA,NA,0.333333333333333,NA,NA,1,0.666666666666667,0.666666666666667,0.833333333333333,NA,0.666666666666667,0.5,0.333333333333333,NA,0.666666666666667,0.166666666666667,NA,NA,0,NA,NA,0,0,0,0,NA,0,0,0.5,NA,0,0.5,NA,NA,0.666666666666667,NA,NA,0,0.166666666666667,0,0,NA,0,0.166666666666667,0.166666666666667,NA,0,0,NA,NA,0,NA,NA
"4",3,6,6,6,0,3,6,6,0,3,3,0,0,6,0,0,0,0,1,0,0,0,1,1,0,0,2,0,0,0,0,0,1,0,2,0,0,0,1,4,0,1,2,0,0,2,0,0,0.0625,0.125,0.125,0.125,0,0.0625,0.125,0.125,0,0.0625,0.0625,0,0,0.125,0,0,0,0,0.166666666666667,0,NA,0,0.166666666666667,0.166666666666667,NA,0,0.666666666666667,NA,NA,0,NA,NA,0.333333333333333,0,0.333333333333333,0,NA,0,0.166666666666667,0.666666666666667,NA,0.333333333333333,0.666666666666667,NA,NA,0.333333333333333,NA,NA,1,0,2,0,0,0,1,3,0,1,0,0,0,2,0,0,2,6,3,6,0,3,4,2,0,2,1,0,0,4,0,0,0,0,0,0,0,0,0,1,0,0,2,0,0,0,0,0,0,0,1,0,0,0,1,0,0,0,0,0,0,0,0,0,0.333333333333333,0,0.333333333333333,0,NA,0,0.166666666666667,0.5,NA,0.333333333333333,0,NA,NA,0.333333333333333,NA,NA,0.666666666666667,1,0.5,1,NA,1,0.666666666666667,0.333333333333333,NA,0.666666666666667,0.333333333333333,NA,NA,0.666666666666667,NA,NA,0,0,0,0,NA,0,0,0.166666666666667,NA,0,0.666666666666667,NA,NA,0,NA,NA,0,0,0.166666666666667,0,NA,0,0.166666666666667,0,NA,0,0,NA,NA,0,NA,NA
"5",3,3,3,6,3,6,6,6,0,6,6,0,0,0,0,0,0,0,0,0,0,0,0,2,0,2,5,0,0,0,0,0,0,0,0,1,0,2,0,4,0,2,4,0,0,0,0,0,0.0625,0.0625,0.0625,0.125,0.0625,0.125,0.125,0.125,0,0.125,0.125,0,0,0,0,0,0,0,0,0,0,0,0,0.333333333333333,NA,0.333333333333333,0.833333333333333,NA,NA,NA,NA,NA,0,0,0,0.166666666666667,0,0.333333333333333,0,0.666666666666667,NA,0.333333333333333,0.666666666666667,NA,NA,NA,NA,NA,0,0,0,1,0,2,0,2,0,0,0,0,0,0,0,0,3,3,3,5,3,4,6,2,0,4,1,0,0,0,0,0,0,0,0,0,0,0,0,2,0,2,4,0,0,0,0,0,0,0,0,0,0,0,0,0,0,0,1,0,0,0,0,0,0,0,0,0.166666666666667,0,0.333333333333333,0,0.333333333333333,NA,0,0,NA,NA,NA,NA,NA,1,1,1,0.833333333333333,1,0.666666666666667,1,0.333333333333333,NA,0.666666666666667,0.166666666666667,NA,NA,NA,NA,NA,0,0,0,0,0,0,0,0.333333333333333,NA,0.333333333333333,0.666666666666667,NA,NA,NA,NA,NA,0,0,0,0,0,0,0,0,NA,0,0.166666666666667,NA,NA,NA,NA,NA
"6",3,3,3,6,0,6,6,6,0,6,6,0,0,3,0,0,0,0,0,0,0,0,0,1,0,1,3,0,0,1,0,0,0,0,0,1,0,0,2,4,0,1,3,0,0,3,0,0,0.0625,0.0625,0.0625,0.125,0,0.125,0.125,0.125,0,0.125,0.125,0,0,0.0625,0,0,0,0,0,0,NA,0,0,0.166666666666667,NA,0.166666666666667,0.5,NA,NA,0.333333333333333,NA,NA,0,0,0,0.166666666666667,NA,0,0.333333333333333,0.666666666666667,NA,0.166666666666667,0.5,NA,NA,1,NA,NA,0,0,0,1,0,0,2,3,0,1,2,0,0,2,0,0,3,3,3,5,0,6,4,2,0,4,1,0,0,0,0,0,0,0,0,0,0,0,0,1,0,0,1,0,0,1,0,0,0,0,0,0,0,0,0,0,0,1,2,0,0,0,0,0,0,0,0,0.166666666666667,NA,0,0.333333333333333,0.5,NA,0.166666666666667,0.333333333333333,NA,NA,0.666666666666667,NA,NA,1,1,1,0.833333333333333,NA,1,0.666666666666667,0.333333333333333,NA,0.666666666666667,0.166666666666667,NA,NA,0,NA,NA,0,0,0,0,NA,0,0,0.166666666666667,NA,0,0.166666666666667,NA,NA,0.333333333333333,NA,NA,0,0,0,0,NA,0,0,0,NA,0.166666666666667,0.333333333333333,NA,NA,0,NA,NA
"7",3,6,6,3,0,0,3,6,0,6,3,0,0,6,6,0,0,0,1,0,0,0,0,1,0,0,0,0,0,2,1,0,0,1,0,1,0,0,0,3,0,2,1,0,0,4,3,0,0.0625,0.125,0.125,0.0625,0,0,0.0625,0.125,0,0.125,0.0625,0,0,0.125,0.125,0,0,0,0.166666666666667,0,NA,NA,0,0.166666666666667,NA,0,0,NA,NA,0.333333333333333,0.166666666666667,NA,0,0.166666666666667,0,0.333333333333333,NA,NA,0,0.5,NA,0.333333333333333,0.333333333333333,NA,NA,0.666666666666667,0.5,NA,0,1,0,1,0,0,0,2,0,2,1,0,0,3,3,0,3,5,5,2,0,0,3,3,0,4,2,0,0,1,2,0,0,0,0,0,0,0,0,1,0,0,0,0,0,1,0,0,0,0,1,0,0,0,0,0,0,0,0,0,0,1,1,0,0,0.166666666666667,0,0.333333333333333,NA,NA,0,0.333333333333333,NA,0.333333333333333,0.333333333333333,NA,NA,0.5,0.5,NA,1,0.833333333333333,0.833333333333333,0.666666666666667,NA,NA,1,0.5,NA,0.666666666666667,0.666666666666667,NA,NA,0.166666666666667,0.333333333333333,NA,0,0,0,0,NA,NA,0,0.166666666666667,NA,0,0,NA,NA,0.166666666666667,0,NA,0,0,0.166666666666667,0,NA,NA,0,0,NA,0,0,NA,NA,0.166666666666667,0.166666666666667,NA
"8",3,3,3,3,0,3,6,6,3,6,3,3,6,0,0,0,0,0,0,0,0,0,0,1,0,0,1,1,0,0,0,0,0,0,1,1,0,0,2,3,0,3,1,2,2,0,0,0,0.0625,0.0625,0.0625,0.0625,0,0.0625,0.125,0.125,0.0625,0.125,0.0625,0.0625,0.125,0,0,0,0,0,0,0,NA,0,0,0.166666666666667,0,0,0.333333333333333,0.333333333333333,0,NA,NA,NA,0,0,0.333333333333333,0.333333333333333,NA,0,0.333333333333333,0.5,0,0.5,0.333333333333333,0.666666666666667,0.333333333333333,NA,NA,NA,0,0,1,1,0,0,2,3,0,3,1,1,2,0,0,0,3,3,2,2,0,3,4,2,3,3,1,1,4,0,0,0,0,0,0,0,0,0,0,0,0,0,0,1,0,0,0,0,0,0,0,0,0,0,0,1,0,0,1,0,0,0,0,0,0,0,0.333333333333333,0.333333333333333,NA,0,0.333333333333333,0.5,0,0.5,0.333333333333333,0.333333333333333,0.333333333333333,NA,NA,NA,1,1,0.666666666666667,0.666666666666667,NA,1,0.666666666666667,0.333333333333333,1,0.5,0.333333333333333,0.333333333333333,0.666666666666667,NA,NA,NA,0,0,0,0,NA,0,0,0,0,0,0,0.333333333333333,0,NA,NA,NA,0,0,0,0,NA,0,0,0.166666666666667,0,0,0.333333333333333,0,0,NA,NA,NA
"9",6,6,3,6,0,3,6,6,0,3,6,0,0,3,0,0,0,1,0,0,0,0,0,1,0,0,3,0,0,1,0,0,1,0,0,2,0,1,1,4,0,1,4,0,0,1,0,0,0.125,0.125,0.0625,0.125,0,0.0625,0.125,0.125,0,0.0625,0.125,0,0,0.0625,0,0,0,0.166666666666667,0,0,NA,0,0,0.166666666666667,NA,0,0.5,NA,NA,0.333333333333333,NA,NA,0.166666666666667,0,0,0.333333333333333,NA,0.333333333333333,0.166666666666667,0.666666666666667,NA,0.333333333333333,0.666666666666667,NA,NA,0.333333333333333,NA,NA,1,0,0,2,0,1,1,3,0,1,1,0,0,0,0,0,5,5,3,4,0,2,5,2,0,2,2,0,0,2,0,0,0,0,0,0,0,0,0,1,0,0,3,0,0,1,0,0,0,1,0,0,0,0,0,0,0,0,0,0,0,0,0,0,0.166666666666667,0,0,0.333333333333333,NA,0.333333333333333,0.166666666666667,0.5,NA,0.333333333333333,0.166666666666667,NA,NA,0,NA,NA,0.833333333333333,0.833333333333333,1,0.666666666666667,NA,0.666666666666667,0.833333333333333,0.333333333333333,NA,0.666666666666667,0.333333333333333,NA,NA,0.666666666666667,NA,NA,0,0,0,0,NA,0,0,0.166666666666667,NA,0,0.5,NA,NA,0.333333333333333,NA,NA,0,0.166666666666667,0,0,NA,0,0,0,NA,0,0,NA,NA,0,NA,NA
"10",3,3,3,6,6,6,6,0,3,3,3,0,6,0,0,0,0,0,0,0,1,1,0,0,0,1,1,0,1,0,0,0,0,0,1,3,2,2,3,0,0,0,1,0,1,0,0,0,0.0625,0.0625,0.0625,0.125,0.125,0.125,0.125,0,0.0625,0.0625,0.0625,0,0.125,0,0,0,0,0,0,0,0.166666666666667,0.166666666666667,0,NA,0,0.333333333333333,0.333333333333333,NA,0.166666666666667,NA,NA,NA,0,0,0.333333333333333,0.5,0.333333333333333,0.333333333333333,0.5,NA,0,0,0.333333333333333,NA,0.166666666666667,NA,NA,NA,0,0,1,3,2,2,3,0,0,0,1,0,1,0,0,0,3,3,2,3,3,3,3,0,3,2,1,0,4,0,0,0,0,0,0,0,0,0,0,0,0,0,0,0,0,0,0,0,0,0,0,0,1,1,0,0,0,1,1,0,1,0,0,0,0,0,0.333333333333333,0.5,0.333333333333333,0.333333333333333,0.5,NA,0,0,0.333333333333333,NA,0.166666666666667,NA,NA,NA,1,1,0.666666666666667,0.5,0.5,0.5,0.5,NA,1,0.666666666666667,0.333333333333333,NA,0.666666666666667,NA,NA,NA,0,0,0,0,0,0,0,NA,0,0,0,NA,0,NA,NA,NA,0,0,0,0,0.166666666666667,0.166666666666667,0,NA,0,0.333333333333333,0.333333333333333,NA,0.166666666666667,NA,NA,NA
"11",3,6,6,6,0,3,6,6,0,6,6,0,0,0,0,0,0,1,1,0,0,0,0,1,0,1,2,0,0,0,0,0,0,0,1,2,0,0,2,5,0,4,3,0,0,0,0,0,0.0625,0.125,0.125,0.125,0,0.0625,0.125,0.125,0,0.125,0.125,0,0,0,0,0,0,0.166666666666667,0.166666666666667,0,NA,0,0,0.166666666666667,NA,0.166666666666667,0.333333333333333,NA,NA,NA,NA,NA,0,0,0.166666666666667,0.333333333333333,NA,0,0.333333333333333,0.833333333333333,NA,0.666666666666667,0.5,NA,NA,NA,NA,NA,0,0,1,2,0,0,2,4,0,4,2,0,0,0,0,0,3,5,4,4,0,3,4,1,0,1,2,0,0,0,0,0,0,0,0,0,0,0,0,1,0,0,1,0,0,0,0,0,0,1,1,0,0,0,0,0,0,1,1,0,0,0,0,0,0,0,0.166666666666667,0.333333333333333,NA,0,0.333333333333333,0.666666666666667,NA,0.666666666666667,0.333333333333333,NA,NA,NA,NA,NA,1,0.833333333333333,0.666666666666667,0.666666666666667,NA,1,0.666666666666667,0.166666666666667,NA,0.166666666666667,0.333333333333333,NA,NA,NA,NA,NA,0,0,0,0,NA,0,0,0.166666666666667,NA,0,0.166666666666667,NA,NA,NA,NA,NA,0,0.166666666666667,0.166666666666667,0,NA,0,0,0,NA,0.166666666666667,0.166666666666667,NA,NA,NA,NA,NA
"12",3,3,3,6,0,3,6,0,3,6,6,0,6,0,0,0,0,0,0,1,0,0,2,0,0,1,2,0,0,0,0,0,0,0,0,3,0,0,0,0,0,5,5,0,2,0,0,0,0.0666666666666667,0.0666666666666667,0.0666666666666667,0.133333333333333,0,0.0666666666666667,0.133333333333333,0,0.0666666666666667,0.133333333333333,0.133333333333333,0,0.133333333333333,0,0,0,0,0,0,0.166666666666667,NA,0,0.333333333333333,NA,0,0.166666666666667,0.333333333333333,NA,0,NA,NA,NA,0,0,0,0.5,NA,0,0,NA,0,0.833333333333333,0.833333333333333,NA,0.333333333333333,NA,NA,NA,0,0,0,3,0,0,0,0,0,5,3,0,2,0,0,0,3,3,3,2,0,3,4,0,3,0,1,0,4,0,0,0,0,0,0,0,0,0,0,0,0,0,2,0,0,0,0,0,0,0,0,1,0,0,2,0,0,1,0,0,0,0,0,0,0,0,0,0.5,NA,0,0,NA,0,0.833333333333333,0.5,NA,0.333333333333333,NA,NA,NA,1,1,1,0.333333333333333,NA,1,0.666666666666667,NA,1,0,0.166666666666667,NA,0.666666666666667,NA,NA,NA,0,0,0,0,NA,0,0,NA,0,0,0.333333333333333,NA,0,NA,NA,NA,0,0,0,0.166666666666667,NA,0,0.333333333333333,NA,0,0.166666666666667,0,NA,0,NA,NA,NA
"13",3,6,0,0,3,0,0,0,6,0,0,0,6,0,0,0,0,0,0,0,0,0,0,0,1,0,0,0,1,0,0,0,0,3,0,0,0,0,0,0,2,0,0,0,3,0,0,0,0.125,0.25,0,0,0.125,0,0,0,0.25,0,0,0,0.25,0,0,0,0,0,NA,NA,0,NA,NA,NA,0.166666666666667,NA,NA,NA,0.166666666666667,NA,NA,NA,0,0.5,NA,NA,0,NA,NA,NA,0.333333333333333,NA,NA,NA,0.5,NA,NA,NA,0,3,0,0,0,0,0,0,2,0,0,0,2,0,0,0,3,3,0,0,3,0,0,0,3,0,0,0,3,0,0,0,0,0,0,0,0,0,0,0,0,0,0,0,1,0,0,0,0,0,0,0,0,0,0,0,1,0,0,0,0,0,0,0,0,0.5,NA,NA,0,NA,NA,NA,0.333333333333333,NA,NA,NA,0.333333333333333,NA,NA,NA,1,0.5,NA,NA,1,NA,NA,NA,0.5,NA,NA,NA,0.5,NA,NA,NA,0,0,NA,NA,0,NA,NA,NA,0,NA,NA,NA,0.166666666666667,NA,NA,NA,0,0,NA,NA,0,NA,NA,NA,0.166666666666667,NA,NA,NA,0,NA,NA,NA
"14",3,3,3,3,0,3,6,6,3,6,6,0,0,6,0,0,0,0,0,0,0,0,0,1,1,1,1,0,0,2,0,0,0,1,1,0,0,0,1,3,0,1,4,0,0,6,0,0,0.0625,0.0625,0.0625,0.0625,0,0.0625,0.125,0.125,0.0625,0.125,0.125,0,0,0.125,0,0,0,0,0,0,NA,0,0,0.166666666666667,0.333333333333333,0.166666666666667,0.166666666666667,NA,NA,0.333333333333333,NA,NA,0,0.333333333333333,0.333333333333333,0,NA,0,0.166666666666667,0.5,0,0.166666666666667,0.666666666666667,NA,NA,1,NA,NA,0,1,1,0,0,0,1,3,0,1,3,0,0,4,0,0,3,2,2,3,0,3,5,2,2,4,2,0,0,0,0,0,0,0,0,0,0,0,0,0,0,0,1,0,0,2,0,0,0,0,0,0,0,0,0,1,1,1,0,0,0,0,0,0,0,0.333333333333333,0.333333333333333,0,NA,0,0.166666666666667,0.5,0,0.166666666666667,0.5,NA,NA,0.666666666666667,NA,NA,1,0.666666666666667,0.666666666666667,1,NA,1,0.833333333333333,0.333333333333333,0.666666666666667,0.666666666666667,0.333333333333333,NA,NA,0,NA,NA,0,0,0,0,NA,0,0,0,0,0,0.166666666666667,NA,NA,0.333333333333333,NA,NA,0,0,0,0,NA,0,0,0.166666666666667,0.333333333333333,0.166666666666667,0,NA,NA,0,NA,NA
"15",3,3,3,6,3,6,6,0,6,3,0,0,6,0,0,0,0,0,0,0,0,1,0,0,0,2,0,0,2,0,0,0,1,0,1,3,1,1,3,0,0,2,0,0,0,0,0,0,0.0666666666666667,0.0666666666666667,0.0666666666666667,0.133333333333333,0.0666666666666667,0.133333333333333,0.133333333333333,0,0.133333333333333,0.0666666666666667,0,0,0.133333333333333,0,0,0,0,0,0,0,0,0.166666666666667,0,NA,0,0.666666666666667,NA,NA,0.333333333333333,NA,NA,NA,0.333333333333333,0,0.333333333333333,0.5,0.333333333333333,0.166666666666667,0.5,NA,0,0.666666666666667,NA,NA,0,NA,NA,NA,1,0,1,3,1,1,3,0,0,1,0,0,0,0,0,0,2,3,2,3,2,4,3,0,6,0,0,0,4,0,0,0,0,0,0,0,0,0,0,0,0,1,0,0,0,0,0,0,0,0,0,0,0,1,0,0,0,1,0,0,2,0,0,0,0.333333333333333,0,0.333333333333333,0.5,0.333333333333333,0.166666666666667,0.5,NA,0,0.333333333333333,NA,NA,0,NA,NA,NA,0.666666666666667,1,0.666666666666667,0.5,0.666666666666667,0.666666666666667,0.5,NA,1,0,NA,NA,0.666666666666667,NA,NA,NA,0,0,0,0,0,0,0,NA,0,0.333333333333333,NA,NA,0,NA,NA,NA,0,0,0,0,0,0.166666666666667,0,NA,0,0.333333333333333,NA,NA,0.333333333333333,NA,NA,NA
"16",3,3,3,6,0,3,6,6,0,6,6,0,0,6,0,0,0,0,0,0,0,0,1,2,0,0,3,0,0,2,0,0,0,0,1,1,0,0,1,3,0,1,3,0,0,5,0,0,0.0625,0.0625,0.0625,0.125,0,0.0625,0.125,0.125,0,0.125,0.125,0,0,0.125,0,0,0,0,0,0,NA,0,0.166666666666667,0.333333333333333,NA,0,0.5,NA,NA,0.333333333333333,NA,NA,0,0,0.333333333333333,0.166666666666667,NA,0,0.166666666666667,0.5,NA,0.166666666666667,0.5,NA,NA,0.833333333333333,NA,NA,0,0,1,1,0,0,1,1,0,1,1,0,0,4,0,0,3,3,2,5,0,3,4,3,0,5,2,0,0,0,0,0,0,0,0,0,0,0,0,2,0,0,2,0,0,1,0,0,0,0,0,0,0,0,1,0,0,0,1,0,0,1,0,0,0,0,0.333333333333333,0.166666666666667,NA,0,0.166666666666667,0.166666666666667,NA,0.166666666666667,0.166666666666667,NA,NA,0.666666666666667,NA,NA,1,1,0.666666666666667,0.833333333333333,NA,1,0.666666666666667,0.5,NA,0.833333333333333,0.333333333333333,NA,NA,0,NA,NA,0,0,0,0,NA,0,0,0.333333333333333,NA,0,0.333333333333333,NA,NA,0.166666666666667,NA,NA,0,0,0,0,NA,0,0.166666666666667,0,NA,0,0.166666666666667,NA,NA,0.166666666666667,NA,NA
"17",3,3,3,3,3,3,6,6,6,6,0,0,0,6,0,0,0,0,0,0,0,0,2,0,1,0,0,0,0,2,0,0,0,0,0,1,1,1,4,4,3,1,0,0,0,5,0,0,0.0625,0.0625,0.0625,0.0625,0.0625,0.0625,0.125,0.125,0.125,0.125,0,0,0,0.125,0,0,0,0,0,0,0,0,0.333333333333333,0,0.166666666666667,0,NA,NA,NA,0.333333333333333,NA,NA,0,0,0,0.333333333333333,0.333333333333333,0.333333333333333,0.666666666666667,0.666666666666667,0.5,0.166666666666667,NA,NA,NA,0.833333333333333,NA,NA,0,0,0,1,1,1,3,4,3,1,0,0,0,4,0,0,3,3,3,2,2,2,1,2,2,5,0,0,0,0,0,0,0,0,0,0,0,0,1,0,0,0,0,0,0,1,0,0,0,0,0,0,0,0,1,0,1,0,0,0,0,1,0,0,0,0,0,0.333333333333333,0.333333333333333,0.333333333333333,0.5,0.666666666666667,0.5,0.166666666666667,NA,NA,NA,0.666666666666667,NA,NA,1,1,1,0.666666666666667,0.666666666666667,0.666666666666667,0.166666666666667,0.333333333333333,0.333333333333333,0.833333333333333,NA,NA,NA,0,NA,NA,0,0,0,0,0,0,0.166666666666667,0,0,0,NA,NA,NA,0.166666666666667,NA,NA,0,0,0,0,0,0,0.166666666666667,0,0.166666666666667,0,NA,NA,NA,0.166666666666667,NA,NA
"18",3,3,3,6,0,3,6,6,0,6,6,0,0,6,0,0,0,0,0,0,0,0,0,4,0,0,2,0,0,0,0,0,1,0,1,1,0,0,2,3,0,2,4,0,0,6,0,0,0.0625,0.0625,0.0625,0.125,0,0.0625,0.125,0.125,0,0.125,0.125,0,0,0.125,0,0,0,0,0,0,NA,0,0,0.666666666666667,NA,0,0.333333333333333,NA,NA,0,NA,NA,0.333333333333333,0,0.333333333333333,0.166666666666667,NA,0,0.333333333333333,0.5,NA,0.333333333333333,0.666666666666667,NA,NA,1,NA,NA,1,0,1,1,0,0,2,2,0,2,2,0,0,6,0,0,2,3,2,5,0,3,4,0,0,4,2,0,0,0,0,0,0,0,0,0,0,0,0,1,0,0,2,0,0,0,0,0,0,0,0,0,0,0,0,3,0,0,0,0,0,0,0,0,0.333333333333333,0,0.333333333333333,0.166666666666667,NA,0,0.333333333333333,0.333333333333333,NA,0.333333333333333,0.333333333333333,NA,NA,1,NA,NA,0.666666666666667,1,0.666666666666667,0.833333333333333,NA,1,0.666666666666667,0,NA,0.666666666666667,0.333333333333333,NA,NA,0,NA,NA,0,0,0,0,NA,0,0,0.166666666666667,NA,0,0.333333333333333,NA,NA,0,NA,NA,0,0,0,0,NA,0,0,0.5,NA,0,0,NA,NA,0,NA,NA
"19",3,3,3,6,3,6,6,6,0,3,6,3,0,0,0,0,0,0,0,0,0,2,0,2,0,1,2,1,0,0,0,0,0,1,0,2,0,3,2,4,0,1,3,1,0,0,0,0,0.0625,0.0625,0.0625,0.125,0.0625,0.125,0.125,0.125,0,0.0625,0.125,0.0625,0,0,0,0,0,0,0,0,0,0.333333333333333,0,0.333333333333333,NA,0.333333333333333,0.333333333333333,0.333333333333333,NA,NA,NA,NA,0,0.333333333333333,0,0.333333333333333,0,0.5,0.333333333333333,0.666666666666667,NA,0.333333333333333,0.5,0.333333333333333,NA,NA,NA,NA,0,1,0,2,0,2,2,2,0,1,2,1,0,0,0,0,3,2,3,4,3,2,4,2,0,1,2,1,0,0,0,0,0,0,0,0,0,1,0,2,0,0,1,0,0,0,0,0,0,0,0,0,0,1,0,0,0,1,1,1,0,0,0,0,0,0.333333333333333,0,0.333333333333333,0,0.333333333333333,0.333333333333333,0.333333333333333,NA,0.333333333333333,0.333333333333333,0.333333333333333,NA,NA,NA,NA,1,0.666666666666667,1,0.666666666666667,1,0.333333333333333,0.666666666666667,0.333333333333333,NA,0.333333333333333,0.333333333333333,0.333333333333333,NA,NA,NA,NA,0,0,0,0,0,0.166666666666667,0,0.333333333333333,NA,0,0.166666666666667,0,NA,NA,NA,NA,0,0,0,0,0,0.166666666666667,0,0,NA,0.333333333333333,0.166666666666667,0.333333333333333,NA,NA,NA,NA
"20",6,3,3,6,0,3,6,0,3,6,6,0,6,0,0,0,1,0,0,1,0,0,0,0,0,2,1,0,0,0,0,0,0,0,1,3,0,1,2,0,1,4,5,0,2,0,0,0,0.125,0.0625,0.0625,0.125,0,0.0625,0.125,0,0.0625,0.125,0.125,0,0.125,0,0,0,0.166666666666667,0,0,0.166666666666667,NA,0,0,NA,0,0.333333333333333,0.166666666666667,NA,0,NA,NA,NA,0,0,0.333333333333333,0.5,NA,0.333333333333333,0.333333333333333,NA,0.333333333333333,0.666666666666667,0.833333333333333,NA,0.333333333333333,NA,NA,NA,0,0,1,3,0,1,2,0,1,2,4,0,2,0,0,0,5,3,2,2,0,2,4,0,2,2,1,0,4,0,0,0,0,0,0,0,0,0,0,0,0,2,1,0,0,0,0,0,1,0,0,1,0,0,0,0,0,0,0,0,0,0,0,0,0,0,0.333333333333333,0.5,NA,0.333333333333333,0.333333333333333,NA,0.333333333333333,0.333333333333333,0.666666666666667,NA,0.333333333333333,NA,NA,NA,0.833333333333333,1,0.666666666666667,0.333333333333333,NA,0.666666666666667,0.666666666666667,NA,0.666666666666667,0.333333333333333,0.166666666666667,NA,0.666666666666667,NA,NA,NA,0,0,0,0,NA,0,0,NA,0,0.333333333333333,0.166666666666667,NA,0,NA,NA,NA,0.166666666666667,0,0,0.166666666666667,NA,0,0,NA,0,0,0,NA,0,NA,NA,NA
"21",3,3,3,6,0,6,6,0,6,6,0,0,6,3,0,0,0,0,0,1,0,0,1,0,0,1,0,0,2,1,0,0,0,1,0,4,0,2,4,0,0,1,0,0,1,1,0,0,0.0625,0.0625,0.0625,0.125,0,0.125,0.125,0,0.125,0.125,0,0,0.125,0.0625,0,0,0,0,0,0.166666666666667,NA,0,0.166666666666667,NA,0,0.166666666666667,NA,NA,0.333333333333333,0.333333333333333,NA,NA,0,0.333333333333333,0,0.666666666666667,NA,0.333333333333333,0.666666666666667,NA,0,0.166666666666667,NA,NA,0.166666666666667,0.333333333333333,NA,NA,0,1,0,3,0,2,4,0,0,1,0,0,1,1,0,0,3,2,3,2,0,4,1,0,6,4,0,0,3,1,0,0,0,0,0,1,0,0,0,0,0,0,0,0,0,0,0,0,0,0,0,0,0,0,1,0,0,1,0,0,2,1,0,0,0,0.333333333333333,0,0.5,NA,0.333333333333333,0.666666666666667,NA,0,0.166666666666667,NA,NA,0.166666666666667,0.333333333333333,NA,NA,1,0.666666666666667,1,0.333333333333333,NA,0.666666666666667,0.166666666666667,NA,1,0.666666666666667,NA,NA,0.5,0.333333333333333,NA,NA,0,0,0,0.166666666666667,NA,0,0,NA,0,0,NA,NA,0,0,NA,NA,0,0,0,0,NA,0,0.166666666666667,NA,0,0.166666666666667,NA,NA,0.333333333333333,0.333333333333333,NA,NA
"22",6,6,3,6,6,3,6,0,6,6,0,0,0,0,0,0,0,1,0,0,1,0,2,0,3,0,0,0,0,0,0,0,0,1,0,4,1,1,0,0,1,3,0,0,0,0,0,0,0.125,0.125,0.0625,0.125,0.125,0.0625,0.125,0,0.125,0.125,0,0,0,0,0,0,0,0.166666666666667,0,0,0.166666666666667,0,0.333333333333333,NA,0.5,0,NA,NA,NA,NA,NA,NA,0,0.166666666666667,0,0.666666666666667,0.166666666666667,0.333333333333333,0,NA,0.166666666666667,0.5,NA,NA,NA,NA,NA,NA,0,1,0,4,1,1,0,0,1,3,0,0,0,0,0,0,6,4,3,2,4,2,4,0,2,3,0,0,0,0,0,0,0,0,0,0,0,0,0,0,0,0,0,0,0,0,0,0,0,1,0,0,1,0,2,0,3,0,0,0,0,0,0,0,0,0.166666666666667,0,0.666666666666667,0.166666666666667,0.333333333333333,0,NA,0.166666666666667,0.5,NA,NA,NA,NA,NA,NA,1,0.666666666666667,1,0.333333333333333,0.666666666666667,0.666666666666667,0.666666666666667,NA,0.333333333333333,0.5,NA,NA,NA,NA,NA,NA,0,0,0,0,0,0,0,NA,0,0,NA,NA,NA,NA,NA,NA,0,0.166666666666667,0,0,0.166666666666667,0,0.333333333333333,NA,0.5,0,NA,NA,NA,NA,NA,NA
"23",3,3,3,6,3,6,6,0,6,6,0,0,6,0,0,0,0,0,0,0,0,0,0,0,0,2,0,0,2,0,0,0,0,0,1,3,1,0,3,0,2,2,0,0,3,0,0,0,0.0625,0.0625,0.0625,0.125,0.0625,0.125,0.125,0,0.125,0.125,0,0,0.125,0,0,0,0,0,0,0,0,0,0,NA,0,0.333333333333333,NA,NA,0.333333333333333,NA,NA,NA,0,0,0.333333333333333,0.5,0.333333333333333,0,0.5,NA,0.333333333333333,0.333333333333333,NA,NA,0.5,NA,NA,NA,0,0,1,3,1,0,3,0,2,1,0,0,3,0,0,0,3,3,2,3,2,6,3,0,4,3,0,0,1,0,0,0,0,0,0,0,0,0,0,0,0,1,0,0,0,0,0,0,0,0,0,0,0,0,0,0,0,1,0,0,2,0,0,0,0,0,0.333333333333333,0.5,0.333333333333333,0,0.5,NA,0.333333333333333,0.166666666666667,NA,NA,0.5,NA,NA,NA,1,1,0.666666666666667,0.5,0.666666666666667,1,0.5,NA,0.666666666666667,0.5,NA,NA,0.166666666666667,NA,NA,NA,0,0,0,0,0,0,0,NA,0,0.166666666666667,NA,NA,0,NA,NA,NA,0,0,0,0,0,0,0,NA,0,0.166666666666667,NA,NA,0.333333333333333,NA,NA,NA
"24",3,3,6,6,0,3,6,3,3,6,0,0,3,6,0,0,0,0,0,2,0,0,2,2,0,1,0,0,0,2,0,0,0,0,0,1,0,0,2,1,0,1,0,0,0,5,0,0,0.0625,0.0625,0.125,0.125,0,0.0625,0.125,0.0625,0.0625,0.125,0,0,0.0625,0.125,0,0,0,0,0,0.333333333333333,NA,0,0.333333333333333,0.666666666666667,0,0.166666666666667,NA,NA,0,0.333333333333333,NA,NA,0,0,0,0.166666666666667,NA,0,0.333333333333333,0.333333333333333,0,0.166666666666667,NA,NA,0,0.833333333333333,NA,NA,0,0,0,0,0,0,1,0,0,1,0,0,0,3,0,0,3,3,6,4,0,3,3,1,3,4,0,0,3,1,0,0,0,0,0,1,0,0,1,1,0,0,0,0,0,2,0,0,0,0,0,1,0,0,1,1,0,1,0,0,0,0,0,0,0,0,0,0,NA,0,0.166666666666667,0,0,0.166666666666667,NA,NA,0,0.5,NA,NA,1,1,1,0.666666666666667,NA,1,0.5,0.333333333333333,1,0.666666666666667,NA,NA,1,0.166666666666667,NA,NA,0,0,0,0.166666666666667,NA,0,0.166666666666667,0.333333333333333,0,0,NA,NA,0,0.333333333333333,NA,NA,0,0,0,0.166666666666667,NA,0,0.166666666666667,0.333333333333333,0,0.166666666666667,NA,NA,0,0,NA,NA
"25",3,3,6,0,6,6,0,0,6,0,0,0,3,0,0,0,0,0,0,0,0,0,0,0,1,0,0,0,1,0,0,0,0,1,3,0,0,3,0,0,0,0,0,0,2,0,0,0,0.0909090909090909,0.0909090909090909,0.181818181818182,0,0.181818181818182,0.181818181818182,0,0,0.181818181818182,0,0,0,0.0909090909090909,0,0,0,0,0,0,NA,0,0,NA,NA,0.166666666666667,NA,NA,NA,0.333333333333333,NA,NA,NA,0,0.333333333333333,0.5,NA,0,0.5,NA,NA,0,NA,NA,NA,0.666666666666667,NA,NA,NA,0,1,3,0,0,3,0,0,0,0,0,0,2,0,0,0,3,2,3,0,6,3,0,0,5,0,0,0,0,0,0,0,0,0,0,0,0,0,0,0,0,0,0,0,0,0,0,0,0,0,0,0,0,0,0,0,1,0,0,0,1,0,0,0,0,0.333333333333333,0.5,NA,0,0.5,NA,NA,0,NA,NA,NA,0.666666666666667,NA,NA,NA,1,0.666666666666667,0.5,NA,1,0.5,NA,NA,0.833333333333333,NA,NA,NA,0,NA,NA,NA,0,0,0,NA,0,0,NA,NA,0,NA,NA,NA,0,NA,NA,NA,0,0,0,NA,0,0,NA,NA,0.166666666666667,NA,NA,NA,0.333333333333333,NA,NA,NA
"26",3,3,3,6,0,0,6,6,3,6,6,0,0,3,3,0,0,0,0,0,0,0,0,3,0,0,1,0,0,2,3,0,0,0,0,2,0,0,1,4,1,4,1,0,0,3,3,0,0.0625,0.0625,0.0625,0.125,0,0,0.125,0.125,0.0625,0.125,0.125,0,0,0.0625,0.0625,0,0,0,0,0,NA,NA,0,0.5,0,0,0.166666666666667,NA,NA,0.666666666666667,1,NA,0,0,0,0.333333333333333,NA,NA,0.166666666666667,0.666666666666667,0.333333333333333,0.666666666666667,0.166666666666667,NA,NA,1,1,NA,0,0,0,2,0,0,1,3,1,4,0,0,0,1,0,0,3,3,3,4,0,0,5,0,2,2,5,0,0,0,0,0,0,0,0,0,0,0,0,1,0,0,1,0,0,2,3,0,0,0,0,0,0,0,0,2,0,0,0,0,0,0,0,0,0,0,0,0.333333333333333,NA,NA,0.166666666666667,0.5,0.333333333333333,0.666666666666667,0,NA,NA,0.333333333333333,0,NA,1,1,1,0.666666666666667,NA,NA,0.833333333333333,0,0.666666666666667,0.333333333333333,0.833333333333333,NA,NA,0,0,NA,0,0,0,0,NA,NA,0,0.166666666666667,0,0,0.166666666666667,NA,NA,0.666666666666667,1,NA,0,0,0,0,NA,NA,0,0.333333333333333,0,0,0,NA,NA,0,0,NA
"27",3,3,3,6,0,0,6,6,0,6,6,3,0,6,0,0,0,0,0,1,0,0,0,1,0,0,1,3,0,2,0,0,0,0,0,1,0,0,1,2,0,1,5,0,0,2,0,0,0.0625,0.0625,0.0625,0.125,0,0,0.125,0.125,0,0.125,0.125,0.0625,0,0.125,0,0,0,0,0,0.166666666666667,NA,NA,0,0.166666666666667,NA,0,0.166666666666667,1,NA,0.333333333333333,NA,NA,0,0,0,0.166666666666667,NA,NA,0.166666666666667,0.333333333333333,NA,0.166666666666667,0.833333333333333,0,NA,0.333333333333333,NA,NA,0,0,0,0,0,0,1,2,0,1,4,0,0,1,0,0,3,3,3,5,0,0,5,3,0,5,1,0,0,3,0,0,0,0,0,1,0,0,0,0,0,0,1,0,0,1,0,0,0,0,0,0,0,0,0,1,0,0,0,3,0,1,0,0,0,0,0,0,NA,NA,0.166666666666667,0.333333333333333,NA,0.166666666666667,0.666666666666667,0,NA,0.166666666666667,NA,NA,1,1,1,0.833333333333333,NA,NA,0.833333333333333,0.5,NA,0.833333333333333,0.166666666666667,0,NA,0.5,NA,NA,0,0,0,0.166666666666667,NA,NA,0,0,NA,0,0.166666666666667,0,NA,0.166666666666667,NA,NA,0,0,0,0,NA,NA,0,0.166666666666667,NA,0,0,1,NA,0.166666666666667,NA,NA
"28",3,3,3,6,6,6,6,6,6,0,0,0,0,0,0,0,0,0,0,1,1,1,1,1,1,0,0,0,0,0,0,0,0,1,0,1,1,3,4,4,4,0,0,0,0,0,0,0,0.0666666666666667,0.0666666666666667,0.0666666666666667,0.133333333333333,0.133333333333333,0.133333333333333,0.133333333333333,0.133333333333333,0.133333333333333,0,0,0,0,0,0,0,0,0,0,0.166666666666667,0.166666666666667,0.166666666666667,0.166666666666667,0.166666666666667,0.166666666666667,NA,NA,NA,NA,NA,NA,NA,0,0.333333333333333,0,0.166666666666667,0.166666666666667,0.5,0.666666666666667,0.666666666666667,0.666666666666667,NA,NA,NA,NA,NA,NA,NA,0,1,0,1,1,3,3,3,3,0,0,0,0,0,0,0,3,2,3,4,4,2,2,2,2,0,0,0,0,0,0,0,0,0,0,0,0,0,1,1,1,0,0,0,0,0,0,0,0,0,0,1,1,1,0,0,0,0,0,0,0,0,0,0,0,0.333333333333333,0,0.166666666666667,0.166666666666667,0.5,0.5,0.5,0.5,NA,NA,NA,NA,NA,NA,NA,1,0.666666666666667,1,0.666666666666667,0.666666666666667,0.333333333333333,0.333333333333333,0.333333333333333,0.333333333333333,NA,NA,NA,NA,NA,NA,NA,0,0,0,0,0,0,0.166666666666667,0.166666666666667,0.166666666666667,NA,NA,NA,NA,NA,NA,NA,0,0,0,0.166666666666667,0.166666666666667,0.166666666666667,0,0,0,NA,NA,NA,NA,NA,NA,NA
"29",3,3,3,6,0,6,6,3,0,6,6,0,0,6,0,0,0,0,0,0,0,0,0,2,0,1,2,0,0,1,0,0,0,0,0,2,0,2,1,0,0,1,1,0,0,2,0,0,0.0625,0.0625,0.0625,0.125,0,0.125,0.125,0.0625,0,0.125,0.125,0,0,0.125,0,0,0,0,0,0,NA,0,0,0.666666666666667,NA,0.166666666666667,0.333333333333333,NA,NA,0.166666666666667,NA,NA,0,0,0,0.333333333333333,NA,0.333333333333333,0.166666666666667,0,NA,0.166666666666667,0.166666666666667,NA,NA,0.333333333333333,NA,NA,0,0,0,2,0,2,1,0,0,1,0,0,0,2,0,0,3,3,3,4,0,4,5,1,0,4,4,0,0,3,0,0,0,0,0,0,0,0,0,0,0,0,1,0,0,0,0,0,0,0,0,0,0,0,0,2,0,1,1,0,0,1,0,0,0,0,0,0.333333333333333,NA,0.333333333333333,0.166666666666667,0,NA,0.166666666666667,0,NA,NA,0.333333333333333,NA,NA,1,1,1,0.666666666666667,NA,0.666666666666667,0.833333333333333,0.333333333333333,NA,0.666666666666667,0.666666666666667,NA,NA,0.5,NA,NA,0,0,0,0,NA,0,0,0,NA,0,0.166666666666667,NA,NA,0,NA,NA,0,0,0,0,NA,0,0,0.666666666666667,NA,0.166666666666667,0.166666666666667,NA,NA,0.166666666666667,NA,NA
"30",3,6,6,0,6,0,0,0,6,0,0,0,0,0,0,0,0,0,2,0,0,0,0,0,2,0,0,0,0,0,0,0,1,0,2,0,0,0,0,0,1,0,0,0,0,0,0,0,0.111111111111111,0.222222222222222,0.222222222222222,0,0.222222222222222,0,0,0,0.222222222222222,0,0,0,0,0,0,0,0,0,0.333333333333333,NA,0,NA,NA,NA,0.333333333333333,NA,NA,NA,NA,NA,NA,NA,0.333333333333333,0,0.333333333333333,NA,0,NA,NA,NA,0.166666666666667,NA,NA,NA,NA,NA,NA,NA,1,0,1,0,0,0,0,0,1,0,0,0,0,0,0,0,2,6,3,0,6,0,0,0,3,0,0,0,0,0,0,0,0,0,1,0,0,0,0,0,0,0,0,0,0,0,0,0,0,0,1,0,0,0,0,0,2,0,0,0,0,0,0,0,0.333333333333333,0,0.166666666666667,NA,0,NA,NA,NA,0.166666666666667,NA,NA,NA,NA,NA,NA,NA,0.666666666666667,1,0.5,NA,1,NA,NA,NA,0.5,NA,NA,NA,NA,NA,NA,NA,0,0,0.166666666666667,NA,0,NA,NA,NA,0,NA,NA,NA,NA,NA,NA,NA,0,0,0.166666666666667,NA,0,NA,NA,NA,0.333333333333333,NA,NA,NA,NA,NA,NA,NA
"31",3,3,3,6,3,6,6,6,0,3,6,0,0,0,3,0,0,0,0,1,0,2,0,2,0,1,3,0,0,0,2,0,0,1,1,1,0,1,1,4,0,1,3,0,0,0,1,0,0.0625,0.0625,0.0625,0.125,0.0625,0.125,0.125,0.125,0,0.0625,0.125,0,0,0,0.0625,0,0,0,0,0.166666666666667,0,0.333333333333333,0,0.333333333333333,NA,0.333333333333333,0.5,NA,NA,NA,0.666666666666667,NA,0,0.333333333333333,0.333333333333333,0.166666666666667,0,0.166666666666667,0.166666666666667,0.666666666666667,NA,0.333333333333333,0.5,NA,NA,NA,0.333333333333333,NA,0,1,1,0,0,0,1,2,0,1,0,0,0,0,1,0,3,2,2,5,3,4,5,2,0,1,3,0,0,0,0,0,0,0,0,1,0,1,0,2,0,0,3,0,0,0,0,0,0,0,0,0,0,1,0,0,0,1,0,0,0,0,2,0,0,0.333333333333333,0.333333333333333,0,0,0,0.166666666666667,0.333333333333333,NA,0.333333333333333,0,NA,NA,NA,0.333333333333333,NA,1,0.666666666666667,0.666666666666667,0.833333333333333,1,0.666666666666667,0.833333333333333,0.333333333333333,NA,0.333333333333333,0.5,NA,NA,NA,0,NA,0,0,0,0.166666666666667,0,0.166666666666667,0,0.333333333333333,NA,0,0.5,NA,NA,NA,0,NA,0,0,0,0,0,0.166666666666667,0,0,NA,0.333333333333333,0,NA,NA,NA,0.666666666666667,NA
"32",6,3,3,6,0,3,6,6,0,6,3,0,0,6,0,0,1,0,0,0,0,0,1,2,0,0,1,0,0,3,0,0,1,0,0,1,0,0,2,3,0,1,1,0,0,3,0,0,0.125,0.0625,0.0625,0.125,0,0.0625,0.125,0.125,0,0.125,0.0625,0,0,0.125,0,0,0.166666666666667,0,0,0,NA,0,0.166666666666667,0.333333333333333,NA,0,0.333333333333333,NA,NA,0.5,NA,NA,0.166666666666667,0,0,0.166666666666667,NA,0,0.333333333333333,0.5,NA,0.166666666666667,0.333333333333333,NA,NA,0.5,NA,NA,1,0,0,1,0,0,2,2,0,1,1,0,0,1,0,0,4,3,3,5,0,3,3,2,0,5,1,0,0,2,0,0,0,0,0,0,0,0,0,1,0,0,0,0,0,2,0,0,1,0,0,0,0,0,1,1,0,0,1,0,0,1,0,0,0.166666666666667,0,0,0.166666666666667,NA,0,0.333333333333333,0.333333333333333,NA,0.166666666666667,0.333333333333333,NA,NA,0.166666666666667,NA,NA,0.666666666666667,1,1,0.833333333333333,NA,1,0.5,0.333333333333333,NA,0.833333333333333,0.333333333333333,NA,NA,0.333333333333333,NA,NA,0,0,0,0,NA,0,0,0.166666666666667,NA,0,0,NA,NA,0.333333333333333,NA,NA,0.166666666666667,0,0,0,NA,0,0.166666666666667,0.166666666666667,NA,0,0.333333333333333,NA,NA,0.166666666666667,NA,NA
"33",3,3,6,6,0,3,6,3,0,3,3,0,6,6,0,0,0,0,0,1,0,0,2,1,0,0,2,0,0,0,0,0,0,0,1,0,0,0,1,2,0,0,3,0,2,4,0,0,0.0625,0.0625,0.125,0.125,0,0.0625,0.125,0.0625,0,0.0625,0.0625,0,0.125,0.125,0,0,0,0,0,0.166666666666667,NA,0,0.333333333333333,0.333333333333333,NA,0,0.666666666666667,NA,0,0,NA,NA,0,0,0.166666666666667,0,NA,0,0.166666666666667,0.666666666666667,NA,0,1,NA,0.333333333333333,0.666666666666667,NA,NA,0,0,1,0,0,0,1,1,0,0,1,0,2,4,0,0,3,3,5,5,0,3,3,1,0,3,0,0,4,2,0,0,0,0,0,0,0,0,0,1,0,0,2,0,0,0,0,0,0,0,0,1,0,0,2,0,0,0,0,0,0,0,0,0,0,0,0.166666666666667,0,NA,0,0.166666666666667,0.333333333333333,NA,0,0.333333333333333,NA,0.333333333333333,0.666666666666667,NA,NA,1,1,0.833333333333333,0.833333333333333,NA,1,0.5,0.333333333333333,NA,1,0,NA,0.666666666666667,0.333333333333333,NA,NA,0,0,0,0,NA,0,0,0.333333333333333,NA,0,0.666666666666667,NA,0,0,NA,NA,0,0,0,0.166666666666667,NA,0,0.333333333333333,0,NA,0,0,NA,0,0,NA,NA
"34",6,6,0,0,6,0,0,0,3,0,0,0,6,0,0,0,0,2,0,0,1,0,0,0,0,0,0,0,0,0,0,0,1,0,0,0,0,0,0,0,0,0,0,0,1,0,0,0,0.222222222222222,0.222222222222222,0,0,0.222222222222222,0,0,0,0.111111111111111,0,0,0,0.222222222222222,0,0,0,0,0.333333333333333,NA,NA,0.166666666666667,NA,NA,NA,0,NA,NA,NA,0,NA,NA,NA,0.166666666666667,0,NA,NA,0,NA,NA,NA,0,NA,NA,NA,0.166666666666667,NA,NA,NA,1,0,0,0,0,0,0,0,0,0,0,0,1,0,0,0,5,4,0,0,5,0,0,0,3,0,0,0,5,0,0,0,0,0,0,0,0,0,0,0,0,0,0,0,0,0,0,0,0,2,0,0,1,0,0,0,0,0,0,0,0,0,0,0,0.166666666666667,0,NA,NA,0,NA,NA,NA,0,NA,NA,NA,0.166666666666667,NA,NA,NA,0.833333333333333,0.666666666666667,NA,NA,0.833333333333333,NA,NA,NA,1,NA,NA,NA,0.833333333333333,NA,NA,NA,0,0,NA,NA,0,NA,NA,NA,0,NA,NA,NA,0,NA,NA,NA,0,0.333333333333333,NA,NA,0.166666666666667,NA,NA,NA,0,NA,NA,NA,0,NA,NA,NA
"35",6,6,3,6,0,3,6,6,0,3,6,0,0,0,3,0,0,1,0,0,0,1,0,3,0,1,2,0,0,0,3,0,0,0,0,2,0,0,2,5,0,1,3,0,0,0,3,0,0.125,0.125,0.0625,0.125,0,0.0625,0.125,0.125,0,0.0625,0.125,0,0,0,0.0625,0,0,0.166666666666667,0,0,NA,0.333333333333333,0,0.5,NA,0.333333333333333,0.333333333333333,NA,NA,NA,1,NA,0,0,0,0.333333333333333,NA,0,0.333333333333333,0.833333333333333,NA,0.333333333333333,0.5,NA,NA,NA,1,NA,0,0,0,2,0,0,2,3,0,0,2,0,0,0,0,0,6,5,3,4,0,2,4,0,0,2,2,0,0,0,0,0,0,0,0,0,0,0,0,2,0,1,1,0,0,0,3,0,0,1,0,0,0,1,0,1,0,0,1,0,0,0,0,0,0,0,0,0.333333333333333,NA,0,0.333333333333333,0.5,NA,0,0.333333333333333,NA,NA,NA,0,NA,1,0.833333333333333,1,0.666666666666667,NA,0.666666666666667,0.666666666666667,0,NA,0.666666666666667,0.333333333333333,NA,NA,NA,0,NA,0,0,0,0,NA,0,0,0.333333333333333,NA,0.333333333333333,0.166666666666667,NA,NA,NA,1,NA,0,0.166666666666667,0,0,NA,0.333333333333333,0,0.166666666666667,NA,0,0.166666666666667,NA,NA,NA,0,NA
"36",6,3,6,6,0,6,6,3,0,6,3,0,0,3,0,0,1,0,0,2,0,1,1,1,0,0,2,0,0,1,0,0,0,0,2,2,0,0,0,1,0,1,2,0,0,1,0,0,0.125,0.0625,0.125,0.125,0,0.125,0.125,0.0625,0,0.125,0.0625,0,0,0.0625,0,0,0.166666666666667,0,0,0.333333333333333,NA,0.166666666666667,0.166666666666667,0.333333333333333,NA,0,0.666666666666667,NA,NA,0.333333333333333,NA,NA,0,0,0.333333333333333,0.333333333333333,NA,0,0,0.333333333333333,NA,0.166666666666667,0.666666666666667,NA,NA,0.333333333333333,NA,NA,0,0,2,1,0,0,0,1,0,1,1,0,0,1,0,0,5,3,4,3,0,5,5,1,0,5,0,0,0,1,0,0,0,0,0,1,0,0,0,0,0,0,1,0,0,0,0,0,1,0,0,1,0,1,1,1,0,0,1,0,0,1,0,0,0,0,0.333333333333333,0.166666666666667,NA,0,0,0.333333333333333,NA,0.166666666666667,0.333333333333333,NA,NA,0.333333333333333,NA,NA,0.833333333333333,1,0.666666666666667,0.5,NA,0.833333333333333,0.833333333333333,0.333333333333333,NA,0.833333333333333,0,NA,NA,0.333333333333333,NA,NA,0,0,0,0.166666666666667,NA,0,0,0,NA,0,0.333333333333333,NA,NA,0,NA,NA,0.166666666666667,0,0,0.166666666666667,NA,0.166666666666667,0.166666666666667,0.333333333333333,NA,0,0.333333333333333,NA,NA,0.333333333333333,NA,NA
"37",3,6,6,0,3,0,0,0,6,0,0,0,6,0,0,0,0,0,2,0,0,0,0,0,0,0,0,0,2,0,0,0,0,1,1,0,0,0,0,0,2,0,0,0,2,0,0,0,0.1,0.2,0.2,0,0.1,0,0,0,0.2,0,0,0,0.2,0,0,0,0,0,0.333333333333333,NA,0,NA,NA,NA,0,NA,NA,NA,0.333333333333333,NA,NA,NA,0,0.166666666666667,0.166666666666667,NA,0,NA,NA,NA,0.333333333333333,NA,NA,NA,0.333333333333333,NA,NA,NA,0,1,1,0,0,0,0,0,2,0,0,0,1,0,0,0,3,5,3,0,3,0,0,0,4,0,0,0,3,0,0,0,0,0,0,0,0,0,0,0,0,0,0,0,1,0,0,0,0,0,2,0,0,0,0,0,0,0,0,0,1,0,0,0,0,0.166666666666667,0.166666666666667,NA,0,NA,NA,NA,0.333333333333333,NA,NA,NA,0.166666666666667,NA,NA,NA,1,0.833333333333333,0.5,NA,1,NA,NA,NA,0.666666666666667,NA,NA,NA,0.5,NA,NA,NA,0,0,0,NA,0,NA,NA,NA,0,NA,NA,NA,0.166666666666667,NA,NA,NA,0,0,0.333333333333333,NA,0,NA,NA,NA,0,NA,NA,NA,0.166666666666667,NA,NA,NA
"38",3,3,6,3,6,6,0,0,6,0,0,0,3,0,0,0,0,0,0,2,0,2,0,0,1,0,0,0,1,0,0,0,0,0,2,2,0,2,0,0,2,0,0,0,1,0,0,0,0.0833333333333333,0.0833333333333333,0.166666666666667,0.0833333333333333,0.166666666666667,0.166666666666667,0,0,0.166666666666667,0,0,0,0.0833333333333333,0,0,0,0,0,0,0.666666666666667,0,0.333333333333333,NA,NA,0.166666666666667,NA,NA,NA,0.333333333333333,NA,NA,NA,0,0,0.333333333333333,0.666666666666667,0,0.333333333333333,NA,NA,0.333333333333333,NA,NA,NA,0.333333333333333,NA,NA,NA,0,0,2,1,0,2,0,0,2,0,0,0,0,0,0,0,3,3,4,0,6,2,0,0,3,0,0,0,2,0,0,0,0,0,0,1,0,0,0,0,0,0,0,0,1,0,0,0,0,0,0,1,0,2,0,0,1,0,0,0,0,0,0,0,0,0,0.333333333333333,0.333333333333333,0,0.333333333333333,NA,NA,0.333333333333333,NA,NA,NA,0,NA,NA,NA,1,1,0.666666666666667,0,1,0.333333333333333,NA,NA,0.5,NA,NA,NA,0.666666666666667,NA,NA,NA,0,0,0,0.333333333333333,0,0,NA,NA,0,NA,NA,NA,0.333333333333333,NA,NA,NA,0,0,0,0.333333333333333,0,0.333333333333333,NA,NA,0.166666666666667,NA,NA,NA,0,NA,NA,NA
"39",3,6,6,6,3,0,0,3,3,0,0,0,6,0,0,0,0,1,1,1,0,0,0,2,0,0,0,0,0,0,0,0,0,3,1,2,0,0,0,1,1,0,0,0,1,0,0,0,0.0833333333333333,0.166666666666667,0.166666666666667,0.166666666666667,0.0833333333333333,0,0,0.0833333333333333,0.0833333333333333,0,0,0,0.166666666666667,0,0,0,0,0.166666666666667,0.166666666666667,0.166666666666667,0,NA,NA,0.666666666666667,0,NA,NA,NA,0,NA,NA,NA,0,0.5,0.166666666666667,0.333333333333333,0,NA,NA,0.333333333333333,0.333333333333333,NA,NA,NA,0.166666666666667,NA,NA,NA,0,3,1,1,0,0,0,1,1,0,0,0,1,0,0,0,3,2,4,4,3,0,0,0,2,0,0,0,5,0,0,0,0,0,0,1,0,0,0,0,0,0,0,0,0,0,0,0,0,1,1,0,0,0,0,2,0,0,0,0,0,0,0,0,0,0.5,0.166666666666667,0.166666666666667,0,NA,NA,0.333333333333333,0.333333333333333,NA,NA,NA,0.166666666666667,NA,NA,NA,1,0.333333333333333,0.666666666666667,0.666666666666667,1,NA,NA,0,0.666666666666667,NA,NA,NA,0.833333333333333,NA,NA,NA,0,0,0,0.166666666666667,0,NA,NA,0,0,NA,NA,NA,0,NA,NA,NA,0,0.166666666666667,0.166666666666667,0,0,NA,NA,0.666666666666667,0,NA,NA,NA,0,NA,NA,NA
"40",3,3,6,3,0,6,0,0,3,6,0,0,6,3,0,0,0,0,0,1,0,0,0,0,0,1,0,0,0,2,0,0,0,1,3,2,0,1,0,0,0,1,0,0,2,1,0,0,0.0769230769230769,0.0769230769230769,0.153846153846154,0.0769230769230769,0,0.153846153846154,0,0,0.0769230769230769,0.153846153846154,0,0,0.153846153846154,0.0769230769230769,0,0,0,0,0,0.333333333333333,NA,0,NA,NA,0,0.166666666666667,NA,NA,0,0.666666666666667,NA,NA,0,0.333333333333333,0.5,0.666666666666667,NA,0.166666666666667,NA,NA,0,0.166666666666667,NA,NA,0.333333333333333,0.333333333333333,NA,NA,0,1,3,1,0,1,0,0,0,1,0,0,2,1,0,0,3,2,3,1,0,5,0,0,3,4,0,0,4,0,0,0,0,0,0,1,0,0,0,0,0,0,0,0,0,0,0,0,0,0,0,0,0,0,0,0,0,1,0,0,0,2,0,0,0,0.333333333333333,0.5,0.333333333333333,NA,0.166666666666667,NA,NA,0,0.166666666666667,NA,NA,0.333333333333333,0.333333333333333,NA,NA,1,0.666666666666667,0.5,0.333333333333333,NA,0.833333333333333,NA,NA,1,0.666666666666667,NA,NA,0.666666666666667,0,NA,NA,0,0,0,0.333333333333333,NA,0,NA,NA,0,0,NA,NA,0,0,NA,NA,0,0,0,0,NA,0,NA,NA,0,0.166666666666667,NA,NA,0,0.666666666666667,NA,NA
"41",6,6,6,6,6,6,6,0,0,0,3,0,0,0,0,0,0,1,0,1,0,1,1,0,0,0,1,0,0,0,0,0,0,1,2,4,3,3,2,0,0,0,2,0,0,0,0,0,0.133333333333333,0.133333333333333,0.133333333333333,0.133333333333333,0.133333333333333,0.133333333333333,0.133333333333333,0,0,0,0.0666666666666667,0,0,0,0,0,0,0.166666666666667,0,0.166666666666667,0,0.166666666666667,0.166666666666667,NA,NA,NA,0.333333333333333,NA,NA,NA,NA,NA,0,0.166666666666667,0.333333333333333,0.666666666666667,0.5,0.5,0.333333333333333,NA,NA,NA,0.666666666666667,NA,NA,NA,NA,NA,0,1,2,4,3,2,1,0,0,0,2,0,0,0,0,0,6,4,4,1,3,3,4,0,0,0,0,0,0,0,0,0,0,0,0,0,0,1,1,0,0,0,0,0,0,0,0,0,0,1,0,1,0,0,0,0,0,0,1,0,0,0,0,0,0,0.166666666666667,0.333333333333333,0.666666666666667,0.5,0.333333333333333,0.166666666666667,NA,NA,NA,0.666666666666667,NA,NA,NA,NA,NA,1,0.666666666666667,0.666666666666667,0.166666666666667,0.5,0.5,0.666666666666667,NA,NA,NA,0,NA,NA,NA,NA,NA,0,0,0,0,0,0.166666666666667,0.166666666666667,NA,NA,NA,0,NA,NA,NA,NA,NA,0,0.166666666666667,0,0.166666666666667,0,0,0,NA,NA,NA,0.333333333333333,NA,NA,NA,NA,NA
"42",6,6,3,6,0,0,6,6,0,3,6,0,0,3,3,0,0,1,0,0,0,0,1,2,0,0,1,0,0,0,1,0,0,0,0,0,0,0,2,4,0,1,2,0,0,1,2,0,0.125,0.125,0.0625,0.125,0,0,0.125,0.125,0,0.0625,0.125,0,0,0.0625,0.0625,0,0,0.166666666666667,0,0,NA,NA,0.166666666666667,0.333333333333333,NA,0,0.166666666666667,NA,NA,0,0.333333333333333,NA,0,0,0,0,NA,NA,0.333333333333333,0.666666666666667,NA,0.333333333333333,0.333333333333333,NA,NA,0.333333333333333,0.666666666666667,NA,0,0,0,0,0,0,2,3,0,1,2,0,0,1,2,0,6,5,3,6,0,0,3,1,0,2,3,0,0,2,0,0,0,0,0,0,0,0,0,1,0,0,0,0,0,0,0,0,0,1,0,0,0,0,1,1,0,0,1,0,0,0,1,0,0,0,0,0,NA,NA,0.333333333333333,0.5,NA,0.333333333333333,0.333333333333333,NA,NA,0.333333333333333,0.666666666666667,NA,1,0.833333333333333,1,1,NA,NA,0.5,0.166666666666667,NA,0.666666666666667,0.5,NA,NA,0.666666666666667,0,NA,0,0,0,0,NA,NA,0,0.166666666666667,NA,0,0,NA,NA,0,0,NA,0,0.166666666666667,0,0,NA,NA,0.166666666666667,0.166666666666667,NA,0,0.166666666666667,NA,NA,0,0.333333333333333,NA
"43",3,3,3,3,3,6,6,6,3,6,6,0,0,0,0,0,0,0,0,0,0,0,1,1,2,2,1,0,0,0,0,0,0,0,1,1,1,1,2,4,1,3,5,0,0,0,0,0,0.0625,0.0625,0.0625,0.0625,0.0625,0.125,0.125,0.125,0.0625,0.125,0.125,0,0,0,0,0,0,0,0,0,0,0,0.166666666666667,0.166666666666667,0.666666666666667,0.333333333333333,0.166666666666667,NA,NA,NA,NA,NA,0,0,0.333333333333333,0.333333333333333,0.333333333333333,0.166666666666667,0.333333333333333,0.666666666666667,0.333333333333333,0.5,0.833333333333333,NA,NA,NA,NA,NA,0,0,1,1,1,1,2,3,0,3,4,0,0,0,0,0,3,3,2,2,2,5,3,2,1,1,1,0,0,0,0,0,0,0,0,0,0,0,0,1,1,0,1,0,0,0,0,0,0,0,0,0,0,0,1,0,1,2,0,0,0,0,0,0,0,0,0.333333333333333,0.333333333333333,0.333333333333333,0.166666666666667,0.333333333333333,0.5,0,0.5,0.666666666666667,NA,NA,NA,NA,NA,1,1,0.666666666666667,0.666666666666667,0.666666666666667,0.833333333333333,0.5,0.333333333333333,0.333333333333333,0.166666666666667,0.166666666666667,NA,NA,NA,NA,NA,0,0,0,0,0,0,0,0.166666666666667,0.333333333333333,0,0.166666666666667,NA,NA,NA,NA,NA,0,0,0,0,0,0,0.166666666666667,0,0.333333333333333,0.333333333333333,0,NA,NA,NA,NA,NA
"44",3,3,3,6,0,0,3,3,6,6,6,0,3,3,3,0,0,0,0,0,0,0,0,2,1,1,0,0,1,1,1,0,1,0,0,3,0,0,1,2,1,0,4,0,1,1,2,0,0.0625,0.0625,0.0625,0.125,0,0,0.0625,0.0625,0.125,0.125,0.125,0,0.0625,0.0625,0.0625,0,0,0,0,0,NA,NA,0,0.666666666666667,0.166666666666667,0.166666666666667,0,NA,0.333333333333333,0.333333333333333,0.333333333333333,NA,0.333333333333333,0,0,0.5,NA,NA,0.333333333333333,0.666666666666667,0.166666666666667,0,0.666666666666667,NA,0.333333333333333,0.333333333333333,0.666666666666667,NA,1,0,0,3,0,0,1,1,1,0,4,0,1,1,2,0,2,3,3,3,0,0,2,0,4,5,2,0,1,1,0,0,0,0,0,0,0,0,0,1,0,0,0,0,0,0,0,0,0,0,0,0,0,0,0,1,1,1,0,0,1,1,1,0,0.333333333333333,0,0,0.5,NA,NA,0.333333333333333,0.333333333333333,0.166666666666667,0,0.666666666666667,NA,0.333333333333333,0.333333333333333,0.666666666666667,NA,0.666666666666667,1,1,0.5,NA,NA,0.666666666666667,0,0.666666666666667,0.833333333333333,0.333333333333333,NA,0.333333333333333,0.333333333333333,0,NA,0,0,0,0,NA,NA,0,0.333333333333333,0,0,0,NA,0,0,0,NA,0,0,0,0,NA,NA,0,0.333333333333333,0.166666666666667,0.166666666666667,0,NA,0.333333333333333,0.333333333333333,0.333333333333333,NA
"45",3,6,6,0,0,6,0,0,0,3,0,0,6,6,0,0,0,0,1,0,0,1,0,0,0,0,0,0,0,0,0,0,0,1,3,0,0,1,0,0,0,1,0,0,2,5,0,0,0.0833333333333333,0.166666666666667,0.166666666666667,0,0,0.166666666666667,0,0,0,0.0833333333333333,0,0,0.166666666666667,0.166666666666667,0,0,0,0,0.166666666666667,NA,NA,0.166666666666667,NA,NA,NA,0,NA,NA,0,0,NA,NA,0,0.166666666666667,0.5,NA,NA,0.166666666666667,NA,NA,NA,0.333333333333333,NA,NA,0.333333333333333,0.833333333333333,NA,NA,0,1,3,0,0,1,0,0,0,1,0,0,2,5,0,0,3,5,2,0,0,4,0,0,0,2,0,0,4,1,0,0,0,0,0,0,0,0,0,0,0,0,0,0,0,0,0,0,0,0,1,0,0,1,0,0,0,0,0,0,0,0,0,0,0,0.166666666666667,0.5,NA,NA,0.166666666666667,NA,NA,NA,0.333333333333333,NA,NA,0.333333333333333,0.833333333333333,NA,NA,1,0.833333333333333,0.333333333333333,NA,NA,0.666666666666667,NA,NA,NA,0.666666666666667,NA,NA,0.666666666666667,0.166666666666667,NA,NA,0,0,0,NA,NA,0,NA,NA,NA,0,NA,NA,0,0,NA,NA,0,0,0.166666666666667,NA,NA,0.166666666666667,NA,NA,NA,0,NA,NA,0,0,NA,NA
"46",3,6,6,0,0,3,0,0,3,6,0,0,6,6,0,0,0,0,1,0,0,0,0,0,0,1,0,0,0,3,0,0,0,1,3,0,0,0,0,0,0,1,0,0,1,4,0,0,0.0769230769230769,0.153846153846154,0.153846153846154,0,0,0.0769230769230769,0,0,0.0769230769230769,0.153846153846154,0,0,0.153846153846154,0.153846153846154,0,0,0,0,0.166666666666667,NA,NA,0,NA,NA,0,0.166666666666667,NA,NA,0,0.5,NA,NA,0,0.166666666666667,0.5,NA,NA,0,NA,NA,0,0.166666666666667,NA,NA,0.166666666666667,0.666666666666667,NA,NA,0,1,2,0,0,0,0,0,0,1,0,0,1,2,0,0,3,5,3,0,0,3,0,0,3,4,0,0,5,1,0,0,0,0,1,0,0,0,0,0,0,0,0,0,0,2,0,0,0,0,0,0,0,0,0,0,0,1,0,0,0,1,0,0,0,0.166666666666667,0.333333333333333,NA,NA,0,NA,NA,0,0.166666666666667,NA,NA,0.166666666666667,0.333333333333333,NA,NA,1,0.833333333333333,0.5,NA,NA,1,NA,NA,1,0.666666666666667,NA,NA,0.833333333333333,0.166666666666667,NA,NA,0,0,0.166666666666667,NA,NA,0,NA,NA,0,0,NA,NA,0,0.333333333333333,NA,NA,0,0,0,NA,NA,0,NA,NA,0,0.166666666666667,NA,NA,0,0.166666666666667,NA,NA
"47",3,3,6,6,3,6,6,0,6,6,0,0,3,0,0,0,0,0,0,1,0,0,0,0,1,1,0,0,1,0,0,0,0,0,0,3,0,1,3,0,0,4,0,0,2,0,0,0,0.0625,0.0625,0.125,0.125,0.0625,0.125,0.125,0,0.125,0.125,0,0,0.0625,0,0,0,0,0,0,0.166666666666667,0,0,0,NA,0.166666666666667,0.166666666666667,NA,NA,0.333333333333333,NA,NA,NA,0,0,0,0.5,0,0.166666666666667,0.5,NA,0,0.666666666666667,NA,NA,0.666666666666667,NA,NA,NA,0,0,0,2,0,1,3,0,0,3,0,0,1,0,0,0,3,3,6,3,3,5,3,0,5,2,0,0,1,0,0,0,0,0,0,1,0,0,0,0,0,1,0,0,1,0,0,0,0,0,0,0,0,0,0,0,1,0,0,0,0,0,0,0,0,0,0,0.333333333333333,0,0.166666666666667,0.5,NA,0,0.5,NA,NA,0.333333333333333,NA,NA,NA,1,1,1,0.5,1,0.833333333333333,0.5,NA,0.833333333333333,0.333333333333333,NA,NA,0.333333333333333,NA,NA,NA,0,0,0,0.166666666666667,0,0,0,NA,0,0.166666666666667,NA,NA,0.333333333333333,NA,NA,NA,0,0,0,0,0,0,0,NA,0.166666666666667,0,NA,NA,0,NA,NA,NA
"48",3,6,3,0,6,0,0,0,6,0,0,0,3,0,0,0,0,1,1,0,0,0,0,0,1,0,0,0,1,0,0,0,0,1,0,0,0,0,0,0,2,0,0,0,0,0,0,0,0.111111111111111,0.222222222222222,0.111111111111111,0,0.222222222222222,0,0,0,0.222222222222222,0,0,0,0.111111111111111,0,0,0,0,0.166666666666667,0.333333333333333,NA,0,NA,NA,NA,0.166666666666667,NA,NA,NA,0.333333333333333,NA,NA,NA,0,0.166666666666667,0,NA,0,NA,NA,NA,0.333333333333333,NA,NA,NA,0,NA,NA,NA,0,1,0,0,0,0,0,0,2,0,0,0,0,0,0,0,3,4,2,0,6,0,0,0,3,0,0,0,2,0,0,0,0,0,0,0,0,0,0,0,0,0,0,0,0,0,0,0,0,1,1,0,0,0,0,0,1,0,0,0,1,0,0,0,0,0.166666666666667,0,NA,0,NA,NA,NA,0.333333333333333,NA,NA,NA,0,NA,NA,NA,1,0.666666666666667,0.666666666666667,NA,1,NA,NA,NA,0.5,NA,NA,NA,0.666666666666667,NA,NA,NA,0,0,0,NA,0,NA,NA,NA,0,NA,NA,NA,0,NA,NA,NA,0,0.166666666666667,0.333333333333333,NA,0,NA,NA,NA,0.166666666666667,NA,NA,NA,0.333333333333333,NA,NA,NA
"49",6,6,6,6,0,3,6,6,0,3,6,0,0,0,0,0,0,1,0,1,0,0,0,0,0,1,2,0,0,0,0,0,0,2,0,2,0,1,2,5,0,0,4,0,0,0,0,0,0.125,0.125,0.125,0.125,0,0.0625,0.125,0.125,0,0.0625,0.125,0,0,0,0,0,0,0.166666666666667,0,0.166666666666667,NA,0,0,0,NA,0.333333333333333,0.333333333333333,NA,NA,NA,NA,NA,0,0.333333333333333,0,0.333333333333333,NA,0.333333333333333,0.333333333333333,0.833333333333333,NA,0,0.666666666666667,NA,NA,NA,NA,NA,0,1,0,1,0,1,2,5,0,0,2,0,0,0,0,0,6,4,6,4,0,2,4,1,0,2,2,0,0,0,0,0,0,1,0,1,0,0,0,0,0,0,2,0,0,0,0,0,0,0,0,0,0,0,0,0,0,1,0,0,0,0,0,0,0,0.166666666666667,0,0.166666666666667,NA,0.333333333333333,0.333333333333333,0.833333333333333,NA,0,0.333333333333333,NA,NA,NA,NA,NA,1,0.666666666666667,1,0.666666666666667,NA,0.666666666666667,0.666666666666667,0.166666666666667,NA,0.666666666666667,0.333333333333333,NA,NA,NA,NA,NA,0,0.166666666666667,0,0.166666666666667,NA,0,0,0,NA,0,0.333333333333333,NA,NA,NA,NA,NA,0,0,0,0,NA,0,0,0,NA,0.333333333333333,0,NA,NA,NA,NA,NA
"50",6,6,6,6,6,6,0,0,3,3,0,0,0,0,0,0,0,1,0,2,1,1,0,0,2,1,0,0,0,0,0,0,0,0,0,1,0,2,0,0,0,0,0,0,0,0,0,0,0.142857142857143,0.142857142857143,0.142857142857143,0.142857142857143,0.142857142857143,0.142857142857143,0,0,0.0714285714285714,0.0714285714285714,0,0,0,0,0,0,0,0.166666666666667,0,0.333333333333333,0.166666666666667,0.166666666666667,NA,NA,0.666666666666667,0.333333333333333,NA,NA,NA,NA,NA,NA,0,0,0,0.166666666666667,0,0.333333333333333,NA,NA,0,0,NA,NA,NA,NA,NA,NA,0,0,0,0,0,1,0,0,0,0,0,0,0,0,0,0,6,5,6,4,5,4,0,0,1,2,0,0,0,0,0,0,0,0,0,1,0,1,0,0,0,0,0,0,0,0,0,0,0,1,0,1,1,0,0,0,2,1,0,0,0,0,0,0,0,0,0,0,0,0.166666666666667,NA,NA,0,0,NA,NA,NA,NA,NA,NA,1,0.833333333333333,1,0.666666666666667,0.833333333333333,0.666666666666667,NA,NA,0.333333333333333,0.666666666666667,NA,NA,NA,NA,NA,NA,0,0,0,0.166666666666667,0,0.166666666666667,NA,NA,0,0,NA,NA,NA,NA,NA,NA,0,0.166666666666667,0,0.166666666666667,0.166666666666667,0,NA,NA,0.666666666666667,0.333333333333333,NA,NA,NA,NA,NA,NA
"51",3,6,6,6,0,3,6,6,0,3,0,0,3,6,0,0,0,0,1,0,0,0,1,3,0,0,0,0,2,0,0,0,0,2,2,1,0,1,3,3,0,1,0,0,1,3,0,0,0.0625,0.125,0.125,0.125,0,0.0625,0.125,0.125,0,0.0625,0,0,0.0625,0.125,0,0,0,0,0.166666666666667,0,NA,0,0.166666666666667,0.5,NA,0,NA,NA,0.666666666666667,0,NA,NA,0,0.333333333333333,0.333333333333333,0.166666666666667,NA,0.333333333333333,0.5,0.5,NA,0.333333333333333,NA,NA,0.333333333333333,0.5,NA,NA,0,2,2,1,0,1,3,2,0,1,0,0,0,3,0,0,3,4,3,5,0,2,2,1,0,2,0,0,1,3,0,0,0,0,0,0,0,0,0,1,0,0,0,0,1,0,0,0,0,0,1,0,0,0,1,2,0,0,0,0,1,0,0,0,0,0.333333333333333,0.333333333333333,0.166666666666667,NA,0.333333333333333,0.5,0.333333333333333,NA,0.333333333333333,NA,NA,0,0.5,NA,NA,1,0.666666666666667,0.5,0.833333333333333,NA,0.666666666666667,0.333333333333333,0.166666666666667,NA,0.666666666666667,NA,NA,0.333333333333333,0.5,NA,NA,0,0,0,0,NA,0,0,0.166666666666667,NA,0,NA,NA,0.333333333333333,0,NA,NA,0,0,0.166666666666667,0,NA,0,0.166666666666667,0.333333333333333,NA,0,NA,NA,0.333333333333333,0,NA,NA
"52",3,3,3,6,0,3,6,6,3,6,3,0,3,3,0,0,0,0,0,0,0,0,1,2,0,1,1,0,0,1,0,0,0,0,1,1,0,0,0,6,1,3,2,0,1,3,0,0,0.0625,0.0625,0.0625,0.125,0,0.0625,0.125,0.125,0.0625,0.125,0.0625,0,0.0625,0.0625,0,0,0,0,0,0,NA,0,0.166666666666667,0.333333333333333,0,0.166666666666667,0.333333333333333,NA,0,0.333333333333333,NA,NA,0,0,0.333333333333333,0.166666666666667,NA,0,0,1,0.333333333333333,0.5,0.666666666666667,NA,0.333333333333333,1,NA,NA,0,0,1,1,0,0,0,4,1,2,1,0,1,2,0,0,3,3,2,5,0,3,5,0,2,3,1,0,2,0,0,0,0,0,0,0,0,0,0,2,0,1,1,0,0,1,0,0,0,0,0,0,0,0,1,0,0,0,0,0,0,0,0,0,0,0,0.333333333333333,0.166666666666667,NA,0,0,0.666666666666667,0.333333333333333,0.333333333333333,0.333333333333333,NA,0.333333333333333,0.666666666666667,NA,NA,1,1,0.666666666666667,0.833333333333333,NA,1,0.833333333333333,0,0.666666666666667,0.5,0.333333333333333,NA,0.666666666666667,0,NA,NA,0,0,0,0,NA,0,0,0.333333333333333,0,0.166666666666667,0.333333333333333,NA,0,0.333333333333333,NA,NA,0,0,0,0,NA,0,0.166666666666667,0,0,0,0,NA,0,0,NA,NA
"53",3,3,6,6,0,6,0,0,6,6,0,0,6,0,0,0,0,0,0,2,0,0,0,0,0,1,0,0,1,0,0,0,0,0,0,2,0,2,0,0,1,3,0,0,0,0,0,0,0.0714285714285714,0.0714285714285714,0.142857142857143,0.142857142857143,0,0.142857142857143,0,0,0.142857142857143,0.142857142857143,0,0,0.142857142857143,0,0,0,0,0,0,0.333333333333333,NA,0,NA,NA,0,0.166666666666667,NA,NA,0.166666666666667,NA,NA,NA,0,0,0,0.333333333333333,NA,0.333333333333333,NA,NA,0.166666666666667,0.5,NA,NA,0,NA,NA,NA,0,0,0,2,0,2,0,0,1,2,0,0,0,0,0,0,3,3,6,2,0,4,0,0,5,3,0,0,5,0,0,0,0,0,0,0,0,0,0,0,0,1,0,0,0,0,0,0,0,0,0,2,0,0,0,0,0,0,0,0,1,0,0,0,0,0,0,0.333333333333333,NA,0.333333333333333,NA,NA,0.166666666666667,0.333333333333333,NA,NA,0,NA,NA,NA,1,1,1,0.333333333333333,NA,0.666666666666667,NA,NA,0.833333333333333,0.5,NA,NA,0.833333333333333,NA,NA,NA,0,0,0,0,NA,0,NA,NA,0,0.166666666666667,NA,NA,0,NA,NA,NA,0,0,0,0.333333333333333,NA,0,NA,NA,0,0,NA,NA,0.166666666666667,NA,NA,NA
"54",3,3,3,3,0,0,6,6,6,6,6,0,6,0,0,0,0,0,0,0,0,0,0,1,0,0,1,0,1,0,0,0,0,0,0,1,0,0,2,5,1,3,3,0,2,0,0,0,0.0625,0.0625,0.0625,0.0625,0,0,0.125,0.125,0.125,0.125,0.125,0,0.125,0,0,0,0,0,0,0,NA,NA,0,0.166666666666667,0,0,0.166666666666667,NA,0.166666666666667,NA,NA,NA,0,0,0,0.333333333333333,NA,NA,0.333333333333333,0.833333333333333,0.166666666666667,0.5,0.5,NA,0.333333333333333,NA,NA,NA,0,0,0,1,0,0,2,4,1,3,3,0,1,0,0,0,3,3,3,2,0,0,4,1,5,3,2,0,4,0,0,0,0,0,0,0,0,0,0,1,0,0,0,0,1,0,0,0,0,0,0,0,0,0,0,0,0,0,1,0,0,0,0,0,0,0,0,0.333333333333333,NA,NA,0.333333333333333,0.666666666666667,0.166666666666667,0.5,0.5,NA,0.166666666666667,NA,NA,NA,1,1,1,0.666666666666667,NA,NA,0.666666666666667,0.166666666666667,0.833333333333333,0.5,0.333333333333333,NA,0.666666666666667,NA,NA,NA,0,0,0,0,NA,NA,0,0.166666666666667,0,0,0,NA,0.166666666666667,NA,NA,NA,0,0,0,0,NA,NA,0,0,0,0,0.166666666666667,NA,0,NA,NA,NA
"55",3,3,6,6,0,6,6,6,0,6,0,0,0,6,0,0,0,0,0,1,0,1,2,0,0,0,0,0,0,2,0,0,0,1,1,2,0,1,2,3,0,1,0,0,0,6,0,0,0.0625,0.0625,0.125,0.125,0,0.125,0.125,0.125,0,0.125,0,0,0,0.125,0,0,0,0,0,0.166666666666667,NA,0.166666666666667,0.333333333333333,0,NA,0,NA,NA,NA,0.333333333333333,NA,NA,0,0.333333333333333,0.166666666666667,0.333333333333333,NA,0.166666666666667,0.333333333333333,0.5,NA,0.166666666666667,NA,NA,NA,1,NA,NA,0,1,1,1,0,1,2,3,0,1,0,0,0,4,0,0,3,2,5,4,0,4,2,3,0,5,0,0,0,0,0,0,0,0,0,1,0,0,0,0,0,0,0,0,0,2,0,0,0,0,0,0,0,1,2,0,0,0,0,0,0,0,0,0,0,0.333333333333333,0.166666666666667,0.166666666666667,NA,0.166666666666667,0.333333333333333,0.5,NA,0.166666666666667,NA,NA,NA,0.666666666666667,NA,NA,1,0.666666666666667,0.833333333333333,0.666666666666667,NA,0.666666666666667,0.333333333333333,0.5,NA,0.833333333333333,NA,NA,NA,0,NA,NA,0,0,0,0.166666666666667,NA,0,0,0,NA,0,NA,NA,NA,0.333333333333333,NA,NA,0,0,0,0,NA,0.166666666666667,0.333333333333333,0,NA,0,NA,NA,NA,0,NA,NA
"56",6,3,3,6,0,3,6,3,3,6,0,0,6,3,0,0,1,0,0,0,0,0,3,1,0,1,0,0,0,2,0,0,0,0,1,3,0,1,2,2,1,3,0,0,2,3,0,0,0.125,0.0625,0.0625,0.125,0,0.0625,0.125,0.0625,0.0625,0.125,0,0,0.125,0.0625,0,0,0.166666666666667,0,0,0,NA,0,0.5,0.333333333333333,0,0.166666666666667,NA,NA,0,0.666666666666667,NA,NA,0,0,0.333333333333333,0.5,NA,0.333333333333333,0.333333333333333,0.666666666666667,0.333333333333333,0.5,NA,NA,0.333333333333333,1,NA,NA,0,0,1,3,0,1,1,2,1,3,0,0,2,1,0,0,5,3,2,3,0,2,2,0,2,2,0,0,4,0,0,0,0,0,0,0,0,0,1,0,0,0,0,0,0,2,0,0,1,0,0,0,0,0,2,1,0,1,0,0,0,0,0,0,0,0,0.333333333333333,0.5,NA,0.333333333333333,0.166666666666667,0.666666666666667,0.333333333333333,0.5,NA,NA,0.333333333333333,0.333333333333333,NA,NA,0.833333333333333,1,0.666666666666667,0.5,NA,0.666666666666667,0.333333333333333,0,0.666666666666667,0.333333333333333,NA,NA,0.666666666666667,0,NA,NA,0,0,0,0,NA,0,0.166666666666667,0,0,0,NA,NA,0,0.666666666666667,NA,NA,0.166666666666667,0,0,0,NA,0,0.333333333333333,0.333333333333333,0,0.166666666666667,NA,NA,0,0,NA,NA
"57",3,3,3,6,0,3,6,6,3,3,3,0,3,6,0,0,0,0,0,1,0,0,1,2,0,0,2,0,1,1,0,0,1,1,0,1,0,1,3,2,1,0,3,0,1,1,0,0,0.0625,0.0625,0.0625,0.125,0,0.0625,0.125,0.125,0.0625,0.0625,0.0625,0,0.0625,0.125,0,0,0,0,0,0.166666666666667,NA,0,0.166666666666667,0.333333333333333,0,0,0.666666666666667,NA,0.333333333333333,0.166666666666667,NA,NA,0.333333333333333,0.333333333333333,0,0.166666666666667,NA,0.333333333333333,0.5,0.333333333333333,0.333333333333333,0,1,NA,0.333333333333333,0.166666666666667,NA,NA,1,1,0,1,0,1,2,2,1,0,1,0,1,1,0,0,2,2,3,4,0,2,3,2,2,3,0,0,1,4,0,0,0,0,0,0,0,0,1,0,0,0,2,0,0,0,0,0,0,0,0,1,0,0,0,2,0,0,0,0,1,1,0,0,0.333333333333333,0.333333333333333,0,0.166666666666667,NA,0.333333333333333,0.333333333333333,0.333333333333333,0.333333333333333,0,0.333333333333333,NA,0.333333333333333,0.166666666666667,NA,NA,0.666666666666667,0.666666666666667,1,0.666666666666667,NA,0.666666666666667,0.5,0.333333333333333,0.666666666666667,1,0,NA,0.333333333333333,0.666666666666667,NA,NA,0,0,0,0,NA,0,0.166666666666667,0,0,0,0.666666666666667,NA,0,0,NA,NA,0,0,0,0.166666666666667,NA,0,0,0.333333333333333,0,0,0,NA,0.333333333333333,0.166666666666667,NA,NA
"58",6,3,6,6,0,3,6,6,0,6,0,3,0,3,0,0,1,0,0,1,0,0,0,2,0,0,0,3,0,1,0,0,0,0,2,1,0,1,3,2,0,2,0,2,0,1,0,0,0.125,0.0625,0.125,0.125,0,0.0625,0.125,0.125,0,0.125,0,0.0625,0,0.0625,0,0,0.166666666666667,0,0,0.166666666666667,NA,0,0,0.333333333333333,NA,0,NA,1,NA,0.333333333333333,NA,NA,0,0,0.333333333333333,0.166666666666667,NA,0.333333333333333,0.5,0.333333333333333,NA,0.333333333333333,NA,0.666666666666667,NA,0.333333333333333,NA,NA,0,0,2,1,0,1,3,1,0,2,0,0,0,0,0,0,5,3,4,4,0,2,3,3,0,4,0,0,0,2,0,0,0,0,0,0,0,0,0,1,0,0,0,2,0,1,0,0,1,0,0,1,0,0,0,1,0,0,0,1,0,0,0,0,0,0,0.333333333333333,0.166666666666667,NA,0.333333333333333,0.5,0.166666666666667,NA,0.333333333333333,NA,0,NA,0,NA,NA,0.833333333333333,1,0.666666666666667,0.666666666666667,NA,0.666666666666667,0.5,0.5,NA,0.666666666666667,NA,0,NA,0.666666666666667,NA,NA,0,0,0,0,NA,0,0,0.166666666666667,NA,0,NA,0.666666666666667,NA,0.333333333333333,NA,NA,0.166666666666667,0,0,0.166666666666667,NA,0,0,0.166666666666667,NA,0,NA,0.333333333333333,NA,0,NA,NA
"59",3,3,6,6,3,6,0,0,6,6,0,0,6,0,0,0,0,0,0,2,0,1,0,0,0,2,0,0,2,0,0,0,0,1,0,5,0,2,0,0,0,2,0,0,1,0,0,0,0.0666666666666667,0.0666666666666667,0.133333333333333,0.133333333333333,0.0666666666666667,0.133333333333333,0,0,0.133333333333333,0.133333333333333,0,0,0.133333333333333,0,0,0,0,0,0,0.333333333333333,0,0.166666666666667,NA,NA,0,0.333333333333333,NA,NA,0.333333333333333,NA,NA,NA,0,0.333333333333333,0,0.833333333333333,0,0.333333333333333,NA,NA,0,0.333333333333333,NA,NA,0.166666666666667,NA,NA,NA,0,1,0,3,0,2,0,0,0,1,0,0,1,0,0,0,3,2,6,1,3,3,0,0,6,3,0,0,3,0,0,0,0,0,0,2,0,0,0,0,0,1,0,0,0,0,0,0,0,0,0,0,0,1,0,0,0,1,0,0,2,0,0,0,0,0.333333333333333,0,0.5,0,0.333333333333333,NA,NA,0,0.166666666666667,NA,NA,0.166666666666667,NA,NA,NA,1,0.666666666666667,1,0.166666666666667,1,0.5,NA,NA,1,0.5,NA,NA,0.5,NA,NA,NA,0,0,0,0.333333333333333,0,0,NA,NA,0,0.166666666666667,NA,NA,0,NA,NA,NA,0,0,0,0,0,0.166666666666667,NA,NA,0,0.166666666666667,NA,NA,0.333333333333333,NA,NA,NA
"60",3,3,6,3,0,6,6,6,0,3,6,0,0,6,0,0,0,0,0,0,0,1,1,0,0,0,2,0,0,0,0,0,0,0,2,1,0,1,0,3,0,0,4,0,0,2,0,0,0.0625,0.0625,0.125,0.0625,0,0.125,0.125,0.125,0,0.0625,0.125,0,0,0.125,0,0,0,0,0,0,NA,0.166666666666667,0.166666666666667,0,NA,0,0.333333333333333,NA,NA,0,NA,NA,0,0,0.333333333333333,0.333333333333333,NA,0.166666666666667,0,0.5,NA,0,0.666666666666667,NA,NA,0.333333333333333,NA,NA,0,0,2,1,0,1,0,3,0,0,2,0,0,2,0,0,3,3,4,2,0,4,5,3,0,3,2,0,0,4,0,0,0,0,0,0,0,0,0,0,0,0,2,0,0,0,0,0,0,0,0,0,0,1,1,0,0,0,0,0,0,0,0,0,0,0,0.333333333333333,0.333333333333333,NA,0.166666666666667,0,0.5,NA,0,0.333333333333333,NA,NA,0.333333333333333,NA,NA,1,1,0.666666666666667,0.666666666666667,NA,0.666666666666667,0.833333333333333,0.5,NA,1,0.333333333333333,NA,NA,0.666666666666667,NA,NA,0,0,0,0,NA,0,0,0,NA,0,0.333333333333333,NA,NA,0,NA,NA,0,0,0,0,NA,0.166666666666667,0.166666666666667,0,NA,0,0,NA,NA,0,NA,NA
"61",3,3,3,6,0,0,6,3,3,3,6,0,6,6,0,0,0,0,0,0,0,0,1,3,0,0,1,0,2,0,0,0,0,0,1,1,0,0,1,1,0,1,4,0,2,5,0,0,0.0625,0.0625,0.0625,0.125,0,0,0.125,0.0625,0.0625,0.0625,0.125,0,0.125,0.125,0,0,0,0,0,0,NA,NA,0.166666666666667,1,0,0,0.166666666666667,NA,0.333333333333333,0,NA,NA,0,0,0.333333333333333,0.166666666666667,NA,NA,0.166666666666667,0.333333333333333,0,0.333333333333333,0.666666666666667,NA,0.333333333333333,0.833333333333333,NA,NA,0,0,1,1,0,0,0,0,0,1,4,0,1,5,0,0,3,3,2,5,0,0,5,0,3,2,1,0,3,1,0,0,0,0,0,0,0,0,1,1,0,0,0,0,1,0,0,0,0,0,0,0,0,0,0,2,0,0,1,0,1,0,0,0,0,0,0.333333333333333,0.166666666666667,NA,NA,0,0,0,0.333333333333333,0.666666666666667,NA,0.166666666666667,0.833333333333333,NA,NA,1,1,0.666666666666667,0.833333333333333,NA,NA,0.833333333333333,0,1,0.666666666666667,0.166666666666667,NA,0.5,0.166666666666667,NA,NA,0,0,0,0,NA,NA,0.166666666666667,0.333333333333333,0,0,0,NA,0.166666666666667,0,NA,NA,0,0,0,0,NA,NA,0,0.666666666666667,0,0,0.166666666666667,NA,0.166666666666667,0,NA,NA
"62",3,3,6,3,0,3,6,6,0,3,6,3,0,3,3,0,0,0,0,0,0,0,1,1,0,0,3,1,0,1,1,0,0,0,2,0,0,0,1,4,0,1,4,1,0,1,2,0,0.0625,0.0625,0.125,0.0625,0,0.0625,0.125,0.125,0,0.0625,0.125,0.0625,0,0.0625,0.0625,0,0,0,0,0,NA,0,0.166666666666667,0.166666666666667,NA,0,0.5,0.333333333333333,NA,0.333333333333333,0.333333333333333,NA,0,0,0.333333333333333,0,NA,0,0.166666666666667,0.666666666666667,NA,0.333333333333333,0.666666666666667,0.333333333333333,NA,0.333333333333333,0.666666666666667,NA,0,0,2,0,0,0,1,3,0,1,1,1,0,1,1,0,3,3,4,3,0,3,4,2,0,2,2,1,0,1,1,0,0,0,0,0,0,0,0,1,0,0,3,0,0,0,1,0,0,0,0,0,0,0,1,0,0,0,0,1,0,1,0,0,0,0,0.333333333333333,0,NA,0,0.166666666666667,0.5,NA,0.333333333333333,0.166666666666667,0.333333333333333,NA,0.333333333333333,0.333333333333333,NA,1,1,0.666666666666667,1,NA,1,0.666666666666667,0.333333333333333,NA,0.666666666666667,0.333333333333333,0.333333333333333,NA,0.333333333333333,0.333333333333333,NA,0,0,0,0,NA,0,0,0.166666666666667,NA,0,0.5,0,NA,0,0.333333333333333,NA,0,0,0,0,NA,0,0.166666666666667,0,NA,0,0,0.333333333333333,NA,0.333333333333333,0,NA
"63",3,3,3,6,3,6,6,6,3,6,3,0,0,0,0,0,0,0,0,0,0,1,1,3,1,2,2,0,0,0,0,0,0,0,1,1,1,1,2,2,1,3,1,0,0,0,0,0,0.0625,0.0625,0.0625,0.125,0.0625,0.125,0.125,0.125,0.0625,0.125,0.0625,0,0,0,0,0,0,0,0,0,0,0.166666666666667,0.166666666666667,0.5,0.333333333333333,0.333333333333333,0.666666666666667,NA,NA,NA,NA,NA,0,0,0.333333333333333,0.166666666666667,0.333333333333333,0.166666666666667,0.333333333333333,0.333333333333333,0.333333333333333,0.5,0.333333333333333,NA,NA,NA,NA,NA,0,0,1,1,1,0,2,0,1,2,0,0,0,0,0,0,3,3,2,5,2,5,3,3,1,2,1,0,0,0,0,0,0,0,0,0,0,1,0,2,0,1,1,0,0,0,0,0,0,0,0,0,0,0,1,1,1,1,1,0,0,0,0,0,0,0,0.333333333333333,0.166666666666667,0.333333333333333,0,0.333333333333333,0,0.333333333333333,0.333333333333333,0,NA,NA,NA,NA,NA,1,1,0.666666666666667,0.833333333333333,0.666666666666667,0.833333333333333,0.5,0.5,0.333333333333333,0.333333333333333,0.333333333333333,NA,NA,NA,NA,NA,0,0,0,0,0,0.166666666666667,0,0.333333333333333,0,0.166666666666667,0.333333333333333,NA,NA,NA,NA,NA,0,0,0,0,0,0,0.166666666666667,0.166666666666667,0.333333333333333,0.166666666666667,0.333333333333333,NA,NA,NA,NA,NA
"64",3,6,6,3,0,6,0,0,6,3,0,0,6,6,0,0,0,0,1,1,0,1,0,0,0,0,0,0,2,1,0,0,0,0,1,0,0,2,0,0,2,1,0,0,2,5,0,0,0.0666666666666667,0.133333333333333,0.133333333333333,0.0666666666666667,0,0.133333333333333,0,0,0.133333333333333,0.0666666666666667,0,0,0.133333333333333,0.133333333333333,0,0,0,0,0.166666666666667,0.333333333333333,NA,0.166666666666667,NA,NA,0,0,NA,NA,0.333333333333333,0.166666666666667,NA,NA,0,0,0.166666666666667,0,NA,0.333333333333333,NA,NA,0.333333333333333,0.333333333333333,NA,NA,0.333333333333333,0.833333333333333,NA,NA,0,0,1,0,0,2,0,0,2,1,0,0,0,4,0,0,3,6,4,2,0,3,0,0,4,2,0,0,4,1,0,0,0,0,0,0,0,0,0,0,0,0,0,0,2,1,0,0,0,0,1,1,0,1,0,0,0,0,0,0,0,0,0,0,0,0,0.166666666666667,0,NA,0.333333333333333,NA,NA,0.333333333333333,0.333333333333333,NA,NA,0,0.666666666666667,NA,NA,1,1,0.666666666666667,0.666666666666667,NA,0.5,NA,NA,0.666666666666667,0.666666666666667,NA,NA,0.666666666666667,0.166666666666667,NA,NA,0,0,0,0,NA,0,NA,NA,0,0,NA,NA,0.333333333333333,0.166666666666667,NA,NA,0,0,0.166666666666667,0.333333333333333,NA,0.166666666666667,NA,NA,0,0,NA,NA,0,0,NA,NA
"65",3,6,6,6,0,3,3,3,3,6,6,0,3,0,0,0,0,0,1,0,0,0,0,1,0,1,1,0,1,0,0,0,0,1,1,3,0,0,0,3,1,3,5,0,2,0,0,0,0.0625,0.125,0.125,0.125,0,0.0625,0.0625,0.0625,0.0625,0.125,0.125,0,0.0625,0,0,0,0,0,0.166666666666667,0,NA,0,0,0.333333333333333,0,0.166666666666667,0.166666666666667,NA,0.333333333333333,NA,NA,NA,0,0.166666666666667,0.166666666666667,0.5,NA,0,0,1,0.333333333333333,0.5,0.833333333333333,NA,0.666666666666667,NA,NA,NA,0,1,1,3,0,0,0,2,1,3,4,0,1,0,0,0,3,5,4,3,0,3,3,0,2,2,1,0,1,0,0,0,0,0,0,0,0,0,0,1,0,0,1,0,1,0,0,0,0,0,1,0,0,0,0,0,0,1,0,0,0,0,0,0,0,0.166666666666667,0.166666666666667,0.5,NA,0,0,0.666666666666667,0.333333333333333,0.5,0.666666666666667,NA,0.333333333333333,NA,NA,NA,1,0.833333333333333,0.666666666666667,0.5,NA,1,1,0,0.666666666666667,0.333333333333333,0.166666666666667,NA,0.333333333333333,NA,NA,NA,0,0,0,0,NA,0,0,0.333333333333333,0,0,0.166666666666667,NA,0.333333333333333,NA,NA,NA,0,0,0.166666666666667,0,NA,0,0,0,0,0.166666666666667,0,NA,0,NA,NA,NA
"66",6,6,6,6,0,3,0,0,0,3,0,0,6,6,0,0,0,1,0,2,0,0,0,0,0,0,0,0,1,0,0,0,0,1,1,5,0,0,0,0,0,0,0,0,3,3,0,0,0.142857142857143,0.142857142857143,0.142857142857143,0.142857142857143,0,0.0714285714285714,0,0,0,0.0714285714285714,0,0,0.142857142857143,0.142857142857143,0,0,0,0.166666666666667,0,0.333333333333333,NA,0,NA,NA,NA,0,NA,NA,0.166666666666667,0,NA,NA,0,0.166666666666667,0.166666666666667,0.833333333333333,NA,0,NA,NA,NA,0,NA,NA,0.5,0.5,NA,NA,0,1,1,4,0,0,0,0,0,0,0,0,2,3,0,0,6,4,5,0,0,3,0,0,0,3,0,0,3,3,0,0,0,0,0,1,0,0,0,0,0,0,0,0,1,0,0,0,0,1,0,1,0,0,0,0,0,0,0,0,0,0,0,0,0,0.166666666666667,0.166666666666667,0.666666666666667,NA,0,NA,NA,NA,0,NA,NA,0.333333333333333,0.5,NA,NA,1,0.666666666666667,0.833333333333333,0,NA,1,NA,NA,NA,1,NA,NA,0.5,0.5,NA,NA,0,0,0,0.166666666666667,NA,0,NA,NA,NA,0,NA,NA,0.166666666666667,0,NA,NA,0,0.166666666666667,0,0.166666666666667,NA,0,NA,NA,NA,0,NA,NA,0,0,NA,NA
"67",3,6,6,0,0,6,0,0,0,3,0,0,6,6,0,0,0,0,1,0,0,1,0,0,0,0,0,0,0,1,0,0,0,0,3,0,0,2,0,0,0,0,0,0,1,5,0,0,0.0833333333333333,0.166666666666667,0.166666666666667,0,0,0.166666666666667,0,0,0,0.0833333333333333,0,0,0.166666666666667,0.166666666666667,0,0,0,0,0.166666666666667,NA,NA,0.166666666666667,NA,NA,NA,0,NA,NA,0,0.166666666666667,NA,NA,0,0,0.5,NA,NA,0.333333333333333,NA,NA,NA,0,NA,NA,0.166666666666667,0.833333333333333,NA,NA,0,0,2,0,0,2,0,0,0,0,0,0,1,4,0,0,3,6,3,0,0,3,0,0,0,3,0,0,5,1,0,0,0,0,1,0,0,0,0,0,0,0,0,0,0,1,0,0,0,0,0,0,0,1,0,0,0,0,0,0,0,0,0,0,0,0,0.333333333333333,NA,NA,0.333333333333333,NA,NA,NA,0,NA,NA,0.166666666666667,0.666666666666667,NA,NA,1,1,0.5,NA,NA,0.5,NA,NA,NA,1,NA,NA,0.833333333333333,0.166666666666667,NA,NA,0,0,0.166666666666667,NA,NA,0,NA,NA,NA,0,NA,NA,0,0.166666666666667,NA,NA,0,0,0,NA,NA,0.166666666666667,NA,NA,NA,0,NA,NA,0,0,NA,NA
"68",3,3,3,6,0,0,3,6,0,6,6,0,3,6,3,0,0,0,0,0,0,0,0,2,0,0,1,0,0,1,3,0,0,1,0,1,0,0,0,4,0,2,2,0,0,3,1,0,0.0625,0.0625,0.0625,0.125,0,0,0.0625,0.125,0,0.125,0.125,0,0.0625,0.125,0.0625,0,0,0,0,0,NA,NA,0,0.333333333333333,NA,0,0.166666666666667,NA,0,0.166666666666667,1,NA,0,0.333333333333333,0,0.166666666666667,NA,NA,0,0.666666666666667,NA,0.333333333333333,0.333333333333333,NA,0,0.5,0.333333333333333,NA,0,1,0,1,0,0,0,3,0,2,2,0,0,3,0,0,3,2,3,5,0,0,3,1,0,4,3,0,3,2,0,0,0,0,0,0,0,0,0,1,0,0,0,0,0,0,1,0,0,0,0,0,0,0,0,1,0,0,1,0,0,1,2,0,0,0.333333333333333,0,0.166666666666667,NA,NA,0,0.5,NA,0.333333333333333,0.333333333333333,NA,0,0.5,0,NA,1,0.666666666666667,1,0.833333333333333,NA,NA,1,0.166666666666667,NA,0.666666666666667,0.5,NA,1,0.333333333333333,0,NA,0,0,0,0,NA,NA,0,0.166666666666667,NA,0,0,NA,0,0,0.333333333333333,NA,0,0,0,0,NA,NA,0,0.166666666666667,NA,0,0.166666666666667,NA,0,0.166666666666667,0.666666666666667,NA
"69",3,3,3,6,3,6,6,6,6,0,0,0,0,0,0,0,0,0,0,0,0,3,0,3,0,0,0,0,0,0,0,0,1,0,1,0,0,2,3,4,3,0,0,0,0,0,0,0,0.0714285714285714,0.0714285714285714,0.0714285714285714,0.142857142857143,0.0714285714285714,0.142857142857143,0.142857142857143,0.142857142857143,0.142857142857143,0,0,0,0,0,0,0,0,0,0,0,0,0.5,0,0.5,0,NA,NA,NA,NA,NA,NA,NA,0.333333333333333,0,0.333333333333333,0,0,0.333333333333333,0.5,0.666666666666667,0.5,NA,NA,NA,NA,NA,NA,NA,1,0,1,0,0,2,3,3,3,0,0,0,0,0,0,0,2,3,2,6,3,1,3,0,3,0,0,0,0,0,0,0,0,0,0,0,0,0,0,1,0,0,0,0,0,0,0,0,0,0,0,0,0,3,0,2,0,0,0,0,0,0,0,0,0.333333333333333,0,0.333333333333333,0,0,0.333333333333333,0.5,0.5,0.5,NA,NA,NA,NA,NA,NA,NA,0.666666666666667,1,0.666666666666667,1,1,0.166666666666667,0.5,0,0.5,NA,NA,NA,NA,NA,NA,NA,0,0,0,0,0,0,0,0.166666666666667,0,NA,NA,NA,NA,NA,NA,NA,0,0,0,0,0,0.5,0,0.333333333333333,0,NA,NA,NA,NA,NA,NA,NA
"70",3,3,3,6,0,6,6,6,0,6,6,0,0,3,0,0,0,0,0,0,0,1,0,2,0,0,2,0,0,1,0,0,0,0,0,1,0,0,2,5,0,0,3,0,0,2,0,0,0.0625,0.0625,0.0625,0.125,0,0.125,0.125,0.125,0,0.125,0.125,0,0,0.0625,0,0,0,0,0,0,NA,0.166666666666667,0,0.333333333333333,NA,0,0.333333333333333,NA,NA,0.333333333333333,NA,NA,0,0,0,0.166666666666667,NA,0,0.333333333333333,0.833333333333333,NA,0,0.5,NA,NA,0.666666666666667,NA,NA,0,0,0,1,0,0,2,3,0,0,2,0,0,2,0,0,3,3,3,5,0,5,4,1,0,6,2,0,0,0,0,0,0,0,0,0,0,0,0,2,0,0,1,0,0,0,0,0,0,0,0,0,0,1,0,0,0,0,1,0,0,1,0,0,0,0,0,0.166666666666667,NA,0,0.333333333333333,0.5,NA,0,0.333333333333333,NA,NA,0.666666666666667,NA,NA,1,1,1,0.833333333333333,NA,0.833333333333333,0.666666666666667,0.166666666666667,NA,1,0.333333333333333,NA,NA,0,NA,NA,0,0,0,0,NA,0,0,0.333333333333333,NA,0,0.166666666666667,NA,NA,0,NA,NA,0,0,0,0,NA,0.166666666666667,0,0,NA,0,0.166666666666667,NA,NA,0.333333333333333,NA,NA
"71",3,3,6,6,3,6,6,3,6,3,0,0,3,0,0,0,0,0,0,1,0,1,2,1,0,1,0,0,1,0,0,0,0,1,1,1,0,2,3,2,1,1,0,0,0,0,0,0,0.0625,0.0625,0.125,0.125,0.0625,0.125,0.125,0.0625,0.125,0.0625,0,0,0.0625,0,0,0,0,0,0,0.166666666666667,0,0.166666666666667,0.333333333333333,0.333333333333333,0,0.333333333333333,NA,NA,0.333333333333333,NA,NA,NA,0,0.333333333333333,0.166666666666667,0.166666666666667,0,0.333333333333333,0.5,0.666666666666667,0.166666666666667,0.333333333333333,NA,NA,0,NA,NA,NA,0,1,1,0,0,1,2,2,1,1,0,0,0,0,0,0,3,2,5,5,3,4,2,0,5,1,0,0,2,0,0,0,0,0,0,1,0,1,1,0,0,0,0,0,0,0,0,0,0,0,0,0,0,0,1,1,0,1,0,0,1,0,0,0,0,0.333333333333333,0.166666666666667,0,0,0.166666666666667,0.333333333333333,0.666666666666667,0.166666666666667,0.333333333333333,NA,NA,0,NA,NA,NA,1,0.666666666666667,0.833333333333333,0.833333333333333,1,0.666666666666667,0.333333333333333,0,0.833333333333333,0.333333333333333,NA,NA,0.666666666666667,NA,NA,NA,0,0,0,0.166666666666667,0,0.166666666666667,0.166666666666667,0,0,0,NA,NA,0,NA,NA,NA,0,0,0,0,0,0,0.166666666666667,0.333333333333333,0,0.333333333333333,NA,NA,0.333333333333333,NA,NA,NA
"72",3,3,3,6,0,3,6,6,6,6,3,0,3,0,0,0,0,0,0,0,0,0,1,1,1,0,1,0,1,0,0,0,0,0,0,0,0,1,1,4,1,3,2,0,1,0,0,0,0.0625,0.0625,0.0625,0.125,0,0.0625,0.125,0.125,0.125,0.125,0.0625,0,0.0625,0,0,0,0,0,0,0,NA,0,0.166666666666667,0.166666666666667,0.166666666666667,0,0.333333333333333,NA,0.333333333333333,NA,NA,NA,0,0,0,0,NA,0.333333333333333,0.166666666666667,0.666666666666667,0.166666666666667,0.5,0.666666666666667,NA,0.333333333333333,NA,NA,NA,0,0,0,0,0,1,0,3,1,3,1,0,1,0,0,0,3,3,3,6,0,2,5,2,4,3,1,0,1,0,0,0,0,0,0,0,0,0,1,1,0,0,1,0,0,0,0,0,0,0,0,0,0,0,0,0,1,0,0,0,1,0,0,0,0,0,0,0,NA,0.333333333333333,0,0.5,0.166666666666667,0.5,0.333333333333333,NA,0.333333333333333,NA,NA,NA,1,1,1,1,NA,0.666666666666667,0.833333333333333,0.333333333333333,0.666666666666667,0.5,0.333333333333333,NA,0.333333333333333,NA,NA,NA,0,0,0,0,NA,0,0.166666666666667,0.166666666666667,0,0,0.333333333333333,NA,0,NA,NA,NA,0,0,0,0,NA,0,0,0,0.166666666666667,0,0,NA,0.333333333333333,NA,NA,NA
"73",3,6,3,6,0,3,6,6,0,3,6,0,0,6,0,0,0,0,0,0,0,0,0,3,0,0,4,0,0,0,0,0,0,2,1,2,0,0,1,2,0,0,4,0,0,4,0,0,0.0625,0.125,0.0625,0.125,0,0.0625,0.125,0.125,0,0.0625,0.125,0,0,0.125,0,0,0,0,0,0,NA,0,0,0.5,NA,0,0.666666666666667,NA,NA,0,NA,NA,0,0.333333333333333,0.333333333333333,0.333333333333333,NA,0,0.166666666666667,0.333333333333333,NA,0,0.666666666666667,NA,NA,0.666666666666667,NA,NA,0,2,1,2,0,0,1,1,0,0,1,0,0,4,0,0,3,4,2,4,0,3,5,2,0,3,1,0,0,2,0,0,0,0,0,0,0,0,0,1,0,0,3,0,0,0,0,0,0,0,0,0,0,0,0,2,0,0,1,0,0,0,0,0,0,0.333333333333333,0.333333333333333,0.333333333333333,NA,0,0.166666666666667,0.166666666666667,NA,0,0.166666666666667,NA,NA,0.666666666666667,NA,NA,1,0.666666666666667,0.666666666666667,0.666666666666667,NA,1,0.833333333333333,0.333333333333333,NA,1,0.166666666666667,NA,NA,0.333333333333333,NA,NA,0,0,0,0,NA,0,0,0.166666666666667,NA,0,0.5,NA,NA,0,NA,NA,0,0,0,0,NA,0,0,0.333333333333333,NA,0,0.166666666666667,NA,NA,0,NA,NA
"74",6,3,0,0,6,0,0,0,6,0,0,0,0,0,0,0,0,1,0,0,0,0,0,0,2,0,0,0,0,0,0,0,3,1,0,0,2,0,0,0,1,0,0,0,0,0,0,0,0.285714285714286,0.142857142857143,0,0,0.285714285714286,0,0,0,0.285714285714286,0,0,0,0,0,0,0,0,0.333333333333333,NA,NA,0,NA,NA,NA,0.333333333333333,NA,NA,NA,NA,NA,NA,NA,0.5,0.333333333333333,NA,NA,0.333333333333333,NA,NA,NA,0.166666666666667,NA,NA,NA,NA,NA,NA,NA,3,1,0,0,2,0,0,0,1,0,0,0,0,0,0,0,3,1,0,0,4,0,0,0,3,0,0,0,0,0,0,0,0,0,0,0,0,0,0,0,0,0,0,0,0,0,0,0,0,1,0,0,0,0,0,0,2,0,0,0,0,0,0,0,0.5,0.333333333333333,NA,NA,0.333333333333333,NA,NA,NA,0.166666666666667,NA,NA,NA,NA,NA,NA,NA,0.5,0.333333333333333,NA,NA,0.666666666666667,NA,NA,NA,0.5,NA,NA,NA,NA,NA,NA,NA,0,0,NA,NA,0,NA,NA,NA,0,NA,NA,NA,NA,NA,NA,NA,0,0.333333333333333,NA,NA,0,NA,NA,NA,0.333333333333333,NA,NA,NA,NA,NA,NA,NA
"75",3,3,3,6,0,3,6,6,0,6,6,0,0,0,6,0,0,0,0,0,0,0,0,1,0,1,1,0,0,0,4,0,1,0,0,1,0,0,2,4,0,1,2,0,0,0,5,0,0.0625,0.0625,0.0625,0.125,0,0.0625,0.125,0.125,0,0.125,0.125,0,0,0,0.125,0,0,0,0,0,NA,0,0,0.166666666666667,NA,0.166666666666667,0.166666666666667,NA,NA,NA,0.666666666666667,NA,0.333333333333333,0,0,0.166666666666667,NA,0,0.333333333333333,0.666666666666667,NA,0.166666666666667,0.333333333333333,NA,NA,NA,0.833333333333333,NA,1,0,0,1,0,0,2,4,0,1,2,0,0,0,2,0,2,3,3,5,0,3,4,1,0,4,3,0,0,0,0,0,0,0,0,0,0,0,0,0,0,0,0,0,0,0,3,0,0,0,0,0,0,0,0,1,0,1,1,0,0,0,1,0,0.333333333333333,0,0,0.166666666666667,NA,0,0.333333333333333,0.666666666666667,NA,0.166666666666667,0.333333333333333,NA,NA,NA,0.333333333333333,NA,0.666666666666667,1,1,0.833333333333333,NA,1,0.666666666666667,0.166666666666667,NA,0.666666666666667,0.5,NA,NA,NA,0,NA,0,0,0,0,NA,0,0,0,NA,0,0,NA,NA,NA,0.5,NA,0,0,0,0,NA,0,0,0.166666666666667,NA,0.166666666666667,0.166666666666667,NA,NA,NA,0.166666666666667,NA
"76",3,3,3,3,3,6,6,6,0,6,6,3,0,0,0,0,0,0,0,0,0,0,0,0,0,2,2,2,0,0,0,0,0,0,0,0,1,1,2,2,0,1,3,1,0,0,0,0,0.0625,0.0625,0.0625,0.0625,0.0625,0.125,0.125,0.125,0,0.125,0.125,0.0625,0,0,0,0,0,0,0,0,0,0,0,0,NA,0.333333333333333,0.333333333333333,0.666666666666667,NA,NA,NA,NA,0,0,0,0,0.333333333333333,0.166666666666667,0.333333333333333,0.333333333333333,NA,0.166666666666667,0.5,0.333333333333333,NA,NA,NA,NA,0,0,0,0,1,1,2,2,0,1,3,0,0,0,0,0,3,3,3,3,2,5,4,4,0,3,1,1,0,0,0,0,0,0,0,0,0,0,0,0,0,0,0,1,0,0,0,0,0,0,0,0,0,0,0,0,0,2,2,1,0,0,0,0,0,0,0,0,0.333333333333333,0.166666666666667,0.333333333333333,0.333333333333333,NA,0.166666666666667,0.5,0,NA,NA,NA,NA,1,1,1,1,0.666666666666667,0.833333333333333,0.666666666666667,0.666666666666667,NA,0.5,0.166666666666667,0.333333333333333,NA,NA,NA,NA,0,0,0,0,0,0,0,0,NA,0,0,0.333333333333333,NA,NA,NA,NA,0,0,0,0,0,0,0,0,NA,0.333333333333333,0.333333333333333,0.333333333333333,NA,NA,NA,NA
"77",6,3,6,6,3,6,6,3,3,6,0,0,0,0,0,0,1,0,0,1,0,0,1,1,0,2,0,0,0,0,0,0,0,0,0,1,1,2,3,2,1,3,0,0,0,0,0,0,0.125,0.0625,0.125,0.125,0.0625,0.125,0.125,0.0625,0.0625,0.125,0,0,0,0,0,0,0.166666666666667,0,0,0.166666666666667,0,0,0.166666666666667,0.333333333333333,0,0.333333333333333,NA,NA,NA,NA,NA,NA,0,0,0,0.166666666666667,0.333333333333333,0.333333333333333,0.5,0.666666666666667,0.333333333333333,0.5,NA,NA,NA,NA,NA,NA,0,0,0,1,1,2,2,1,1,3,0,0,0,0,0,0,5,3,6,4,2,4,3,1,2,1,0,0,0,0,0,0,0,0,0,0,0,0,1,1,0,0,0,0,0,0,0,0,1,0,0,1,0,0,0,0,0,2,0,0,0,0,0,0,0,0,0,0.166666666666667,0.333333333333333,0.333333333333333,0.333333333333333,0.333333333333333,0.333333333333333,0.5,NA,NA,NA,NA,NA,NA,0.833333333333333,1,1,0.666666666666667,0.666666666666667,0.666666666666667,0.5,0.333333333333333,0.666666666666667,0.166666666666667,NA,NA,NA,NA,NA,NA,0,0,0,0,0,0,0.166666666666667,0.333333333333333,0,0,NA,NA,NA,NA,NA,NA,0.166666666666667,0,0,0.166666666666667,0,0,0,0,0,0.333333333333333,NA,NA,NA,NA,NA,NA
"78",3,6,6,3,0,6,0,0,0,6,0,0,6,6,0,0,0,0,1,1,0,1,0,0,0,0,0,0,0,1,0,0,0,0,1,0,0,2,0,0,0,2,0,0,2,4,0,0,0.0714285714285714,0.142857142857143,0.142857142857143,0.0714285714285714,0,0.142857142857143,0,0,0,0.142857142857143,0,0,0.142857142857143,0.142857142857143,0,0,0,0,0.166666666666667,0.333333333333333,NA,0.166666666666667,NA,NA,NA,0,NA,NA,0,0.166666666666667,NA,NA,0,0,0.166666666666667,0,NA,0.333333333333333,NA,NA,NA,0.333333333333333,NA,NA,0.333333333333333,0.666666666666667,NA,NA,0,0,1,0,0,2,0,0,0,2,0,0,2,3,0,0,3,6,4,2,0,3,0,0,0,4,0,0,4,2,0,0,0,0,0,0,0,0,0,0,0,0,0,0,0,1,0,0,0,0,1,1,0,1,0,0,0,0,0,0,0,0,0,0,0,0,0.166666666666667,0,NA,0.333333333333333,NA,NA,NA,0.333333333333333,NA,NA,0.333333333333333,0.5,NA,NA,1,1,0.666666666666667,0.666666666666667,NA,0.5,NA,NA,NA,0.666666666666667,NA,NA,0.666666666666667,0.333333333333333,NA,NA,0,0,0,0,NA,0,NA,NA,NA,0,NA,NA,0,0.166666666666667,NA,NA,0,0,0.166666666666667,0.333333333333333,NA,0.166666666666667,NA,NA,NA,0,NA,NA,0,0,NA,NA
"79",6,3,0,0,3,0,0,0,3,0,0,0,6,0,0,0,1,1,0,0,0,0,0,0,0,0,0,0,1,0,0,0,0,0,0,0,0,0,0,0,0,0,0,0,3,0,0,0,0.285714285714286,0.142857142857143,0,0,0.142857142857143,0,0,0,0.142857142857143,0,0,0,0.285714285714286,0,0,0,0.166666666666667,0.333333333333333,NA,NA,0,NA,NA,NA,0,NA,NA,NA,0.166666666666667,NA,NA,NA,0,0,NA,NA,0,NA,NA,NA,0,NA,NA,NA,0.5,NA,NA,NA,0,0,0,0,0,0,0,0,0,0,0,0,3,0,0,0,5,2,0,0,3,0,0,0,3,0,0,0,2,0,0,0,0,0,0,0,0,0,0,0,0,0,0,0,0,0,0,0,1,1,0,0,0,0,0,0,0,0,0,0,1,0,0,0,0,0,NA,NA,0,NA,NA,NA,0,NA,NA,NA,0.5,NA,NA,NA,0.833333333333333,0.666666666666667,NA,NA,1,NA,NA,NA,1,NA,NA,NA,0.333333333333333,NA,NA,NA,0,0,NA,NA,0,NA,NA,NA,0,NA,NA,NA,0,NA,NA,NA,0.166666666666667,0.333333333333333,NA,NA,0,NA,NA,NA,0,NA,NA,NA,0.166666666666667,NA,NA,NA
"80",3,6,6,0,6,6,0,0,6,6,0,0,0,0,0,0,0,0,1,0,0,0,0,0,2,2,0,0,0,0,0,0,1,1,3,0,0,1,0,0,0,1,0,0,0,0,0,0,0.0769230769230769,0.153846153846154,0.153846153846154,0,0.153846153846154,0.153846153846154,0,0,0.153846153846154,0.153846153846154,0,0,0,0,0,0,0,0,0.166666666666667,NA,0,0,NA,NA,0.333333333333333,0.333333333333333,NA,NA,NA,NA,NA,NA,0.333333333333333,0.166666666666667,0.5,NA,0,0.166666666666667,NA,NA,0,0.166666666666667,NA,NA,NA,NA,NA,NA,1,1,2,0,0,1,0,0,0,1,0,0,0,0,0,0,2,5,3,0,6,5,0,0,4,3,0,0,0,0,0,0,0,0,1,0,0,0,0,0,0,0,0,0,0,0,0,0,0,0,0,0,0,0,0,0,2,2,0,0,0,0,0,0,0.333333333333333,0.166666666666667,0.333333333333333,NA,0,0.166666666666667,NA,NA,0,0.166666666666667,NA,NA,NA,NA,NA,NA,0.666666666666667,0.833333333333333,0.5,NA,1,0.833333333333333,NA,NA,0.666666666666667,0.5,NA,NA,NA,NA,NA,NA,0,0,0.166666666666667,NA,0,0,NA,NA,0,0,NA,NA,NA,NA,NA,NA,0,0,0,NA,0,0,NA,NA,0.333333333333333,0.333333333333333,NA,NA,NA,NA,NA,NA
"81",3,3,3,3,0,3,6,6,3,6,3,0,3,6,0,0,0,0,0,0,0,0,0,1,0,0,1,0,1,1,0,0,0,0,0,1,0,1,2,3,2,1,1,0,0,4,0,0,0.0625,0.0625,0.0625,0.0625,0,0.0625,0.125,0.125,0.0625,0.125,0.0625,0,0.0625,0.125,0,0,0,0,0,0,NA,0,0,0.166666666666667,0,0,0.333333333333333,NA,0.333333333333333,0.166666666666667,NA,NA,0,0,0,0.333333333333333,NA,0.333333333333333,0.333333333333333,0.5,0.666666666666667,0.166666666666667,0.333333333333333,NA,0,0.666666666666667,NA,NA,0,0,0,1,0,1,2,3,2,1,0,0,0,3,0,0,3,3,3,2,0,2,4,2,1,5,2,0,2,2,0,0,0,0,0,0,0,0,0,0,0,0,1,0,0,1,0,0,0,0,0,0,0,0,0,1,0,0,0,0,1,0,0,0,0,0,0,0.333333333333333,NA,0.333333333333333,0.333333333333333,0.5,0.666666666666667,0.166666666666667,0,NA,0,0.5,NA,NA,1,1,1,0.666666666666667,NA,0.666666666666667,0.666666666666667,0.333333333333333,0.333333333333333,0.833333333333333,0.666666666666667,NA,0.666666666666667,0.333333333333333,NA,NA,0,0,0,0,NA,0,0,0,0,0,0.333333333333333,NA,0,0.166666666666667,NA,NA,0,0,0,0,NA,0,0,0.166666666666667,0,0,0,NA,0.333333333333333,0,NA,NA
"82",6,3,0,0,6,0,0,0,6,0,0,0,0,0,0,0,1,1,0,0,0,0,0,0,3,0,0,0,0,0,0,0,0,0,0,0,0,0,0,0,0,0,0,0,0,0,0,0,0.285714285714286,0.142857142857143,0,0,0.285714285714286,0,0,0,0.285714285714286,0,0,0,0,0,0,0,0.166666666666667,0.333333333333333,NA,NA,0,NA,NA,NA,0.5,NA,NA,NA,NA,NA,NA,NA,0,0,NA,NA,0,NA,NA,NA,0,NA,NA,NA,NA,NA,NA,NA,0,0,0,0,0,0,0,0,0,0,0,0,0,0,0,0,5,2,0,0,6,0,0,0,3,0,0,0,0,0,0,0,0,0,0,0,0,0,0,0,0,0,0,0,0,0,0,0,1,1,0,0,0,0,0,0,3,0,0,0,0,0,0,0,0,0,NA,NA,0,NA,NA,NA,0,NA,NA,NA,NA,NA,NA,NA,0.833333333333333,0.666666666666667,NA,NA,1,NA,NA,NA,0.5,NA,NA,NA,NA,NA,NA,NA,0,0,NA,NA,0,NA,NA,NA,0,NA,NA,NA,NA,NA,NA,NA,0.166666666666667,0.333333333333333,NA,NA,0,NA,NA,NA,0.5,NA,NA,NA,NA,NA,NA,NA
"83",3,3,3,6,0,3,6,3,6,6,0,0,3,0,0,0,0,0,0,0,0,0,2,1,0,1,0,0,1,0,0,0,0,0,0,2,0,1,2,2,2,3,0,0,1,0,0,0,0.0714285714285714,0.0714285714285714,0.0714285714285714,0.142857142857143,0,0.0714285714285714,0.142857142857143,0.0714285714285714,0.142857142857143,0.142857142857143,0,0,0.0714285714285714,0,0,0,0,0,0,0,NA,0,0.333333333333333,0.333333333333333,0,0.166666666666667,NA,NA,0.333333333333333,NA,NA,NA,0,0,0,0.333333333333333,NA,0.333333333333333,0.333333333333333,0.666666666666667,0.333333333333333,0.5,NA,NA,0.333333333333333,NA,NA,NA,0,0,0,2,0,1,1,2,2,3,0,0,0,0,0,0,3,3,3,4,0,2,3,0,4,2,0,0,2,0,0,0,0,0,0,0,0,0,1,0,0,0,0,0,1,0,0,0,0,0,0,0,0,0,1,1,0,1,0,0,0,0,0,0,0,0,0,0.333333333333333,NA,0.333333333333333,0.166666666666667,0.666666666666667,0.333333333333333,0.5,NA,NA,0,NA,NA,NA,1,1,1,0.666666666666667,NA,0.666666666666667,0.5,0,0.666666666666667,0.333333333333333,NA,NA,0.666666666666667,NA,NA,NA,0,0,0,0,NA,0,0.166666666666667,0,0,0,NA,NA,0.333333333333333,NA,NA,NA,0,0,0,0,NA,0,0.166666666666667,0.333333333333333,0,0.166666666666667,NA,NA,0,NA,NA,NA
"84",3,3,3,3,6,6,6,6,3,0,0,3,0,0,0,0,0,0,0,0,1,0,1,1,1,0,0,2,0,0,0,0,0,1,0,1,2,3,4,4,1,0,0,2,0,0,0,0,0.0714285714285714,0.0714285714285714,0.0714285714285714,0.0714285714285714,0.142857142857143,0.142857142857143,0.142857142857143,0.142857142857143,0.0714285714285714,0,0,0.0714285714285714,0,0,0,0,0,0,0,0,0.166666666666667,0,0.166666666666667,0.166666666666667,0.333333333333333,NA,NA,0.666666666666667,NA,NA,NA,NA,0,0.333333333333333,0,0.333333333333333,0.333333333333333,0.5,0.666666666666667,0.666666666666667,0.333333333333333,NA,NA,0.666666666666667,NA,NA,NA,NA,0,1,0,1,2,3,4,3,0,0,0,1,0,0,0,0,3,2,3,2,3,3,1,2,2,0,0,0,0,0,0,0,0,0,0,0,0,0,0,1,1,0,0,1,0,0,0,0,0,0,0,0,1,0,1,0,0,0,0,1,0,0,0,0,0,0.333333333333333,0,0.333333333333333,0.333333333333333,0.5,0.666666666666667,0.5,0,NA,NA,0.333333333333333,NA,NA,NA,NA,1,0.666666666666667,1,0.666666666666667,0.5,0.5,0.166666666666667,0.333333333333333,0.666666666666667,NA,NA,0,NA,NA,NA,NA,0,0,0,0,0,0,0,0.166666666666667,0.333333333333333,NA,NA,0.333333333333333,NA,NA,NA,NA,0,0,0,0,0.166666666666667,0,0.166666666666667,0,0,NA,NA,0.333333333333333,NA,NA,NA,NA
"85",3,3,6,0,0,3,0,0,6,6,0,0,6,6,0,0,0,0,0,0,0,0,0,0,0,0,0,0,1,2,0,0,0,1,3,0,0,0,0,0,0,0,0,0,1,4,0,0,0.0769230769230769,0.0769230769230769,0.153846153846154,0,0,0.0769230769230769,0,0,0.153846153846154,0.153846153846154,0,0,0.153846153846154,0.153846153846154,0,0,0,0,0,NA,NA,0,NA,NA,0,0,NA,NA,0.166666666666667,0.333333333333333,NA,NA,0,0.333333333333333,0.5,NA,NA,0,NA,NA,0,0,NA,NA,0.166666666666667,0.666666666666667,NA,NA,0,1,3,0,0,0,0,0,0,0,0,0,1,3,0,0,3,2,3,0,0,3,0,0,6,6,0,0,4,1,0,0,0,0,0,0,0,0,0,0,0,0,0,0,0,1,0,0,0,0,0,0,0,0,0,0,0,0,0,0,1,1,0,0,0,0.333333333333333,0.5,NA,NA,0,NA,NA,0,0,NA,NA,0.166666666666667,0.5,NA,NA,1,0.666666666666667,0.5,NA,NA,1,NA,NA,1,1,NA,NA,0.666666666666667,0.166666666666667,NA,NA,0,0,0,NA,NA,0,NA,NA,0,0,NA,NA,0,0.166666666666667,NA,NA,0,0,0,NA,NA,0,NA,NA,0,0,NA,NA,0.166666666666667,0.166666666666667,NA,NA
"86",3,3,3,6,0,0,3,3,6,6,3,0,3,3,6,0,0,0,0,1,0,0,0,1,0,0,0,0,1,1,0,0,1,0,0,2,0,0,0,2,1,4,1,0,0,2,3,0,0.0625,0.0625,0.0625,0.125,0,0,0.0625,0.0625,0.125,0.125,0.0625,0,0.0625,0.0625,0.125,0,0,0,0,0.166666666666667,NA,NA,0,0.333333333333333,0,0,0,NA,0.333333333333333,0.333333333333333,0,NA,0.333333333333333,0,0,0.333333333333333,NA,NA,0,0.666666666666667,0.166666666666667,0.666666666666667,0.333333333333333,NA,0,0.666666666666667,0.5,NA,1,0,0,2,0,0,0,1,1,4,1,0,0,1,3,0,2,3,3,3,0,0,3,1,5,2,2,0,2,1,3,0,0,0,0,0,0,0,0,1,0,0,0,0,0,1,0,0,0,0,0,1,0,0,0,0,0,0,0,0,1,0,0,0,0.333333333333333,0,0,0.333333333333333,NA,NA,0,0.333333333333333,0.166666666666667,0.666666666666667,0.333333333333333,NA,0,0.333333333333333,0.5,NA,0.666666666666667,1,1,0.5,NA,NA,1,0.333333333333333,0.833333333333333,0.333333333333333,0.666666666666667,NA,0.666666666666667,0.333333333333333,0.5,NA,0,0,0,0,NA,NA,0,0.333333333333333,0,0,0,NA,0,0.333333333333333,0,NA,0,0,0,0.166666666666667,NA,NA,0,0,0,0,0,NA,0.333333333333333,0,0,NA
"87",3,3,6,3,3,6,0,0,6,3,0,0,6,0,0,0,0,0,0,1,0,1,0,0,1,2,0,0,4,0,0,0,1,0,2,0,0,1,0,0,0,0,0,0,2,0,0,0,0.0769230769230769,0.0769230769230769,0.153846153846154,0.0769230769230769,0.0769230769230769,0.153846153846154,0,0,0.153846153846154,0.0769230769230769,0,0,0.153846153846154,0,0,0,0,0,0,0.333333333333333,0,0.166666666666667,NA,NA,0.166666666666667,0.666666666666667,NA,NA,0.666666666666667,NA,NA,NA,0.333333333333333,0,0.333333333333333,0,0,0.166666666666667,NA,NA,0,0,NA,NA,0.333333333333333,NA,NA,NA,1,0,2,0,0,1,0,0,0,0,0,0,2,0,0,0,2,3,4,2,3,4,0,0,5,1,0,0,0,0,0,0,0,0,0,0,0,0,0,0,0,0,0,0,0,0,0,0,0,0,0,1,0,1,0,0,1,2,0,0,4,0,0,0,0.333333333333333,0,0.333333333333333,0,0,0.166666666666667,NA,NA,0,0,NA,NA,0.333333333333333,NA,NA,NA,0.666666666666667,1,0.666666666666667,0.666666666666667,1,0.666666666666667,NA,NA,0.833333333333333,0.333333333333333,NA,NA,0,NA,NA,NA,0,0,0,0,0,0,NA,NA,0,0,NA,NA,0,NA,NA,NA,0,0,0,0.333333333333333,0,0.166666666666667,NA,NA,0.166666666666667,0.666666666666667,NA,NA,0.666666666666667,NA,NA,NA
"88",3,6,6,3,6,6,6,6,0,6,0,0,0,0,0,0,0,0,1,0,1,1,0,0,0,2,0,0,0,0,0,0,0,1,1,1,0,1,4,4,0,4,0,0,0,0,0,0,0.0625,0.125,0.125,0.0625,0.125,0.125,0.125,0.125,0,0.125,0,0,0,0,0,0,0,0,0.166666666666667,0,0.166666666666667,0.166666666666667,0,0,NA,0.333333333333333,NA,NA,NA,NA,NA,NA,0,0.166666666666667,0.166666666666667,0.333333333333333,0,0.166666666666667,0.666666666666667,0.666666666666667,NA,0.666666666666667,NA,NA,NA,NA,NA,NA,0,1,1,1,0,0,4,4,0,3,0,0,0,0,0,0,3,5,4,2,5,5,2,2,0,1,0,0,0,0,0,0,0,0,0,0,0,1,0,0,0,1,0,0,0,0,0,0,0,0,1,0,1,0,0,0,0,1,0,0,0,0,0,0,0,0.166666666666667,0.166666666666667,0.333333333333333,0,0,0.666666666666667,0.666666666666667,NA,0.5,NA,NA,NA,NA,NA,NA,1,0.833333333333333,0.666666666666667,0.666666666666667,0.833333333333333,0.833333333333333,0.333333333333333,0.333333333333333,NA,0.166666666666667,NA,NA,NA,NA,NA,NA,0,0,0,0,0,0.166666666666667,0,0,NA,0.166666666666667,NA,NA,NA,NA,NA,NA,0,0,0.166666666666667,0,0.166666666666667,0,0,0,NA,0.166666666666667,NA,NA,NA,NA,NA,NA
"89",6,6,3,6,0,3,6,0,0,6,6,0,0,6,0,0,0,1,0,0,0,0,1,0,0,0,2,0,0,1,0,0,0,1,0,3,0,0,1,0,0,2,3,0,0,2,0,0,0.125,0.125,0.0625,0.125,0,0.0625,0.125,0,0,0.125,0.125,0,0,0.125,0,0,0,0.166666666666667,0,0,NA,0,0.166666666666667,NA,NA,0,0.333333333333333,NA,NA,0.166666666666667,NA,NA,0,0.166666666666667,0,0.5,NA,0,0.166666666666667,NA,NA,0.333333333333333,0.5,NA,NA,0.333333333333333,NA,NA,0,1,0,3,0,0,1,0,0,2,3,0,0,2,0,0,6,4,3,3,0,3,4,0,0,4,1,0,0,3,0,0,0,0,0,0,0,0,0,0,0,0,0,0,0,0,0,0,0,1,0,0,0,0,1,0,0,0,2,0,0,1,0,0,0,0.166666666666667,0,0.5,NA,0,0.166666666666667,NA,NA,0.333333333333333,0.5,NA,NA,0.333333333333333,NA,NA,1,0.666666666666667,1,0.5,NA,1,0.666666666666667,NA,NA,0.666666666666667,0.166666666666667,NA,NA,0.5,NA,NA,0,0,0,0,NA,0,0,NA,NA,0,0,NA,NA,0,NA,NA,0,0.166666666666667,0,0,NA,0,0.166666666666667,NA,NA,0,0.333333333333333,NA,NA,0.166666666666667,NA,NA
"90",3,3,6,6,0,3,6,6,3,3,0,0,3,6,0,0,0,0,1,0,0,0,3,3,0,0,0,0,1,1,0,0,0,1,2,2,0,0,0,4,0,1,0,0,0,3,0,0,0.0625,0.0625,0.125,0.125,0,0.0625,0.125,0.125,0.0625,0.0625,0,0,0.0625,0.125,0,0,0,0,0.166666666666667,0,NA,0,0.5,0.5,0,0,NA,NA,0.333333333333333,0.166666666666667,NA,NA,0,0.333333333333333,0.333333333333333,0.333333333333333,NA,0,0,0.666666666666667,0,0.333333333333333,NA,NA,0,0.5,NA,NA,0,1,2,2,0,0,0,2,0,1,0,0,0,2,0,0,3,2,3,4,0,3,3,1,3,2,0,0,2,3,0,0,0,0,0,0,0,0,0,2,0,0,0,0,0,1,0,0,0,0,1,0,0,0,3,1,0,0,0,0,1,0,0,0,0,0.333333333333333,0.333333333333333,0.333333333333333,NA,0,0,0.333333333333333,0,0.333333333333333,NA,NA,0,0.333333333333333,NA,NA,1,0.666666666666667,0.5,0.666666666666667,NA,1,0.5,0.166666666666667,1,0.666666666666667,NA,NA,0.666666666666667,0.5,NA,NA,0,0,0,0,NA,0,0,0.333333333333333,0,0,NA,NA,0,0.166666666666667,NA,NA,0,0,0.166666666666667,0,NA,0,0.5,0.166666666666667,0,0,NA,NA,0.333333333333333,0,NA,NA
"91",3,3,3,6,0,3,6,6,0,6,3,3,0,6,0,0,0,0,0,0,0,0,0,2,0,0,1,1,0,2,0,0,0,0,1,3,0,1,3,3,0,2,2,1,0,5,0,0,0.0625,0.0625,0.0625,0.125,0,0.0625,0.125,0.125,0,0.125,0.0625,0.0625,0,0.125,0,0,0,0,0,0,NA,0,0,0.333333333333333,NA,0,0.333333333333333,0.333333333333333,NA,0.333333333333333,NA,NA,0,0,0.333333333333333,0.5,NA,0.333333333333333,0.5,0.5,NA,0.333333333333333,0.666666666666667,0.333333333333333,NA,0.833333333333333,NA,NA,0,0,1,3,0,1,3,1,0,2,1,1,0,3,0,0,3,3,2,3,0,2,3,3,0,4,1,1,0,1,0,0,0,0,0,0,0,0,0,2,0,0,1,0,0,2,0,0,0,0,0,0,0,0,0,0,0,0,0,1,0,0,0,0,0,0,0.333333333333333,0.5,NA,0.333333333333333,0.5,0.166666666666667,NA,0.333333333333333,0.333333333333333,0.333333333333333,NA,0.5,NA,NA,1,1,0.666666666666667,0.5,NA,0.666666666666667,0.5,0.5,NA,0.666666666666667,0.333333333333333,0.333333333333333,NA,0.166666666666667,NA,NA,0,0,0,0,NA,0,0,0.333333333333333,NA,0,0.333333333333333,0,NA,0.333333333333333,NA,NA,0,0,0,0,NA,0,0,0,NA,0,0,0.333333333333333,NA,0,NA,NA
"92",6,3,3,6,0,6,6,6,0,6,3,0,0,3,0,0,0,0,0,0,0,1,0,4,0,1,1,0,0,3,0,0,2,0,1,2,0,0,3,5,0,2,2,0,0,1,0,0,0.125,0.0625,0.0625,0.125,0,0.125,0.125,0.125,0,0.125,0.0625,0,0,0.0625,0,0,0,0,0,0,NA,0.166666666666667,0,0.666666666666667,NA,0.166666666666667,0.333333333333333,NA,NA,1,NA,NA,0.333333333333333,0,0.333333333333333,0.333333333333333,NA,0,0.5,0.833333333333333,NA,0.333333333333333,0.666666666666667,NA,NA,0.333333333333333,NA,NA,2,0,1,2,0,0,3,2,0,2,1,0,0,0,0,0,4,3,2,4,0,5,3,0,0,3,1,0,0,0,0,0,0,0,0,0,0,0,0,3,0,0,1,0,0,1,0,0,0,0,0,0,0,1,0,1,0,1,0,0,0,2,0,0,0.333333333333333,0,0.333333333333333,0.333333333333333,NA,0,0.5,0.333333333333333,NA,0.333333333333333,0.333333333333333,NA,NA,0,NA,NA,0.666666666666667,1,0.666666666666667,0.666666666666667,NA,0.833333333333333,0.5,0,NA,0.5,0.333333333333333,NA,NA,0,NA,NA,0,0,0,0,NA,0,0,0.5,NA,0,0.333333333333333,NA,NA,0.333333333333333,NA,NA,0,0,0,0,NA,0.166666666666667,0,0.166666666666667,NA,0.166666666666667,0,NA,NA,0.666666666666667,NA,NA
"93",3,3,3,6,6,6,6,6,0,0,6,0,0,0,0,0,0,0,0,0,2,2,0,2,0,0,3,0,0,0,0,0,0,0,1,2,1,0,1,2,0,0,6,0,0,0,0,0,0.0666666666666667,0.0666666666666667,0.0666666666666667,0.133333333333333,0.133333333333333,0.133333333333333,0.133333333333333,0.133333333333333,0,0,0.133333333333333,0,0,0,0,0,0,0,0,0,0.333333333333333,0.333333333333333,0,0.333333333333333,NA,NA,0.5,NA,NA,NA,NA,NA,0,0,0.333333333333333,0.333333333333333,0.166666666666667,0,0.166666666666667,0.333333333333333,NA,NA,1,NA,NA,NA,NA,NA,0,0,1,2,0,0,1,2,0,0,3,0,0,0,0,0,3,3,2,4,4,4,5,2,0,0,0,0,0,0,0,0,0,0,0,0,1,0,0,0,0,0,3,0,0,0,0,0,0,0,0,0,1,2,0,2,0,0,0,0,0,0,0,0,0,0,0.333333333333333,0.333333333333333,0,0,0.166666666666667,0.333333333333333,NA,NA,0.5,NA,NA,NA,NA,NA,1,1,0.666666666666667,0.666666666666667,0.666666666666667,0.666666666666667,0.833333333333333,0.333333333333333,NA,NA,0,NA,NA,NA,NA,NA,0,0,0,0,0.166666666666667,0,0,0,NA,NA,0.5,NA,NA,NA,NA,NA,0,0,0,0,0.166666666666667,0.333333333333333,0,0.333333333333333,NA,NA,0,NA,NA,NA,NA,NA
"94",3,3,3,6,0,6,6,6,3,6,6,0,0,0,0,0,0,0,0,0,0,1,0,1,1,1,1,0,0,0,0,0,0,0,1,2,0,1,1,3,0,4,3,0,0,0,0,0,0.0625,0.0625,0.0625,0.125,0,0.125,0.125,0.125,0.0625,0.125,0.125,0,0,0,0,0,0,0,0,0,NA,0.166666666666667,0,0.166666666666667,0.333333333333333,0.166666666666667,0.166666666666667,NA,NA,NA,NA,NA,0,0,0.333333333333333,0.333333333333333,NA,0.166666666666667,0.166666666666667,0.5,0,0.666666666666667,0.5,NA,NA,NA,NA,NA,0,0,1,2,0,1,1,3,0,3,3,0,0,0,0,0,3,3,2,4,0,4,5,2,2,2,2,0,0,0,0,0,0,0,0,0,0,0,0,0,0,1,0,0,0,0,0,0,0,0,0,0,0,1,0,1,1,0,1,0,0,0,0,0,0,0,0.333333333333333,0.333333333333333,NA,0.166666666666667,0.166666666666667,0.5,0,0.5,0.5,NA,NA,NA,NA,NA,1,1,0.666666666666667,0.666666666666667,NA,0.666666666666667,0.833333333333333,0.333333333333333,0.666666666666667,0.333333333333333,0.333333333333333,NA,NA,NA,NA,NA,0,0,0,0,NA,0,0,0,0,0.166666666666667,0,NA,NA,NA,NA,NA,0,0,0,0,NA,0.166666666666667,0,0.166666666666667,0.333333333333333,0,0.166666666666667,NA,NA,NA,NA,NA
"95",3,3,6,3,0,3,0,0,0,6,0,0,6,6,0,0,0,0,1,1,0,0,0,0,0,1,0,0,0,1,0,0,1,1,0,1,0,0,0,0,0,2,0,0,3,4,0,0,0.0833333333333333,0.0833333333333333,0.166666666666667,0.0833333333333333,0,0.0833333333333333,0,0,0,0.166666666666667,0,0,0.166666666666667,0.166666666666667,0,0,0,0,0.166666666666667,0.333333333333333,NA,0,NA,NA,NA,0.166666666666667,NA,NA,0,0.166666666666667,NA,NA,0.333333333333333,0.333333333333333,0,0.333333333333333,NA,0,NA,NA,NA,0.333333333333333,NA,NA,0.5,0.666666666666667,NA,NA,1,1,0,1,0,0,0,0,0,2,0,0,3,3,0,0,2,2,5,1,0,3,0,0,0,3,0,0,3,2,0,0,0,0,0,0,0,0,0,0,0,0,0,0,0,1,0,0,0,0,1,1,0,0,0,0,0,1,0,0,0,0,0,0,0.333333333333333,0.333333333333333,0,0.333333333333333,NA,0,NA,NA,NA,0.333333333333333,NA,NA,0.5,0.5,NA,NA,0.666666666666667,0.666666666666667,0.833333333333333,0.333333333333333,NA,1,NA,NA,NA,0.5,NA,NA,0.5,0.333333333333333,NA,NA,0,0,0,0,NA,0,NA,NA,NA,0,NA,NA,0,0.166666666666667,NA,NA,0,0,0.166666666666667,0.333333333333333,NA,0,NA,NA,NA,0.166666666666667,NA,NA,0,0,NA,NA
"96",3,3,3,6,0,3,6,6,0,6,0,0,6,6,0,0,0,0,0,1,0,0,1,2,0,0,0,0,0,2,0,0,0,0,1,0,0,1,3,3,0,1,0,0,2,4,0,0,0.0625,0.0625,0.0625,0.125,0,0.0625,0.125,0.125,0,0.125,0,0,0.125,0.125,0,0,0,0,0,0.166666666666667,NA,0,0.166666666666667,0.333333333333333,NA,0,NA,NA,0,0.333333333333333,NA,NA,0,0,0.333333333333333,0,NA,0.333333333333333,0.5,0.5,NA,0.166666666666667,NA,NA,0.333333333333333,0.666666666666667,NA,NA,0,0,1,0,0,1,2,1,0,1,0,0,2,4,0,0,3,3,2,5,0,2,3,3,0,5,0,0,4,0,0,0,0,0,0,0,0,0,1,2,0,0,0,0,0,0,0,0,0,0,0,1,0,0,0,0,0,0,0,0,0,2,0,0,0,0,0.333333333333333,0,NA,0.333333333333333,0.333333333333333,0.166666666666667,NA,0.166666666666667,NA,NA,0.333333333333333,0.666666666666667,NA,NA,1,1,0.666666666666667,0.833333333333333,NA,0.666666666666667,0.5,0.5,NA,0.833333333333333,NA,NA,0.666666666666667,0,NA,NA,0,0,0,0,NA,0,0.166666666666667,0.333333333333333,NA,0,NA,NA,0,0,NA,NA,0,0,0,0.166666666666667,NA,0,0,0,NA,0,NA,NA,0,0.333333333333333,NA,NA
"97",3,3,3,6,0,6,6,0,6,6,6,0,0,3,0,0,0,0,0,0,0,0,1,0,0,1,3,0,0,1,0,0,0,0,0,3,0,1,1,0,3,1,3,0,0,1,0,0,0.0625,0.0625,0.0625,0.125,0,0.125,0.125,0,0.125,0.125,0.125,0,0,0.0625,0,0,0,0,0,0,NA,0,0.166666666666667,NA,0,0.166666666666667,0.5,NA,NA,0.333333333333333,NA,NA,0,0,0,0.5,NA,0.166666666666667,0.166666666666667,NA,0.5,0.166666666666667,0.5,NA,NA,0.333333333333333,NA,NA,0,0,0,3,0,1,1,0,3,0,2,0,0,1,0,0,3,3,3,3,0,5,4,0,3,5,1,0,0,1,0,0,0,0,0,0,0,0,0,0,0,1,1,0,0,0,0,0,0,0,0,0,0,0,1,0,0,0,2,0,0,1,0,0,0,0,0,0.5,NA,0.166666666666667,0.166666666666667,NA,0.5,0,0.333333333333333,NA,NA,0.333333333333333,NA,NA,1,1,1,0.5,NA,0.833333333333333,0.666666666666667,NA,0.5,0.833333333333333,0.166666666666667,NA,NA,0.333333333333333,NA,NA,0,0,0,0,NA,0,0,NA,0,0.166666666666667,0.166666666666667,NA,NA,0,NA,NA,0,0,0,0,NA,0,0.166666666666667,NA,0,0,0.333333333333333,NA,NA,0.333333333333333,NA,NA
"98",6,6,6,6,0,6,6,6,0,0,6,0,0,0,0,0,0,1,0,1,0,1,0,1,0,0,4,0,0,0,0,0,0,2,2,1,0,3,0,4,0,0,3,0,0,0,0,0,0.125,0.125,0.125,0.125,0,0.125,0.125,0.125,0,0,0.125,0,0,0,0,0,0,0.166666666666667,0,0.166666666666667,NA,0.166666666666667,0,0.166666666666667,NA,NA,0.666666666666667,NA,NA,NA,NA,NA,0,0.333333333333333,0.333333333333333,0.166666666666667,NA,0.5,0,0.666666666666667,NA,NA,0.5,NA,NA,NA,NA,NA,0,2,2,1,0,2,0,3,0,0,1,0,0,0,0,0,6,3,4,4,0,3,6,2,0,0,1,0,0,0,0,0,0,0,0,0,0,1,0,1,0,0,2,0,0,0,0,0,0,1,0,1,0,0,0,0,0,0,2,0,0,0,0,0,0,0.333333333333333,0.333333333333333,0.166666666666667,NA,0.333333333333333,0,0.5,NA,NA,0.166666666666667,NA,NA,NA,NA,NA,1,0.5,0.666666666666667,0.666666666666667,NA,0.5,1,0.333333333333333,NA,NA,0.166666666666667,NA,NA,NA,NA,NA,0,0,0,0,NA,0.166666666666667,0,0.166666666666667,NA,NA,0.333333333333333,NA,NA,NA,NA,NA,0,0.166666666666667,0,0.166666666666667,NA,0,0,0,NA,NA,0.333333333333333,NA,NA,NA,NA,NA
"99",3,3,3,6,0,3,6,0,3,6,6,0,3,6,0,0,0,0,0,1,0,0,0,0,0,0,3,0,1,1,0,0,0,0,0,3,0,0,2,0,0,1,5,0,0,4,0,0,0.0625,0.0625,0.0625,0.125,0,0.0625,0.125,0,0.0625,0.125,0.125,0,0.0625,0.125,0,0,0,0,0,0.166666666666667,NA,0,0,NA,0,0,0.5,NA,0.333333333333333,0.166666666666667,NA,NA,0,0,0,0.5,NA,0,0.333333333333333,NA,0,0.166666666666667,0.833333333333333,NA,0,0.666666666666667,NA,NA,0,0,0,3,0,0,2,0,0,1,3,0,0,4,0,0,3,3,3,2,0,3,4,0,3,5,0,0,2,1,0,0,0,0,0,0,0,0,0,0,0,0,2,0,0,0,0,0,0,0,0,1,0,0,0,0,0,0,1,0,1,1,0,0,0,0,0,0.5,NA,0,0.333333333333333,NA,0,0.166666666666667,0.5,NA,0,0.666666666666667,NA,NA,1,1,1,0.333333333333333,NA,1,0.666666666666667,NA,1,0.833333333333333,0,NA,0.666666666666667,0.166666666666667,NA,NA,0,0,0,0,NA,0,0,NA,0,0,0.333333333333333,NA,0,0,NA,NA,0,0,0,0.166666666666667,NA,0,0,NA,0,0,0.166666666666667,NA,0.333333333333333,0.166666666666667,NA,NA
"100",3,3,3,6,0,3,6,6,3,3,3,0,3,6,0,0,0,0,0,0,0,0,1,3,1,0,1,0,1,1,0,0,0,0,1,1,0,1,2,4,1,0,1,0,1,5,0,0,0.0625,0.0625,0.0625,0.125,0,0.0625,0.125,0.125,0.0625,0.0625,0.0625,0,0.0625,0.125,0,0,0,0,0,0,NA,0,0.166666666666667,0.5,0.333333333333333,0,0.333333333333333,NA,0.333333333333333,0.166666666666667,NA,NA,0,0,0.333333333333333,0.166666666666667,NA,0.333333333333333,0.333333333333333,0.666666666666667,0.333333333333333,0,0.333333333333333,NA,0.333333333333333,0.833333333333333,NA,NA,0,0,1,1,0,1,2,3,1,0,0,0,1,4,0,0,3,3,2,5,0,2,3,0,1,3,2,0,1,1,0,0,0,0,0,0,0,0,0,1,0,0,1,0,0,1,0,0,0,0,0,0,0,0,1,2,1,0,0,0,1,0,0,0,0,0,0.333333333333333,0.166666666666667,NA,0.333333333333333,0.333333333333333,0.5,0.333333333333333,0,0,NA,0.333333333333333,0.666666666666667,NA,NA,1,1,0.666666666666667,0.833333333333333,NA,0.666666666666667,0.5,0,0.333333333333333,1,0.666666666666667,NA,0.333333333333333,0.166666666666667,NA,NA,0,0,0,0,NA,0,0,0.166666666666667,0,0,0.333333333333333,NA,0,0.166666666666667,NA,NA,0,0,0,0,NA,0,0.166666666666667,0.333333333333333,0.333333333333333,0,0,NA,0.333333333333333,0,NA,NA
"101",3,3,3,6,6,6,6,6,6,0,0,0,0,0,0,0,0,0,0,1,0,0,1,2,2,0,0,0,0,0,0,0,1,1,1,2,1,3,4,4,0,0,0,0,0,0,0,0,0.0666666666666667,0.0666666666666667,0.0666666666666667,0.133333333333333,0.133333333333333,0.133333333333333,0.133333333333333,0.133333333333333,0.133333333333333,0,0,0,0,0,0,0,0,0,0,0.166666666666667,0,0,0.166666666666667,0.333333333333333,0.333333333333333,NA,NA,NA,NA,NA,NA,NA,0.333333333333333,0.333333333333333,0.333333333333333,0.333333333333333,0.166666666666667,0.5,0.666666666666667,0.666666666666667,0,NA,NA,NA,NA,NA,NA,NA,1,1,1,2,1,3,3,3,0,0,0,0,0,0,0,0,2,2,2,3,5,3,2,1,4,0,0,0,0,0,0,0,0,0,0,0,0,0,1,1,0,0,0,0,0,0,0,0,0,0,0,1,0,0,0,1,2,0,0,0,0,0,0,0,0.333333333333333,0.333333333333333,0.333333333333333,0.333333333333333,0.166666666666667,0.5,0.5,0.5,0,NA,NA,NA,NA,NA,NA,NA,0.666666666666667,0.666666666666667,0.666666666666667,0.5,0.833333333333333,0.5,0.333333333333333,0.166666666666667,0.666666666666667,NA,NA,NA,NA,NA,NA,NA,0,0,0,0,0,0,0.166666666666667,0.166666666666667,0,NA,NA,NA,NA,NA,NA,NA,0,0,0,0.166666666666667,0,0,0,0.166666666666667,0.333333333333333,NA,NA,NA,NA,NA,NA,NA
"102",6,0,0,0,3,0,0,0,3,0,0,0,6,0,0,0,2,0,0,0,0,0,0,0,0,0,0,0,0,0,0,0,0,0,0,0,0,0,0,0,0,0,0,0,0,0,0,0,0.333333333333333,0,0,0,0.166666666666667,0,0,0,0.166666666666667,0,0,0,0.333333333333333,0,0,0,0.333333333333333,NA,NA,NA,0,NA,NA,NA,0,NA,NA,NA,0,NA,NA,NA,0,NA,NA,NA,0,NA,NA,NA,0,NA,NA,NA,0,NA,NA,NA,0,0,0,0,0,0,0,0,0,0,0,0,0,0,0,0,4,0,0,0,3,0,0,0,3,0,0,0,6,0,0,0,0,0,0,0,0,0,0,0,0,0,0,0,0,0,0,0,2,0,0,0,0,0,0,0,0,0,0,0,0,0,0,0,0,NA,NA,NA,0,NA,NA,NA,0,NA,NA,NA,0,NA,NA,NA,0.666666666666667,NA,NA,NA,1,NA,NA,NA,1,NA,NA,NA,1,NA,NA,NA,0,NA,NA,NA,0,NA,NA,NA,0,NA,NA,NA,0,NA,NA,NA,0.333333333333333,NA,NA,NA,0,NA,NA,NA,0,NA,NA,NA,0,NA,NA,NA
"103",3,3,3,3,0,6,3,6,3,6,6,3,3,0,0,0,0,0,0,0,0,0,0,1,0,2,0,2,2,0,0,0,0,0,1,0,0,1,1,4,1,2,4,2,0,0,0,0,0.0625,0.0625,0.0625,0.0625,0,0.125,0.0625,0.125,0.0625,0.125,0.125,0.0625,0.0625,0,0,0,0,0,0,0,NA,0,0,0.166666666666667,0,0.333333333333333,0,0.666666666666667,0.666666666666667,NA,NA,NA,0,0,0.333333333333333,0,NA,0.166666666666667,0.333333333333333,0.666666666666667,0.333333333333333,0.333333333333333,0.666666666666667,0.666666666666667,0,NA,NA,NA,0,0,1,0,0,1,1,3,1,1,4,1,0,0,0,0,3,3,2,3,0,5,2,2,2,3,2,0,1,0,0,0,0,0,0,0,0,0,0,1,0,1,0,1,0,0,0,0,0,0,0,0,0,0,0,0,0,1,0,1,2,0,0,0,0,0,0.333333333333333,0,NA,0.166666666666667,0.333333333333333,0.5,0.333333333333333,0.166666666666667,0.666666666666667,0.333333333333333,0,NA,NA,NA,1,1,0.666666666666667,1,NA,0.833333333333333,0.666666666666667,0.333333333333333,0.666666666666667,0.5,0.333333333333333,0,0.333333333333333,NA,NA,NA,0,0,0,0,NA,0,0,0.166666666666667,0,0.166666666666667,0,0.333333333333333,0,NA,NA,NA,0,0,0,0,NA,0,0,0,0,0.166666666666667,0,0.333333333333333,0.666666666666667,NA,NA,NA
"104",3,3,3,3,0,6,6,6,3,6,6,0,0,3,0,0,0,0,0,0,0,1,1,1,2,0,2,0,0,3,0,0,0,0,0,0,0,0,2,5,1,0,4,0,0,1,0,0,0.0625,0.0625,0.0625,0.0625,0,0.125,0.125,0.125,0.0625,0.125,0.125,0,0,0.0625,0,0,0,0,0,0,NA,0.166666666666667,0.166666666666667,0.166666666666667,0.666666666666667,0,0.333333333333333,NA,NA,1,NA,NA,0,0,0,0,NA,0,0.333333333333333,0.833333333333333,0.333333333333333,0,0.666666666666667,NA,NA,0.333333333333333,NA,NA,0,0,0,0,0,0,1,4,0,0,2,0,0,0,0,0,3,3,3,3,0,5,4,1,1,6,2,0,0,0,0,0,0,0,0,0,0,0,1,1,1,0,2,0,0,1,0,0,0,0,0,0,0,1,0,0,1,0,0,0,0,2,0,0,0,0,0,0,NA,0,0.166666666666667,0.666666666666667,0,0,0.333333333333333,NA,NA,0,NA,NA,1,1,1,1,NA,0.833333333333333,0.666666666666667,0.166666666666667,0.333333333333333,1,0.333333333333333,NA,NA,0,NA,NA,0,0,0,0,NA,0,0.166666666666667,0.166666666666667,0.333333333333333,0,0.333333333333333,NA,NA,0.333333333333333,NA,NA,0,0,0,0,NA,0.166666666666667,0,0,0.333333333333333,0,0,NA,NA,0.666666666666667,NA,NA
"105",6,6,3,6,0,3,6,3,3,6,0,0,3,3,0,0,0,1,0,0,0,0,3,1,0,0,0,0,0,1,0,0,0,1,1,3,0,1,2,2,0,3,0,0,1,2,0,0,0.125,0.125,0.0625,0.125,0,0.0625,0.125,0.0625,0.0625,0.125,0,0,0.0625,0.0625,0,0,0,0.166666666666667,0,0,NA,0,0.5,0.333333333333333,0,0,NA,NA,0,0.333333333333333,NA,NA,0,0.166666666666667,0.333333333333333,0.5,NA,0.333333333333333,0.333333333333333,0.666666666666667,0,0.5,NA,NA,0.333333333333333,0.666666666666667,NA,NA,0,1,1,3,0,1,1,1,0,3,0,0,1,1,0,0,6,4,2,3,0,2,2,1,3,3,0,0,2,1,0,0,0,0,0,0,0,0,1,1,0,0,0,0,0,1,0,0,0,1,0,0,0,0,2,0,0,0,0,0,0,0,0,0,0,0.166666666666667,0.333333333333333,0.5,NA,0.333333333333333,0.166666666666667,0.333333333333333,0,0.5,NA,NA,0.333333333333333,0.333333333333333,NA,NA,1,0.666666666666667,0.666666666666667,0.5,NA,0.666666666666667,0.333333333333333,0.333333333333333,1,0.5,NA,NA,0.666666666666667,0.333333333333333,NA,NA,0,0,0,0,NA,0,0.166666666666667,0.333333333333333,0,0,NA,NA,0,0.333333333333333,NA,NA,0,0.166666666666667,0,0,NA,0,0.333333333333333,0,0,0,NA,NA,0,0,NA,NA
"106",3,3,3,6,0,3,6,6,0,6,6,3,0,3,0,0,0,0,0,0,0,0,0,1,0,0,3,1,0,1,0,0,0,0,0,3,0,0,0,1,0,2,5,1,0,3,0,0,0.0625,0.0625,0.0625,0.125,0,0.0625,0.125,0.125,0,0.125,0.125,0.0625,0,0.0625,0,0,0,0,0,0,NA,0,0,0.166666666666667,NA,0,0.5,0.333333333333333,NA,0.333333333333333,NA,NA,0,0,0,0.5,NA,0,0,0.166666666666667,NA,0.333333333333333,0.833333333333333,0.333333333333333,NA,1,NA,NA,0,0,0,3,0,0,0,1,0,2,3,1,0,2,0,0,3,3,3,3,0,3,6,4,0,4,0,1,0,0,0,0,0,0,0,0,0,0,0,0,0,0,2,0,0,1,0,0,0,0,0,0,0,0,0,1,0,0,1,1,0,0,0,0,0,0,0,0.5,NA,0,0,0.166666666666667,NA,0.333333333333333,0.5,0.333333333333333,NA,0.666666666666667,NA,NA,1,1,1,0.5,NA,1,1,0.666666666666667,NA,0.666666666666667,0,0.333333333333333,NA,0,NA,NA,0,0,0,0,NA,0,0,0,NA,0,0.333333333333333,0,NA,0.333333333333333,NA,NA,0,0,0,0,NA,0,0,0.166666666666667,NA,0,0.166666666666667,0.333333333333333,NA,0,NA,NA
"107",3,6,6,6,0,6,6,6,0,6,0,0,0,3,0,0,0,0,1,0,0,1,3,2,0,0,0,0,0,1,0,0,0,1,0,1,0,2,3,3,0,2,0,0,0,2,0,0,0.0625,0.125,0.125,0.125,0,0.125,0.125,0.125,0,0.125,0,0,0,0.0625,0,0,0,0,0.166666666666667,0,NA,0.166666666666667,0.5,0.333333333333333,NA,0,NA,NA,NA,0.333333333333333,NA,NA,0,0.166666666666667,0,0.166666666666667,NA,0.333333333333333,0.5,0.5,NA,0.333333333333333,NA,NA,NA,0.666666666666667,NA,NA,0,1,0,1,0,2,2,1,0,2,0,0,0,1,0,0,3,5,5,5,0,3,1,3,0,4,0,0,0,1,0,0,0,0,0,0,0,0,1,2,0,0,0,0,0,1,0,0,0,0,1,0,0,1,2,0,0,0,0,0,0,0,0,0,0,0.166666666666667,0,0.166666666666667,NA,0.333333333333333,0.333333333333333,0.166666666666667,NA,0.333333333333333,NA,NA,NA,0.333333333333333,NA,NA,1,0.833333333333333,0.833333333333333,0.833333333333333,NA,0.5,0.166666666666667,0.5,NA,0.666666666666667,NA,NA,NA,0.333333333333333,NA,NA,0,0,0,0,NA,0,0.166666666666667,0.333333333333333,NA,0,NA,NA,NA,0.333333333333333,NA,NA,0,0,0.166666666666667,0,NA,0.166666666666667,0.333333333333333,0,NA,0,NA,NA,NA,0,NA,NA
"108",3,3,6,6,0,6,6,6,0,3,6,0,0,0,3,0,0,0,1,0,0,0,1,1,0,1,2,0,0,0,1,0,0,0,2,1,0,2,2,4,0,1,1,0,0,0,3,0,0.0625,0.0625,0.125,0.125,0,0.125,0.125,0.125,0,0.0625,0.125,0,0,0,0.0625,0,0,0,0.166666666666667,0,NA,0,0.166666666666667,0.166666666666667,NA,0.333333333333333,0.333333333333333,NA,NA,NA,0.333333333333333,NA,0,0,0.333333333333333,0.166666666666667,NA,0.333333333333333,0.333333333333333,0.666666666666667,NA,0.333333333333333,0.166666666666667,NA,NA,NA,1,NA,0,0,2,1,0,2,1,3,0,0,0,0,0,0,2,0,3,3,3,5,0,4,4,2,0,2,4,0,0,0,0,0,0,0,0,0,0,0,1,1,0,1,1,0,0,0,1,0,0,0,1,0,0,0,0,0,0,0,1,0,0,0,0,0,0,0,0.333333333333333,0.166666666666667,NA,0.333333333333333,0.166666666666667,0.5,NA,0,0,NA,NA,NA,0.666666666666667,NA,1,1,0.5,0.833333333333333,NA,0.666666666666667,0.666666666666667,0.333333333333333,NA,0.666666666666667,0.666666666666667,NA,NA,NA,0,NA,0,0,0,0,NA,0,0.166666666666667,0.166666666666667,NA,0.333333333333333,0.166666666666667,NA,NA,NA,0.333333333333333,NA,0,0,0.166666666666667,0,NA,0,0,0,NA,0,0.166666666666667,NA,NA,NA,0,NA
"109",3,3,3,3,0,6,6,6,3,6,0,3,3,3,0,0,0,0,0,0,0,1,1,0,0,1,0,2,0,2,0,0,0,0,0,1,0,2,3,2,0,2,0,2,1,3,0,0,0.0625,0.0625,0.0625,0.0625,0,0.125,0.125,0.125,0.0625,0.125,0,0.0625,0.0625,0.0625,0,0,0,0,0,0,NA,0.166666666666667,0.166666666666667,0,0,0.166666666666667,NA,0.666666666666667,0,0.666666666666667,NA,NA,0,0,0,0.333333333333333,NA,0.333333333333333,0.5,0.333333333333333,0,0.333333333333333,NA,0.666666666666667,0.333333333333333,1,NA,NA,0,0,0,1,0,1,2,2,0,2,0,1,1,1,0,0,3,3,3,2,0,4,3,4,3,3,0,0,2,0,0,0,0,0,0,0,0,1,1,0,0,0,0,1,0,2,0,0,0,0,0,0,0,0,0,0,0,1,0,1,0,0,0,0,0,0,0,0.333333333333333,NA,0.166666666666667,0.333333333333333,0.333333333333333,0,0.333333333333333,NA,0.333333333333333,0.333333333333333,0.333333333333333,NA,NA,1,1,1,0.666666666666667,NA,0.666666666666667,0.5,0.666666666666667,1,0.5,NA,0,0.666666666666667,0,NA,NA,0,0,0,0,NA,0.166666666666667,0.166666666666667,0,0,0,NA,0.333333333333333,0,0.666666666666667,NA,NA,0,0,0,0,NA,0,0,0,0,0.166666666666667,NA,0.333333333333333,0,0,NA,NA
"110",3,6,6,6,0,0,6,0,3,6,6,0,0,6,0,0,0,0,1,1,0,0,1,0,0,0,0,0,0,3,0,0,0,1,0,5,0,0,1,0,3,1,4,0,0,3,0,0,0.0625,0.125,0.125,0.125,0,0,0.125,0,0.0625,0.125,0.125,0,0,0.125,0,0,0,0,0.166666666666667,0.166666666666667,NA,NA,0.166666666666667,NA,0,0,0,NA,NA,0.5,NA,NA,0,0.166666666666667,0,0.833333333333333,NA,NA,0.166666666666667,NA,1,0.166666666666667,0.666666666666667,NA,NA,0.5,NA,NA,0,1,0,4,0,0,0,0,3,1,4,0,0,2,0,0,3,5,5,1,0,0,5,0,0,5,2,0,0,1,0,0,0,0,0,1,0,0,1,0,0,0,0,0,0,1,0,0,0,0,1,0,0,0,0,0,0,0,0,0,0,2,0,0,0,0.166666666666667,0,0.666666666666667,NA,NA,0,NA,1,0.166666666666667,0.666666666666667,NA,NA,0.333333333333333,NA,NA,1,0.833333333333333,0.833333333333333,0.166666666666667,NA,NA,0.833333333333333,NA,0,0.833333333333333,0.333333333333333,NA,NA,0.166666666666667,NA,NA,0,0,0,0.166666666666667,NA,NA,0.166666666666667,NA,0,0,0,NA,NA,0.166666666666667,NA,NA,0,0,0.166666666666667,0,NA,NA,0,NA,0,0,0,NA,NA,0.333333333333333,NA,NA
"111",3,3,3,6,0,6,6,3,3,6,6,0,3,0,0,0,0,0,0,0,0,1,1,1,0,1,0,0,0,0,0,0,0,0,0,2,0,2,2,2,0,3,4,0,0,0,0,0,0.0625,0.0625,0.0625,0.125,0,0.125,0.125,0.0625,0.0625,0.125,0.125,0,0.0625,0,0,0,0,0,0,0,NA,0.166666666666667,0.166666666666667,0.333333333333333,0,0.166666666666667,0,NA,0,NA,NA,NA,0,0,0,0.333333333333333,NA,0.333333333333333,0.333333333333333,0.666666666666667,0,0.5,0.666666666666667,NA,0,NA,NA,NA,0,0,0,2,0,1,1,1,0,2,4,0,0,0,0,0,3,3,3,4,0,4,4,1,3,3,2,0,3,0,0,0,0,0,0,0,0,1,1,1,0,1,0,0,0,0,0,0,0,0,0,0,0,0,0,0,0,0,0,0,0,0,0,0,0,0,0,0.333333333333333,NA,0.166666666666667,0.166666666666667,0.333333333333333,0,0.333333333333333,0.666666666666667,NA,0,NA,NA,NA,1,1,1,0.666666666666667,NA,0.666666666666667,0.666666666666667,0.333333333333333,1,0.5,0.333333333333333,NA,1,NA,NA,NA,0,0,0,0,NA,0.166666666666667,0.166666666666667,0.333333333333333,0,0.166666666666667,0,NA,0,NA,NA,NA,0,0,0,0,NA,0,0,0,0,0,0,NA,0,NA,NA,NA
"112",6,6,3,6,0,0,6,6,3,6,6,0,0,0,0,0,0,1,0,1,0,0,0,2,1,0,1,0,0,0,0,0,0,0,0,1,0,0,1,3,1,3,4,0,0,0,0,0,0.125,0.125,0.0625,0.125,0,0,0.125,0.125,0.0625,0.125,0.125,0,0,0,0,0,0,0.166666666666667,0,0.166666666666667,NA,NA,0,0.333333333333333,0.333333333333333,0,0.166666666666667,NA,NA,NA,NA,NA,0,0,0,0.166666666666667,NA,NA,0.166666666666667,0.5,0.333333333333333,0.5,0.666666666666667,NA,NA,NA,NA,NA,0,0,0,0,0,0,1,3,0,3,4,0,0,0,0,0,6,5,3,5,0,0,5,1,2,3,1,0,0,0,0,0,0,0,0,1,0,0,0,0,1,0,0,0,0,0,0,0,0,1,0,0,0,0,0,2,0,0,1,0,0,0,0,0,0,0,0,0,NA,NA,0.166666666666667,0.5,0,0.5,0.666666666666667,NA,NA,NA,NA,NA,1,0.833333333333333,1,0.833333333333333,NA,NA,0.833333333333333,0.166666666666667,0.666666666666667,0.5,0.166666666666667,NA,NA,NA,NA,NA,0,0,0,0.166666666666667,NA,NA,0,0,0.333333333333333,0,0,NA,NA,NA,NA,NA,0,0.166666666666667,0,0,NA,NA,0,0.333333333333333,0,0,0.166666666666667,NA,NA,NA,NA,NA
"113",3,3,3,3,3,6,6,6,3,0,6,3,3,0,0,0,0,0,0,0,0,2,0,1,0,0,2,1,1,0,0,0,0,0,0,1,0,4,2,3,0,0,5,3,1,0,0,0,0.0625,0.0625,0.0625,0.0625,0.0625,0.125,0.125,0.125,0.0625,0,0.125,0.0625,0.0625,0,0,0,0,0,0,0,0,0.333333333333333,0,0.166666666666667,0,NA,0.333333333333333,0.333333333333333,0.333333333333333,NA,NA,NA,0,0,0,0.333333333333333,0,0.666666666666667,0.333333333333333,0.5,0,NA,0.833333333333333,1,0.333333333333333,NA,NA,NA,0,0,0,1,0,2,2,2,0,0,4,2,1,0,0,0,3,3,3,2,3,2,4,3,3,0,0,0,1,0,0,0,0,0,0,0,0,2,0,1,0,0,1,1,0,0,0,0,0,0,0,0,0,0,0,0,0,0,1,0,1,0,0,0,0,0,0,0.333333333333333,0,0.333333333333333,0.333333333333333,0.333333333333333,0,NA,0.666666666666667,0.666666666666667,0.333333333333333,NA,NA,NA,1,1,1,0.666666666666667,1,0.333333333333333,0.666666666666667,0.5,1,NA,0,0,0.333333333333333,NA,NA,NA,0,0,0,0,0,0.333333333333333,0,0.166666666666667,0,NA,0.166666666666667,0.333333333333333,0,NA,NA,NA,0,0,0,0,0,0,0,0,0,NA,0.166666666666667,0,0.333333333333333,NA,NA,NA
"114",3,3,3,6,0,3,6,6,3,6,0,0,6,3,0,0,0,0,0,0,0,0,0,3,0,0,0,0,0,3,0,0,0,0,0,0,0,0,4,1,1,0,0,0,2,0,0,0,0.0625,0.0625,0.0625,0.125,0,0.0625,0.125,0.125,0.0625,0.125,0,0,0.125,0.0625,0,0,0,0,0,0,NA,0,0,0.5,0,0,NA,NA,0,1,NA,NA,0,0,0,0,NA,0,0.666666666666667,0.166666666666667,0.333333333333333,0,NA,NA,0.333333333333333,0,NA,NA,0,0,0,0,0,0,4,1,1,0,0,0,2,0,0,0,3,3,3,6,0,3,2,2,2,6,0,0,4,0,0,0,0,0,0,0,0,0,0,0,0,0,0,0,0,0,0,0,0,0,0,0,0,0,0,3,0,0,0,0,0,3,0,0,0,0,0,0,NA,0,0.666666666666667,0.166666666666667,0.333333333333333,0,NA,NA,0.333333333333333,0,NA,NA,1,1,1,1,NA,1,0.333333333333333,0.333333333333333,0.666666666666667,1,NA,NA,0.666666666666667,0,NA,NA,0,0,0,0,NA,0,0,0,0,0,NA,NA,0,0,NA,NA,0,0,0,0,NA,0,0,0.5,0,0,NA,NA,0,1,NA,NA
"115",3,3,3,6,0,6,6,0,6,6,3,0,6,0,0,0,0,0,0,1,0,0,0,0,0,1,2,0,2,0,0,0,0,1,1,3,0,0,3,0,0,3,3,0,1,0,0,0,0.0625,0.0625,0.0625,0.125,0,0.125,0.125,0,0.125,0.125,0.0625,0,0.125,0,0,0,0,0,0,0.166666666666667,NA,0,0,NA,0,0.166666666666667,0.666666666666667,NA,0.333333333333333,NA,NA,NA,0,0.333333333333333,0.333333333333333,0.5,NA,0,0.5,NA,0,0.5,1,NA,0.166666666666667,NA,NA,NA,0,1,1,3,0,0,3,0,0,3,1,0,1,0,0,0,3,2,2,2,0,6,3,0,6,2,0,0,3,0,0,0,0,0,0,0,0,0,0,0,0,0,2,0,0,0,0,0,0,0,0,1,0,0,0,0,0,1,0,0,2,0,0,0,0,0.333333333333333,0.333333333333333,0.5,NA,0,0.5,NA,0,0.5,0.333333333333333,NA,0.166666666666667,NA,NA,NA,1,0.666666666666667,0.666666666666667,0.333333333333333,NA,1,0.5,NA,1,0.333333333333333,0,NA,0.5,NA,NA,NA,0,0,0,0,NA,0,0,NA,0,0,0.666666666666667,NA,0,NA,NA,NA,0,0,0,0.166666666666667,NA,0,0,NA,0,0.166666666666667,0,NA,0.333333333333333,NA,NA,NA
"116",6,6,3,6,3,6,6,6,0,6,0,0,0,0,0,0,0,1,0,0,0,1,2,1,0,2,0,0,0,0,0,0,2,1,1,1,0,0,2,4,0,2,0,0,0,0,0,0,0.125,0.125,0.0625,0.125,0.0625,0.125,0.125,0.125,0,0.125,0,0,0,0,0,0,0,0.166666666666667,0,0,0,0.166666666666667,0.333333333333333,0.166666666666667,NA,0.333333333333333,NA,NA,NA,NA,NA,NA,0.333333333333333,0.166666666666667,0.333333333333333,0.166666666666667,0,0,0.333333333333333,0.666666666666667,NA,0.333333333333333,NA,NA,NA,NA,NA,NA,2,1,1,1,0,0,0,4,0,2,0,0,0,0,0,0,4,4,2,5,3,5,4,1,0,2,0,0,0,0,0,0,0,0,0,0,0,0,2,0,0,0,0,0,0,0,0,0,0,1,0,0,0,1,0,1,0,2,0,0,0,0,0,0,0.333333333333333,0.166666666666667,0.333333333333333,0.166666666666667,0,0,0,0.666666666666667,NA,0.333333333333333,NA,NA,NA,NA,NA,NA,0.666666666666667,0.666666666666667,0.666666666666667,0.833333333333333,1,0.833333333333333,0.666666666666667,0.166666666666667,NA,0.333333333333333,NA,NA,NA,NA,NA,NA,0,0,0,0,0,0,0.333333333333333,0,NA,0,NA,NA,NA,NA,NA,NA,0,0.166666666666667,0,0,0,0.166666666666667,0,0.166666666666667,NA,0.333333333333333,NA,NA,NA,NA,NA,NA
"117",3,3,3,3,3,6,6,6,6,0,0,6,3,0,0,0,0,0,0,0,0,2,1,0,1,0,0,4,1,0,0,0,0,0,0,1,0,2,3,1,0,0,0,4,1,0,0,0,0.0625,0.0625,0.0625,0.0625,0.0625,0.125,0.125,0.125,0.125,0,0,0.125,0.0625,0,0,0,0,0,0,0,0,0.333333333333333,0.166666666666667,0,0.166666666666667,NA,NA,0.666666666666667,0.333333333333333,NA,NA,NA,0,0,0,0.333333333333333,0,0.333333333333333,0.5,0.166666666666667,0,NA,NA,0.666666666666667,0.333333333333333,NA,NA,NA,0,0,0,1,0,2,3,1,0,0,0,1,0,0,0,0,3,3,3,2,3,2,2,5,5,0,0,1,2,0,0,0,0,0,0,0,0,0,0,0,0,0,0,3,1,0,0,0,0,0,0,0,0,2,1,0,1,0,0,1,0,0,0,0,0,0,0,0.333333333333333,0,0.333333333333333,0.5,0.166666666666667,0,NA,NA,0.166666666666667,0,NA,NA,NA,1,1,1,0.666666666666667,1,0.333333333333333,0.333333333333333,0.833333333333333,0.833333333333333,NA,NA,0.166666666666667,0.666666666666667,NA,NA,NA,0,0,0,0,0,0,0,0,0,NA,NA,0.5,0.333333333333333,NA,NA,NA,0,0,0,0,0,0.333333333333333,0.166666666666667,0,0.166666666666667,NA,NA,0.166666666666667,0,NA,NA,NA
"118",3,3,3,6,0,3,6,0,6,6,0,0,3,6,0,0,0,0,0,0,0,0,0,0,0,0,0,0,1,1,0,0,0,0,0,3,0,0,4,0,5,1,0,0,2,3,0,0,0.0666666666666667,0.0666666666666667,0.0666666666666667,0.133333333333333,0,0.0666666666666667,0.133333333333333,0,0.133333333333333,0.133333333333333,0,0,0.0666666666666667,0.133333333333333,0,0,0,0,0,0,NA,0,0,NA,0,0,NA,NA,0.333333333333333,0.166666666666667,NA,NA,0,0,0,0.5,NA,0,0.666666666666667,NA,0.833333333333333,0.166666666666667,NA,NA,0.666666666666667,0.5,NA,NA,0,0,0,3,0,0,4,0,5,1,0,0,1,2,0,0,3,3,3,3,0,3,2,0,1,5,0,0,1,3,0,0,0,0,0,0,0,0,0,0,0,0,0,0,1,1,0,0,0,0,0,0,0,0,0,0,0,0,0,0,0,0,0,0,0,0,0,0.5,NA,0,0.666666666666667,NA,0.833333333333333,0.166666666666667,NA,NA,0.333333333333333,0.333333333333333,NA,NA,1,1,1,0.5,NA,1,0.333333333333333,NA,0.166666666666667,0.833333333333333,NA,NA,0.333333333333333,0.5,NA,NA,0,0,0,0,NA,0,0,NA,0,0,NA,NA,0.333333333333333,0.166666666666667,NA,NA,0,0,0,0,NA,0,0,NA,0,0,NA,NA,0,0,NA,NA
"119",3,3,6,6,6,3,0,0,6,6,0,0,0,0,0,0,0,0,0,2,1,0,0,0,2,1,0,0,0,0,0,0,0,0,1,1,0,0,0,0,1,4,0,0,0,0,0,0,0.0769230769230769,0.0769230769230769,0.153846153846154,0.153846153846154,0.153846153846154,0.0769230769230769,0,0,0.153846153846154,0.153846153846154,0,0,0,0,0,0,0,0,0,0.333333333333333,0.166666666666667,0,NA,NA,0.333333333333333,0.166666666666667,NA,NA,NA,NA,NA,NA,0,0,0.166666666666667,0.166666666666667,0,0,NA,NA,0.166666666666667,0.666666666666667,NA,NA,NA,NA,NA,NA,0,0,1,1,0,0,0,0,1,3,0,0,0,0,0,0,3,3,5,3,5,3,0,0,3,2,0,0,0,0,0,0,0,0,0,0,0,0,0,0,0,1,0,0,0,0,0,0,0,0,0,2,1,0,0,0,2,0,0,0,0,0,0,0,0,0,0.166666666666667,0.166666666666667,0,0,NA,NA,0.166666666666667,0.5,NA,NA,NA,NA,NA,NA,1,1,0.833333333333333,0.5,0.833333333333333,1,NA,NA,0.5,0.333333333333333,NA,NA,NA,NA,NA,NA,0,0,0,0,0,0,NA,NA,0,0.166666666666667,NA,NA,NA,NA,NA,NA,0,0,0,0.333333333333333,0.166666666666667,0,NA,NA,0.333333333333333,0,NA,NA,NA,NA,NA,NA
"120",3,3,6,6,0,3,6,3,0,6,0,0,6,6,0,0,0,0,0,0,0,0,0,3,0,0,0,0,0,2,0,0,0,0,2,2,0,0,4,2,0,0,0,0,1,3,0,0,0.0625,0.0625,0.125,0.125,0,0.0625,0.125,0.0625,0,0.125,0,0,0.125,0.125,0,0,0,0,0,0,NA,0,0,1,NA,0,NA,NA,0,0.333333333333333,NA,NA,0,0,0.333333333333333,0.333333333333333,NA,0,0.666666666666667,0.666666666666667,NA,0,NA,NA,0.166666666666667,0.5,NA,NA,0,0,2,2,0,0,4,0,0,0,0,0,1,2,0,0,3,3,4,4,0,3,2,0,0,6,0,0,5,2,0,0,0,0,0,0,0,0,0,2,0,0,0,0,0,1,0,0,0,0,0,0,0,0,0,1,0,0,0,0,0,1,0,0,0,0,0.333333333333333,0.333333333333333,NA,0,0.666666666666667,0,NA,0,NA,NA,0.166666666666667,0.333333333333333,NA,NA,1,1,0.666666666666667,0.666666666666667,NA,1,0.333333333333333,0,NA,1,NA,NA,0.833333333333333,0.333333333333333,NA,NA,0,0,0,0,NA,0,0,0.666666666666667,NA,0,NA,NA,0,0.166666666666667,NA,NA,0,0,0,0,NA,0,0,0.333333333333333,NA,0,NA,NA,0,0.166666666666667,NA,NA
"121",3,6,6,6,0,3,6,6,0,3,6,0,0,3,0,0,0,0,1,1,0,0,1,3,0,0,3,0,0,1,0,0,0,1,0,0,0,0,1,2,0,0,2,0,0,2,0,0,0.0625,0.125,0.125,0.125,0,0.0625,0.125,0.125,0,0.0625,0.125,0,0,0.0625,0,0,0,0,0.166666666666667,0.166666666666667,NA,0,0.166666666666667,0.5,NA,0,0.5,NA,NA,0.333333333333333,NA,NA,0,0.166666666666667,0,0,NA,0,0.166666666666667,0.333333333333333,NA,0,0.333333333333333,NA,NA,0.666666666666667,NA,NA,0,1,0,0,0,0,1,1,0,0,0,0,0,1,0,0,3,5,5,5,0,3,4,2,0,3,3,0,0,1,0,0,0,0,0,0,0,0,0,1,0,0,2,0,0,1,0,0,0,0,1,1,0,0,1,2,0,0,1,0,0,0,0,0,0,0.166666666666667,0,0,NA,0,0.166666666666667,0.166666666666667,NA,0,0,NA,NA,0.333333333333333,NA,NA,1,0.833333333333333,0.833333333333333,0.833333333333333,NA,1,0.666666666666667,0.333333333333333,NA,1,0.5,NA,NA,0.333333333333333,NA,NA,0,0,0,0,NA,0,0,0.166666666666667,NA,0,0.333333333333333,NA,NA,0.333333333333333,NA,NA,0,0,0.166666666666667,0.166666666666667,NA,0,0.166666666666667,0.333333333333333,NA,0,0.166666666666667,NA,NA,0,NA,NA
"122",3,3,3,3,0,6,6,6,3,6,6,0,0,3,0,0,0,0,0,0,0,0,0,0,0,1,2,0,0,1,0,0,1,0,0,1,0,2,1,3,0,0,3,0,0,1,0,0,0.0625,0.0625,0.0625,0.0625,0,0.125,0.125,0.125,0.0625,0.125,0.125,0,0,0.0625,0,0,0,0,0,0,NA,0,0,0,0,0.166666666666667,0.333333333333333,NA,NA,0.333333333333333,NA,NA,0.333333333333333,0,0,0.333333333333333,NA,0.333333333333333,0.166666666666667,0.5,0,0,0.5,NA,NA,0.333333333333333,NA,NA,1,0,0,1,0,2,1,3,0,0,2,0,0,0,0,0,2,3,3,2,0,4,5,3,3,5,2,0,0,2,0,0,0,0,0,0,0,0,0,0,0,0,1,0,0,1,0,0,0,0,0,0,0,0,0,0,0,1,1,0,0,0,0,0,0.333333333333333,0,0,0.333333333333333,NA,0.333333333333333,0.166666666666667,0.5,0,0,0.333333333333333,NA,NA,0,NA,NA,0.666666666666667,1,1,0.666666666666667,NA,0.666666666666667,0.833333333333333,0.5,1,0.833333333333333,0.333333333333333,NA,NA,0.666666666666667,NA,NA,0,0,0,0,NA,0,0,0,0,0,0.166666666666667,NA,NA,0.333333333333333,NA,NA,0,0,0,0,NA,0,0,0,0,0.166666666666667,0.166666666666667,NA,NA,0,NA,NA
"123",3,3,6,6,0,0,6,3,0,6,6,0,0,6,3,0,0,0,0,1,0,0,1,1,0,0,1,0,0,3,3,0,0,0,1,2,0,0,1,3,0,2,2,0,0,3,2,0,0.0625,0.0625,0.125,0.125,0,0,0.125,0.0625,0,0.125,0.125,0,0,0.125,0.0625,0,0,0,0,0.166666666666667,NA,NA,0.166666666666667,0.333333333333333,NA,0,0.166666666666667,NA,NA,0.5,1,NA,0,0,0.166666666666667,0.333333333333333,NA,NA,0.166666666666667,1,NA,0.333333333333333,0.333333333333333,NA,NA,0.5,0.666666666666667,NA,0,0,1,2,0,0,1,2,0,2,1,0,0,1,0,0,3,3,5,3,0,0,4,0,0,4,4,0,0,2,0,0,0,0,0,0,0,0,0,1,0,0,1,0,0,2,2,0,0,0,0,1,0,0,1,0,0,0,0,0,0,1,1,0,0,0,0.166666666666667,0.333333333333333,NA,NA,0.166666666666667,0.666666666666667,NA,0.333333333333333,0.166666666666667,NA,NA,0.166666666666667,0,NA,1,1,0.833333333333333,0.5,NA,NA,0.666666666666667,0,NA,0.666666666666667,0.666666666666667,NA,NA,0.333333333333333,0,NA,0,0,0,0,NA,NA,0,0.333333333333333,NA,0,0.166666666666667,NA,NA,0.333333333333333,0.666666666666667,NA,0,0,0,0.166666666666667,NA,NA,0.166666666666667,0,NA,0,0,NA,NA,0.166666666666667,0.333333333333333,NA
"124",3,3,3,6,6,6,6,0,6,3,0,0,0,0,0,0,0,0,0,1,0,0,1,0,2,1,0,0,0,0,0,0,0,0,0,5,1,2,4,0,1,0,0,0,0,0,0,0,0.0714285714285714,0.0714285714285714,0.0714285714285714,0.142857142857143,0.142857142857143,0.142857142857143,0.142857142857143,0,0.142857142857143,0.0714285714285714,0,0,0,0,0,0,0,0,0,0.166666666666667,0,0,0.166666666666667,NA,0.333333333333333,0.333333333333333,NA,NA,NA,NA,NA,NA,0,0,0,0.833333333333333,0.166666666666667,0.333333333333333,0.666666666666667,NA,0.166666666666667,0,NA,NA,NA,NA,NA,NA,0,0,0,4,1,2,3,0,1,0,0,0,0,0,0,0,3,3,3,1,5,4,2,0,3,2,0,0,0,0,0,0,0,0,0,1,0,0,1,0,0,0,0,0,0,0,0,0,0,0,0,0,0,0,0,0,2,1,0,0,0,0,0,0,0,0,0,0.666666666666667,0.166666666666667,0.333333333333333,0.5,NA,0.166666666666667,0,NA,NA,NA,NA,NA,NA,1,1,1,0.166666666666667,0.833333333333333,0.666666666666667,0.333333333333333,NA,0.5,0.666666666666667,NA,NA,NA,NA,NA,NA,0,0,0,0.166666666666667,0,0,0.166666666666667,NA,0,0,NA,NA,NA,NA,NA,NA,0,0,0,0,0,0,0,NA,0.333333333333333,0.333333333333333,NA,NA,NA,NA,NA,NA
"125",3,6,6,6,0,3,6,6,0,6,3,0,0,3,0,0,0,0,1,0,0,0,1,2,0,1,2,0,0,1,0,0,0,0,2,2,0,1,1,5,0,0,3,0,0,2,0,0,0.0625,0.125,0.125,0.125,0,0.0625,0.125,0.125,0,0.125,0.0625,0,0,0.0625,0,0,0,0,0.166666666666667,0,NA,0,0.166666666666667,0.333333333333333,NA,0.166666666666667,0.666666666666667,NA,NA,0.333333333333333,NA,NA,0,0,0.333333333333333,0.333333333333333,NA,0.333333333333333,0.166666666666667,0.833333333333333,NA,0,1,NA,NA,0.666666666666667,NA,NA,0,0,1,2,0,1,1,4,0,0,1,0,0,1,0,0,3,6,4,4,0,2,4,0,0,5,0,0,0,1,0,0,0,0,1,0,0,0,0,1,0,0,2,0,0,1,0,0,0,0,0,0,0,0,1,1,0,1,0,0,0,0,0,0,0,0,0.166666666666667,0.333333333333333,NA,0.333333333333333,0.166666666666667,0.666666666666667,NA,0,0.333333333333333,NA,NA,0.333333333333333,NA,NA,1,1,0.666666666666667,0.666666666666667,NA,0.666666666666667,0.666666666666667,0,NA,0.833333333333333,0,NA,NA,0.333333333333333,NA,NA,0,0,0.166666666666667,0,NA,0,0,0.166666666666667,NA,0,0.666666666666667,NA,NA,0.333333333333333,NA,NA,0,0,0,0,NA,0,0.166666666666667,0.166666666666667,NA,0.166666666666667,0,NA,NA,0,NA,NA
"126",3,3,3,6,0,0,6,6,3,3,6,0,3,6,0,0,0,0,0,1,0,0,0,3,0,0,1,0,1,0,0,0,0,0,0,2,0,0,2,4,0,0,5,0,0,5,0,0,0.0625,0.0625,0.0625,0.125,0,0,0.125,0.125,0.0625,0.0625,0.125,0,0.0625,0.125,0,0,0,0,0,0.166666666666667,NA,NA,0,0.5,0,0,0.166666666666667,NA,0.333333333333333,0,NA,NA,0,0,0,0.333333333333333,NA,NA,0.333333333333333,0.666666666666667,0,0,0.833333333333333,NA,0,0.833333333333333,NA,NA,0,0,0,2,0,0,2,2,0,0,4,0,0,5,0,0,3,3,3,3,0,0,4,1,3,3,1,0,2,1,0,0,0,0,0,0,0,0,0,2,0,0,1,0,0,0,0,0,0,0,0,1,0,0,0,1,0,0,0,0,1,0,0,0,0,0,0,0.333333333333333,NA,NA,0.333333333333333,0.333333333333333,0,0,0.666666666666667,NA,0,0.833333333333333,NA,NA,1,1,1,0.5,NA,NA,0.666666666666667,0.166666666666667,1,1,0.166666666666667,NA,0.666666666666667,0.166666666666667,NA,NA,0,0,0,0,NA,NA,0,0.333333333333333,0,0,0.166666666666667,NA,0,0,NA,NA,0,0,0,0.166666666666667,NA,NA,0,0.166666666666667,0,0,0,NA,0.333333333333333,0,NA,NA
"127",3,3,3,6,3,6,6,0,6,3,3,0,6,0,0,0,0,0,0,0,0,1,1,0,0,1,2,0,2,0,0,0,0,0,0,3,0,1,1,0,2,0,0,0,2,0,0,0,0.0625,0.0625,0.0625,0.125,0.0625,0.125,0.125,0,0.125,0.0625,0.0625,0,0.125,0,0,0,0,0,0,0,0,0.166666666666667,0.166666666666667,NA,0,0.333333333333333,0.666666666666667,NA,0.333333333333333,NA,NA,NA,0,0,0,0.5,0,0.166666666666667,0.166666666666667,NA,0.333333333333333,0,0,NA,0.333333333333333,NA,NA,NA,0,0,0,3,0,1,1,0,2,0,0,0,1,0,0,0,3,3,3,3,3,4,4,0,4,2,1,0,3,0,0,0,0,0,0,0,0,0,0,0,0,0,0,0,1,0,0,0,0,0,0,0,0,1,1,0,0,1,2,0,1,0,0,0,0,0,0,0.5,0,0.166666666666667,0.166666666666667,NA,0.333333333333333,0,0,NA,0.166666666666667,NA,NA,NA,1,1,1,0.5,1,0.666666666666667,0.666666666666667,NA,0.666666666666667,0.666666666666667,0.333333333333333,NA,0.5,NA,NA,NA,0,0,0,0,0,0,0,NA,0,0,0,NA,0.166666666666667,NA,NA,NA,0,0,0,0,0,0.166666666666667,0.166666666666667,NA,0,0.333333333333333,0.666666666666667,NA,0.166666666666667,NA,NA,NA
"128",3,6,6,6,0,6,3,6,0,6,6,0,0,0,0,0,0,0,1,0,0,0,0,2,0,2,1,0,0,0,0,0,0,0,2,0,0,0,0,3,0,1,4,0,0,0,0,0,0.0625,0.125,0.125,0.125,0,0.125,0.0625,0.125,0,0.125,0.125,0,0,0,0,0,0,0,0.166666666666667,0,NA,0,0,0.333333333333333,NA,0.333333333333333,0.166666666666667,NA,NA,NA,NA,NA,0,0,0.333333333333333,0,NA,0,0,0.5,NA,0.166666666666667,0.666666666666667,NA,NA,NA,NA,NA,0,0,1,0,0,0,0,2,0,1,3,0,0,0,0,0,3,6,4,6,0,6,3,2,0,3,2,0,0,0,0,0,0,0,1,0,0,0,0,1,0,0,1,0,0,0,0,0,0,0,0,0,0,0,0,1,0,2,0,0,0,0,0,0,0,0,0.166666666666667,0,NA,0,0,0.333333333333333,NA,0.166666666666667,0.5,NA,NA,NA,NA,NA,1,1,0.666666666666667,1,NA,1,1,0.333333333333333,NA,0.5,0.333333333333333,NA,NA,NA,NA,NA,0,0,0.166666666666667,0,NA,0,0,0.166666666666667,NA,0,0.166666666666667,NA,NA,NA,NA,NA,0,0,0,0,NA,0,0,0.166666666666667,NA,0.333333333333333,0,NA,NA,NA,NA,NA
"129",3,3,3,6,0,6,3,0,6,6,6,0,3,0,3,0,0,0,0,0,0,1,0,0,1,1,0,0,1,0,3,0,0,0,0,3,0,2,0,0,0,3,4,0,1,0,2,0,0.0625,0.0625,0.0625,0.125,0,0.125,0.0625,0,0.125,0.125,0.125,0,0.0625,0,0.0625,0,0,0,0,0,NA,0.166666666666667,0,NA,0.166666666666667,0.166666666666667,0,NA,0.333333333333333,NA,1,NA,0,0,0,0.5,NA,0.333333333333333,0,NA,0,0.5,0.666666666666667,NA,0.333333333333333,NA,0.666666666666667,NA,0,0,0,3,0,2,0,0,0,3,4,0,1,0,0,0,3,3,3,3,0,3,3,0,5,2,2,0,1,0,0,0,0,0,0,0,0,0,0,0,0,0,0,0,0,0,2,0,0,0,0,0,0,1,0,0,1,1,0,0,1,0,1,0,0,0,0,0.5,NA,0.333333333333333,0,NA,0,0.5,0.666666666666667,NA,0.333333333333333,NA,0,NA,1,1,1,0.5,NA,0.5,1,NA,0.833333333333333,0.333333333333333,0.333333333333333,NA,0.333333333333333,NA,0,NA,0,0,0,0,NA,0,0,NA,0,0,0,NA,0,NA,0.666666666666667,NA,0,0,0,0,NA,0.166666666666667,0,NA,0.166666666666667,0.166666666666667,0,NA,0.333333333333333,NA,0.333333333333333,NA
"130",3,6,6,6,3,6,6,6,0,3,3,0,0,0,0,0,0,0,1,0,0,1,1,1,0,1,1,0,0,0,0,0,0,1,1,0,0,1,2,6,0,0,3,0,0,0,0,0,0.0625,0.125,0.125,0.125,0.0625,0.125,0.125,0.125,0,0.0625,0.0625,0,0,0,0,0,0,0,0.166666666666667,0,0,0.166666666666667,0.166666666666667,0.166666666666667,NA,0.333333333333333,0.333333333333333,NA,NA,NA,NA,NA,0,0.166666666666667,0.166666666666667,0,0,0.166666666666667,0.333333333333333,1,NA,0,1,NA,NA,NA,NA,NA,0,1,1,0,0,1,2,5,0,0,2,0,0,0,0,0,3,5,4,6,3,4,3,0,0,2,0,0,0,0,0,0,0,0,0,0,0,0,0,1,0,0,1,0,0,0,0,0,0,0,1,0,0,1,1,0,0,1,0,0,0,0,0,0,0,0.166666666666667,0.166666666666667,0,0,0.166666666666667,0.333333333333333,0.833333333333333,NA,0,0.666666666666667,NA,NA,NA,NA,NA,1,0.833333333333333,0.666666666666667,1,1,0.666666666666667,0.5,0,NA,0.666666666666667,0,NA,NA,NA,NA,NA,0,0,0,0,0,0,0,0.166666666666667,NA,0,0.333333333333333,NA,NA,NA,NA,NA,0,0,0.166666666666667,0,0,0.166666666666667,0.166666666666667,0,NA,0.333333333333333,0,NA,NA,NA,NA,NA
"131",3,3,6,6,0,3,6,6,0,6,3,0,0,6,0,0,0,0,0,0,0,0,2,2,0,1,1,0,0,1,0,0,0,0,2,1,0,1,2,2,0,0,2,0,0,3,0,0,0.0625,0.0625,0.125,0.125,0,0.0625,0.125,0.125,0,0.125,0.0625,0,0,0.125,0,0,0,0,0,0,NA,0,0.333333333333333,0.333333333333333,NA,0.166666666666667,0.333333333333333,NA,NA,0.166666666666667,NA,NA,0,0,0.333333333333333,0.166666666666667,NA,0.333333333333333,0.333333333333333,0.333333333333333,NA,0,0.666666666666667,NA,NA,0.5,NA,NA,0,0,2,1,0,1,2,1,0,0,1,0,0,2,0,0,3,3,4,5,0,2,2,3,0,5,1,0,0,3,0,0,0,0,0,0,0,0,0,1,0,0,1,0,0,1,0,0,0,0,0,0,0,0,2,1,0,1,0,0,0,0,0,0,0,0,0.333333333333333,0.166666666666667,NA,0.333333333333333,0.333333333333333,0.166666666666667,NA,0,0.333333333333333,NA,NA,0.333333333333333,NA,NA,1,1,0.666666666666667,0.833333333333333,NA,0.666666666666667,0.333333333333333,0.5,NA,0.833333333333333,0.333333333333333,NA,NA,0.5,NA,NA,0,0,0,0,NA,0,0,0.166666666666667,NA,0,0.333333333333333,NA,NA,0.166666666666667,NA,NA,0,0,0,0,NA,0,0.333333333333333,0.166666666666667,NA,0.166666666666667,0,NA,NA,0,NA,NA
"132",3,3,6,6,0,3,0,0,3,3,0,0,6,6,0,0,0,0,0,2,0,0,0,0,0,0,0,0,1,1,0,0,0,1,1,0,0,0,0,0,0,0,0,0,1,3,0,0,0.0769230769230769,0.0769230769230769,0.153846153846154,0.153846153846154,0,0.0769230769230769,0,0,0.0769230769230769,0.0769230769230769,0,0,0.153846153846154,0.153846153846154,0,0,0,0,0,0.333333333333333,NA,0,NA,NA,0,0,NA,NA,0.166666666666667,0.166666666666667,NA,NA,0,0.333333333333333,0.166666666666667,0,NA,0,NA,NA,0,0,NA,NA,0.166666666666667,0.5,NA,NA,0,1,1,0,0,0,0,0,0,0,0,0,1,2,0,0,3,2,5,4,0,3,0,0,3,3,0,0,4,3,0,0,0,0,0,0,0,0,0,0,0,0,0,0,0,1,0,0,0,0,0,2,0,0,0,0,0,0,0,0,1,0,0,0,0,0.333333333333333,0.166666666666667,0,NA,0,NA,NA,0,0,NA,NA,0.166666666666667,0.333333333333333,NA,NA,1,0.666666666666667,0.833333333333333,0.666666666666667,NA,1,NA,NA,1,1,NA,NA,0.666666666666667,0.5,NA,NA,0,0,0,0,NA,0,NA,NA,0,0,NA,NA,0,0.166666666666667,NA,NA,0,0,0,0.333333333333333,NA,0,NA,NA,0,0,NA,NA,0.166666666666667,0,NA,NA
"133",3,3,6,6,6,0,3,3,6,6,6,0,0,0,0,0,0,0,0,1,1,0,0,1,2,1,0,0,0,0,0,0,0,0,1,1,0,0,1,2,2,3,4,0,0,0,0,0,0.0625,0.0625,0.125,0.125,0.125,0,0.0625,0.0625,0.125,0.125,0.125,0,0,0,0,0,0,0,0,0.166666666666667,0.166666666666667,NA,0,0.333333333333333,0.333333333333333,0.166666666666667,0,NA,NA,NA,NA,NA,0,0,0.166666666666667,0.166666666666667,0,NA,0.333333333333333,0.666666666666667,0.333333333333333,0.5,0.666666666666667,NA,NA,NA,NA,NA,0,0,1,1,0,0,1,2,1,2,4,0,0,0,0,0,3,3,5,4,5,0,2,0,3,3,2,0,0,0,0,0,0,0,0,0,0,0,0,0,1,1,0,0,0,0,0,0,0,0,0,1,1,0,0,1,1,0,0,0,0,0,0,0,0,0,0.166666666666667,0.166666666666667,0,NA,0.333333333333333,0.666666666666667,0.166666666666667,0.333333333333333,0.666666666666667,NA,NA,NA,NA,NA,1,1,0.833333333333333,0.666666666666667,0.833333333333333,NA,0.666666666666667,0,0.5,0.5,0.333333333333333,NA,NA,NA,NA,NA,0,0,0,0,0,NA,0,0,0.166666666666667,0.166666666666667,0,NA,NA,NA,NA,NA,0,0,0,0.166666666666667,0.166666666666667,NA,0,0.333333333333333,0.166666666666667,0,0,NA,NA,NA,NA,NA
"134",3,3,3,6,0,3,6,6,0,3,6,0,3,6,0,0,0,0,0,0,0,0,0,1,0,0,2,0,0,0,0,0,1,0,1,0,0,1,0,3,0,0,4,0,3,4,0,0,0.0625,0.0625,0.0625,0.125,0,0.0625,0.125,0.125,0,0.0625,0.125,0,0.0625,0.125,0,0,0,0,0,0,NA,0,0,0.166666666666667,NA,0,0.333333333333333,NA,0,0,NA,NA,0.333333333333333,0,0.333333333333333,0,NA,0.333333333333333,0,0.5,NA,0,0.666666666666667,NA,1,0.666666666666667,NA,NA,1,0,1,0,0,1,0,3,0,0,4,0,3,4,0,0,2,3,2,6,0,2,6,2,0,3,0,0,0,2,0,0,0,0,0,0,0,0,0,0,0,0,0,0,0,0,0,0,0,0,0,0,0,0,0,1,0,0,2,0,0,0,0,0,0.333333333333333,0,0.333333333333333,0,NA,0.333333333333333,0,0.5,NA,0,0.666666666666667,NA,1,0.666666666666667,NA,NA,0.666666666666667,1,0.666666666666667,1,NA,0.666666666666667,1,0.333333333333333,NA,1,0,NA,0,0.333333333333333,NA,NA,0,0,0,0,NA,0,0,0,NA,0,0,NA,0,0,NA,NA,0,0,0,0,NA,0,0,0.166666666666667,NA,0,0.333333333333333,NA,0,0,NA,NA
"135",3,3,3,6,0,3,6,6,3,6,0,0,6,3,0,0,0,0,0,0,0,0,2,1,0,1,0,0,1,2,0,0,1,0,0,2,0,0,1,3,0,3,0,0,2,2,0,0,0.0625,0.0625,0.0625,0.125,0,0.0625,0.125,0.125,0.0625,0.125,0,0,0.125,0.0625,0,0,0,0,0,0,NA,0,0.333333333333333,0.166666666666667,0,0.166666666666667,NA,NA,0.166666666666667,0.666666666666667,NA,NA,0.333333333333333,0,0,0.333333333333333,NA,0,0.166666666666667,0.5,0,0.5,NA,NA,0.333333333333333,0.666666666666667,NA,NA,1,0,0,2,0,0,1,3,0,3,0,0,2,1,0,0,2,3,3,4,0,3,3,2,3,2,0,0,3,0,0,0,0,0,0,0,0,0,0,0,0,0,0,0,0,1,0,0,0,0,0,0,0,0,2,1,0,1,0,0,1,1,0,0,0.333333333333333,0,0,0.333333333333333,NA,0,0.166666666666667,0.5,0,0.5,NA,NA,0.333333333333333,0.333333333333333,NA,NA,0.666666666666667,1,1,0.666666666666667,NA,1,0.5,0.333333333333333,1,0.333333333333333,NA,NA,0.5,0,NA,NA,0,0,0,0,NA,0,0,0,0,0,NA,NA,0,0.333333333333333,NA,NA,0,0,0,0,NA,0,0.333333333333333,0.166666666666667,0,0.166666666666667,NA,NA,0.166666666666667,0.333333333333333,NA,NA
"136",3,3,3,6,0,6,6,6,0,6,3,0,0,6,0,0,0,0,0,0,0,0,1,3,0,1,1,0,0,1,0,0,0,0,0,2,0,1,1,4,0,0,2,0,0,5,0,0,0.0625,0.0625,0.0625,0.125,0,0.125,0.125,0.125,0,0.125,0.0625,0,0,0.125,0,0,0,0,0,0,NA,0,0.166666666666667,0.5,NA,0.166666666666667,0.333333333333333,NA,NA,0.166666666666667,NA,NA,0,0,0,0.333333333333333,NA,0.166666666666667,0.166666666666667,0.666666666666667,NA,0,0.666666666666667,NA,NA,0.833333333333333,NA,NA,0,0,0,2,0,1,1,2,0,0,2,0,0,4,0,0,3,3,3,4,0,5,4,1,0,5,0,0,0,1,0,0,0,0,0,0,0,0,0,2,0,0,0,0,0,1,0,0,0,0,0,0,0,0,1,1,0,1,1,0,0,0,0,0,0,0,0,0.333333333333333,NA,0.166666666666667,0.166666666666667,0.333333333333333,NA,0,0.666666666666667,NA,NA,0.666666666666667,NA,NA,1,1,1,0.666666666666667,NA,0.833333333333333,0.666666666666667,0.166666666666667,NA,0.833333333333333,0,NA,NA,0.166666666666667,NA,NA,0,0,0,0,NA,0,0,0.333333333333333,NA,0,0,NA,NA,0.166666666666667,NA,NA,0,0,0,0,NA,0,0.166666666666667,0.166666666666667,NA,0.166666666666667,0.333333333333333,NA,NA,0,NA,NA
"137",3,6,6,3,6,6,0,0,3,0,0,0,0,0,0,0,0,0,1,1,1,1,0,0,1,0,0,0,0,0,0,0,0,1,0,1,1,3,0,0,0,0,0,0,0,0,0,0,0.0909090909090909,0.181818181818182,0.181818181818182,0.0909090909090909,0.181818181818182,0.181818181818182,0,0,0.0909090909090909,0,0,0,0,0,0,0,0,0,0.166666666666667,0.333333333333333,0.166666666666667,0.166666666666667,NA,NA,0.333333333333333,NA,NA,NA,NA,NA,NA,NA,0,0.166666666666667,0,0.333333333333333,0.166666666666667,0.5,NA,NA,0,NA,NA,NA,NA,NA,NA,NA,0,1,0,1,1,2,0,0,0,0,0,0,0,0,0,0,3,5,5,1,4,3,0,0,2,0,0,0,0,0,0,0,0,0,0,0,0,1,0,0,0,0,0,0,0,0,0,0,0,0,1,1,1,0,0,0,1,0,0,0,0,0,0,0,0,0.166666666666667,0,0.333333333333333,0.166666666666667,0.333333333333333,NA,NA,0,NA,NA,NA,NA,NA,NA,NA,1,0.833333333333333,0.833333333333333,0.333333333333333,0.666666666666667,0.5,NA,NA,0.666666666666667,NA,NA,NA,NA,NA,NA,NA,0,0,0,0,0,0.166666666666667,NA,NA,0,NA,NA,NA,NA,NA,NA,NA,0,0,0.166666666666667,0.333333333333333,0.166666666666667,0,NA,NA,0.333333333333333,NA,NA,NA,NA,NA,NA,NA
"138",3,3,6,6,0,3,6,0,3,6,0,0,6,6,0,0,0,0,0,1,0,0,1,0,0,1,0,0,1,1,0,0,0,0,1,3,0,1,3,0,0,2,0,0,1,3,0,0,0.0625,0.0625,0.125,0.125,0,0.0625,0.125,0,0.0625,0.125,0,0,0.125,0.125,0,0,0,0,0,0.166666666666667,NA,0,0.166666666666667,NA,0,0.166666666666667,NA,NA,0.166666666666667,0.166666666666667,NA,NA,0,0,0.166666666666667,0.5,NA,0.333333333333333,0.5,NA,0,0.333333333333333,NA,NA,0.166666666666667,0.5,NA,NA,0,0,1,2,0,1,2,0,0,2,0,0,1,3,0,0,3,3,5,3,0,2,3,0,3,3,0,0,4,2,0,0,0,0,0,1,0,0,1,0,0,0,0,0,0,0,0,0,0,0,0,0,0,0,0,0,0,1,0,0,1,1,0,0,0,0,0.166666666666667,0.333333333333333,NA,0.333333333333333,0.333333333333333,NA,0,0.333333333333333,NA,NA,0.166666666666667,0.5,NA,NA,1,1,0.833333333333333,0.5,NA,0.666666666666667,0.5,NA,1,0.5,NA,NA,0.666666666666667,0.333333333333333,NA,NA,0,0,0,0.166666666666667,NA,0,0.166666666666667,NA,0,0,NA,NA,0,0,NA,NA,0,0,0,0,NA,0,0,NA,0,0.166666666666667,NA,NA,0.166666666666667,0.166666666666667,NA,NA
"139",6,6,3,6,0,6,6,0,0,6,3,0,0,6,0,0,0,1,0,1,0,1,1,0,0,0,1,0,0,4,0,0,1,1,0,3,0,1,1,0,0,2,1,0,0,3,0,0,0.125,0.125,0.0625,0.125,0,0.125,0.125,0,0,0.125,0.0625,0,0,0.125,0,0,0,0.166666666666667,0,0.166666666666667,NA,0.166666666666667,0.166666666666667,NA,NA,0,0.333333333333333,NA,NA,0.666666666666667,NA,NA,0.166666666666667,0.166666666666667,0,0.5,NA,0.166666666666667,0.166666666666667,NA,NA,0.333333333333333,0.333333333333333,NA,NA,0.5,NA,NA,1,1,0,3,0,1,1,0,0,2,1,0,0,1,0,0,5,4,3,2,0,4,4,0,0,4,1,0,0,1,0,0,0,0,0,0,0,0,0,0,0,0,0,0,0,2,0,0,0,1,0,1,0,1,1,0,0,0,1,0,0,2,0,0,0.166666666666667,0.166666666666667,0,0.5,NA,0.166666666666667,0.166666666666667,NA,NA,0.333333333333333,0.333333333333333,NA,NA,0.166666666666667,NA,NA,0.833333333333333,0.666666666666667,1,0.333333333333333,NA,0.666666666666667,0.666666666666667,NA,NA,0.666666666666667,0.333333333333333,NA,NA,0.166666666666667,NA,NA,0,0,0,0,NA,0,0,NA,NA,0,0,NA,NA,0.333333333333333,NA,NA,0,0.166666666666667,0,0.166666666666667,NA,0.166666666666667,0.166666666666667,NA,NA,0,0.333333333333333,NA,NA,0.333333333333333,NA,NA
"140",3,6,6,0,6,0,0,0,6,0,0,0,0,0,0,0,0,0,2,0,0,0,0,0,4,0,0,0,0,0,0,0,0,0,1,0,1,0,0,0,3,0,0,0,0,0,0,0,0.111111111111111,0.222222222222222,0.222222222222222,0,0.222222222222222,0,0,0,0.222222222222222,0,0,0,0,0,0,0,0,0,0.333333333333333,NA,0,NA,NA,NA,0.666666666666667,NA,NA,NA,NA,NA,NA,NA,0,0,0.166666666666667,NA,0.166666666666667,NA,NA,NA,0.5,NA,NA,NA,NA,NA,NA,NA,0,0,1,0,1,0,0,0,1,0,0,0,0,0,0,0,3,6,3,0,5,0,0,0,1,0,0,0,0,0,0,0,0,0,0,0,0,0,0,0,2,0,0,0,0,0,0,0,0,0,2,0,0,0,0,0,2,0,0,0,0,0,0,0,0,0,0.166666666666667,NA,0.166666666666667,NA,NA,NA,0.166666666666667,NA,NA,NA,NA,NA,NA,NA,1,1,0.5,NA,0.833333333333333,NA,NA,NA,0.166666666666667,NA,NA,NA,NA,NA,NA,NA,0,0,0,NA,0,NA,NA,NA,0.333333333333333,NA,NA,NA,NA,NA,NA,NA,0,0,0.333333333333333,NA,0,NA,NA,NA,0.333333333333333,NA,NA,NA,NA,NA,NA,NA
"141",3,3,3,6,0,3,6,3,6,3,0,0,6,6,0,0,0,0,0,0,0,0,1,2,0,0,0,0,1,1,0,0,0,0,1,2,0,0,3,3,2,1,0,0,2,3,0,0,0.0625,0.0625,0.0625,0.125,0,0.0625,0.125,0.0625,0.125,0.0625,0,0,0.125,0.125,0,0,0,0,0,0,NA,0,0.166666666666667,0.666666666666667,0,0,NA,NA,0.166666666666667,0.166666666666667,NA,NA,0,0,0.333333333333333,0.333333333333333,NA,0,0.5,1,0.333333333333333,0.333333333333333,NA,NA,0.333333333333333,0.5,NA,NA,0,0,1,2,0,0,3,1,2,1,0,0,2,2,0,0,3,3,2,4,0,3,2,0,4,2,0,0,3,3,0,0,0,0,0,0,0,0,0,2,0,0,0,0,0,1,0,0,0,0,0,0,0,0,1,0,0,0,0,0,1,0,0,0,0,0,0.333333333333333,0.333333333333333,NA,0,0.5,0.333333333333333,0.333333333333333,0.333333333333333,NA,NA,0.333333333333333,0.333333333333333,NA,NA,1,1,0.666666666666667,0.666666666666667,NA,1,0.333333333333333,0,0.666666666666667,0.666666666666667,NA,NA,0.5,0.5,NA,NA,0,0,0,0,NA,0,0,0.666666666666667,0,0,NA,NA,0,0.166666666666667,NA,NA,0,0,0,0,NA,0,0.166666666666667,0,0,0,NA,NA,0.166666666666667,0,NA,NA
"142",3,6,6,0,3,0,0,0,6,0,0,0,6,0,0,0,0,0,2,0,0,0,0,0,0,0,0,0,2,0,0,0,0,0,0,0,0,0,0,0,1,0,0,0,3,0,0,0,0.1,0.2,0.2,0,0.1,0,0,0,0.2,0,0,0,0.2,0,0,0,0,0,0.333333333333333,NA,0,NA,NA,NA,0,NA,NA,NA,0.333333333333333,NA,NA,NA,0,0,0,NA,0,NA,NA,NA,0.166666666666667,NA,NA,NA,0.5,NA,NA,NA,0,0,0,0,0,0,0,0,1,0,0,0,1,0,0,0,3,6,4,0,3,0,0,0,5,0,0,0,3,0,0,0,0,0,0,0,0,0,0,0,0,0,0,0,2,0,0,0,0,0,2,0,0,0,0,0,0,0,0,0,0,0,0,0,0,0,0,NA,0,NA,NA,NA,0.166666666666667,NA,NA,NA,0.166666666666667,NA,NA,NA,1,1,0.666666666666667,NA,1,NA,NA,NA,0.833333333333333,NA,NA,NA,0.5,NA,NA,NA,0,0,0,NA,0,NA,NA,NA,0,NA,NA,NA,0.333333333333333,NA,NA,NA,0,0,0.333333333333333,NA,0,NA,NA,NA,0,NA,NA,NA,0,NA,NA,NA
"143",3,3,3,3,0,3,6,6,0,6,6,0,3,6,0,0,0,0,0,0,0,0,0,0,0,0,3,0,2,1,0,0,0,0,0,1,0,1,1,5,0,2,6,0,2,3,0,0,0.0625,0.0625,0.0625,0.0625,0,0.0625,0.125,0.125,0,0.125,0.125,0,0.0625,0.125,0,0,0,0,0,0,NA,0,0,0,NA,0,0.5,NA,0.666666666666667,0.166666666666667,NA,NA,0,0,0,0.333333333333333,NA,0.333333333333333,0.166666666666667,0.833333333333333,NA,0.333333333333333,1,NA,0.666666666666667,0.5,NA,NA,0,0,0,1,0,1,1,5,0,2,3,0,1,2,0,0,3,3,3,2,0,2,5,1,0,4,0,0,0,3,0,0,0,0,0,0,0,0,0,0,0,0,3,0,1,1,0,0,0,0,0,0,0,0,0,0,0,0,0,0,1,0,0,0,0,0,0,0.333333333333333,NA,0.333333333333333,0.166666666666667,0.833333333333333,NA,0.333333333333333,0.5,NA,0.333333333333333,0.333333333333333,NA,NA,1,1,1,0.666666666666667,NA,0.666666666666667,0.833333333333333,0.166666666666667,NA,0.666666666666667,0,NA,0,0.5,NA,NA,0,0,0,0,NA,0,0,0,NA,0,0.5,NA,0.333333333333333,0.166666666666667,NA,NA,0,0,0,0,NA,0,0,0,NA,0,0,NA,0.333333333333333,0,NA,NA
"144",6,6,6,6,0,3,6,3,0,0,6,0,0,0,6,0,0,1,0,1,0,1,0,2,0,0,2,0,0,0,2,0,0,1,1,1,0,1,3,2,0,0,2,0,0,0,5,0,0.125,0.125,0.125,0.125,0,0.0625,0.125,0.0625,0,0,0.125,0,0,0,0.125,0,0,0.166666666666667,0,0.166666666666667,NA,0.333333333333333,0,0.666666666666667,NA,NA,0.333333333333333,NA,NA,NA,0.333333333333333,NA,0,0.166666666666667,0.166666666666667,0.166666666666667,NA,0.333333333333333,0.5,0.666666666666667,NA,NA,0.333333333333333,NA,NA,NA,0.833333333333333,NA,0,1,1,1,0,0,3,1,0,0,1,0,0,0,4,0,6,4,5,4,0,2,3,0,0,0,3,0,0,0,0,0,0,0,0,0,0,1,0,1,0,0,1,0,0,0,1,0,0,1,0,1,0,0,0,1,0,0,1,0,0,0,1,0,0,0.166666666666667,0.166666666666667,0.166666666666667,NA,0,0.5,0.333333333333333,NA,NA,0.166666666666667,NA,NA,NA,0.666666666666667,NA,1,0.666666666666667,0.833333333333333,0.666666666666667,NA,0.666666666666667,0.5,0,NA,NA,0.5,NA,NA,NA,0,NA,0,0,0,0,NA,0.333333333333333,0,0.333333333333333,NA,NA,0.166666666666667,NA,NA,NA,0.166666666666667,NA,0,0.166666666666667,0,0.166666666666667,NA,0,0,0.333333333333333,NA,NA,0.166666666666667,NA,NA,NA,0.166666666666667,NA
"145",3,3,6,0,6,6,0,0,6,0,0,0,6,0,0,0,0,0,0,0,1,2,0,0,0,0,0,0,2,0,0,0,0,0,3,0,0,0,0,0,1,0,0,0,2,0,0,0,0.0833333333333333,0.0833333333333333,0.166666666666667,0,0.166666666666667,0.166666666666667,0,0,0.166666666666667,0,0,0,0.166666666666667,0,0,0,0,0,0,NA,0.166666666666667,0.333333333333333,NA,NA,0,NA,NA,NA,0.333333333333333,NA,NA,NA,0,0,0.5,NA,0,0,NA,NA,0.166666666666667,NA,NA,NA,0.333333333333333,NA,NA,NA,0,0,3,0,0,0,0,0,1,0,0,0,0,0,0,0,3,3,3,0,5,4,0,0,5,0,0,0,4,0,0,0,0,0,0,0,0,0,0,0,0,0,0,0,2,0,0,0,0,0,0,0,1,2,0,0,0,0,0,0,0,0,0,0,0,0,0.5,NA,0,0,NA,NA,0.166666666666667,NA,NA,NA,0,NA,NA,NA,1,1,0.5,NA,0.833333333333333,0.666666666666667,NA,NA,0.833333333333333,NA,NA,NA,0.666666666666667,NA,NA,NA,0,0,0,NA,0,0,NA,NA,0,NA,NA,NA,0.333333333333333,NA,NA,NA,0,0,0,NA,0.166666666666667,0.333333333333333,NA,NA,0,NA,NA,NA,0,NA,NA,NA
"146",3,3,3,3,3,3,6,6,3,3,3,0,3,6,0,0,0,0,0,0,0,0,1,1,1,0,1,0,1,0,0,0,0,0,0,1,1,0,3,5,0,0,2,0,0,5,0,0,0.0625,0.0625,0.0625,0.0625,0.0625,0.0625,0.125,0.125,0.0625,0.0625,0.0625,0,0.0625,0.125,0,0,0,0,0,0,0,0,0.166666666666667,0.166666666666667,0.333333333333333,0,0.333333333333333,NA,0.333333333333333,0,NA,NA,0,0,0,0.333333333333333,0.333333333333333,0,0.5,0.833333333333333,0,0,0.666666666666667,NA,0,0.833333333333333,NA,NA,0,0,0,1,1,0,2,4,0,0,2,0,0,5,0,0,3,3,3,2,2,3,3,1,2,3,0,0,2,1,0,0,0,0,0,0,0,0,1,1,0,0,0,0,0,0,0,0,0,0,0,0,0,0,0,0,1,0,1,0,1,0,0,0,0,0,0,0.333333333333333,0.333333333333333,0,0.333333333333333,0.666666666666667,0,0,0.666666666666667,NA,0,0.833333333333333,NA,NA,1,1,1,0.666666666666667,0.666666666666667,1,0.5,0.166666666666667,0.666666666666667,1,0,NA,0.666666666666667,0.166666666666667,NA,NA,0,0,0,0,0,0,0.166666666666667,0.166666666666667,0,0,0,NA,0,0,NA,NA,0,0,0,0,0,0,0,0,0.333333333333333,0,0.333333333333333,NA,0.333333333333333,0,NA,NA
"147",3,3,6,6,3,6,0,0,3,0,0,0,6,0,0,0,0,0,0,3,0,0,0,0,0,0,0,0,0,0,0,0,0,1,1,2,0,3,0,0,0,0,0,0,1,0,0,0,0.0833333333333333,0.0833333333333333,0.166666666666667,0.166666666666667,0.0833333333333333,0.166666666666667,0,0,0.0833333333333333,0,0,0,0.166666666666667,0,0,0,0,0,0,0.5,0,0,NA,NA,0,NA,NA,NA,0,NA,NA,NA,0,0.333333333333333,0.166666666666667,0.333333333333333,0,0.5,NA,NA,0,NA,NA,NA,0.166666666666667,NA,NA,NA,0,1,1,0,0,3,0,0,0,0,0,0,1,0,0,0,3,2,5,3,3,3,0,0,3,0,0,0,5,0,0,0,0,0,0,2,0,0,0,0,0,0,0,0,0,0,0,0,0,0,0,1,0,0,0,0,0,0,0,0,0,0,0,0,0,0.333333333333333,0.166666666666667,0,0,0.5,NA,NA,0,NA,NA,NA,0.166666666666667,NA,NA,NA,1,0.666666666666667,0.833333333333333,0.5,1,0.5,NA,NA,1,NA,NA,NA,0.833333333333333,NA,NA,NA,0,0,0,0.333333333333333,0,0,NA,NA,0,NA,NA,NA,0,NA,NA,NA,0,0,0,0.166666666666667,0,0,NA,NA,0,NA,NA,NA,0,NA,NA,NA
"148",6,6,3,6,6,6,6,0,3,3,3,0,0,0,0,0,0,1,0,1,0,1,1,0,0,1,3,0,0,0,0,0,0,0,0,3,2,2,2,0,0,0,2,0,0,0,0,0,0.125,0.125,0.0625,0.125,0.125,0.125,0.125,0,0.0625,0.0625,0.0625,0,0,0,0,0,0,0.166666666666667,0,0.166666666666667,0,0.166666666666667,0.166666666666667,NA,0,0.333333333333333,1,NA,NA,NA,NA,NA,0,0,0,0.5,0.333333333333333,0.333333333333333,0.333333333333333,NA,0,0,0.666666666666667,NA,NA,NA,NA,NA,0,0,0,3,2,1,1,0,0,0,0,0,0,0,0,0,6,5,3,2,4,4,4,0,3,2,0,0,0,0,0,0,0,0,0,0,0,1,1,0,0,0,2,0,0,0,0,0,0,1,0,1,0,0,0,0,0,1,1,0,0,0,0,0,0,0,0,0.5,0.333333333333333,0.166666666666667,0.166666666666667,NA,0,0,0,NA,NA,NA,NA,NA,1,0.833333333333333,1,0.333333333333333,0.666666666666667,0.666666666666667,0.666666666666667,NA,1,0.666666666666667,0,NA,NA,NA,NA,NA,0,0,0,0,0,0.166666666666667,0.166666666666667,NA,0,0,0.666666666666667,NA,NA,NA,NA,NA,0,0.166666666666667,0,0.166666666666667,0,0,0,NA,0,0.333333333333333,0.333333333333333,NA,NA,NA,NA,NA
"149",3,3,3,3,0,6,6,6,0,3,6,3,0,0,6,0,0,0,0,0,0,1,1,0,0,2,1,1,0,0,4,0,1,0,0,0,0,1,2,3,0,3,2,2,0,0,3,0,0.0625,0.0625,0.0625,0.0625,0,0.125,0.125,0.125,0,0.0625,0.125,0.0625,0,0,0.125,0,0,0,0,0,NA,0.166666666666667,0.166666666666667,0,NA,0.666666666666667,0.166666666666667,0.333333333333333,NA,NA,0.666666666666667,NA,0.333333333333333,0,0,0,NA,0.166666666666667,0.333333333333333,0.5,NA,1,0.333333333333333,0.666666666666667,NA,NA,0.5,NA,1,0,0,0,0,1,2,3,0,1,2,1,0,0,1,0,2,3,3,3,0,4,3,3,0,0,3,1,0,0,1,0,0,0,0,0,0,0,0,0,0,2,0,1,0,0,2,0,0,0,0,0,0,1,1,0,0,0,1,0,0,0,2,0,0.333333333333333,0,0,0,NA,0.166666666666667,0.333333333333333,0.5,NA,0.333333333333333,0.333333333333333,0.333333333333333,NA,NA,0.166666666666667,NA,0.666666666666667,1,1,1,NA,0.666666666666667,0.5,0.5,NA,0,0.5,0.333333333333333,NA,NA,0.166666666666667,NA,0,0,0,0,NA,0,0,0,NA,0.666666666666667,0,0.333333333333333,NA,NA,0.333333333333333,NA,0,0,0,0,NA,0.166666666666667,0.166666666666667,0,NA,0,0.166666666666667,0,NA,NA,0.333333333333333,NA
"150",3,3,6,6,0,0,6,6,0,3,6,6,0,0,0,3,0,0,0,1,0,0,0,0,0,3,3,2,0,0,0,1,0,0,0,0,0,0,1,2,0,2,5,2,0,0,0,1,0.0625,0.0625,0.125,0.125,0,0,0.125,0.125,0,0.0625,0.125,0.125,0,0,0,0.0625,0,0,0,0.166666666666667,NA,NA,0,0,NA,1,0.5,0.333333333333333,NA,NA,NA,0.333333333333333,0,0,0,0,NA,NA,0.166666666666667,0.333333333333333,NA,0.666666666666667,0.833333333333333,0.333333333333333,NA,NA,NA,0.333333333333333,0,0,0,0,0,0,1,2,0,0,2,1,0,0,0,1,3,3,6,5,0,0,5,4,0,0,1,3,0,0,0,1,0,0,0,0,0,0,0,0,0,2,3,1,0,0,0,0,0,0,0,1,0,0,0,0,0,1,0,1,0,0,0,1,0,0,0,0,NA,NA,0.166666666666667,0.333333333333333,NA,0,0.333333333333333,0.166666666666667,NA,NA,NA,0.333333333333333,1,1,1,0.833333333333333,NA,NA,0.833333333333333,0.666666666666667,NA,0,0.166666666666667,0.5,NA,NA,NA,0.333333333333333,0,0,0,0,NA,NA,0,0,NA,0.666666666666667,0.5,0.166666666666667,NA,NA,NA,0,0,0,0,0.166666666666667,NA,NA,0,0,NA,0.333333333333333,0,0.166666666666667,NA,NA,NA,0.333333333333333
"151",3,6,6,0,3,0,0,0,3,0,0,0,6,0,0,0,0,0,2,0,0,0,0,0,0,0,0,0,0,0,0,0,0,0,0,0,1,0,0,0,1,0,0,0,3,0,0,0,0.111111111111111,0.222222222222222,0.222222222222222,0,0.111111111111111,0,0,0,0.111111111111111,0,0,0,0.222222222222222,0,0,0,0,0,0.333333333333333,NA,0,NA,NA,NA,0,NA,NA,NA,0,NA,NA,NA,0,0,0,NA,0.333333333333333,NA,NA,NA,0.333333333333333,NA,NA,NA,0.5,NA,NA,NA,0,0,0,0,1,0,0,0,1,0,0,0,3,0,0,0,3,6,4,0,2,0,0,0,2,0,0,0,3,0,0,0,0,0,0,0,0,0,0,0,0,0,0,0,0,0,0,0,0,0,2,0,0,0,0,0,0,0,0,0,0,0,0,0,0,0,0,NA,0.333333333333333,NA,NA,NA,0.333333333333333,NA,NA,NA,0.5,NA,NA,NA,1,1,0.666666666666667,NA,0.666666666666667,NA,NA,NA,0.666666666666667,NA,NA,NA,0.5,NA,NA,NA,0,0,0,NA,0,NA,NA,NA,0,NA,NA,NA,0,NA,NA,NA,0,0,0.333333333333333,NA,0,NA,NA,NA,0,NA,NA,NA,0,NA,NA,NA
"152",3,3,3,6,0,3,6,6,0,6,6,0,0,6,0,0,0,0,0,0,0,0,0,1,0,0,2,0,0,3,0,0,0,0,1,1,0,0,1,4,0,2,5,0,0,2,0,0,0.0625,0.0625,0.0625,0.125,0,0.0625,0.125,0.125,0,0.125,0.125,0,0,0.125,0,0,0,0,0,0,NA,0,0,0.166666666666667,NA,0,0.333333333333333,NA,NA,0.5,NA,NA,0,0,0.333333333333333,0.166666666666667,NA,0,0.166666666666667,0.666666666666667,NA,0.333333333333333,0.833333333333333,NA,NA,0.333333333333333,NA,NA,0,0,1,1,0,0,1,3,0,2,3,0,0,0,0,0,3,3,2,5,0,3,5,2,0,4,1,0,0,3,0,0,0,0,0,0,0,0,0,1,0,0,2,0,0,2,0,0,0,0,0,0,0,0,0,0,0,0,0,0,0,1,0,0,0,0,0.333333333333333,0.166666666666667,NA,0,0.166666666666667,0.5,NA,0.333333333333333,0.5,NA,NA,0,NA,NA,1,1,0.666666666666667,0.833333333333333,NA,1,0.833333333333333,0.333333333333333,NA,0.666666666666667,0.166666666666667,NA,NA,0.5,NA,NA,0,0,0,0,NA,0,0,0.166666666666667,NA,0,0.333333333333333,NA,NA,0.333333333333333,NA,NA,0,0,0,0,NA,0,0,0,NA,0,0,NA,NA,0.166666666666667,NA,NA
"153",3,3,3,6,3,6,6,0,6,3,3,0,6,0,0,0,0,0,0,1,0,1,2,0,0,1,1,0,2,0,0,0,0,0,1,3,0,1,0,0,1,1,1,0,1,0,0,0,0.0625,0.0625,0.0625,0.125,0.0625,0.125,0.125,0,0.125,0.0625,0.0625,0,0.125,0,0,0,0,0,0,0.166666666666667,0,0.166666666666667,0.333333333333333,NA,0,0.333333333333333,0.333333333333333,NA,0.333333333333333,NA,NA,NA,0,0,0.333333333333333,0.5,0,0.166666666666667,0,NA,0.166666666666667,0.333333333333333,0.333333333333333,NA,0.166666666666667,NA,NA,NA,0,0,1,3,0,1,0,0,1,1,1,0,0,0,0,0,3,3,2,2,3,4,4,0,5,1,1,0,4,0,0,0,0,0,0,0,0,0,0,0,0,0,0,0,1,0,0,0,0,0,0,1,0,1,2,0,0,1,1,0,1,0,0,0,0,0,0.333333333333333,0.5,0,0.166666666666667,0,NA,0.166666666666667,0.333333333333333,0.333333333333333,NA,0,NA,NA,NA,1,1,0.666666666666667,0.333333333333333,1,0.666666666666667,0.666666666666667,NA,0.833333333333333,0.333333333333333,0.333333333333333,NA,0.666666666666667,NA,NA,NA,0,0,0,0,0,0,0,NA,0,0,0,NA,0.166666666666667,NA,NA,NA,0,0,0,0.166666666666667,0,0.166666666666667,0.333333333333333,NA,0,0.333333333333333,0.333333333333333,NA,0.166666666666667,NA,NA,NA
"154",6,3,6,6,0,3,6,3,0,6,6,0,0,3,0,0,1,0,0,0,0,0,0,1,0,1,2,0,0,1,0,0,1,0,2,2,0,0,1,3,0,1,3,0,0,3,0,0,0.125,0.0625,0.125,0.125,0,0.0625,0.125,0.0625,0,0.125,0.125,0,0,0.0625,0,0,0.166666666666667,0,0,0,NA,0,0,0.333333333333333,NA,0.166666666666667,0.333333333333333,NA,NA,0.333333333333333,NA,NA,0.166666666666667,0,0.333333333333333,0.333333333333333,NA,0,0.166666666666667,1,NA,0.166666666666667,0.5,NA,NA,1,NA,NA,1,0,2,2,0,0,1,2,0,1,2,0,0,2,0,0,4,3,4,4,0,3,5,0,0,4,2,0,0,0,0,0,0,0,0,0,0,0,0,1,0,0,1,0,0,1,0,0,1,0,0,0,0,0,0,0,0,1,1,0,0,0,0,0,0.166666666666667,0,0.333333333333333,0.333333333333333,NA,0,0.166666666666667,0.666666666666667,NA,0.166666666666667,0.333333333333333,NA,NA,0.666666666666667,NA,NA,0.666666666666667,1,0.666666666666667,0.666666666666667,NA,1,0.833333333333333,0,NA,0.666666666666667,0.333333333333333,NA,NA,0,NA,NA,0,0,0,0,NA,0,0,0.333333333333333,NA,0,0.166666666666667,NA,NA,0.333333333333333,NA,NA,0.166666666666667,0,0,0,NA,0,0,0,NA,0.166666666666667,0.166666666666667,NA,NA,0,NA,NA
"155",3,3,3,6,0,6,6,6,0,6,3,0,0,6,0,0,0,0,0,0,0,0,1,3,0,1,2,0,0,0,0,0,0,0,1,1,0,1,2,6,0,1,2,0,0,3,0,0,0.0625,0.0625,0.0625,0.125,0,0.125,0.125,0.125,0,0.125,0.0625,0,0,0.125,0,0,0,0,0,0,NA,0,0.166666666666667,0.5,NA,0.166666666666667,0.666666666666667,NA,NA,0,NA,NA,0,0,0.333333333333333,0.166666666666667,NA,0.166666666666667,0.333333333333333,1,NA,0.166666666666667,0.666666666666667,NA,NA,0.5,NA,NA,0,0,1,1,0,1,2,3,0,1,1,0,0,3,0,0,3,3,2,5,0,5,3,0,0,4,0,0,0,3,0,0,0,0,0,0,0,0,0,3,0,0,1,0,0,0,0,0,0,0,0,0,0,0,1,0,0,1,1,0,0,0,0,0,0,0,0.333333333333333,0.166666666666667,NA,0.166666666666667,0.333333333333333,0.5,NA,0.166666666666667,0.333333333333333,NA,NA,0.5,NA,NA,1,1,0.666666666666667,0.833333333333333,NA,0.833333333333333,0.5,0,NA,0.666666666666667,0,NA,NA,0.5,NA,NA,0,0,0,0,NA,0,0,0.5,NA,0,0.333333333333333,NA,NA,0,NA,NA,0,0,0,0,NA,0,0.166666666666667,0,NA,0.166666666666667,0.333333333333333,NA,NA,0,NA,NA
"156",3,6,6,0,6,0,0,0,6,0,0,0,6,0,0,0,0,0,2,0,0,0,0,0,1,0,0,0,0,0,0,0,0,1,2,0,0,0,0,0,1,0,0,0,0,0,0,0,0.0909090909090909,0.181818181818182,0.181818181818182,0,0.181818181818182,0,0,0,0.181818181818182,0,0,0,0.181818181818182,0,0,0,0,0,0.333333333333333,NA,0,NA,NA,NA,0.166666666666667,NA,NA,NA,0,NA,NA,NA,0,0.166666666666667,0.333333333333333,NA,0,NA,NA,NA,0.166666666666667,NA,NA,NA,0,NA,NA,NA,0,1,2,0,0,0,0,0,1,0,0,0,0,0,0,0,3,5,2,0,6,0,0,0,4,0,0,0,6,0,0,0,0,0,0,0,0,0,0,0,0,0,0,0,0,0,0,0,0,0,2,0,0,0,0,0,1,0,0,0,0,0,0,0,0,0.166666666666667,0.333333333333333,NA,0,NA,NA,NA,0.166666666666667,NA,NA,NA,0,NA,NA,NA,1,0.833333333333333,0.333333333333333,NA,1,NA,NA,NA,0.666666666666667,NA,NA,NA,1,NA,NA,NA,0,0,0,NA,0,NA,NA,NA,0,NA,NA,NA,0,NA,NA,NA,0,0,0.333333333333333,NA,0,NA,NA,NA,0.166666666666667,NA,NA,NA,0,NA,NA,NA
"157",3,3,6,6,0,3,6,6,0,3,6,3,0,3,0,0,0,0,0,1,0,0,0,1,0,0,2,1,0,0,0,0,1,1,0,1,0,1,1,4,0,0,6,2,0,1,0,0,0.0625,0.0625,0.125,0.125,0,0.0625,0.125,0.125,0,0.0625,0.125,0.0625,0,0.0625,0,0,0,0,0,0.166666666666667,NA,0,0,0.166666666666667,NA,0,0.333333333333333,0.333333333333333,NA,0,NA,NA,0.333333333333333,0.333333333333333,0,0.166666666666667,NA,0.333333333333333,0.166666666666667,0.666666666666667,NA,0,1,0.666666666666667,NA,0.333333333333333,NA,NA,1,1,0,0,0,1,1,3,0,0,4,2,0,1,0,0,2,2,6,5,0,2,5,2,0,3,0,0,0,2,0,0,0,0,0,1,0,0,0,1,0,0,2,0,0,0,0,0,0,0,0,0,0,0,0,0,0,0,0,1,0,0,0,0,0.333333333333333,0.333333333333333,0,0,NA,0.333333333333333,0.166666666666667,0.5,NA,0,0.666666666666667,0.666666666666667,NA,0.333333333333333,NA,NA,0.666666666666667,0.666666666666667,1,0.833333333333333,NA,0.666666666666667,0.833333333333333,0.333333333333333,NA,1,0,0,NA,0.666666666666667,NA,NA,0,0,0,0.166666666666667,NA,0,0,0.166666666666667,NA,0,0.333333333333333,0,NA,0,NA,NA,0,0,0,0,NA,0,0,0,NA,0,0,0.333333333333333,NA,0,NA,NA
"158",3,3,3,3,3,6,6,6,6,3,0,0,6,0,0,0,0,0,0,0,0,1,3,1,0,1,0,0,2,0,0,0,0,0,0,1,0,0,1,4,0,2,0,0,0,0,0,0,0.0625,0.0625,0.0625,0.0625,0.0625,0.125,0.125,0.125,0.125,0.0625,0,0,0.125,0,0,0,0,0,0,0,0,0.166666666666667,0.5,0.166666666666667,0,0.333333333333333,NA,NA,0.333333333333333,NA,NA,NA,0,0,0,0.333333333333333,0,0,0.166666666666667,0.666666666666667,0,0.666666666666667,NA,NA,0,NA,NA,NA,0,0,0,1,0,0,1,4,0,1,0,0,0,0,0,0,3,3,3,2,3,5,2,1,6,1,0,0,4,0,0,0,0,0,0,0,0,0,0,0,0,1,0,0,0,0,0,0,0,0,0,0,0,1,3,1,0,0,0,0,2,0,0,0,0,0,0,0.333333333333333,0,0,0.166666666666667,0.666666666666667,0,0.333333333333333,NA,NA,0,NA,NA,NA,1,1,1,0.666666666666667,1,0.833333333333333,0.333333333333333,0.166666666666667,1,0.333333333333333,NA,NA,0.666666666666667,NA,NA,NA,0,0,0,0,0,0,0,0,0,0.333333333333333,NA,NA,0,NA,NA,NA,0,0,0,0,0,0.166666666666667,0.5,0.166666666666667,0,0,NA,NA,0.333333333333333,NA,NA,NA
"159",3,6,6,3,6,3,0,0,6,3,0,0,3,6,0,0,0,0,1,1,0,0,0,0,3,0,0,0,2,0,0,0,0,1,1,1,0,0,0,0,1,0,0,0,1,5,0,0,0.0666666666666667,0.133333333333333,0.133333333333333,0.0666666666666667,0.133333333333333,0.0666666666666667,0,0,0.133333333333333,0.0666666666666667,0,0,0.0666666666666667,0.133333333333333,0,0,0,0,0.166666666666667,0.333333333333333,0,0,NA,NA,0.5,0,NA,NA,0.666666666666667,0,NA,NA,0,0.166666666666667,0.166666666666667,0.333333333333333,0,0,NA,NA,0.166666666666667,0,NA,NA,0.333333333333333,0.833333333333333,NA,NA,0,1,0,0,0,0,0,0,1,0,0,0,1,5,0,0,3,5,5,2,6,3,0,0,2,3,0,0,0,1,0,0,0,0,1,1,0,0,0,0,0,0,0,0,0,0,0,0,0,0,0,0,0,0,0,0,3,0,0,0,2,0,0,0,0,0.166666666666667,0,0,0,0,NA,NA,0.166666666666667,0,NA,NA,0.333333333333333,0.833333333333333,NA,NA,1,0.833333333333333,0.833333333333333,0.666666666666667,1,1,NA,NA,0.333333333333333,1,NA,NA,0,0.166666666666667,NA,NA,0,0,0.166666666666667,0.333333333333333,0,0,NA,NA,0,0,NA,NA,0,0,NA,NA,0,0,0,0,0,0,NA,NA,0.5,0,NA,NA,0.666666666666667,0,NA,NA
"160",3,3,3,6,0,6,6,6,0,3,6,0,0,0,6,0,0,0,0,1,0,1,1,1,0,2,0,0,0,0,3,0,0,0,1,1,0,4,2,3,0,0,1,0,0,0,2,0,0.0625,0.0625,0.0625,0.125,0,0.125,0.125,0.125,0,0.0625,0.125,0,0,0,0.125,0,0,0,0,0.166666666666667,NA,0.166666666666667,0.166666666666667,0.166666666666667,NA,0.666666666666667,0,NA,NA,NA,0.5,NA,0,0,0.333333333333333,0.166666666666667,NA,0.666666666666667,0.333333333333333,0.5,NA,0,0.166666666666667,NA,NA,NA,0.333333333333333,NA,0,0,1,0,0,3,2,3,0,0,1,0,0,0,1,0,3,3,2,5,0,2,3,2,0,1,5,0,0,0,2,0,0,0,0,1,0,1,0,0,0,0,0,0,0,0,1,0,0,0,0,0,0,0,1,1,0,2,0,0,0,0,2,0,0,0,0.333333333333333,0,NA,0.5,0.333333333333333,0.5,NA,0,0.166666666666667,NA,NA,NA,0.166666666666667,NA,1,1,0.666666666666667,0.833333333333333,NA,0.333333333333333,0.5,0.333333333333333,NA,0.333333333333333,0.833333333333333,NA,NA,NA,0.333333333333333,NA,0,0,0,0.166666666666667,NA,0.166666666666667,0,0,NA,0,0,NA,NA,NA,0.166666666666667,NA,0,0,0,0,NA,0,0.166666666666667,0.166666666666667,NA,0.666666666666667,0,NA,NA,NA,0.333333333333333,NA
"161",3,3,3,3,0,6,6,6,0,6,6,6,0,0,0,0,0,0,0,0,0,0,0,0,0,2,3,4,0,0,0,0,0,0,1,0,0,2,2,2,0,0,4,3,0,0,0,0,0.0625,0.0625,0.0625,0.0625,0,0.125,0.125,0.125,0,0.125,0.125,0.125,0,0,0,0,0,0,0,0,NA,0,0,0,NA,0.333333333333333,0.5,0.666666666666667,NA,NA,NA,NA,0,0,0.333333333333333,0,NA,0.333333333333333,0.333333333333333,0.333333333333333,NA,0,0.666666666666667,0.5,NA,NA,NA,NA,0,0,1,0,0,2,2,2,0,0,2,1,0,0,0,0,3,3,2,3,0,4,4,4,0,4,1,1,0,0,0,0,0,0,0,0,0,0,0,0,0,0,2,2,0,0,0,0,0,0,0,0,0,0,0,0,0,2,1,2,0,0,0,0,0,0,0.333333333333333,0,NA,0.333333333333333,0.333333333333333,0.333333333333333,NA,0,0.333333333333333,0.166666666666667,NA,NA,NA,NA,1,1,0.666666666666667,1,NA,0.666666666666667,0.666666666666667,0.666666666666667,NA,0.666666666666667,0.166666666666667,0.166666666666667,NA,NA,NA,NA,0,0,0,0,NA,0,0,0,NA,0,0.333333333333333,0.333333333333333,NA,NA,NA,NA,0,0,0,0,NA,0,0,0,NA,0.333333333333333,0.166666666666667,0.333333333333333,NA,NA,NA,NA
"162",3,3,3,6,0,0,6,6,0,6,6,0,3,6,0,0,0,0,0,0,0,0,0,2,0,0,1,0,0,2,0,0,0,1,0,2,0,0,2,3,0,2,5,0,0,5,0,0,0.0625,0.0625,0.0625,0.125,0,0,0.125,0.125,0,0.125,0.125,0,0.0625,0.125,0,0,0,0,0,0,NA,NA,0,0.333333333333333,NA,0,0.166666666666667,NA,0,0.333333333333333,NA,NA,0,0.333333333333333,0,0.333333333333333,NA,NA,0.333333333333333,0.5,NA,0.333333333333333,0.833333333333333,NA,0,0.833333333333333,NA,NA,0,1,0,2,0,0,2,3,0,2,4,0,0,3,0,0,3,2,3,4,0,0,4,1,0,4,1,0,3,1,0,0,0,0,0,0,0,0,0,0,0,0,1,0,0,2,0,0,0,0,0,0,0,0,0,2,0,0,0,0,0,0,0,0,0,0.333333333333333,0,0.333333333333333,NA,NA,0.333333333333333,0.5,NA,0.333333333333333,0.666666666666667,NA,0,0.5,NA,NA,1,0.666666666666667,1,0.666666666666667,NA,NA,0.666666666666667,0.166666666666667,NA,0.666666666666667,0.166666666666667,NA,1,0.166666666666667,NA,NA,0,0,0,0,NA,NA,0,0,NA,0,0.166666666666667,NA,0,0.333333333333333,NA,NA,0,0,0,0,NA,NA,0,0.333333333333333,NA,0,0,NA,0,0,NA,NA
"163",3,3,6,0,0,3,0,0,6,6,0,0,6,6,0,0,0,0,0,0,0,0,0,0,0,0,0,0,2,1,0,0,0,0,3,0,0,0,0,0,1,2,0,0,4,3,0,0,0.0769230769230769,0.0769230769230769,0.153846153846154,0,0,0.0769230769230769,0,0,0.153846153846154,0.153846153846154,0,0,0.153846153846154,0.153846153846154,0,0,0,0,0,NA,NA,0,NA,NA,0,0,NA,NA,0.333333333333333,0.166666666666667,NA,NA,0,0,0.5,NA,NA,0,NA,NA,0.166666666666667,0.333333333333333,NA,NA,0.666666666666667,0.5,NA,NA,0,0,3,0,0,0,0,0,1,2,0,0,3,3,0,0,3,3,3,0,0,3,0,0,5,4,0,0,1,2,0,0,0,0,0,0,0,0,0,0,0,0,0,0,1,0,0,0,0,0,0,0,0,0,0,0,0,0,0,0,1,1,0,0,0,0,0.5,NA,NA,0,NA,NA,0.166666666666667,0.333333333333333,NA,NA,0.5,0.5,NA,NA,1,1,0.5,NA,NA,1,NA,NA,0.833333333333333,0.666666666666667,NA,NA,0.166666666666667,0.333333333333333,NA,NA,0,0,0,NA,NA,0,NA,NA,0,0,NA,NA,0.166666666666667,0,NA,NA,0,0,0,NA,NA,0,NA,NA,0,0,NA,NA,0.166666666666667,0.166666666666667,NA,NA
"164",6,3,3,3,0,6,6,6,0,6,6,3,0,0,0,0,1,0,0,0,0,0,1,0,0,1,2,1,0,0,0,0,0,1,0,1,0,1,1,3,0,0,4,3,0,0,0,0,0.125,0.0625,0.0625,0.0625,0,0.125,0.125,0.125,0,0.125,0.125,0.0625,0,0,0,0,0.166666666666667,0,0,0,NA,0,0.166666666666667,0,NA,0.166666666666667,0.333333333333333,0.333333333333333,NA,NA,NA,NA,0,0.333333333333333,0,0.333333333333333,NA,0.166666666666667,0.166666666666667,0.5,NA,0,0.666666666666667,1,NA,NA,NA,NA,0,1,0,1,0,1,1,3,0,0,3,2,0,0,0,0,5,2,3,2,0,5,4,3,0,5,1,0,0,0,0,0,0,0,0,0,0,0,0,0,0,0,1,1,0,0,0,0,1,0,0,0,0,0,1,0,0,1,1,0,0,0,0,0,0,0.333333333333333,0,0.333333333333333,NA,0.166666666666667,0.166666666666667,0.5,NA,0,0.5,0.666666666666667,NA,NA,NA,NA,0.833333333333333,0.666666666666667,1,0.666666666666667,NA,0.833333333333333,0.666666666666667,0.5,NA,0.833333333333333,0.166666666666667,0,NA,NA,NA,NA,0,0,0,0,NA,0,0,0,NA,0,0.166666666666667,0.333333333333333,NA,NA,NA,NA,0.166666666666667,0,0,0,NA,0,0.166666666666667,0,NA,0.166666666666667,0.166666666666667,0,NA,NA,NA,NA
"165",3,3,3,6,0,6,6,6,3,6,0,0,3,3,0,0,0,0,0,0,0,0,2,3,0,1,0,0,1,1,0,0,0,0,1,1,0,0,1,1,0,2,0,0,0,1,0,0,0.0625,0.0625,0.0625,0.125,0,0.125,0.125,0.125,0.0625,0.125,0,0,0.0625,0.0625,0,0,0,0,0,0,NA,0,0.333333333333333,0.5,0,0.166666666666667,NA,NA,0.333333333333333,0.333333333333333,NA,NA,0,0,0.333333333333333,0.166666666666667,NA,0,0.166666666666667,0.166666666666667,0,0.333333333333333,NA,NA,0,0.333333333333333,NA,NA,0,0,1,1,0,0,1,0,0,2,0,0,0,1,0,0,3,3,2,5,0,6,3,3,3,3,0,0,2,1,0,0,0,0,0,0,0,0,0,1,0,0,0,0,0,0,0,0,0,0,0,0,0,0,2,2,0,1,0,0,1,1,0,0,0,0,0.333333333333333,0.166666666666667,NA,0,0.166666666666667,0,0,0.333333333333333,NA,NA,0,0.333333333333333,NA,NA,1,1,0.666666666666667,0.833333333333333,NA,1,0.5,0.5,1,0.5,NA,NA,0.666666666666667,0.333333333333333,NA,NA,0,0,0,0,NA,0,0,0.166666666666667,0,0,NA,NA,0,0,NA,NA,0,0,0,0,NA,0,0.333333333333333,0.333333333333333,0,0.166666666666667,NA,NA,0.333333333333333,0.333333333333333,NA,NA
"166",3,3,3,6,0,6,3,6,3,6,6,0,3,0,0,0,0,0,0,0,0,0,0,2,0,2,1,0,0,0,0,0,0,0,0,2,0,0,1,5,0,1,3,0,0,0,0,0,0.0625,0.0625,0.0625,0.125,0,0.125,0.0625,0.125,0.0625,0.125,0.125,0,0.0625,0,0,0,0,0,0,0,NA,0,0,0.333333333333333,0,0.333333333333333,0.166666666666667,NA,0,NA,NA,NA,0,0,0,0.333333333333333,NA,0,0.333333333333333,0.833333333333333,0,0.166666666666667,0.5,NA,0,NA,NA,NA,0,0,0,2,0,0,1,4,0,1,2,0,0,0,0,0,3,3,3,4,0,6,2,0,3,3,3,0,3,0,0,0,0,0,0,0,0,0,0,1,0,0,1,0,0,0,0,0,0,0,0,0,0,0,0,1,0,2,0,0,0,0,0,0,0,0,0,0.333333333333333,NA,0,0.333333333333333,0.666666666666667,0,0.166666666666667,0.333333333333333,NA,0,NA,NA,NA,1,1,1,0.666666666666667,NA,1,0.666666666666667,0,1,0.5,0.5,NA,1,NA,NA,NA,0,0,0,0,NA,0,0,0.166666666666667,0,0,0.166666666666667,NA,0,NA,NA,NA,0,0,0,0,NA,0,0,0.166666666666667,0,0.333333333333333,0,NA,0,NA,NA,NA
"167",3,6,6,0,6,0,0,0,3,0,0,0,6,0,0,0,0,0,2,0,1,0,0,0,0,0,0,0,0,0,0,0,0,2,1,0,0,0,0,0,1,0,0,0,3,0,0,0,0.1,0.2,0.2,0,0.2,0,0,0,0.1,0,0,0,0.2,0,0,0,0,0,0.333333333333333,NA,0.166666666666667,NA,NA,NA,0,NA,NA,NA,0,NA,NA,NA,0,0.333333333333333,0.166666666666667,NA,0,NA,NA,NA,0.333333333333333,NA,NA,NA,0.5,NA,NA,NA,0,2,1,0,0,0,0,0,1,0,0,0,3,0,0,0,3,4,3,0,5,0,0,0,2,0,0,0,3,0,0,0,0,0,0,0,0,0,0,0,0,0,0,0,0,0,0,0,0,0,2,0,1,0,0,0,0,0,0,0,0,0,0,0,0,0.333333333333333,0.166666666666667,NA,0,NA,NA,NA,0.333333333333333,NA,NA,NA,0.5,NA,NA,NA,1,0.666666666666667,0.5,NA,0.833333333333333,NA,NA,NA,0.666666666666667,NA,NA,NA,0.5,NA,NA,NA,0,0,0,NA,0,NA,NA,NA,0,NA,NA,NA,0,NA,NA,NA,0,0,0.333333333333333,NA,0.166666666666667,NA,NA,NA,0,NA,NA,NA,0,NA,NA,NA
"168",3,3,3,3,0,6,6,6,0,6,6,0,0,6,0,0,0,0,0,0,0,1,1,0,0,0,2,0,0,1,0,0,0,0,1,1,0,1,1,5,0,0,5,0,0,5,0,0,0.0625,0.0625,0.0625,0.0625,0,0.125,0.125,0.125,0,0.125,0.125,0,0,0.125,0,0,0,0,0,0,NA,0.166666666666667,0.166666666666667,0,NA,0,0.333333333333333,NA,NA,0.166666666666667,NA,NA,0,0,0.333333333333333,0.333333333333333,NA,0.166666666666667,0.166666666666667,0.833333333333333,NA,0,0.833333333333333,NA,NA,0.833333333333333,NA,NA,0,0,1,1,0,0,1,5,0,0,3,0,0,4,0,0,3,3,2,2,0,5,4,1,0,6,1,0,0,1,0,0,0,0,0,0,0,1,0,0,0,0,2,0,0,1,0,0,0,0,0,0,0,0,1,0,0,0,0,0,0,0,0,0,0,0,0.333333333333333,0.333333333333333,NA,0,0.166666666666667,0.833333333333333,NA,0,0.5,NA,NA,0.666666666666667,NA,NA,1,1,0.666666666666667,0.666666666666667,NA,0.833333333333333,0.666666666666667,0.166666666666667,NA,1,0.166666666666667,NA,NA,0.166666666666667,NA,NA,0,0,0,0,NA,0.166666666666667,0,0,NA,0,0.333333333333333,NA,NA,0.166666666666667,NA,NA,0,0,0,0,NA,0,0.166666666666667,0,NA,0,0,NA,NA,0,NA,NA
"169",6,6,3,6,3,6,6,6,0,0,6,0,0,0,0,0,0,1,0,0,2,2,1,3,0,0,2,0,0,0,0,0,0,2,0,1,0,1,1,5,0,0,3,0,0,0,0,0,0.125,0.125,0.0625,0.125,0.0625,0.125,0.125,0.125,0,0,0.125,0,0,0,0,0,0,0.166666666666667,0,0,0.666666666666667,0.333333333333333,0.166666666666667,0.5,NA,NA,0.333333333333333,NA,NA,NA,NA,NA,0,0.333333333333333,0,0.166666666666667,0,0.166666666666667,0.166666666666667,0.833333333333333,NA,NA,0.5,NA,NA,NA,NA,NA,0,2,0,1,0,0,0,3,0,0,2,0,0,0,0,0,6,3,3,5,1,4,5,0,0,0,2,0,0,0,0,0,0,0,0,0,0,1,1,2,0,0,1,0,0,0,0,0,0,1,0,0,2,1,0,1,0,0,1,0,0,0,0,0,0,0.333333333333333,0,0.166666666666667,0,0,0,0.5,NA,NA,0.333333333333333,NA,NA,NA,NA,NA,1,0.5,1,0.833333333333333,0.333333333333333,0.666666666666667,0.833333333333333,0,NA,NA,0.333333333333333,NA,NA,NA,NA,NA,0,0,0,0,0,0.166666666666667,0.166666666666667,0.333333333333333,NA,NA,0.166666666666667,NA,NA,NA,NA,NA,0,0.166666666666667,0,0,0.666666666666667,0.166666666666667,0,0.166666666666667,NA,NA,0.166666666666667,NA,NA,NA,NA,NA
"170",6,6,3,6,6,6,6,3,0,3,3,0,0,0,0,0,0,1,0,0,1,1,1,1,0,1,1,0,0,0,0,0,0,0,1,3,0,1,0,2,0,0,3,0,0,0,0,0,0.125,0.125,0.0625,0.125,0.125,0.125,0.125,0.0625,0,0.0625,0.0625,0,0,0,0,0,0,0.166666666666667,0,0,0.166666666666667,0.166666666666667,0.166666666666667,0.333333333333333,NA,0.333333333333333,0.333333333333333,NA,NA,NA,NA,NA,0,0,0.333333333333333,0.5,0,0.166666666666667,0,0.666666666666667,NA,0,1,NA,NA,NA,NA,NA,0,0,1,3,0,1,0,1,0,0,2,0,0,0,0,0,6,5,2,3,5,4,5,1,0,2,0,0,0,0,0,0,0,0,0,0,0,0,0,1,0,0,1,0,0,0,0,0,0,1,0,0,1,1,1,0,0,1,0,0,0,0,0,0,0,0,0.333333333333333,0.5,0,0.166666666666667,0,0.333333333333333,NA,0,0.666666666666667,NA,NA,NA,NA,NA,1,0.833333333333333,0.666666666666667,0.5,0.833333333333333,0.666666666666667,0.833333333333333,0.333333333333333,NA,0.666666666666667,0,NA,NA,NA,NA,NA,0,0,0,0,0,0,0,0.333333333333333,NA,0,0.333333333333333,NA,NA,NA,NA,NA,0,0.166666666666667,0,0,0.166666666666667,0.166666666666667,0.166666666666667,0,NA,0.333333333333333,0,NA,NA,NA,NA,NA
"171",3,3,6,6,0,3,0,0,0,3,0,0,6,6,0,0,0,0,0,2,0,0,0,0,0,0,0,0,0,1,0,0,0,0,1,2,0,0,0,0,0,0,0,0,2,5,0,0,0.0833333333333333,0.0833333333333333,0.166666666666667,0.166666666666667,0,0.0833333333333333,0,0,0,0.0833333333333333,0,0,0.166666666666667,0.166666666666667,0,0,0,0,0,0.333333333333333,NA,0,NA,NA,NA,0,NA,NA,0,0.166666666666667,NA,NA,0,0,0.166666666666667,0.333333333333333,NA,0,NA,NA,NA,0,NA,NA,0.333333333333333,0.833333333333333,NA,NA,0,0,1,2,0,0,0,0,0,0,0,0,2,4,0,0,3,3,5,2,0,3,0,0,0,3,0,0,4,1,0,0,0,0,0,0,0,0,0,0,0,0,0,0,0,1,0,0,0,0,0,2,0,0,0,0,0,0,0,0,0,0,0,0,0,0,0.166666666666667,0.333333333333333,NA,0,NA,NA,NA,0,NA,NA,0.333333333333333,0.666666666666667,NA,NA,1,1,0.833333333333333,0.333333333333333,NA,1,NA,NA,NA,1,NA,NA,0.666666666666667,0.166666666666667,NA,NA,0,0,0,0,NA,0,NA,NA,NA,0,NA,NA,0,0.166666666666667,NA,NA,0,0,0,0.333333333333333,NA,0,NA,NA,NA,0,NA,NA,0,0,NA,NA
"172",3,3,3,3,6,6,6,6,6,3,0,0,3,0,0,0,0,0,0,0,0,1,3,0,2,2,0,0,2,0,0,0,0,0,1,1,2,0,0,4,2,1,0,0,1,0,0,0,0.0625,0.0625,0.0625,0.0625,0.125,0.125,0.125,0.125,0.125,0.0625,0,0,0.0625,0,0,0,0,0,0,0,0,0.166666666666667,0.5,0,0.333333333333333,0.666666666666667,NA,NA,0.666666666666667,NA,NA,NA,0,0,0.333333333333333,0.333333333333333,0.333333333333333,0,0,0.666666666666667,0.333333333333333,0.333333333333333,NA,NA,0.333333333333333,NA,NA,NA,0,0,1,1,2,0,0,4,1,0,0,0,0,0,0,0,3,3,2,2,4,5,3,2,3,1,0,0,1,0,0,0,0,0,0,0,0,0,0,0,1,1,0,0,1,0,0,0,0,0,0,0,0,1,3,0,1,1,0,0,1,0,0,0,0,0,0.333333333333333,0.333333333333333,0.333333333333333,0,0,0.666666666666667,0.166666666666667,0,NA,NA,0,NA,NA,NA,1,1,0.666666666666667,0.666666666666667,0.666666666666667,0.833333333333333,0.5,0.333333333333333,0.5,0.333333333333333,NA,NA,0.333333333333333,NA,NA,NA,0,0,0,0,0,0,0,0,0.166666666666667,0.333333333333333,NA,NA,0.333333333333333,NA,NA,NA,0,0,0,0,0,0.166666666666667,0.5,0,0.166666666666667,0.333333333333333,NA,NA,0.333333333333333,NA,NA,NA
"173",3,3,3,6,0,3,6,0,3,6,6,0,6,3,0,0,0,0,0,1,0,0,0,0,0,1,2,0,0,2,0,0,0,0,1,3,0,1,1,0,0,2,3,0,2,1,0,0,0.0625,0.0625,0.0625,0.125,0,0.0625,0.125,0,0.0625,0.125,0.125,0,0.125,0.0625,0,0,0,0,0,0.166666666666667,NA,0,0,NA,0,0.166666666666667,0.333333333333333,NA,0,0.666666666666667,NA,NA,0,0,0.333333333333333,0.5,NA,0.333333333333333,0.166666666666667,NA,0,0.333333333333333,0.5,NA,0.333333333333333,0.333333333333333,NA,NA,0,0,1,2,0,1,1,0,0,2,2,0,2,0,0,0,3,3,2,3,0,2,5,0,3,3,2,0,4,1,0,0,0,0,0,1,0,0,0,0,0,0,1,0,0,1,0,0,0,0,0,0,0,0,0,0,0,1,1,0,0,1,0,0,0,0,0.333333333333333,0.333333333333333,NA,0.333333333333333,0.166666666666667,NA,0,0.333333333333333,0.333333333333333,NA,0.333333333333333,0,NA,NA,1,1,0.666666666666667,0.5,NA,0.666666666666667,0.833333333333333,NA,1,0.5,0.333333333333333,NA,0.666666666666667,0.333333333333333,NA,NA,0,0,0,0.166666666666667,NA,0,0,NA,0,0,0.166666666666667,NA,0,0.333333333333333,NA,NA,0,0,0,0,NA,0,0,NA,0,0.166666666666667,0.166666666666667,NA,0,0.333333333333333,NA,NA
"174",3,3,3,3,0,3,6,6,3,3,0,6,3,6,0,0,0,0,0,0,0,0,2,0,1,0,0,3,1,1,0,0,1,0,0,0,0,0,2,2,0,0,0,4,2,3,0,0,0.0625,0.0625,0.0625,0.0625,0,0.0625,0.125,0.125,0.0625,0.0625,0,0.125,0.0625,0.125,0,0,0,0,0,0,NA,0,0.333333333333333,0,0.333333333333333,0,NA,0.5,0.333333333333333,0.166666666666667,NA,NA,0.333333333333333,0,0,0,NA,0,0.333333333333333,0.333333333333333,0,0,NA,0.666666666666667,0.666666666666667,0.5,NA,NA,1,0,0,0,0,0,2,2,0,0,0,1,2,3,0,0,2,3,3,3,0,3,2,4,2,3,0,2,0,2,0,0,0,0,0,0,0,0,0,0,0,0,0,3,0,0,0,0,0,0,0,0,0,0,2,0,1,0,0,0,1,1,0,0,0.333333333333333,0,0,0,NA,0,0.333333333333333,0.333333333333333,0,0,NA,0.166666666666667,0.666666666666667,0.5,NA,NA,0.666666666666667,1,1,1,NA,1,0.333333333333333,0.666666666666667,0.666666666666667,1,NA,0.333333333333333,0,0.333333333333333,NA,NA,0,0,0,0,NA,0,0,0,0,0,NA,0.5,0,0,NA,NA,0,0,0,0,NA,0,0.333333333333333,0,0.333333333333333,0,NA,0,0.333333333333333,0.166666666666667,NA,NA
"175",6,3,6,6,6,6,6,0,6,0,0,0,0,0,0,0,1,0,0,1,0,2,0,0,2,0,0,0,0,0,0,0,0,0,2,3,0,2,3,0,1,0,0,0,0,0,0,0,0.133333333333333,0.0666666666666667,0.133333333333333,0.133333333333333,0.133333333333333,0.133333333333333,0.133333333333333,0,0.133333333333333,0,0,0,0,0,0,0,0.166666666666667,0,0,0.166666666666667,0,0.333333333333333,0,NA,0.333333333333333,NA,NA,NA,NA,NA,NA,NA,0,0,0.333333333333333,0.5,0,0.333333333333333,0.5,NA,0.166666666666667,NA,NA,NA,NA,NA,NA,NA,0,0,2,3,0,2,3,0,0,0,0,0,0,0,0,0,5,3,4,2,6,2,3,0,4,0,0,0,0,0,0,0,0,0,0,0,0,0,0,0,1,0,0,0,0,0,0,0,1,0,0,1,0,2,0,0,1,0,0,0,0,0,0,0,0,0,0.333333333333333,0.5,0,0.333333333333333,0.5,NA,0,NA,NA,NA,NA,NA,NA,NA,0.833333333333333,1,0.666666666666667,0.333333333333333,1,0.333333333333333,0.5,NA,0.666666666666667,NA,NA,NA,NA,NA,NA,NA,0,0,0,0,0,0,0,NA,0.166666666666667,NA,NA,NA,NA,NA,NA,NA,0.166666666666667,0,0,0.166666666666667,0,0.333333333333333,0,NA,0.166666666666667,NA,NA,NA,NA,NA,NA,NA
"176",3,3,3,6,3,3,6,3,3,6,3,0,0,6,0,0,0,0,0,1,0,0,1,1,2,1,1,0,0,3,0,0,0,0,0,2,0,0,2,2,1,2,3,0,0,5,0,0,0.0625,0.0625,0.0625,0.125,0.0625,0.0625,0.125,0.0625,0.0625,0.125,0.0625,0,0,0.125,0,0,0,0,0,0.166666666666667,0,0,0.166666666666667,0.333333333333333,0.666666666666667,0.166666666666667,0.333333333333333,NA,NA,0.5,NA,NA,0,0,0,0.333333333333333,0,0,0.333333333333333,0.666666666666667,0.333333333333333,0.333333333333333,1,NA,NA,0.833333333333333,NA,NA,0,0,0,2,0,0,2,2,1,2,2,0,0,2,0,0,3,3,3,3,3,3,3,0,0,3,0,0,0,1,0,0,0,0,0,0,0,0,0,0,0,0,1,0,0,3,0,0,0,0,0,1,0,0,1,1,2,1,0,0,0,0,0,0,0,0,0,0.333333333333333,0,0,0.333333333333333,0.666666666666667,0.333333333333333,0.333333333333333,0.666666666666667,NA,NA,0.333333333333333,NA,NA,1,1,1,0.5,1,1,0.5,0,0,0.5,0,NA,NA,0.166666666666667,NA,NA,0,0,0,0,0,0,0,0,0,0,0.333333333333333,NA,NA,0.5,NA,NA,0,0,0,0.166666666666667,0,0,0.166666666666667,0.333333333333333,0.666666666666667,0.166666666666667,0,NA,NA,0,NA,NA
"177",3,3,3,6,0,6,6,6,0,3,3,6,0,0,0,3,0,0,0,0,0,0,0,2,0,1,1,2,0,0,0,3,0,0,0,0,0,1,3,4,0,0,2,1,0,0,0,3,0.0625,0.0625,0.0625,0.125,0,0.125,0.125,0.125,0,0.0625,0.0625,0.125,0,0,0,0.0625,0,0,0,0,NA,0,0,0.333333333333333,NA,0.333333333333333,0.333333333333333,0.333333333333333,NA,NA,NA,1,0,0,0,0,NA,0.166666666666667,0.5,0.666666666666667,NA,0,0.666666666666667,0.166666666666667,NA,NA,NA,1,0,0,0,0,0,1,3,2,0,0,1,1,0,0,0,0,3,3,3,6,0,5,3,2,0,2,1,3,0,0,0,0,0,0,0,0,0,0,0,2,0,0,1,0,0,0,0,3,0,0,0,0,0,0,0,0,0,1,0,2,0,0,0,0,0,0,0,0,NA,0.166666666666667,0.5,0.333333333333333,NA,0,0.333333333333333,0.166666666666667,NA,NA,NA,0,1,1,1,1,NA,0.833333333333333,0.5,0.333333333333333,NA,0.666666666666667,0.333333333333333,0.5,NA,NA,NA,0,0,0,0,0,NA,0,0,0.333333333333333,NA,0,0.333333333333333,0,NA,NA,NA,1,0,0,0,0,NA,0,0,0,NA,0.333333333333333,0,0.333333333333333,NA,NA,NA,0
"178",6,6,0,0,6,0,0,0,6,0,0,0,0,0,0,0,0,2,0,0,0,0,0,0,2,0,0,0,0,0,0,0,0,1,0,0,0,0,0,0,3,0,0,0,0,0,0,0,0.25,0.25,0,0,0.25,0,0,0,0.25,0,0,0,0,0,0,0,0,0.333333333333333,NA,NA,0,NA,NA,NA,0.333333333333333,NA,NA,NA,NA,NA,NA,NA,0,0.166666666666667,NA,NA,0,NA,NA,NA,0.5,NA,NA,NA,NA,NA,NA,NA,0,1,0,0,0,0,0,0,1,0,0,0,0,0,0,0,6,3,0,0,6,0,0,0,3,0,0,0,0,0,0,0,0,0,0,0,0,0,0,0,2,0,0,0,0,0,0,0,0,2,0,0,0,0,0,0,0,0,0,0,0,0,0,0,0,0.166666666666667,NA,NA,0,NA,NA,NA,0.166666666666667,NA,NA,NA,NA,NA,NA,NA,1,0.5,NA,NA,1,NA,NA,NA,0.5,NA,NA,NA,NA,NA,NA,NA,0,0,NA,NA,0,NA,NA,NA,0.333333333333333,NA,NA,NA,NA,NA,NA,NA,0,0.333333333333333,NA,NA,0,NA,NA,NA,0,NA,NA,NA,NA,NA,NA,NA
"179",3,3,3,3,0,3,6,6,3,3,0,0,6,6,0,0,0,0,0,0,0,0,2,0,0,0,0,0,1,0,0,0,0,0,0,0,0,1,2,5,0,1,0,0,1,2,0,0,0.0666666666666667,0.0666666666666667,0.0666666666666667,0.0666666666666667,0,0.0666666666666667,0.133333333333333,0.133333333333333,0.0666666666666667,0.0666666666666667,0,0,0.133333333333333,0.133333333333333,0,0,0,0,0,0,NA,0,0.333333333333333,0,0,0,NA,NA,0.166666666666667,0,NA,NA,0,0,0,0,NA,0.333333333333333,0.333333333333333,0.833333333333333,0,0.333333333333333,NA,NA,0.166666666666667,0.333333333333333,NA,NA,0,0,0,0,0,1,2,5,0,1,0,0,1,2,0,0,3,3,3,3,0,2,2,1,3,2,0,0,4,4,0,0,0,0,0,0,0,0,0,0,0,0,0,0,0,0,0,0,0,0,0,0,0,0,2,0,0,0,0,0,1,0,0,0,0,0,0,0,NA,0.333333333333333,0.333333333333333,0.833333333333333,0,0.333333333333333,NA,NA,0.166666666666667,0.333333333333333,NA,NA,1,1,1,1,NA,0.666666666666667,0.333333333333333,0.166666666666667,1,0.666666666666667,NA,NA,0.666666666666667,0.666666666666667,NA,NA,0,0,0,0,NA,0,0,0,0,0,NA,NA,0,0,NA,NA,0,0,0,0,NA,0,0.333333333333333,0,0,0,NA,NA,0.166666666666667,0,NA,NA
"180",3,3,3,6,0,3,6,6,0,6,6,0,0,3,3,0,0,0,0,0,0,0,0,4,0,1,2,0,0,1,2,0,0,0,1,2,0,0,1,6,0,1,2,0,0,1,3,0,0.0625,0.0625,0.0625,0.125,0,0.0625,0.125,0.125,0,0.125,0.125,0,0,0.0625,0.0625,0,0,0,0,0,NA,0,0,0.666666666666667,NA,0.166666666666667,0.333333333333333,NA,NA,0.333333333333333,0.666666666666667,NA,0,0,0.333333333333333,0.333333333333333,NA,0,0.166666666666667,1,NA,0.166666666666667,0.333333333333333,NA,NA,0.333333333333333,1,NA,0,0,1,2,0,0,1,2,0,0,1,0,0,1,1,0,3,3,2,4,0,3,5,0,0,5,3,0,0,1,0,0,0,0,0,0,0,0,0,4,0,1,1,0,0,0,2,0,0,0,0,0,0,0,0,0,0,0,1,0,0,1,0,0,0,0,0.333333333333333,0.333333333333333,NA,0,0.166666666666667,0.333333333333333,NA,0,0.166666666666667,NA,NA,0.333333333333333,0.333333333333333,NA,1,1,0.666666666666667,0.666666666666667,NA,1,0.833333333333333,0,NA,0.833333333333333,0.5,NA,NA,0.333333333333333,0,NA,0,0,0,0,NA,0,0,0.666666666666667,NA,0.166666666666667,0.166666666666667,NA,NA,0,0.666666666666667,NA,0,0,0,0,NA,0,0,0,NA,0,0.166666666666667,NA,NA,0.333333333333333,0,NA
"181",6,6,3,0,3,0,0,0,6,0,0,0,0,0,0,0,0,1,1,0,0,0,0,0,0,0,0,0,0,0,0,0,0,2,1,0,0,0,0,0,3,0,0,0,0,0,0,0,0.25,0.25,0.125,0,0.125,0,0,0,0.25,0,0,0,0,0,0,0,0,0.166666666666667,0.333333333333333,NA,0,NA,NA,NA,0,NA,NA,NA,NA,NA,NA,NA,0,0.333333333333333,0.333333333333333,NA,0,NA,NA,NA,0.5,NA,NA,NA,NA,NA,NA,NA,0,2,1,0,0,0,0,0,3,0,0,0,0,0,0,0,6,3,1,0,3,0,0,0,3,0,0,0,0,0,0,0,0,0,0,0,0,0,0,0,0,0,0,0,0,0,0,0,0,1,1,0,0,0,0,0,0,0,0,0,0,0,0,0,0,0.333333333333333,0.333333333333333,NA,0,NA,NA,NA,0.5,NA,NA,NA,NA,NA,NA,NA,1,0.5,0.333333333333333,NA,1,NA,NA,NA,0.5,NA,NA,NA,NA,NA,NA,NA,0,0,0,NA,0,NA,NA,NA,0,NA,NA,NA,NA,NA,NA,NA,0,0.166666666666667,0.333333333333333,NA,0,NA,NA,NA,0,NA,NA,NA,NA,NA,NA,NA
"182",6,6,6,6,0,0,3,6,0,3,6,0,0,0,6,0,1,1,1,1,0,0,0,1,0,1,0,0,0,0,3,0,0,0,1,0,0,0,1,3,0,1,2,0,0,0,3,0,0.125,0.125,0.125,0.125,0,0,0.0625,0.125,0,0.0625,0.125,0,0,0,0.125,0,0.166666666666667,0.166666666666667,0.166666666666667,0.166666666666667,NA,NA,0,0.166666666666667,NA,0.333333333333333,0,NA,NA,NA,0.5,NA,0,0,0.166666666666667,0,NA,NA,0.333333333333333,0.5,NA,0.333333333333333,0.333333333333333,NA,NA,NA,0.5,NA,0,0,0,0,0,0,1,3,0,0,2,0,0,0,2,0,5,5,5,5,0,0,2,2,0,2,4,0,0,0,1,0,0,0,1,0,0,0,0,0,0,1,0,0,0,0,1,0,1,1,0,1,0,0,0,1,0,0,0,0,0,0,2,0,0,0,0,0,NA,NA,0.333333333333333,0.5,NA,0,0.333333333333333,NA,NA,NA,0.333333333333333,NA,0.833333333333333,0.833333333333333,0.833333333333333,0.833333333333333,NA,NA,0.666666666666667,0.333333333333333,NA,0.666666666666667,0.666666666666667,NA,NA,NA,0.166666666666667,NA,0,0,0.166666666666667,0,NA,NA,0,0,NA,0.333333333333333,0,NA,NA,NA,0.166666666666667,NA,0.166666666666667,0.166666666666667,0,0.166666666666667,NA,NA,0,0.166666666666667,NA,0,0,NA,NA,NA,0.333333333333333,NA
"183",3,3,3,6,0,3,6,3,3,6,0,0,6,6,0,0,0,0,0,1,0,0,0,1,0,1,0,0,1,1,0,0,0,0,1,2,0,0,3,2,1,1,0,0,2,2,0,0,0.0625,0.0625,0.0625,0.125,0,0.0625,0.125,0.0625,0.0625,0.125,0,0,0.125,0.125,0,0,0,0,0,0.166666666666667,NA,0,0,0.333333333333333,0,0.166666666666667,NA,NA,0.166666666666667,0.166666666666667,NA,NA,0,0,0.333333333333333,0.333333333333333,NA,0,0.5,0.666666666666667,0.333333333333333,0.166666666666667,NA,NA,0.333333333333333,0.333333333333333,NA,NA,0,0,1,2,0,0,3,1,1,0,0,0,2,2,0,0,3,3,2,3,0,3,3,1,2,5,0,0,3,3,0,0,0,0,0,0,0,0,0,1,0,1,0,0,0,0,0,0,0,0,0,1,0,0,0,0,0,0,0,0,1,1,0,0,0,0,0.333333333333333,0.333333333333333,NA,0,0.5,0.333333333333333,0.333333333333333,0,NA,NA,0.333333333333333,0.333333333333333,NA,NA,1,1,0.666666666666667,0.5,NA,1,0.5,0.333333333333333,0.666666666666667,0.833333333333333,NA,NA,0.5,0.5,NA,NA,0,0,0,0,NA,0,0,0.333333333333333,0,0.166666666666667,NA,NA,0,0,NA,NA,0,0,0,0.166666666666667,NA,0,0,0,0,0,NA,NA,0.166666666666667,0.166666666666667,NA,NA
"184",3,3,3,6,3,6,6,3,3,0,6,0,6,0,0,0,0,0,0,1,0,2,0,1,0,0,2,0,0,0,0,0,0,0,0,2,1,2,2,0,0,0,4,0,2,0,0,0,0.0625,0.0625,0.0625,0.125,0.0625,0.125,0.125,0.0625,0.0625,0,0.125,0,0.125,0,0,0,0,0,0,0.166666666666667,0,0.333333333333333,0,0.333333333333333,0,NA,0.333333333333333,NA,0,NA,NA,NA,0,0,0,0.333333333333333,0.333333333333333,0.333333333333333,0.333333333333333,0,0,NA,0.666666666666667,NA,0.333333333333333,NA,NA,NA,0,0,0,2,1,1,2,0,0,0,2,0,2,0,0,0,3,3,3,3,2,3,4,2,3,0,2,0,4,0,0,0,0,0,0,0,0,1,0,0,0,0,2,0,0,0,0,0,0,0,0,1,0,1,0,1,0,0,0,0,0,0,0,0,0,0,0,0.333333333333333,0.333333333333333,0.166666666666667,0.333333333333333,0,0,NA,0.333333333333333,NA,0.333333333333333,NA,NA,NA,1,1,1,0.5,0.666666666666667,0.5,0.666666666666667,0.666666666666667,1,NA,0.333333333333333,NA,0.666666666666667,NA,NA,NA,0,0,0,0,0,0.166666666666667,0,0,0,NA,0.333333333333333,NA,0,NA,NA,NA,0,0,0,0.166666666666667,0,0.166666666666667,0,0.333333333333333,0,NA,0,NA,0,NA,NA,NA
"185",3,3,3,6,0,3,6,3,0,6,6,0,3,6,0,0,0,0,0,0,0,0,1,1,0,1,1,0,0,1,0,0,0,0,1,3,0,1,2,2,0,2,5,0,0,4,0,0,0.0625,0.0625,0.0625,0.125,0,0.0625,0.125,0.0625,0,0.125,0.125,0,0.0625,0.125,0,0,0,0,0,0,NA,0,0.166666666666667,0.333333333333333,NA,0.166666666666667,0.166666666666667,NA,0,0.166666666666667,NA,NA,0,0,0.333333333333333,0.5,NA,0.333333333333333,0.333333333333333,0.666666666666667,NA,0.333333333333333,0.833333333333333,NA,0,0.666666666666667,NA,NA,0,0,1,3,0,1,2,1,0,1,5,0,0,4,0,0,3,3,2,3,0,2,3,1,0,4,0,0,3,1,0,0,0,0,0,0,0,0,0,1,0,1,0,0,0,0,0,0,0,0,0,0,0,0,1,0,0,0,1,0,0,1,0,0,0,0,0.333333333333333,0.5,NA,0.333333333333333,0.333333333333333,0.333333333333333,NA,0.166666666666667,0.833333333333333,NA,0,0.666666666666667,NA,NA,1,1,0.666666666666667,0.5,NA,0.666666666666667,0.5,0.333333333333333,NA,0.666666666666667,0,NA,1,0.166666666666667,NA,NA,0,0,0,0,NA,0,0,0.333333333333333,NA,0.166666666666667,0,NA,0,0,NA,NA,0,0,0,0,NA,0,0.166666666666667,0,NA,0,0.166666666666667,NA,0,0.166666666666667,NA,NA
"186",3,3,6,0,0,3,0,0,0,6,0,0,6,6,0,0,0,0,0,0,0,0,0,0,0,0,0,0,0,2,0,0,0,0,4,0,0,1,0,0,0,1,0,0,1,4,0,0,0.0909090909090909,0.0909090909090909,0.181818181818182,0,0,0.0909090909090909,0,0,0,0.181818181818182,0,0,0.181818181818182,0.181818181818182,0,0,0,0,0,NA,NA,0,NA,NA,NA,0,NA,NA,0,0.333333333333333,NA,NA,0,0,0.666666666666667,NA,NA,0.333333333333333,NA,NA,NA,0.166666666666667,NA,NA,0.166666666666667,0.666666666666667,NA,NA,0,0,4,0,0,1,0,0,0,1,0,0,1,3,0,0,3,3,2,0,0,2,0,0,0,5,0,0,5,1,0,0,0,0,0,0,0,0,0,0,0,0,0,0,0,1,0,0,0,0,0,0,0,0,0,0,0,0,0,0,0,1,0,0,0,0,0.666666666666667,NA,NA,0.333333333333333,NA,NA,NA,0.166666666666667,NA,NA,0.166666666666667,0.5,NA,NA,1,1,0.333333333333333,NA,NA,0.666666666666667,NA,NA,NA,0.833333333333333,NA,NA,0.833333333333333,0.166666666666667,NA,NA,0,0,0,NA,NA,0,NA,NA,NA,0,NA,NA,0,0.166666666666667,NA,NA,0,0,0,NA,NA,0,NA,NA,NA,0,NA,NA,0,0.166666666666667,NA,NA
"187",3,3,6,6,0,6,6,6,0,3,3,0,0,6,0,0,0,0,0,1,0,1,0,1,0,0,1,0,0,1,0,0,1,0,0,2,0,1,3,3,0,1,1,0,0,2,0,0,0.0625,0.0625,0.125,0.125,0,0.125,0.125,0.125,0,0.0625,0.0625,0,0,0.125,0,0,0,0,0,0.166666666666667,NA,0.166666666666667,0,0.166666666666667,NA,0,0.333333333333333,NA,NA,0.166666666666667,NA,NA,0.333333333333333,0,0,0.333333333333333,NA,0.166666666666667,0.5,0.5,NA,0.333333333333333,0.333333333333333,NA,NA,0.333333333333333,NA,NA,1,0,0,2,0,1,3,3,0,1,1,0,0,2,0,0,2,3,6,3,0,4,3,2,0,2,1,0,0,3,0,0,0,0,0,0,0,0,0,0,0,0,0,0,0,0,0,0,0,0,0,1,0,1,0,1,0,0,1,0,0,1,0,0,0.333333333333333,0,0,0.333333333333333,NA,0.166666666666667,0.5,0.5,NA,0.333333333333333,0.333333333333333,NA,NA,0.333333333333333,NA,NA,0.666666666666667,1,1,0.5,NA,0.666666666666667,0.5,0.333333333333333,NA,0.666666666666667,0.333333333333333,NA,NA,0.5,NA,NA,0,0,0,0,NA,0,0,0,NA,0,0,NA,NA,0,NA,NA,0,0,0,0.166666666666667,NA,0.166666666666667,0,0.166666666666667,NA,0,0.333333333333333,NA,NA,0.166666666666667,NA,NA
"188",6,6,6,6,3,6,0,0,3,0,0,0,6,0,0,0,0,1,1,2,0,1,0,0,0,0,0,0,0,0,0,0,0,0,1,3,0,3,0,0,0,0,0,0,3,0,0,0,0.142857142857143,0.142857142857143,0.142857142857143,0.142857142857143,0.0714285714285714,0.142857142857143,0,0,0.0714285714285714,0,0,0,0.142857142857143,0,0,0,0,0.166666666666667,0.166666666666667,0.333333333333333,0,0.166666666666667,NA,NA,0,NA,NA,NA,0,NA,NA,NA,0,0,0.166666666666667,0.5,0,0.5,NA,NA,0,NA,NA,NA,0.5,NA,NA,NA,0,0,1,2,0,2,0,0,0,0,0,0,3,0,0,0,6,5,4,2,3,3,0,0,3,0,0,0,3,0,0,0,0,0,0,1,0,1,0,0,0,0,0,0,0,0,0,0,0,1,1,1,0,0,0,0,0,0,0,0,0,0,0,0,0,0,0.166666666666667,0.333333333333333,0,0.333333333333333,NA,NA,0,NA,NA,NA,0.5,NA,NA,NA,1,0.833333333333333,0.666666666666667,0.333333333333333,1,0.5,NA,NA,1,NA,NA,NA,0.5,NA,NA,NA,0,0,0,0.166666666666667,0,0.166666666666667,NA,NA,0,NA,NA,NA,0,NA,NA,NA,0,0.166666666666667,0.166666666666667,0.166666666666667,0,0,NA,NA,0,NA,NA,NA,0,NA,NA,NA
"189",6,3,3,6,6,6,6,0,6,0,6,0,0,0,0,0,0,0,0,1,0,1,0,0,2,0,2,0,0,0,0,0,2,0,0,3,0,3,0,0,0,0,4,0,0,0,0,0,0.125,0.0625,0.0625,0.125,0.125,0.125,0.125,0,0.125,0,0.125,0,0,0,0,0,0,0,0,0.166666666666667,0,0.166666666666667,0,NA,0.333333333333333,NA,0.333333333333333,NA,NA,NA,NA,NA,0.333333333333333,0,0,0.5,0,0.5,0,NA,0,NA,0.666666666666667,NA,NA,NA,NA,NA,2,0,0,3,0,3,0,0,0,0,3,0,0,0,0,0,4,3,3,2,6,2,6,0,4,0,1,0,0,0,0,0,0,0,0,0,0,0,0,0,0,0,1,0,0,0,0,0,0,0,0,1,0,1,0,0,2,0,1,0,0,0,0,0,0.333333333333333,0,0,0.5,0,0.5,0,NA,0,NA,0.5,NA,NA,NA,NA,NA,0.666666666666667,1,1,0.333333333333333,1,0.333333333333333,1,NA,0.666666666666667,NA,0.166666666666667,NA,NA,NA,NA,NA,0,0,0,0,0,0,0,NA,0,NA,0.166666666666667,NA,NA,NA,NA,NA,0,0,0,0.166666666666667,0,0.166666666666667,0,NA,0.333333333333333,NA,0.166666666666667,NA,NA,NA,NA,NA
"190",3,6,6,0,3,0,0,0,3,0,0,0,6,0,0,0,0,0,2,0,0,0,0,0,0,0,0,0,0,0,0,0,0,0,1,0,0,0,0,0,1,0,0,0,1,0,0,0,0.111111111111111,0.222222222222222,0.222222222222222,0,0.111111111111111,0,0,0,0.111111111111111,0,0,0,0.222222222222222,0,0,0,0,0,0.333333333333333,NA,0,NA,NA,NA,0,NA,NA,NA,0,NA,NA,NA,0,0,0.166666666666667,NA,0,NA,NA,NA,0.333333333333333,NA,NA,NA,0.166666666666667,NA,NA,NA,0,0,1,0,0,0,0,0,1,0,0,0,1,0,0,0,3,6,3,0,3,0,0,0,2,0,0,0,5,0,0,0,0,0,0,0,0,0,0,0,0,0,0,0,0,0,0,0,0,0,2,0,0,0,0,0,0,0,0,0,0,0,0,0,0,0,0.166666666666667,NA,0,NA,NA,NA,0.333333333333333,NA,NA,NA,0.166666666666667,NA,NA,NA,1,1,0.5,NA,1,NA,NA,NA,0.666666666666667,NA,NA,NA,0.833333333333333,NA,NA,NA,0,0,0,NA,0,NA,NA,NA,0,NA,NA,NA,0,NA,NA,NA,0,0,0.333333333333333,NA,0,NA,NA,NA,0,NA,NA,NA,0,NA,NA,NA
"191",3,3,3,6,3,6,6,0,6,6,3,0,0,3,0,0,0,0,0,1,0,0,1,0,3,1,2,0,0,2,0,0,0,0,1,5,0,1,2,0,0,2,1,0,0,2,0,0,0.0625,0.0625,0.0625,0.125,0.0625,0.125,0.125,0,0.125,0.125,0.0625,0,0,0.0625,0,0,0,0,0,0.166666666666667,0,0,0.166666666666667,NA,0.5,0.166666666666667,0.666666666666667,NA,NA,0.666666666666667,NA,NA,0,0,0.333333333333333,0.833333333333333,0,0.166666666666667,0.333333333333333,NA,0,0.333333333333333,0.333333333333333,NA,NA,0.666666666666667,NA,NA,0,0,1,5,0,1,1,0,0,1,0,0,0,1,0,0,3,3,2,0,3,5,4,0,3,4,1,0,0,0,0,0,0,0,0,0,0,0,1,0,0,1,1,0,0,1,0,0,0,0,0,1,0,0,0,0,3,0,1,0,0,1,0,0,0,0,0.333333333333333,0.833333333333333,0,0.166666666666667,0.166666666666667,NA,0,0.166666666666667,0,NA,NA,0.333333333333333,NA,NA,1,1,0.666666666666667,0,1,0.833333333333333,0.666666666666667,NA,0.5,0.666666666666667,0.333333333333333,NA,NA,0,NA,NA,0,0,0,0,0,0,0.166666666666667,NA,0,0.166666666666667,0.333333333333333,NA,NA,0.333333333333333,NA,NA,0,0,0,0.166666666666667,0,0,0,NA,0.5,0,0.333333333333333,NA,NA,0.333333333333333,NA,NA
"192",3,3,6,6,0,0,6,0,3,6,6,0,3,6,0,0,0,0,0,1,0,0,1,0,1,0,1,0,1,1,0,0,0,0,1,3,0,0,2,0,0,1,4,0,0,2,0,0,0.0625,0.0625,0.125,0.125,0,0,0.125,0,0.0625,0.125,0.125,0,0.0625,0.125,0,0,0,0,0,0.166666666666667,NA,NA,0.166666666666667,NA,0.333333333333333,0,0.166666666666667,NA,0.333333333333333,0.166666666666667,NA,NA,0,0,0.166666666666667,0.5,NA,NA,0.333333333333333,NA,0,0.166666666666667,0.666666666666667,NA,0,0.333333333333333,NA,NA,0,0,1,2,0,0,2,0,0,1,3,0,0,1,0,0,3,3,5,3,0,0,3,0,2,5,2,0,2,4,0,0,0,0,0,1,0,0,0,0,0,0,1,0,0,1,0,0,0,0,0,0,0,0,1,0,1,0,0,0,1,0,0,0,0,0,0.166666666666667,0.333333333333333,NA,NA,0.333333333333333,NA,0,0.166666666666667,0.5,NA,0,0.166666666666667,NA,NA,1,1,0.833333333333333,0.5,NA,NA,0.5,NA,0.666666666666667,0.833333333333333,0.333333333333333,NA,0.666666666666667,0.666666666666667,NA,NA,0,0,0,0.166666666666667,NA,NA,0,NA,0,0,0.166666666666667,NA,0,0.166666666666667,NA,NA,0,0,0,0,NA,NA,0.166666666666667,NA,0.333333333333333,0,0,NA,0.333333333333333,0,NA,NA
"193",3,3,3,3,6,6,6,6,3,3,0,0,0,0,0,0,0,0,0,0,1,1,2,0,1,1,0,0,0,0,0,0,0,0,0,1,0,0,0,3,2,0,0,0,0,0,0,0,0.0714285714285714,0.0714285714285714,0.0714285714285714,0.0714285714285714,0.142857142857143,0.142857142857143,0.142857142857143,0.142857142857143,0.0714285714285714,0.0714285714285714,0,0,0,0,0,0,0,0,0,0,0.166666666666667,0.166666666666667,0.333333333333333,0,0.333333333333333,0.333333333333333,NA,NA,NA,NA,NA,NA,0,0,0,0.333333333333333,0,0,0,0.5,0.666666666666667,0,NA,NA,NA,NA,NA,NA,0,0,0,1,0,0,0,3,1,0,0,0,0,0,0,0,3,3,3,2,5,5,4,3,1,2,0,0,0,0,0,0,0,0,0,0,0,0,0,0,1,0,0,0,0,0,0,0,0,0,0,0,1,1,2,0,0,1,0,0,0,0,0,0,0,0,0,0.333333333333333,0,0,0,0.5,0.333333333333333,0,NA,NA,NA,NA,NA,NA,1,1,1,0.666666666666667,0.833333333333333,0.833333333333333,0.666666666666667,0.5,0.333333333333333,0.666666666666667,NA,NA,NA,NA,NA,NA,0,0,0,0,0,0,0,0,0.333333333333333,0,NA,NA,NA,NA,NA,NA,0,0,0,0,0.166666666666667,0.166666666666667,0.333333333333333,0,0,0.333333333333333,NA,NA,NA,NA,NA,NA
"194",6,6,3,6,0,6,6,6,0,6,3,0,0,0,0,0,0,1,0,0,0,1,1,4,0,2,1,0,0,0,0,0,0,0,0,1,0,1,1,2,0,1,1,0,0,0,0,0,0.125,0.125,0.0625,0.125,0,0.125,0.125,0.125,0,0.125,0.0625,0,0,0,0,0,0,0.166666666666667,0,0,NA,0.166666666666667,0.166666666666667,0.666666666666667,NA,0.333333333333333,0.333333333333333,NA,NA,NA,NA,NA,0,0,0,0.166666666666667,NA,0.166666666666667,0.166666666666667,0.333333333333333,NA,0.166666666666667,0.333333333333333,NA,NA,NA,NA,NA,0,0,0,1,0,1,1,1,0,0,1,0,0,0,0,0,6,5,3,5,0,4,4,1,0,4,1,0,0,0,0,0,0,0,0,0,0,0,0,1,0,1,0,0,0,0,0,0,0,1,0,0,0,1,1,3,0,1,1,0,0,0,0,0,0,0,0,0.166666666666667,NA,0.166666666666667,0.166666666666667,0.166666666666667,NA,0,0.333333333333333,NA,NA,NA,NA,NA,1,0.833333333333333,1,0.833333333333333,NA,0.666666666666667,0.666666666666667,0.166666666666667,NA,0.666666666666667,0.333333333333333,NA,NA,NA,NA,NA,0,0,0,0,NA,0,0,0.166666666666667,NA,0.166666666666667,0,NA,NA,NA,NA,NA,0,0.166666666666667,0,0,NA,0.166666666666667,0.166666666666667,0.5,NA,0.166666666666667,0.333333333333333,NA,NA,NA,NA,NA
"195",3,6,6,6,0,3,6,6,0,6,0,3,0,3,0,0,0,0,1,0,0,0,1,1,0,0,0,2,0,1,0,0,0,0,2,2,0,1,3,2,0,3,0,2,0,2,0,0,0.0625,0.125,0.125,0.125,0,0.0625,0.125,0.125,0,0.125,0,0.0625,0,0.0625,0,0,0,0,0.166666666666667,0,NA,0,0.166666666666667,0.166666666666667,NA,0,NA,0.666666666666667,NA,0.333333333333333,NA,NA,0,0,0.333333333333333,0.333333333333333,NA,0.333333333333333,0.5,0.333333333333333,NA,0.5,NA,0.666666666666667,NA,0.666666666666667,NA,NA,0,0,1,2,0,1,2,1,0,3,0,1,0,1,0,0,3,6,4,4,0,2,3,4,0,3,0,0,0,1,0,0,0,0,1,0,0,0,1,1,0,0,0,1,0,1,0,0,0,0,0,0,0,0,0,0,0,0,0,1,0,0,0,0,0,0,0.166666666666667,0.333333333333333,NA,0.333333333333333,0.333333333333333,0.166666666666667,NA,0.5,NA,0.333333333333333,NA,0.333333333333333,NA,NA,1,1,0.666666666666667,0.666666666666667,NA,0.666666666666667,0.5,0.666666666666667,NA,0.5,NA,0,NA,0.333333333333333,NA,NA,0,0,0.166666666666667,0,NA,0,0.166666666666667,0.166666666666667,NA,0,NA,0.333333333333333,NA,0.333333333333333,NA,NA,0,0,0,0,NA,0,0,0,NA,0,NA,0.333333333333333,NA,0,NA,NA
"196",3,3,6,0,3,3,0,0,6,6,0,0,3,3,0,0,0,0,0,0,0,0,0,0,1,0,0,0,1,1,0,0,0,0,3,0,0,0,0,0,1,3,0,0,2,1,0,0,0.0833333333333333,0.0833333333333333,0.166666666666667,0,0.0833333333333333,0.0833333333333333,0,0,0.166666666666667,0.166666666666667,0,0,0.0833333333333333,0.0833333333333333,0,0,0,0,0,NA,0,0,NA,NA,0.166666666666667,0,NA,NA,0.333333333333333,0.333333333333333,NA,NA,0,0,0.5,NA,0,0,NA,NA,0.166666666666667,0.5,NA,NA,0.666666666666667,0.333333333333333,NA,NA,0,0,3,0,0,0,0,0,1,3,0,0,1,1,0,0,3,3,3,0,3,3,0,0,4,3,0,0,1,1,0,0,0,0,0,0,0,0,0,0,0,0,0,0,1,0,0,0,0,0,0,0,0,0,0,0,1,0,0,0,0,1,0,0,0,0,0.5,NA,0,0,NA,NA,0.166666666666667,0.5,NA,NA,0.333333333333333,0.333333333333333,NA,NA,1,1,0.5,NA,1,1,NA,NA,0.666666666666667,0.5,NA,NA,0.333333333333333,0.333333333333333,NA,NA,0,0,0,NA,0,0,NA,NA,0,0,NA,NA,0.333333333333333,0,NA,NA,0,0,0,NA,0,0,NA,NA,0.166666666666667,0,NA,NA,0,0.333333333333333,NA,NA
"197",3,3,3,3,6,6,6,6,0,3,6,3,0,0,0,0,0,0,0,0,1,1,0,1,0,1,3,2,0,0,0,0,0,0,1,1,0,1,2,3,0,1,3,3,0,0,0,0,0.0625,0.0625,0.0625,0.0625,0.125,0.125,0.125,0.125,0,0.0625,0.125,0.0625,0,0,0,0,0,0,0,0,0.166666666666667,0.166666666666667,0,0.166666666666667,NA,0.333333333333333,0.5,0.666666666666667,NA,NA,NA,NA,0,0,0.333333333333333,0.333333333333333,0,0.166666666666667,0.333333333333333,0.5,NA,0.333333333333333,0.5,1,NA,NA,NA,NA,0,0,1,1,0,1,2,2,0,1,2,1,0,0,0,0,3,3,2,2,5,4,4,3,0,1,1,0,0,0,0,0,0,0,0,0,0,0,0,1,0,0,1,2,0,0,0,0,0,0,0,0,1,1,0,0,0,1,2,0,0,0,0,0,0,0,0.333333333333333,0.333333333333333,0,0.166666666666667,0.333333333333333,0.333333333333333,NA,0.333333333333333,0.333333333333333,0.333333333333333,NA,NA,NA,NA,1,1,0.666666666666667,0.666666666666667,0.833333333333333,0.666666666666667,0.666666666666667,0.5,NA,0.333333333333333,0.166666666666667,0,NA,NA,NA,NA,0,0,0,0,0,0,0,0.166666666666667,NA,0,0.166666666666667,0.666666666666667,NA,NA,NA,NA,0,0,0,0,0.166666666666667,0.166666666666667,0,0,NA,0.333333333333333,0.333333333333333,0,NA,NA,NA,NA
"198",6,6,0,0,6,0,0,0,6,0,0,0,6,0,0,0,0,2,0,0,1,0,0,0,0,0,0,0,2,0,0,0,0,0,0,0,1,0,0,0,1,0,0,0,2,0,0,0,0.2,0.2,0,0,0.2,0,0,0,0.2,0,0,0,0.2,0,0,0,0,0.333333333333333,NA,NA,0.166666666666667,NA,NA,NA,0,NA,NA,NA,0.333333333333333,NA,NA,NA,0,0,NA,NA,0.166666666666667,NA,NA,NA,0.166666666666667,NA,NA,NA,0.333333333333333,NA,NA,NA,0,0,0,0,1,0,0,0,1,0,0,0,1,0,0,0,6,4,0,0,4,0,0,0,5,0,0,0,3,0,0,0,0,0,0,0,0,0,0,0,0,0,0,0,1,0,0,0,0,2,0,0,1,0,0,0,0,0,0,0,1,0,0,0,0,0,NA,NA,0.166666666666667,NA,NA,NA,0.166666666666667,NA,NA,NA,0.166666666666667,NA,NA,NA,1,0.666666666666667,NA,NA,0.666666666666667,NA,NA,NA,0.833333333333333,NA,NA,NA,0.5,NA,NA,NA,0,0,NA,NA,0,NA,NA,NA,0,NA,NA,NA,0.166666666666667,NA,NA,NA,0,0.333333333333333,NA,NA,0.166666666666667,NA,NA,NA,0,NA,NA,NA,0.166666666666667,NA,NA,NA
"199",3,3,3,6,3,3,6,0,3,6,6,0,0,6,0,0,0,0,0,0,0,0,0,0,1,0,4,0,0,3,0,0,0,0,1,5,0,1,1,0,0,2,5,0,0,3,0,0,0.0625,0.0625,0.0625,0.125,0.0625,0.0625,0.125,0,0.0625,0.125,0.125,0,0,0.125,0,0,0,0,0,0,0,0,0,NA,0.333333333333333,0,0.666666666666667,NA,NA,0.5,NA,NA,0,0,0.333333333333333,0.833333333333333,0,0.333333333333333,0.166666666666667,NA,0,0.333333333333333,0.833333333333333,NA,NA,0.5,NA,NA,0,0,1,5,0,1,1,0,0,2,2,0,0,2,0,0,3,3,2,1,3,2,5,0,2,4,0,0,0,1,0,0,0,0,0,0,0,0,0,0,0,0,3,0,0,1,0,0,0,0,0,0,0,0,0,0,1,0,1,0,0,2,0,0,0,0,0.333333333333333,0.833333333333333,0,0.333333333333333,0.166666666666667,NA,0,0.333333333333333,0.333333333333333,NA,NA,0.333333333333333,NA,NA,1,1,0.666666666666667,0.166666666666667,1,0.666666666666667,0.833333333333333,NA,0.666666666666667,0.666666666666667,0,NA,NA,0.166666666666667,NA,NA,0,0,0,0,0,0,0,NA,0,0,0.5,NA,NA,0.166666666666667,NA,NA,0,0,0,0,0,0,0,NA,0.333333333333333,0,0.166666666666667,NA,NA,0.333333333333333,NA,NA
"200",3,3,6,0,6,6,0,0,6,3,0,0,3,0,0,0,0,0,0,0,1,1,0,0,2,2,0,0,1,0,0,0,0,0,3,0,1,1,0,0,1,0,0,0,3,0,0,0,0.0833333333333333,0.0833333333333333,0.166666666666667,0,0.166666666666667,0.166666666666667,0,0,0.166666666666667,0.0833333333333333,0,0,0.0833333333333333,0,0,0,0,0,0,NA,0.166666666666667,0.166666666666667,NA,NA,0.333333333333333,0.666666666666667,NA,NA,0.333333333333333,NA,NA,NA,0,0,0.5,NA,0.166666666666667,0.166666666666667,NA,NA,0.166666666666667,0,NA,NA,1,NA,NA,NA,0,0,3,0,1,1,0,0,0,0,0,0,2,0,0,0,3,3,3,0,4,4,0,0,4,1,0,0,0,0,0,0,0,0,0,0,0,0,0,0,1,0,0,0,1,0,0,0,0,0,0,0,1,1,0,0,1,2,0,0,0,0,0,0,0,0,0.5,NA,0.166666666666667,0.166666666666667,NA,NA,0,0,NA,NA,0.666666666666667,NA,NA,NA,1,1,0.5,NA,0.666666666666667,0.666666666666667,NA,NA,0.666666666666667,0.333333333333333,NA,NA,0,NA,NA,NA,0,0,0,NA,0,0,NA,NA,0.166666666666667,0,NA,NA,0.333333333333333,NA,NA,NA,0,0,0,NA,0.166666666666667,0.166666666666667,NA,NA,0.166666666666667,0.666666666666667,NA,NA,0,NA,NA,NA
"201",3,3,3,3,0,6,6,6,0,6,3,6,0,3,0,0,0,0,0,0,0,0,0,0,0,1,1,3,0,0,0,0,0,1,1,1,0,0,4,1,0,2,2,5,0,1,0,0,0.0625,0.0625,0.0625,0.0625,0,0.125,0.125,0.125,0,0.125,0.0625,0.125,0,0.0625,0,0,0,0,0,0,NA,0,0,0,NA,0.166666666666667,0.333333333333333,0.5,NA,0,NA,NA,0,0.333333333333333,0.333333333333333,0.333333333333333,NA,0,0.666666666666667,0.166666666666667,NA,0.333333333333333,0.666666666666667,0.833333333333333,NA,0.333333333333333,NA,NA,0,1,1,1,0,0,4,1,0,2,1,2,0,1,0,0,3,2,2,2,0,6,2,5,0,3,1,1,0,2,0,0,0,0,0,0,0,0,0,0,0,0,1,3,0,0,0,0,0,0,0,0,0,0,0,0,0,1,0,0,0,0,0,0,0,0.333333333333333,0.333333333333333,0.333333333333333,NA,0,0.666666666666667,0.166666666666667,NA,0.333333333333333,0.333333333333333,0.333333333333333,NA,0.333333333333333,NA,NA,1,0.666666666666667,0.666666666666667,0.666666666666667,NA,1,0.333333333333333,0.833333333333333,NA,0.5,0.333333333333333,0.166666666666667,NA,0.666666666666667,NA,NA,0,0,0,0,NA,0,0,0,NA,0,0.333333333333333,0.5,NA,0,NA,NA,0,0,0,0,NA,0,0,0,NA,0.166666666666667,0,0,NA,0,NA,NA
"202",6,3,3,3,0,0,3,6,3,6,6,0,3,6,0,0,1,0,0,0,0,0,0,0,0,0,0,0,2,5,0,0,0,0,1,1,0,0,1,5,0,2,6,0,3,4,0,0,0.125,0.0625,0.0625,0.0625,0,0,0.0625,0.125,0.0625,0.125,0.125,0,0.0625,0.125,0,0,0.166666666666667,0,0,0,NA,NA,0,0,0,0,0,NA,0.666666666666667,0.833333333333333,NA,NA,0,0,0.333333333333333,0.333333333333333,NA,NA,0.333333333333333,0.833333333333333,0,0.333333333333333,1,NA,1,0.666666666666667,NA,NA,0,0,1,1,0,0,1,5,0,2,6,0,1,1,0,0,5,3,2,2,0,0,2,1,3,4,0,0,0,0,0,0,0,0,0,0,0,0,0,0,0,0,0,0,2,3,0,0,1,0,0,0,0,0,0,0,0,0,0,0,0,2,0,0,0,0,0.333333333333333,0.333333333333333,NA,NA,0.333333333333333,0.833333333333333,0,0.333333333333333,1,NA,0.333333333333333,0.166666666666667,NA,NA,0.833333333333333,1,0.666666666666667,0.666666666666667,NA,NA,0.666666666666667,0.166666666666667,1,0.666666666666667,0,NA,0,0,NA,NA,0,0,0,0,NA,NA,0,0,0,0,0,NA,0.666666666666667,0.5,NA,NA,0.166666666666667,0,0,0,NA,NA,0,0,0,0,0,NA,0,0.333333333333333,NA,NA
"203",3,3,3,6,0,3,6,6,0,6,6,0,0,6,0,0,0,0,0,1,0,0,0,2,0,0,4,0,0,2,0,0,0,0,1,1,0,0,1,2,0,2,4,0,0,4,0,0,0.0625,0.0625,0.0625,0.125,0,0.0625,0.125,0.125,0,0.125,0.125,0,0,0.125,0,0,0,0,0,0.166666666666667,NA,0,0,0.333333333333333,NA,0,0.666666666666667,NA,NA,0.333333333333333,NA,NA,0,0,0.333333333333333,0.166666666666667,NA,0,0.166666666666667,0.333333333333333,NA,0.333333333333333,0.666666666666667,NA,NA,0.666666666666667,NA,NA,0,0,1,1,0,0,1,1,0,2,1,0,0,3,0,0,3,3,2,4,0,3,5,3,0,4,1,0,0,1,0,0,0,0,0,0,0,0,0,1,0,0,3,0,0,1,0,0,0,0,0,1,0,0,0,1,0,0,1,0,0,1,0,0,0,0,0.333333333333333,0.166666666666667,NA,0,0.166666666666667,0.166666666666667,NA,0.333333333333333,0.166666666666667,NA,NA,0.5,NA,NA,1,1,0.666666666666667,0.666666666666667,NA,1,0.833333333333333,0.5,NA,0.666666666666667,0.166666666666667,NA,NA,0.166666666666667,NA,NA,0,0,0,0,NA,0,0,0.166666666666667,NA,0,0.5,NA,NA,0.166666666666667,NA,NA,0,0,0,0.166666666666667,NA,0,0,0.166666666666667,NA,0,0.166666666666667,NA,NA,0.166666666666667,NA,NA
"204",3,3,3,3,6,6,6,6,3,6,0,0,3,0,0,0,0,0,0,0,1,0,0,0,0,2,0,0,1,0,0,0,0,0,1,1,1,1,3,6,1,2,0,0,0,0,0,0,0.0625,0.0625,0.0625,0.0625,0.125,0.125,0.125,0.125,0.0625,0.125,0,0,0.0625,0,0,0,0,0,0,0,0.166666666666667,0,0,0,0,0.333333333333333,NA,NA,0.333333333333333,NA,NA,NA,0,0,0.333333333333333,0.333333333333333,0.166666666666667,0.166666666666667,0.5,1,0.333333333333333,0.333333333333333,NA,NA,0,NA,NA,NA,0,0,1,1,1,1,3,6,1,1,0,0,0,0,0,0,3,3,2,2,4,5,3,0,2,3,0,0,2,0,0,0,0,0,0,0,0,0,0,0,0,1,0,0,0,0,0,0,0,0,0,0,1,0,0,0,0,1,0,0,1,0,0,0,0,0,0.333333333333333,0.333333333333333,0.166666666666667,0.166666666666667,0.5,1,0.333333333333333,0.166666666666667,NA,NA,0,NA,NA,NA,1,1,0.666666666666667,0.666666666666667,0.666666666666667,0.833333333333333,0.5,0,0.666666666666667,0.5,NA,NA,0.666666666666667,NA,NA,NA,0,0,0,0,0,0,0,0,0,0.166666666666667,NA,NA,0,NA,NA,NA,0,0,0,0,0.166666666666667,0,0,0,0,0.166666666666667,NA,NA,0.333333333333333,NA,NA,NA
"205",3,3,3,6,0,3,6,0,3,6,6,0,3,6,0,0,0,0,0,0,0,0,1,0,0,1,3,0,0,3,0,0,0,1,0,4,0,0,1,0,0,1,4,0,0,5,0,0,0.0625,0.0625,0.0625,0.125,0,0.0625,0.125,0,0.0625,0.125,0.125,0,0.0625,0.125,0,0,0,0,0,0,NA,0,0.166666666666667,NA,0,0.166666666666667,0.5,NA,0,0.5,NA,NA,0,0.333333333333333,0,0.666666666666667,NA,0,0.166666666666667,NA,0,0.166666666666667,0.666666666666667,NA,0,0.833333333333333,NA,NA,0,1,0,4,0,0,1,0,0,1,3,0,0,2,0,0,3,2,3,2,0,3,4,0,3,4,0,0,3,1,0,0,0,0,0,0,0,0,0,0,0,0,1,0,0,3,0,0,0,0,0,0,0,0,1,0,0,1,2,0,0,0,0,0,0,0.333333333333333,0,0.666666666666667,NA,0,0.166666666666667,NA,0,0.166666666666667,0.5,NA,0,0.333333333333333,NA,NA,1,0.666666666666667,1,0.333333333333333,NA,1,0.666666666666667,NA,1,0.666666666666667,0,NA,1,0.166666666666667,NA,NA,0,0,0,0,NA,0,0,NA,0,0,0.166666666666667,NA,0,0.5,NA,NA,0,0,0,0,NA,0,0.166666666666667,NA,0,0.166666666666667,0.333333333333333,NA,0,0,NA,NA
"206",3,3,3,6,0,3,6,6,3,6,3,0,6,0,0,0,0,0,0,0,0,0,1,3,0,0,1,0,1,0,0,0,0,0,1,0,0,0,1,5,0,3,2,0,2,0,0,0,0.0625,0.0625,0.0625,0.125,0,0.0625,0.125,0.125,0.0625,0.125,0.0625,0,0.125,0,0,0,0,0,0,0,NA,0,0.166666666666667,0.5,0,0,0.333333333333333,NA,0.166666666666667,NA,NA,NA,0,0,0.333333333333333,0,NA,0,0.166666666666667,0.833333333333333,0,0.5,0.666666666666667,NA,0.333333333333333,NA,NA,NA,0,0,1,0,0,0,1,3,0,3,1,0,2,0,0,0,3,3,2,6,0,3,4,0,3,3,1,0,3,0,0,0,0,0,0,0,0,0,0,2,0,0,1,0,0,0,0,0,0,0,0,0,0,0,1,1,0,0,0,0,1,0,0,0,0,0,0.333333333333333,0,NA,0,0.166666666666667,0.5,0,0.5,0.333333333333333,NA,0.333333333333333,NA,NA,NA,1,1,0.666666666666667,1,NA,1,0.666666666666667,0,1,0.5,0.333333333333333,NA,0.5,NA,NA,NA,0,0,0,0,NA,0,0,0.333333333333333,0,0,0.333333333333333,NA,0,NA,NA,NA,0,0,0,0,NA,0,0.166666666666667,0.166666666666667,0,0,0,NA,0.166666666666667,NA,NA,NA
"207",3,3,3,6,6,6,6,6,3,3,3,0,0,0,0,0,0,0,0,0,0,1,1,1,1,1,1,0,0,0,0,0,0,1,0,0,0,1,2,3,2,0,3,0,0,0,0,0,0.0625,0.0625,0.0625,0.125,0.125,0.125,0.125,0.125,0.0625,0.0625,0.0625,0,0,0,0,0,0,0,0,0,0,0.166666666666667,0.166666666666667,0.166666666666667,0.333333333333333,0.333333333333333,0.333333333333333,NA,NA,NA,NA,NA,0,0.333333333333333,0,0,0,0.166666666666667,0.333333333333333,0.5,0.666666666666667,0,1,NA,NA,NA,NA,NA,0,1,0,0,0,1,2,3,1,0,2,0,0,0,0,0,3,2,3,6,6,4,3,2,1,2,0,0,0,0,0,0,0,0,0,0,0,0,0,0,1,0,1,0,0,0,0,0,0,0,0,0,0,1,1,1,0,1,0,0,0,0,0,0,0,0.333333333333333,0,0,0,0.166666666666667,0.333333333333333,0.5,0.333333333333333,0,0.666666666666667,NA,NA,NA,NA,NA,1,0.666666666666667,1,1,1,0.666666666666667,0.5,0.333333333333333,0.333333333333333,0.666666666666667,0,NA,NA,NA,NA,NA,0,0,0,0,0,0,0,0,0.333333333333333,0,0.333333333333333,NA,NA,NA,NA,NA,0,0,0,0,0,0.166666666666667,0.166666666666667,0.166666666666667,0,0.333333333333333,0,NA,NA,NA,NA,NA
"208",6,6,0,0,3,0,0,0,3,0,0,0,6,0,0,0,0,2,0,0,0,0,0,0,0,0,0,0,0,0,0,0,0,0,0,0,0,0,0,0,0,0,0,0,1,0,0,0,0.25,0.25,0,0,0.125,0,0,0,0.125,0,0,0,0.25,0,0,0,0,0.333333333333333,NA,NA,0,NA,NA,NA,0,NA,NA,NA,0,NA,NA,NA,0,0,NA,NA,0,NA,NA,NA,0,NA,NA,NA,0.166666666666667,NA,NA,NA,0,0,0,0,0,0,0,0,0,0,0,0,1,0,0,0,6,4,0,0,3,0,0,0,3,0,0,0,5,0,0,0,0,0,0,0,0,0,0,0,0,0,0,0,0,0,0,0,0,2,0,0,0,0,0,0,0,0,0,0,0,0,0,0,0,0,NA,NA,0,NA,NA,NA,0,NA,NA,NA,0.166666666666667,NA,NA,NA,1,0.666666666666667,NA,NA,1,NA,NA,NA,1,NA,NA,NA,0.833333333333333,NA,NA,NA,0,0,NA,NA,0,NA,NA,NA,0,NA,NA,NA,0,NA,NA,NA,0,0.333333333333333,NA,NA,0,NA,NA,NA,0,NA,NA,NA,0,NA,NA,NA
"209",3,3,6,0,6,6,0,0,6,0,0,0,0,0,0,0,0,0,0,0,0,2,0,0,3,0,0,0,0,0,0,0,1,0,3,0,1,1,0,0,2,0,0,0,0,0,0,0,0.1,0.1,0.2,0,0.2,0.2,0,0,0.2,0,0,0,0,0,0,0,0,0,0,NA,0,0.333333333333333,NA,NA,0.5,NA,NA,NA,NA,NA,NA,NA,0.333333333333333,0,0.5,NA,0.166666666666667,0.166666666666667,NA,NA,0.333333333333333,NA,NA,NA,NA,NA,NA,NA,1,0,3,0,1,1,0,0,1,0,0,0,0,0,0,0,2,3,3,0,5,3,0,0,2,0,0,0,0,0,0,0,0,0,0,0,0,0,0,0,1,0,0,0,0,0,0,0,0,0,0,0,0,2,0,0,2,0,0,0,0,0,0,0,0.333333333333333,0,0.5,NA,0.166666666666667,0.166666666666667,NA,NA,0.166666666666667,NA,NA,NA,NA,NA,NA,NA,0.666666666666667,1,0.5,NA,0.833333333333333,0.5,NA,NA,0.333333333333333,NA,NA,NA,NA,NA,NA,NA,0,0,0,NA,0,0,NA,NA,0.166666666666667,NA,NA,NA,NA,NA,NA,NA,0,0,0,NA,0,0.333333333333333,NA,NA,0.333333333333333,NA,NA,NA,NA,NA,NA,NA
"210",6,3,6,6,0,3,3,6,0,6,6,3,0,0,0,0,1,0,0,1,0,0,0,1,0,1,1,2,0,0,0,0,0,0,0,2,0,0,0,3,0,2,4,1,0,0,0,0,0.125,0.0625,0.125,0.125,0,0.0625,0.0625,0.125,0,0.125,0.125,0.0625,0,0,0,0,0.166666666666667,0,0,0.166666666666667,NA,0,0,0.166666666666667,NA,0.166666666666667,0.166666666666667,0.666666666666667,NA,NA,NA,NA,0,0,0,0.333333333333333,NA,0,0,0.5,NA,0.333333333333333,0.666666666666667,0.333333333333333,NA,NA,NA,NA,0,0,0,2,0,0,0,2,0,2,3,1,0,0,0,0,5,3,6,3,0,3,3,3,0,3,2,0,0,0,0,0,0,0,0,0,0,0,0,1,0,0,1,0,0,0,0,0,1,0,0,1,0,0,0,0,0,1,0,2,0,0,0,0,0,0,0,0.333333333333333,NA,0,0,0.333333333333333,NA,0.333333333333333,0.5,0.333333333333333,NA,NA,NA,NA,0.833333333333333,1,1,0.5,NA,1,1,0.5,NA,0.5,0.333333333333333,0,NA,NA,NA,NA,0,0,0,0,NA,0,0,0.166666666666667,NA,0,0.166666666666667,0,NA,NA,NA,NA,0.166666666666667,0,0,0.166666666666667,NA,0,0,0,NA,0.166666666666667,0,0.666666666666667,NA,NA,NA,NA
"211",6,6,0,0,3,0,0,0,6,0,0,0,3,0,0,0,0,2,0,0,0,0,0,0,1,0,0,0,2,0,0,0,2,1,0,0,0,0,0,0,1,0,0,0,0,0,0,0,0.25,0.25,0,0,0.125,0,0,0,0.25,0,0,0,0.125,0,0,0,0,0.333333333333333,NA,NA,0,NA,NA,NA,0.166666666666667,NA,NA,NA,0.666666666666667,NA,NA,NA,0.333333333333333,0.166666666666667,NA,NA,0,NA,NA,NA,0.166666666666667,NA,NA,NA,0,NA,NA,NA,2,1,0,0,0,0,0,0,1,0,0,0,0,0,0,0,4,3,0,0,3,0,0,0,4,0,0,0,1,0,0,0,0,0,0,0,0,0,0,0,0,0,0,0,0,0,0,0,0,2,0,0,0,0,0,0,1,0,0,0,2,0,0,0,0.333333333333333,0.166666666666667,NA,NA,0,NA,NA,NA,0.166666666666667,NA,NA,NA,0,NA,NA,NA,0.666666666666667,0.5,NA,NA,1,NA,NA,NA,0.666666666666667,NA,NA,NA,0.333333333333333,NA,NA,NA,0,0,NA,NA,0,NA,NA,NA,0,NA,NA,NA,0,NA,NA,NA,0,0.333333333333333,NA,NA,0,NA,NA,NA,0.166666666666667,NA,NA,NA,0.666666666666667,NA,NA,NA
"212",3,3,3,6,0,6,6,6,0,6,0,3,0,6,0,0,0,0,0,0,0,0,2,2,0,1,0,2,0,1,0,0,0,0,1,1,0,1,1,3,0,0,0,3,0,3,0,0,0.0625,0.0625,0.0625,0.125,0,0.125,0.125,0.125,0,0.125,0,0.0625,0,0.125,0,0,0,0,0,0,NA,0,0.333333333333333,0.333333333333333,NA,0.166666666666667,NA,0.666666666666667,NA,0.166666666666667,NA,NA,0,0,0.333333333333333,0.166666666666667,NA,0.166666666666667,0.166666666666667,0.5,NA,0,NA,1,NA,0.5,NA,NA,0,0,1,1,0,1,1,2,0,0,0,1,0,2,0,0,3,3,2,5,0,5,3,2,0,5,0,0,0,3,0,0,0,0,0,0,0,0,0,1,0,0,0,2,0,1,0,0,0,0,0,0,0,0,2,1,0,1,0,0,0,0,0,0,0,0,0.333333333333333,0.166666666666667,NA,0.166666666666667,0.166666666666667,0.333333333333333,NA,0,NA,0.333333333333333,NA,0.333333333333333,NA,NA,1,1,0.666666666666667,0.833333333333333,NA,0.833333333333333,0.5,0.333333333333333,NA,0.833333333333333,NA,0,NA,0.5,NA,NA,0,0,0,0,NA,0,0,0.166666666666667,NA,0,NA,0.666666666666667,NA,0.166666666666667,NA,NA,0,0,0,0,NA,0,0.333333333333333,0.166666666666667,NA,0.166666666666667,NA,0,NA,0,NA,NA
"213",3,3,3,3,6,6,6,6,3,6,3,0,0,0,0,0,0,0,0,0,1,1,0,1,0,2,3,0,0,0,0,0,0,0,0,1,1,1,0,5,0,2,1,0,0,0,0,0,0.0625,0.0625,0.0625,0.0625,0.125,0.125,0.125,0.125,0.0625,0.125,0.0625,0,0,0,0,0,0,0,0,0,0.166666666666667,0.166666666666667,0,0.166666666666667,0,0.333333333333333,1,NA,NA,NA,NA,NA,0,0,0,0.333333333333333,0.166666666666667,0.166666666666667,0,0.833333333333333,0,0.333333333333333,0.333333333333333,NA,NA,NA,NA,NA,0,0,0,1,1,1,0,5,0,1,0,0,0,0,0,0,3,3,3,2,4,4,6,0,3,3,0,0,0,0,0,0,0,0,0,0,0,0,0,0,0,1,1,0,0,0,0,0,0,0,0,0,1,1,0,1,0,1,2,0,0,0,0,0,0,0,0,0.333333333333333,0.166666666666667,0.166666666666667,0,0.833333333333333,0,0.166666666666667,0,NA,NA,NA,NA,NA,1,1,1,0.666666666666667,0.666666666666667,0.666666666666667,1,0,1,0.5,0,NA,NA,NA,NA,NA,0,0,0,0,0,0,0,0,0,0.166666666666667,0.333333333333333,NA,NA,NA,NA,NA,0,0,0,0,0.166666666666667,0.166666666666667,0,0.166666666666667,0,0.166666666666667,0.666666666666667,NA,NA,NA,NA,NA
"214",3,3,3,3,3,6,6,6,3,3,3,6,0,0,0,0,0,0,0,0,0,1,1,0,0,1,1,3,0,0,0,0,0,0,0,1,1,0,2,2,0,0,1,3,0,0,0,0,0.0625,0.0625,0.0625,0.0625,0.0625,0.125,0.125,0.125,0.0625,0.0625,0.0625,0.125,0,0,0,0,0,0,0,0,0,0.166666666666667,0.166666666666667,0,0,0.333333333333333,0.333333333333333,0.5,NA,NA,NA,NA,0,0,0,0.333333333333333,0.333333333333333,0,0.333333333333333,0.333333333333333,0,0,0.333333333333333,0.5,NA,NA,NA,NA,0,0,0,1,1,0,1,2,0,0,1,1,0,0,0,0,3,3,3,2,2,5,4,4,3,2,1,2,0,0,0,0,0,0,0,0,0,0,1,0,0,0,0,2,0,0,0,0,0,0,0,0,0,1,0,0,0,1,1,1,0,0,0,0,0,0,0,0.333333333333333,0.333333333333333,0,0.166666666666667,0.333333333333333,0,0,0.333333333333333,0.166666666666667,NA,NA,NA,NA,1,1,1,0.666666666666667,0.666666666666667,0.833333333333333,0.666666666666667,0.666666666666667,1,0.666666666666667,0.333333333333333,0.333333333333333,NA,NA,NA,NA,0,0,0,0,0,0,0.166666666666667,0,0,0,0,0.333333333333333,NA,NA,NA,NA,0,0,0,0,0,0.166666666666667,0,0,0,0.333333333333333,0.333333333333333,0.166666666666667,NA,NA,NA,NA
"215",6,3,3,6,6,3,6,0,6,6,0,0,0,0,0,0,1,0,0,0,0,0,1,0,2,1,0,0,0,0,0,0,1,0,0,4,0,0,3,0,1,3,0,0,0,0,0,0,0.133333333333333,0.0666666666666667,0.0666666666666667,0.133333333333333,0.133333333333333,0.0666666666666667,0.133333333333333,0,0.133333333333333,0.133333333333333,0,0,0,0,0,0,0.166666666666667,0,0,0,0,0,0.166666666666667,NA,0.333333333333333,0.166666666666667,NA,NA,NA,NA,NA,NA,0.166666666666667,0,0,0.666666666666667,0,0,0.5,NA,0.166666666666667,0.5,NA,NA,NA,NA,NA,NA,1,0,0,4,0,0,2,0,1,3,0,0,0,0,0,0,4,3,3,2,6,3,3,0,3,2,0,0,0,0,0,0,0,0,0,0,0,0,1,0,0,0,0,0,0,0,0,0,1,0,0,0,0,0,0,0,2,1,0,0,0,0,0,0,0.166666666666667,0,0,0.666666666666667,0,0,0.333333333333333,NA,0.166666666666667,0.5,NA,NA,NA,NA,NA,NA,0.666666666666667,1,1,0.333333333333333,1,1,0.5,NA,0.5,0.333333333333333,NA,NA,NA,NA,NA,NA,0,0,0,0,0,0,0.166666666666667,NA,0,0,NA,NA,NA,NA,NA,NA,0.166666666666667,0,0,0,0,0,0,NA,0.333333333333333,0.166666666666667,NA,NA,NA,NA,NA,NA
"216",6,0,0,0,6,0,0,0,3,0,0,0,0,0,0,0,0,0,0,0,1,0,0,0,1,0,0,0,0,0,0,0,3,0,0,0,1,0,0,0,0,0,0,0,0,0,0,0,0.4,0,0,0,0.4,0,0,0,0.2,0,0,0,0,0,0,0,0,NA,NA,NA,0.166666666666667,NA,NA,NA,0.333333333333333,NA,NA,NA,NA,NA,NA,NA,0.5,NA,NA,NA,0.166666666666667,NA,NA,NA,0,NA,NA,NA,NA,NA,NA,NA,3,0,0,0,1,0,0,0,0,0,0,0,0,0,0,0,3,0,0,0,4,0,0,0,2,0,0,0,0,0,0,0,0,0,0,0,0,0,0,0,0,0,0,0,0,0,0,0,0,0,0,0,1,0,0,0,1,0,0,0,0,0,0,0,0.5,NA,NA,NA,0.166666666666667,NA,NA,NA,0,NA,NA,NA,NA,NA,NA,NA,0.5,NA,NA,NA,0.666666666666667,NA,NA,NA,0.666666666666667,NA,NA,NA,NA,NA,NA,NA,0,NA,NA,NA,0,NA,NA,NA,0,NA,NA,NA,NA,NA,NA,NA,0,NA,NA,NA,0.166666666666667,NA,NA,NA,0.333333333333333,NA,NA,NA,NA,NA,NA,NA
"217",3,3,3,6,3,3,6,6,3,3,0,0,3,6,0,0,0,0,0,0,0,0,1,3,1,0,0,0,1,0,0,0,0,1,1,1,0,1,3,3,0,0,0,0,0,5,0,0,0.0625,0.0625,0.0625,0.125,0.0625,0.0625,0.125,0.125,0.0625,0.0625,0,0,0.0625,0.125,0,0,0,0,0,0,0,0,0.166666666666667,0.5,0.333333333333333,0,NA,NA,0.333333333333333,0,NA,NA,0,0.333333333333333,0.333333333333333,0.166666666666667,0,0.333333333333333,0.5,0.5,0,0,NA,NA,0,0.833333333333333,NA,NA,0,1,1,1,0,1,2,1,0,0,0,0,0,5,0,0,3,2,2,5,3,2,3,2,2,3,0,0,2,1,0,0,0,0,0,0,0,0,1,2,0,0,0,0,0,0,0,0,0,0,0,0,0,0,0,1,1,0,0,0,1,0,0,0,0,0.333333333333333,0.333333333333333,0.166666666666667,0,0.333333333333333,0.333333333333333,0.166666666666667,0,0,NA,NA,0,0.833333333333333,NA,NA,1,0.666666666666667,0.666666666666667,0.833333333333333,1,0.666666666666667,0.5,0.333333333333333,0.666666666666667,1,NA,NA,0.666666666666667,0.166666666666667,NA,NA,0,0,0,0,0,0,0.166666666666667,0.333333333333333,0,0,NA,NA,0,0,NA,NA,0,0,0,0,0,0,0,0.166666666666667,0.333333333333333,0,NA,NA,0.333333333333333,0,NA,NA
"218",3,3,3,6,6,6,6,0,6,3,6,0,0,0,0,0,0,0,0,0,0,1,0,0,1,1,4,0,0,0,0,0,0,0,0,4,0,2,1,0,1,2,3,0,0,0,0,0,0.0625,0.0625,0.0625,0.125,0.125,0.125,0.125,0,0.125,0.0625,0.125,0,0,0,0,0,0,0,0,0,0,0.166666666666667,0,NA,0.166666666666667,0.333333333333333,0.666666666666667,NA,NA,NA,NA,NA,0,0,0,0.666666666666667,0,0.333333333333333,0.166666666666667,NA,0.166666666666667,0.666666666666667,0.5,NA,NA,NA,NA,NA,0,0,0,4,0,1,1,0,1,2,1,0,0,0,0,0,3,3,3,2,6,4,5,0,4,0,1,0,0,0,0,0,0,0,0,0,0,1,0,0,0,0,2,0,0,0,0,0,0,0,0,0,0,0,0,0,1,1,2,0,0,0,0,0,0,0,0,0.666666666666667,0,0.166666666666667,0.166666666666667,NA,0.166666666666667,0.666666666666667,0.166666666666667,NA,NA,NA,NA,NA,1,1,1,0.333333333333333,1,0.666666666666667,0.833333333333333,NA,0.666666666666667,0,0.166666666666667,NA,NA,NA,NA,NA,0,0,0,0,0,0.166666666666667,0,NA,0,0,0.333333333333333,NA,NA,NA,NA,NA,0,0,0,0,0,0,0,NA,0.166666666666667,0.333333333333333,0.333333333333333,NA,NA,NA,NA,NA
"219",6,0,0,0,3,0,0,0,6,0,0,0,6,0,0,0,1,0,0,0,0,0,0,0,0,0,0,0,1,0,0,0,3,0,0,0,0,0,0,0,1,0,0,0,0,0,0,0,0.285714285714286,0,0,0,0.142857142857143,0,0,0,0.285714285714286,0,0,0,0.285714285714286,0,0,0,0.166666666666667,NA,NA,NA,0,NA,NA,NA,0,NA,NA,NA,0.166666666666667,NA,NA,NA,0.5,NA,NA,NA,0,NA,NA,NA,0.166666666666667,NA,NA,NA,0,NA,NA,NA,3,0,0,0,0,0,0,0,1,0,0,0,0,0,0,0,2,0,0,0,3,0,0,0,5,0,0,0,5,0,0,0,0,0,0,0,0,0,0,0,0,0,0,0,0,0,0,0,1,0,0,0,0,0,0,0,0,0,0,0,1,0,0,0,0.5,NA,NA,NA,0,NA,NA,NA,0.166666666666667,NA,NA,NA,0,NA,NA,NA,0.333333333333333,NA,NA,NA,1,NA,NA,NA,0.833333333333333,NA,NA,NA,0.833333333333333,NA,NA,NA,0,NA,NA,NA,0,NA,NA,NA,0,NA,NA,NA,0,NA,NA,NA,0.166666666666667,NA,NA,NA,0,NA,NA,NA,0,NA,NA,NA,0.166666666666667,NA,NA,NA
"220",3,3,3,3,0,0,3,6,6,6,6,3,0,0,3,0,0,0,0,0,0,0,0,1,1,0,0,2,0,0,3,0,0,0,0,1,0,0,0,3,3,4,3,1,0,0,2,0,0.0666666666666667,0.0666666666666667,0.0666666666666667,0.0666666666666667,0,0,0.0666666666666667,0.133333333333333,0.133333333333333,0.133333333333333,0.133333333333333,0.0666666666666667,0,0,0.0666666666666667,0,0,0,0,0,NA,NA,0,0.166666666666667,0.166666666666667,0,0,0.666666666666667,NA,NA,1,NA,0,0,0,0.333333333333333,NA,NA,0,0.5,0.5,0.666666666666667,0.5,0.333333333333333,NA,NA,0.666666666666667,NA,0,0,0,1,0,0,0,3,3,4,3,0,0,0,0,0,3,3,3,2,0,0,3,2,2,2,3,1,0,0,0,0,0,0,0,0,0,0,0,0,0,0,0,1,0,0,2,0,0,0,0,0,0,0,0,1,1,0,0,1,0,0,1,0,0,0,0,0.333333333333333,NA,NA,0,0.5,0.5,0.666666666666667,0.5,0,NA,NA,0,NA,1,1,1,0.666666666666667,NA,NA,1,0.333333333333333,0.333333333333333,0.333333333333333,0.5,0.333333333333333,NA,NA,0,NA,0,0,0,0,NA,NA,0,0,0,0,0,0.333333333333333,NA,NA,0.666666666666667,NA,0,0,0,0,NA,NA,0,0.166666666666667,0.166666666666667,0,0,0.333333333333333,NA,NA,0.333333333333333,NA
"221",3,3,3,6,0,0,6,6,3,6,6,0,0,6,0,0,0,0,0,1,0,0,0,1,1,0,2,0,0,3,0,0,0,1,1,2,0,0,1,3,1,1,6,0,0,3,0,0,0.0625,0.0625,0.0625,0.125,0,0,0.125,0.125,0.0625,0.125,0.125,0,0,0.125,0,0,0,0,0,0.166666666666667,NA,NA,0,0.166666666666667,0.333333333333333,0,0.333333333333333,NA,NA,0.5,NA,NA,0,0.333333333333333,0.333333333333333,0.333333333333333,NA,NA,0.166666666666667,0.5,0.333333333333333,0.166666666666667,1,NA,NA,0.5,NA,NA,0,1,1,1,0,0,1,2,0,1,4,0,0,1,0,0,3,2,2,4,0,0,5,3,2,5,0,0,0,2,0,0,0,0,0,1,0,0,0,1,1,0,2,0,0,2,0,0,0,0,0,0,0,0,0,0,0,0,0,0,0,1,0,0,0,0.333333333333333,0.333333333333333,0.166666666666667,NA,NA,0.166666666666667,0.333333333333333,0,0.166666666666667,0.666666666666667,NA,NA,0.166666666666667,NA,NA,1,0.666666666666667,0.666666666666667,0.666666666666667,NA,NA,0.833333333333333,0.5,0.666666666666667,0.833333333333333,0,NA,NA,0.333333333333333,NA,NA,0,0,0,0.166666666666667,NA,NA,0,0.166666666666667,0.333333333333333,0,0.333333333333333,NA,NA,0.333333333333333,NA,NA,0,0,0,0,NA,NA,0,0,0,0,0,NA,NA,0.166666666666667,NA,NA
"222",3,6,6,6,0,3,6,6,3,6,3,0,0,0,0,0,0,0,1,0,0,0,1,3,0,0,2,0,0,0,0,0,1,0,1,2,0,0,2,3,0,3,1,0,0,0,0,0,0.0625,0.125,0.125,0.125,0,0.0625,0.125,0.125,0.0625,0.125,0.0625,0,0,0,0,0,0,0,0.166666666666667,0,NA,0,0.166666666666667,0.5,0,0,0.666666666666667,NA,NA,NA,NA,NA,0.333333333333333,0,0.166666666666667,0.333333333333333,NA,0,0.333333333333333,0.5,0,0.5,0.333333333333333,NA,NA,NA,NA,NA,1,0,1,2,0,0,2,2,0,3,0,0,0,0,0,0,2,6,4,4,0,3,3,1,3,3,1,0,0,0,0,0,0,0,0,0,0,0,0,1,0,0,1,0,0,0,0,0,0,0,1,0,0,0,1,2,0,0,1,0,0,0,0,0,0.333333333333333,0,0.166666666666667,0.333333333333333,NA,0,0.333333333333333,0.333333333333333,0,0.5,0,NA,NA,NA,NA,NA,0.666666666666667,1,0.666666666666667,0.666666666666667,NA,1,0.5,0.166666666666667,1,0.5,0.333333333333333,NA,NA,NA,NA,NA,0,0,0,0,NA,0,0,0.166666666666667,0,0,0.333333333333333,NA,NA,NA,NA,NA,0,0,0.166666666666667,0,NA,0,0.166666666666667,0.333333333333333,0,0,0.333333333333333,NA,NA,NA,NA,NA
"223",3,3,6,6,0,6,6,3,0,6,0,0,3,6,0,0,0,0,0,1,0,0,3,1,0,0,0,0,0,1,0,0,0,0,2,1,0,2,2,1,0,0,0,0,1,6,0,0,0.0625,0.0625,0.125,0.125,0,0.125,0.125,0.0625,0,0.125,0,0,0.0625,0.125,0,0,0,0,0,0.166666666666667,NA,0,0.5,0.333333333333333,NA,0,NA,NA,0,0.166666666666667,NA,NA,0,0,0.333333333333333,0.166666666666667,NA,0.333333333333333,0.333333333333333,0.333333333333333,NA,0,NA,NA,0.333333333333333,1,NA,NA,0,0,2,1,0,2,1,0,0,0,0,0,1,5,0,0,3,3,4,4,0,4,2,2,0,6,0,0,2,0,0,0,0,0,0,0,0,0,1,1,0,0,0,0,0,1,0,0,0,0,0,1,0,0,2,0,0,0,0,0,0,0,0,0,0,0,0.333333333333333,0.166666666666667,NA,0.333333333333333,0.166666666666667,0,NA,0,NA,NA,0.333333333333333,0.833333333333333,NA,NA,1,1,0.666666666666667,0.666666666666667,NA,0.666666666666667,0.333333333333333,0.666666666666667,NA,1,NA,NA,0.666666666666667,0,NA,NA,0,0,0,0,NA,0,0.166666666666667,0.333333333333333,NA,0,NA,NA,0,0.166666666666667,NA,NA,0,0,0,0.166666666666667,NA,0,0.333333333333333,0,NA,0,NA,NA,0,0,NA,NA
"224",3,3,3,6,6,6,6,0,3,6,6,0,0,0,0,0,0,0,0,1,0,0,0,0,1,2,3,0,0,0,0,0,0,1,1,3,1,1,1,0,0,0,4,0,0,0,0,0,0.0625,0.0625,0.0625,0.125,0.125,0.125,0.125,0,0.0625,0.125,0.125,0,0,0,0,0,0,0,0,0.166666666666667,0,0,0,NA,0.333333333333333,0.333333333333333,0.5,NA,NA,NA,NA,NA,0,0.333333333333333,0.333333333333333,0.5,0.166666666666667,0.166666666666667,0.166666666666667,NA,0,0,0.666666666666667,NA,NA,NA,NA,NA,0,1,1,2,1,1,1,0,0,0,3,0,0,0,0,0,3,2,2,3,5,5,5,0,2,4,0,0,0,0,0,0,0,0,0,1,0,0,0,0,0,0,1,0,0,0,0,0,0,0,0,0,0,0,0,0,1,2,2,0,0,0,0,0,0,0.333333333333333,0.333333333333333,0.333333333333333,0.166666666666667,0.166666666666667,0.166666666666667,NA,0,0,0.5,NA,NA,NA,NA,NA,1,0.666666666666667,0.666666666666667,0.5,0.833333333333333,0.833333333333333,0.833333333333333,NA,0.666666666666667,0.666666666666667,0,NA,NA,NA,NA,NA,0,0,0,0.166666666666667,0,0,0,NA,0,0,0.166666666666667,NA,NA,NA,NA,NA,0,0,0,0,0,0,0,NA,0.333333333333333,0.333333333333333,0.333333333333333,NA,NA,NA,NA,NA
"225",3,3,3,3,0,0,6,6,0,3,6,3,6,6,0,0,0,0,0,0,0,0,1,1,0,0,0,2,0,0,0,0,0,0,0,0,0,0,2,2,0,0,5,1,2,4,0,0,0.0625,0.0625,0.0625,0.0625,0,0,0.125,0.125,0,0.0625,0.125,0.0625,0.125,0.125,0,0,0,0,0,0,NA,NA,0.166666666666667,0.166666666666667,NA,0,0,0.666666666666667,0,0,NA,NA,0,0,0,0,NA,NA,0.333333333333333,0.333333333333333,NA,0,0.833333333333333,0.333333333333333,0.333333333333333,0.666666666666667,NA,NA,0,0,0,0,0,0,2,1,0,0,5,0,2,4,0,0,3,3,3,3,0,0,3,4,0,3,1,1,4,2,0,0,0,0,0,0,0,0,0,1,0,0,0,1,0,0,0,0,0,0,0,0,0,0,1,0,0,0,0,1,0,0,0,0,0,0,0,0,NA,NA,0.333333333333333,0.166666666666667,NA,0,0.833333333333333,0,0.333333333333333,0.666666666666667,NA,NA,1,1,1,1,NA,NA,0.5,0.666666666666667,NA,1,0.166666666666667,0.333333333333333,0.666666666666667,0.333333333333333,NA,NA,0,0,0,0,NA,NA,0,0.166666666666667,NA,0,0,0.333333333333333,0,0,NA,NA,0,0,0,0,NA,NA,0.166666666666667,0,NA,0,0,0.333333333333333,0,0,NA,NA
"226",3,3,3,3,3,3,6,6,6,6,0,0,0,6,0,0,0,0,0,0,0,0,2,0,2,0,0,0,0,2,0,0,1,0,1,1,1,0,3,5,0,1,0,0,0,5,0,0,0.0625,0.0625,0.0625,0.0625,0.0625,0.0625,0.125,0.125,0.125,0.125,0,0,0,0.125,0,0,0,0,0,0,0,0,0.333333333333333,0,0.333333333333333,0,NA,NA,NA,0.333333333333333,NA,NA,0.333333333333333,0,0.333333333333333,0.333333333333333,0.333333333333333,0,0.5,0.833333333333333,0,0.166666666666667,NA,NA,NA,0.833333333333333,NA,NA,1,0,1,1,1,0,2,5,0,1,0,0,0,3,0,0,2,3,2,2,2,3,2,1,4,5,0,0,0,1,0,0,0,0,0,0,0,0,1,0,0,0,0,0,0,2,0,0,0,0,0,0,0,0,1,0,2,0,0,0,0,0,0,0,0.333333333333333,0,0.333333333333333,0.333333333333333,0.333333333333333,0,0.333333333333333,0.833333333333333,0,0.166666666666667,NA,NA,NA,0.5,NA,NA,0.666666666666667,1,0.666666666666667,0.666666666666667,0.666666666666667,1,0.333333333333333,0.166666666666667,0.666666666666667,0.833333333333333,NA,NA,NA,0.166666666666667,NA,NA,0,0,0,0,0,0,0.166666666666667,0,0,0,NA,NA,NA,0.333333333333333,NA,NA,0,0,0,0,0,0,0.166666666666667,0,0.333333333333333,0,NA,NA,NA,0,NA,NA
"227",3,3,3,6,3,6,6,6,3,6,0,0,3,0,0,0,0,0,0,0,0,0,3,0,0,3,0,0,1,0,0,0,0,1,0,2,0,1,3,5,1,2,0,0,0,0,0,0,0.0625,0.0625,0.0625,0.125,0.0625,0.125,0.125,0.125,0.0625,0.125,0,0,0.0625,0,0,0,0,0,0,0,0,0,0.5,0,0,0.5,NA,NA,0.333333333333333,NA,NA,NA,0,0.333333333333333,0,0.333333333333333,0,0.166666666666667,0.5,0.833333333333333,0.333333333333333,0.333333333333333,NA,NA,0,NA,NA,NA,0,1,0,2,0,1,2,5,1,1,0,0,0,0,0,0,3,2,3,4,3,5,1,1,2,2,0,0,2,0,0,0,0,0,0,0,0,0,1,0,0,1,0,0,0,0,0,0,0,0,0,0,0,0,2,0,0,2,0,0,1,0,0,0,0,0.333333333333333,0,0.333333333333333,0,0.166666666666667,0.333333333333333,0.833333333333333,0.333333333333333,0.166666666666667,NA,NA,0,NA,NA,NA,1,0.666666666666667,1,0.666666666666667,1,0.833333333333333,0.166666666666667,0.166666666666667,0.666666666666667,0.333333333333333,NA,NA,0.666666666666667,NA,NA,NA,0,0,0,0,0,0,0.166666666666667,0,0,0.166666666666667,NA,NA,0,NA,NA,NA,0,0,0,0,0,0,0.333333333333333,0,0,0.333333333333333,NA,NA,0.333333333333333,NA,NA,NA
"228",3,6,6,6,0,0,3,6,0,3,3,0,0,6,6,0,0,0,1,0,0,0,0,2,0,0,0,0,0,3,1,0,0,1,2,0,0,0,1,4,0,1,1,0,0,4,3,0,0.0625,0.125,0.125,0.125,0,0,0.0625,0.125,0,0.0625,0.0625,0,0,0.125,0.125,0,0,0,0.166666666666667,0,NA,NA,0,0.333333333333333,NA,0,0,NA,NA,0.5,0.166666666666667,NA,0,0.166666666666667,0.333333333333333,0,NA,NA,0.333333333333333,0.666666666666667,NA,0.333333333333333,0.333333333333333,NA,NA,0.666666666666667,0.5,NA,0,1,1,0,0,0,1,2,0,1,1,0,0,3,3,0,3,5,4,6,0,0,2,2,0,2,2,0,0,0,2,0,0,0,1,0,0,0,0,2,0,0,0,0,0,1,0,0,0,0,0,0,0,0,0,0,0,0,0,0,0,2,1,0,0,0.166666666666667,0.166666666666667,0,NA,NA,0.333333333333333,0.333333333333333,NA,0.333333333333333,0.333333333333333,NA,NA,0.5,0.5,NA,1,0.833333333333333,0.666666666666667,1,NA,NA,0.666666666666667,0.333333333333333,NA,0.666666666666667,0.666666666666667,NA,NA,0,0.333333333333333,NA,0,0,0.166666666666667,0,NA,NA,0,0.333333333333333,NA,0,0,NA,NA,0.166666666666667,0,NA,0,0,0,0,NA,NA,0,0,NA,0,0,NA,NA,0.333333333333333,0.166666666666667,NA
"229",3,3,6,6,6,6,6,3,3,0,6,0,0,0,0,0,0,0,0,1,1,3,1,1,0,0,3,0,0,0,0,0,0,1,2,1,2,1,1,2,1,0,3,0,0,0,0,0,0.0625,0.0625,0.125,0.125,0.125,0.125,0.125,0.0625,0.0625,0,0.125,0,0,0,0,0,0,0,0,0.166666666666667,0.166666666666667,0.5,0.166666666666667,0.333333333333333,0,NA,0.5,NA,NA,NA,NA,NA,0,0.333333333333333,0.333333333333333,0.166666666666667,0.333333333333333,0.166666666666667,0.166666666666667,0.666666666666667,0.333333333333333,NA,0.5,NA,NA,NA,NA,NA,0,1,2,1,2,1,1,1,1,0,1,0,0,0,0,0,3,2,4,4,3,2,4,1,2,0,2,0,0,0,0,0,0,0,0,0,0,0,0,1,0,0,2,0,0,0,0,0,0,0,0,1,1,3,1,0,0,0,1,0,0,0,0,0,0,0.333333333333333,0.333333333333333,0.166666666666667,0.333333333333333,0.166666666666667,0.166666666666667,0.333333333333333,0.333333333333333,NA,0.166666666666667,NA,NA,NA,NA,NA,1,0.666666666666667,0.666666666666667,0.666666666666667,0.5,0.333333333333333,0.666666666666667,0.333333333333333,0.666666666666667,NA,0.333333333333333,NA,NA,NA,NA,NA,0,0,0,0,0,0,0,0.333333333333333,0,NA,0.333333333333333,NA,NA,NA,NA,NA,0,0,0,0.166666666666667,0.166666666666667,0.5,0.166666666666667,0,0,NA,0.166666666666667,NA,NA,NA,NA,NA
"230",6,6,3,6,0,6,6,3,0,3,6,0,0,3,0,0,0,1,0,0,0,1,0,3,0,0,2,0,0,2,0,0,0,0,1,0,0,2,2,1,0,1,6,0,0,1,0,0,0.125,0.125,0.0625,0.125,0,0.125,0.125,0.0625,0,0.0625,0.125,0,0,0.0625,0,0,0,0.166666666666667,0,0,NA,0.166666666666667,0,1,NA,0,0.333333333333333,NA,NA,0.666666666666667,NA,NA,0,0,0.333333333333333,0,NA,0.333333333333333,0.333333333333333,0.333333333333333,NA,0.333333333333333,1,NA,NA,0.333333333333333,NA,NA,0,0,1,0,0,1,2,0,0,1,4,0,0,0,0,0,6,5,2,6,0,4,4,0,0,2,0,0,0,1,0,0,0,0,0,0,0,1,0,1,0,0,2,0,0,1,0,0,0,1,0,0,0,0,0,2,0,0,0,0,0,1,0,0,0,0,0.333333333333333,0,NA,0.166666666666667,0.333333333333333,0,NA,0.333333333333333,0.666666666666667,NA,NA,0,NA,NA,1,0.833333333333333,0.666666666666667,1,NA,0.666666666666667,0.666666666666667,0,NA,0.666666666666667,0,NA,NA,0.333333333333333,NA,NA,0,0,0,0,NA,0.166666666666667,0,0.333333333333333,NA,0,0.333333333333333,NA,NA,0.333333333333333,NA,NA,0,0.166666666666667,0,0,NA,0,0,0.666666666666667,NA,0,0,NA,NA,0.333333333333333,NA,NA
"231",3,3,3,6,3,6,6,3,3,6,3,0,3,0,0,0,0,0,0,0,0,0,0,2,0,2,1,0,0,0,0,0,0,1,0,3,0,1,3,2,0,1,2,0,1,0,0,0,0.0625,0.0625,0.0625,0.125,0.0625,0.125,0.125,0.0625,0.0625,0.125,0.0625,0,0.0625,0,0,0,0,0,0,0,0,0,0,0.666666666666667,0,0.333333333333333,0.333333333333333,NA,0,NA,NA,NA,0,0.333333333333333,0,0.5,0,0.166666666666667,0.5,0.666666666666667,0,0.166666666666667,0.666666666666667,NA,0.333333333333333,NA,NA,NA,0,1,0,3,0,1,3,1,0,1,1,0,1,0,0,0,3,2,3,3,3,5,3,0,3,3,1,0,2,0,0,0,0,0,0,0,0,0,0,1,0,0,1,0,0,0,0,0,0,0,0,0,0,0,0,1,0,2,0,0,0,0,0,0,0,0.333333333333333,0,0.5,0,0.166666666666667,0.5,0.333333333333333,0,0.166666666666667,0.333333333333333,NA,0.333333333333333,NA,NA,NA,1,0.666666666666667,1,0.5,1,0.833333333333333,0.5,0,1,0.5,0.333333333333333,NA,0.666666666666667,NA,NA,NA,0,0,0,0,0,0,0,0.333333333333333,0,0,0.333333333333333,NA,0,NA,NA,NA,0,0,0,0,0,0,0,0.333333333333333,0,0.333333333333333,0,NA,0,NA,NA,NA
"232",3,3,3,6,0,3,6,6,0,3,6,0,3,6,0,0,0,0,0,0,0,0,0,2,0,0,3,0,1,0,0,0,0,1,0,2,0,1,1,2,0,0,4,0,0,3,0,0,0.0625,0.0625,0.0625,0.125,0,0.0625,0.125,0.125,0,0.0625,0.125,0,0.0625,0.125,0,0,0,0,0,0,NA,0,0,0.333333333333333,NA,0,0.5,NA,0.333333333333333,0,NA,NA,0,0.333333333333333,0,0.333333333333333,NA,0.333333333333333,0.166666666666667,0.333333333333333,NA,0,0.666666666666667,NA,0,0.5,NA,NA,0,1,0,2,0,1,1,2,0,0,3,0,0,3,0,0,3,2,3,4,0,2,5,2,0,3,0,0,2,3,0,0,0,0,0,0,0,0,0,0,0,0,1,0,0,0,0,0,0,0,0,0,0,0,0,2,0,0,2,0,1,0,0,0,0,0.333333333333333,0,0.333333333333333,NA,0.333333333333333,0.166666666666667,0.333333333333333,NA,0,0.5,NA,0,0.5,NA,NA,1,0.666666666666667,1,0.666666666666667,NA,0.666666666666667,0.833333333333333,0.333333333333333,NA,1,0,NA,0.666666666666667,0.5,NA,NA,0,0,0,0,NA,0,0,0,NA,0,0.166666666666667,NA,0,0,NA,NA,0,0,0,0,NA,0,0,0.333333333333333,NA,0,0.333333333333333,NA,0.333333333333333,0,NA,NA
"233",3,3,3,6,3,6,6,6,3,0,3,3,3,0,0,0,0,0,0,1,0,2,1,1,0,0,1,1,0,0,0,0,0,1,1,2,0,3,2,2,0,0,1,3,2,0,0,0,0.0625,0.0625,0.0625,0.125,0.0625,0.125,0.125,0.125,0.0625,0,0.0625,0.0625,0.0625,0,0,0,0,0,0,0.166666666666667,0,0.333333333333333,0.166666666666667,0.166666666666667,0,NA,0.333333333333333,0.333333333333333,0,NA,NA,NA,0,0.333333333333333,0.333333333333333,0.333333333333333,0,0.5,0.333333333333333,0.333333333333333,0,NA,0.333333333333333,1,0.666666666666667,NA,NA,NA,0,1,1,2,0,2,2,1,0,0,1,2,2,0,0,0,3,2,2,3,3,2,3,4,3,0,1,0,1,0,0,0,0,0,0,0,0,1,0,1,0,0,0,1,0,0,0,0,0,0,0,1,0,1,1,0,0,0,1,0,0,0,0,0,0,0.333333333333333,0.333333333333333,0.333333333333333,0,0.333333333333333,0.333333333333333,0.166666666666667,0,NA,0.333333333333333,0.666666666666667,0.666666666666667,NA,NA,NA,1,0.666666666666667,0.666666666666667,0.5,1,0.333333333333333,0.5,0.666666666666667,1,NA,0.333333333333333,0,0.333333333333333,NA,NA,NA,0,0,0,0,0,0.166666666666667,0,0.166666666666667,0,NA,0,0.333333333333333,0,NA,NA,NA,0,0,0,0.166666666666667,0,0.166666666666667,0.166666666666667,0,0,NA,0.333333333333333,0,0,NA,NA,NA
"234",3,3,3,6,0,6,6,0,3,6,6,0,0,6,0,0,0,0,0,0,0,0,0,0,0,1,2,0,0,2,0,0,1,0,1,3,0,1,2,0,0,2,4,0,0,4,0,0,0.0625,0.0625,0.0625,0.125,0,0.125,0.125,0,0.0625,0.125,0.125,0,0,0.125,0,0,0,0,0,0,NA,0,0,NA,0,0.166666666666667,0.333333333333333,NA,NA,0.333333333333333,NA,NA,0.333333333333333,0,0.333333333333333,0.5,NA,0.166666666666667,0.333333333333333,NA,0,0.333333333333333,0.666666666666667,NA,NA,0.666666666666667,NA,NA,1,0,1,3,0,1,2,0,0,1,2,0,0,2,0,0,2,3,2,3,0,5,4,0,3,4,2,0,0,2,0,0,0,0,0,0,0,0,0,0,0,1,2,0,0,2,0,0,0,0,0,0,0,0,0,0,0,0,0,0,0,0,0,0,0.333333333333333,0,0.333333333333333,0.5,NA,0.166666666666667,0.333333333333333,NA,0,0.166666666666667,0.333333333333333,NA,NA,0.333333333333333,NA,NA,0.666666666666667,1,0.666666666666667,0.5,NA,0.833333333333333,0.666666666666667,NA,1,0.666666666666667,0.333333333333333,NA,NA,0.333333333333333,NA,NA,0,0,0,0,NA,0,0,NA,0,0.166666666666667,0.333333333333333,NA,NA,0.333333333333333,NA,NA,0,0,0,0,NA,0,0,NA,0,0,0,NA,NA,0,NA,NA
"235",3,3,3,3,0,6,6,6,0,6,6,0,0,6,0,0,0,0,0,0,0,0,0,1,0,1,2,0,0,0,0,0,0,1,0,0,0,2,1,4,0,2,4,0,0,5,0,0,0.0625,0.0625,0.0625,0.0625,0,0.125,0.125,0.125,0,0.125,0.125,0,0,0.125,0,0,0,0,0,0,NA,0,0,0.166666666666667,NA,0.166666666666667,0.333333333333333,NA,NA,0,NA,NA,0,0.333333333333333,0,0,NA,0.333333333333333,0.166666666666667,0.666666666666667,NA,0.333333333333333,0.666666666666667,NA,NA,0.833333333333333,NA,NA,0,1,0,0,0,2,1,4,0,2,2,0,0,5,0,0,3,2,3,3,0,4,5,1,0,3,2,0,0,1,0,0,0,0,0,0,0,0,0,0,0,0,2,0,0,0,0,0,0,0,0,0,0,0,0,1,0,1,0,0,0,0,0,0,0,0.333333333333333,0,0,NA,0.333333333333333,0.166666666666667,0.666666666666667,NA,0.333333333333333,0.333333333333333,NA,NA,0.833333333333333,NA,NA,1,0.666666666666667,1,1,NA,0.666666666666667,0.833333333333333,0.166666666666667,NA,0.5,0.333333333333333,NA,NA,0.166666666666667,NA,NA,0,0,0,0,NA,0,0,0,NA,0,0.333333333333333,NA,NA,0,NA,NA,0,0,0,0,NA,0,0,0.166666666666667,NA,0.166666666666667,0,NA,NA,0,NA,NA
"236",3,3,3,3,0,3,6,6,3,6,3,0,3,6,0,0,0,0,0,0,0,0,1,0,1,1,1,0,1,2,0,0,0,0,1,0,0,0,2,4,0,1,3,0,1,5,0,0,0.0625,0.0625,0.0625,0.0625,0,0.0625,0.125,0.125,0.0625,0.125,0.0625,0,0.0625,0.125,0,0,0,0,0,0,NA,0,0.166666666666667,0,0.333333333333333,0.166666666666667,0.333333333333333,NA,0.333333333333333,0.333333333333333,NA,NA,0,0,0.333333333333333,0,NA,0,0.333333333333333,0.666666666666667,0,0.166666666666667,1,NA,0.333333333333333,0.833333333333333,NA,NA,0,0,1,0,0,0,2,4,0,1,2,0,1,3,0,0,3,3,2,3,0,3,3,2,2,4,0,0,1,1,0,0,0,0,0,0,0,0,0,0,0,0,1,0,0,2,0,0,0,0,0,0,0,0,1,0,1,1,0,0,1,0,0,0,0,0,0.333333333333333,0,NA,0,0.333333333333333,0.666666666666667,0,0.166666666666667,0.666666666666667,NA,0.333333333333333,0.5,NA,NA,1,1,0.666666666666667,1,NA,1,0.5,0.333333333333333,0.666666666666667,0.666666666666667,0,NA,0.333333333333333,0.166666666666667,NA,NA,0,0,0,0,NA,0,0,0,0,0,0.333333333333333,NA,0,0.333333333333333,NA,NA,0,0,0,0,NA,0,0.166666666666667,0,0.333333333333333,0.166666666666667,0,NA,0.333333333333333,0,NA,NA
"237",3,3,3,3,3,6,6,6,3,3,3,3,3,0,0,0,0,0,0,0,0,1,1,1,0,1,1,3,0,0,0,0,0,0,0,1,1,1,2,2,0,1,2,1,2,0,0,0,0.0625,0.0625,0.0625,0.0625,0.0625,0.125,0.125,0.125,0.0625,0.0625,0.0625,0.0625,0.0625,0,0,0,0,0,0,0,0,0.166666666666667,0.166666666666667,0.166666666666667,0,0.333333333333333,0.333333333333333,1,0,NA,NA,NA,0,0,0,0.333333333333333,0.333333333333333,0.166666666666667,0.333333333333333,0.333333333333333,0,0.333333333333333,0.666666666666667,0.333333333333333,0.666666666666667,NA,NA,NA,0,0,0,1,1,1,2,2,0,0,1,0,2,0,0,0,3,3,3,2,2,4,3,3,3,2,1,0,1,0,0,0,0,0,0,0,0,0,0,0,0,1,1,1,0,0,0,0,0,0,0,0,0,1,1,1,0,0,0,2,0,0,0,0,0,0,0,0.333333333333333,0.333333333333333,0.166666666666667,0.333333333333333,0.333333333333333,0,0,0.333333333333333,0,0.666666666666667,NA,NA,NA,1,1,1,0.666666666666667,0.666666666666667,0.666666666666667,0.5,0.5,1,0.666666666666667,0.333333333333333,0,0.333333333333333,NA,NA,NA,0,0,0,0,0,0,0,0,0,0.333333333333333,0.333333333333333,0.333333333333333,0,NA,NA,NA,0,0,0,0,0,0.166666666666667,0.166666666666667,0.166666666666667,0,0,0,0.666666666666667,0,NA,NA,NA
"238",3,3,3,6,3,6,6,0,6,6,0,0,6,0,0,0,0,0,0,0,0,0,2,0,0,2,0,0,0,0,0,0,0,0,1,4,0,0,4,0,2,1,0,0,2,0,0,0,0.0625,0.0625,0.0625,0.125,0.0625,0.125,0.125,0,0.125,0.125,0,0,0.125,0,0,0,0,0,0,0,0,0,0.333333333333333,NA,0,0.333333333333333,NA,NA,0,NA,NA,NA,0,0,0.333333333333333,0.666666666666667,0,0,0.666666666666667,NA,0.333333333333333,0.166666666666667,NA,NA,0.333333333333333,NA,NA,NA,0,0,1,4,0,0,3,0,2,1,0,0,2,0,0,0,3,3,2,2,3,6,1,0,4,3,0,0,4,0,0,0,0,0,0,0,0,0,1,0,0,0,0,0,0,0,0,0,0,0,0,0,0,0,1,0,0,2,0,0,0,0,0,0,0,0,0.333333333333333,0.666666666666667,0,0,0.5,NA,0.333333333333333,0.166666666666667,NA,NA,0.333333333333333,NA,NA,NA,1,1,0.666666666666667,0.333333333333333,1,1,0.166666666666667,NA,0.666666666666667,0.5,NA,NA,0.666666666666667,NA,NA,NA,0,0,0,0,0,0,0.166666666666667,NA,0,0,NA,NA,0,NA,NA,NA,0,0,0,0,0,0,0.166666666666667,NA,0,0.333333333333333,NA,NA,0,NA,NA,NA
"239",3,3,6,6,0,3,0,0,3,6,0,0,6,6,0,0,0,0,0,2,0,0,0,0,0,0,0,0,1,1,0,0,0,1,1,2,0,0,0,0,1,0,0,0,2,2,0,0,0.0714285714285714,0.0714285714285714,0.142857142857143,0.142857142857143,0,0.0714285714285714,0,0,0.0714285714285714,0.142857142857143,0,0,0.142857142857143,0.142857142857143,0,0,0,0,0,0.333333333333333,NA,0,NA,NA,0,0,NA,NA,0.166666666666667,0.166666666666667,NA,NA,0,0.333333333333333,0.166666666666667,0.333333333333333,NA,0,NA,NA,0.333333333333333,0,NA,NA,0.333333333333333,0.333333333333333,NA,NA,0,1,1,2,0,0,0,0,1,0,0,0,2,1,0,0,3,2,5,2,0,3,0,0,2,6,0,0,3,4,0,0,0,0,0,0,0,0,0,0,0,0,0,0,0,1,0,0,0,0,0,2,0,0,0,0,0,0,0,0,1,0,0,0,0,0.333333333333333,0.166666666666667,0.333333333333333,NA,0,NA,NA,0.333333333333333,0,NA,NA,0.333333333333333,0.166666666666667,NA,NA,1,0.666666666666667,0.833333333333333,0.333333333333333,NA,1,NA,NA,0.666666666666667,1,NA,NA,0.5,0.666666666666667,NA,NA,0,0,0,0,NA,0,NA,NA,0,0,NA,NA,0,0.166666666666667,NA,NA,0,0,0,0.333333333333333,NA,0,NA,NA,0,0,NA,NA,0.166666666666667,0,NA,NA
"240",6,6,3,6,0,0,3,3,3,6,6,0,3,3,0,0,0,1,0,0,0,0,0,2,0,1,0,0,0,1,0,0,0,1,1,3,0,0,0,1,0,2,4,0,2,1,0,0,0.125,0.125,0.0625,0.125,0,0,0.0625,0.0625,0.0625,0.125,0.125,0,0.0625,0.0625,0,0,0,0.166666666666667,0,0,NA,NA,0,0.666666666666667,0,0.166666666666667,0,NA,0,0.333333333333333,NA,NA,0,0.166666666666667,0.333333333333333,0.5,NA,NA,0,0.333333333333333,0,0.333333333333333,0.666666666666667,NA,0.666666666666667,0.333333333333333,NA,NA,0,1,1,3,0,0,0,1,0,1,4,0,2,0,0,0,6,4,2,3,0,0,3,0,3,4,2,0,1,2,0,0,0,0,0,0,0,0,0,0,0,1,0,0,0,1,0,0,0,1,0,0,0,0,0,2,0,0,0,0,0,0,0,0,0,0.166666666666667,0.333333333333333,0.5,NA,NA,0,0.333333333333333,0,0.166666666666667,0.666666666666667,NA,0.666666666666667,0,NA,NA,1,0.666666666666667,0.666666666666667,0.5,NA,NA,1,0,1,0.666666666666667,0.333333333333333,NA,0.333333333333333,0.666666666666667,NA,NA,0,0,0,0,NA,NA,0,0,0,0.166666666666667,0,NA,0,0.333333333333333,NA,NA,0,0.166666666666667,0,0,NA,NA,0,0.666666666666667,0,0,0,NA,0,0,NA,NA
"241",3,3,3,6,0,3,6,6,0,6,0,3,3,6,0,0,0,0,0,0,0,0,2,2,0,0,0,1,1,2,0,0,0,0,1,1,0,1,3,4,0,2,0,3,1,3,0,0,0.0625,0.0625,0.0625,0.125,0,0.0625,0.125,0.125,0,0.125,0,0.0625,0.0625,0.125,0,0,0,0,0,0,NA,0,0.333333333333333,0.333333333333333,NA,0,NA,0.333333333333333,0.333333333333333,0.333333333333333,NA,NA,0,0,0.333333333333333,0.166666666666667,NA,0.333333333333333,0.5,0.666666666666667,NA,0.333333333333333,NA,1,0.333333333333333,0.5,NA,NA,0,0,1,1,0,1,2,2,0,2,0,2,1,2,0,0,3,3,2,5,0,2,2,2,0,4,0,0,1,2,0,0,0,0,0,0,0,0,1,2,0,0,0,1,0,1,0,0,0,0,0,0,0,0,1,0,0,0,0,0,1,1,0,0,0,0,0.333333333333333,0.166666666666667,NA,0.333333333333333,0.333333333333333,0.333333333333333,NA,0.333333333333333,NA,0.666666666666667,0.333333333333333,0.333333333333333,NA,NA,1,1,0.666666666666667,0.833333333333333,NA,0.666666666666667,0.333333333333333,0.333333333333333,NA,0.666666666666667,NA,0,0.333333333333333,0.333333333333333,NA,NA,0,0,0,0,NA,0,0.166666666666667,0.333333333333333,NA,0,NA,0.333333333333333,0,0.166666666666667,NA,NA,0,0,0,0,NA,0,0.166666666666667,0,NA,0,NA,0,0.333333333333333,0.166666666666667,NA,NA
"242",3,3,6,0,3,6,0,0,3,0,0,0,6,0,0,0,0,0,0,0,0,2,0,0,0,0,0,0,0,0,0,0,0,0,4,0,0,0,0,0,0,0,0,0,1,0,0,0,0.1,0.1,0.2,0,0.1,0.2,0,0,0.1,0,0,0,0.2,0,0,0,0,0,0,NA,0,0.333333333333333,NA,NA,0,NA,NA,NA,0,NA,NA,NA,0,0,0.666666666666667,NA,0,0,NA,NA,0,NA,NA,NA,0.166666666666667,NA,NA,NA,0,0,4,0,0,0,0,0,0,0,0,0,1,0,0,0,3,3,2,0,3,4,0,0,3,0,0,0,5,0,0,0,0,0,0,0,0,0,0,0,0,0,0,0,0,0,0,0,0,0,0,0,0,2,0,0,0,0,0,0,0,0,0,0,0,0,0.666666666666667,NA,0,0,NA,NA,0,NA,NA,NA,0.166666666666667,NA,NA,NA,1,1,0.333333333333333,NA,1,0.666666666666667,NA,NA,1,NA,NA,NA,0.833333333333333,NA,NA,NA,0,0,0,NA,0,0,NA,NA,0,NA,NA,NA,0,NA,NA,NA,0,0,0,NA,0,0.333333333333333,NA,NA,0,NA,NA,NA,0,NA,NA,NA
"243",6,6,3,6,3,6,6,3,3,6,0,0,0,0,0,0,0,1,0,0,0,0,2,3,0,2,0,0,0,0,0,0,0,0,1,1,1,1,3,1,0,1,0,0,0,0,0,0,0.125,0.125,0.0625,0.125,0.0625,0.125,0.125,0.0625,0.0625,0.125,0,0,0,0,0,0,0,0.166666666666667,0,0,0,0,0.333333333333333,1,0,0.333333333333333,NA,NA,NA,NA,NA,NA,0,0,0.333333333333333,0.166666666666667,0.333333333333333,0.166666666666667,0.5,0.333333333333333,0,0.166666666666667,NA,NA,NA,NA,NA,NA,0,0,1,1,1,1,2,0,0,1,0,0,0,0,0,0,6,5,2,5,2,5,2,0,3,3,0,0,0,0,0,0,0,0,0,0,0,0,1,1,0,0,0,0,0,0,0,0,0,1,0,0,0,0,1,2,0,2,0,0,0,0,0,0,0,0,0.333333333333333,0.166666666666667,0.333333333333333,0.166666666666667,0.333333333333333,0,0,0.166666666666667,NA,NA,NA,NA,NA,NA,1,0.833333333333333,0.666666666666667,0.833333333333333,0.666666666666667,0.833333333333333,0.333333333333333,0,1,0.5,NA,NA,NA,NA,NA,NA,0,0,0,0,0,0,0.166666666666667,0.333333333333333,0,0,NA,NA,NA,NA,NA,NA,0,0.166666666666667,0,0,0,0,0.166666666666667,0.666666666666667,0,0.333333333333333,NA,NA,NA,NA,NA,NA
"244",3,3,6,6,0,3,6,6,3,6,0,0,6,0,0,0,0,0,0,1,0,0,0,1,0,0,0,0,2,0,0,0,0,0,1,2,0,1,3,6,0,3,0,0,1,0,0,0,0.0625,0.0625,0.125,0.125,0,0.0625,0.125,0.125,0.0625,0.125,0,0,0.125,0,0,0,0,0,0,0.166666666666667,NA,0,0,0.166666666666667,0,0,NA,NA,0.333333333333333,NA,NA,NA,0,0,0.166666666666667,0.333333333333333,NA,0.333333333333333,0.5,1,0,0.5,NA,NA,0.166666666666667,NA,NA,NA,0,0,1,2,0,1,3,5,0,3,0,0,1,0,0,0,3,3,5,3,0,2,3,0,3,3,0,0,3,0,0,0,0,0,0,0,0,0,0,1,0,0,0,0,0,0,0,0,0,0,0,1,0,0,0,0,0,0,0,0,2,0,0,0,0,0,0.166666666666667,0.333333333333333,NA,0.333333333333333,0.5,0.833333333333333,0,0.5,NA,NA,0.166666666666667,NA,NA,NA,1,1,0.833333333333333,0.5,NA,0.666666666666667,0.5,0,1,0.5,NA,NA,0.5,NA,NA,NA,0,0,0,0,NA,0,0,0.166666666666667,0,0,NA,NA,0,NA,NA,NA,0,0,0,0.166666666666667,NA,0,0,0,0,0,NA,NA,0.333333333333333,NA,NA,NA
"245",3,3,3,3,3,3,6,6,3,6,0,3,0,6,0,0,0,0,0,0,0,0,0,0,1,1,0,2,0,3,0,0,0,1,1,1,0,0,3,2,1,0,0,1,0,5,0,0,0.0625,0.0625,0.0625,0.0625,0.0625,0.0625,0.125,0.125,0.0625,0.125,0,0.0625,0,0.125,0,0,0,0,0,0,0,0,0,0,0.333333333333333,0.166666666666667,NA,0.666666666666667,NA,0.5,NA,NA,0,0.333333333333333,0.333333333333333,0.333333333333333,0,0,0.5,0.333333333333333,0.333333333333333,0,NA,0.333333333333333,NA,0.833333333333333,NA,NA,0,1,1,1,0,0,3,2,1,0,0,0,0,2,0,0,3,2,2,2,3,3,3,4,1,5,0,1,0,1,0,0,0,0,0,0,0,0,0,0,0,0,0,1,0,3,0,0,0,0,0,0,0,0,0,0,1,1,0,1,0,0,0,0,0,0.333333333333333,0.333333333333333,0.333333333333333,0,0,0.5,0.333333333333333,0.333333333333333,0,NA,0,NA,0.333333333333333,NA,NA,1,0.666666666666667,0.666666666666667,0.666666666666667,1,1,0.5,0.666666666666667,0.333333333333333,0.833333333333333,NA,0.333333333333333,NA,0.166666666666667,NA,NA,0,0,0,0,0,0,0,0,0,0,NA,0.333333333333333,NA,0.5,NA,NA,0,0,0,0,0,0,0,0,0.333333333333333,0.166666666666667,NA,0.333333333333333,NA,0,NA,NA
"246",3,6,6,3,0,6,0,0,6,6,0,0,6,3,0,0,0,0,1,1,0,0,0,0,0,1,0,0,1,1,0,0,1,0,1,1,0,1,0,0,2,1,0,0,1,1,0,0,0.0666666666666667,0.133333333333333,0.133333333333333,0.0666666666666667,0,0.133333333333333,0,0,0.133333333333333,0.133333333333333,0,0,0.133333333333333,0.0666666666666667,0,0,0,0,0.166666666666667,0.333333333333333,NA,0,NA,NA,0,0.166666666666667,NA,NA,0.166666666666667,0.333333333333333,NA,NA,0.333333333333333,0,0.166666666666667,0.333333333333333,NA,0.166666666666667,NA,NA,0.333333333333333,0.166666666666667,NA,NA,0.166666666666667,0.333333333333333,NA,NA,1,0,1,1,0,1,0,0,2,0,0,0,1,1,0,0,2,6,4,1,0,5,0,0,4,5,0,0,4,1,0,0,0,0,0,0,0,0,0,0,0,1,0,0,0,0,0,0,0,0,1,1,0,0,0,0,0,0,0,0,1,1,0,0,0.333333333333333,0,0.166666666666667,0.333333333333333,NA,0.166666666666667,NA,NA,0.333333333333333,0,NA,NA,0.166666666666667,0.333333333333333,NA,NA,0.666666666666667,1,0.666666666666667,0.333333333333333,NA,0.833333333333333,NA,NA,0.666666666666667,0.833333333333333,NA,NA,0.666666666666667,0.333333333333333,NA,NA,0,0,0,0,NA,0,NA,NA,0,0.166666666666667,NA,NA,0,0,NA,NA,0,0,0.166666666666667,0.333333333333333,NA,0,NA,NA,0,0,NA,NA,0.166666666666667,0.333333333333333,NA,NA
"247",3,3,6,0,0,3,0,0,3,6,0,0,6,6,0,0,0,0,0,0,0,0,0,0,0,1,0,0,1,2,0,0,0,1,3,0,0,1,0,0,0,1,0,0,1,2,0,0,0.0833333333333333,0.0833333333333333,0.166666666666667,0,0,0.0833333333333333,0,0,0.0833333333333333,0.166666666666667,0,0,0.166666666666667,0.166666666666667,0,0,0,0,0,NA,NA,0,NA,NA,0,0.166666666666667,NA,NA,0.166666666666667,0.333333333333333,NA,NA,0,0.333333333333333,0.5,NA,NA,0.333333333333333,NA,NA,0,0.166666666666667,NA,NA,0.166666666666667,0.333333333333333,NA,NA,0,1,3,0,0,1,0,0,0,1,0,0,0,2,0,0,3,2,3,0,0,2,0,0,3,4,0,0,5,2,0,0,0,0,0,0,0,0,0,0,0,0,0,0,1,0,0,0,0,0,0,0,0,0,0,0,0,1,0,0,0,2,0,0,0,0.333333333333333,0.5,NA,NA,0.333333333333333,NA,NA,0,0.166666666666667,NA,NA,0,0.333333333333333,NA,NA,1,0.666666666666667,0.5,NA,NA,0.666666666666667,NA,NA,1,0.666666666666667,NA,NA,0.833333333333333,0.333333333333333,NA,NA,0,0,0,NA,NA,0,NA,NA,0,0,NA,NA,0.166666666666667,0,NA,NA,0,0,0,NA,NA,0,NA,NA,0,0.166666666666667,NA,NA,0,0.333333333333333,NA,NA
"248",3,3,3,6,0,0,6,6,3,6,6,0,0,6,0,0,0,0,0,0,0,0,0,2,0,0,1,0,0,3,0,0,1,0,1,2,0,0,1,3,1,2,6,0,0,3,0,0,0.0625,0.0625,0.0625,0.125,0,0,0.125,0.125,0.0625,0.125,0.125,0,0,0.125,0,0,0,0,0,0,NA,NA,0,0.333333333333333,0,0,0.166666666666667,NA,NA,0.5,NA,NA,0.333333333333333,0,0.333333333333333,0.333333333333333,NA,NA,0.166666666666667,0.5,0.333333333333333,0.333333333333333,1,NA,NA,0.5,NA,NA,1,0,1,2,0,0,1,2,1,2,5,0,0,1,0,0,2,3,2,4,0,0,5,2,2,4,0,0,0,2,0,0,0,0,0,0,0,0,0,1,0,0,1,0,0,2,0,0,0,0,0,0,0,0,0,1,0,0,0,0,0,1,0,0,0.333333333333333,0,0.333333333333333,0.333333333333333,NA,NA,0.166666666666667,0.333333333333333,0.333333333333333,0.333333333333333,0.833333333333333,NA,NA,0.166666666666667,NA,NA,0.666666666666667,1,0.666666666666667,0.666666666666667,NA,NA,0.833333333333333,0.333333333333333,0.666666666666667,0.666666666666667,0,NA,NA,0.333333333333333,NA,NA,0,0,0,0,NA,NA,0,0.166666666666667,0,0,0.166666666666667,NA,NA,0.333333333333333,NA,NA,0,0,0,0,NA,NA,0,0.166666666666667,0,0,0,NA,NA,0.166666666666667,NA,NA
"249",3,3,6,0,0,6,0,0,3,6,0,0,6,6,0,0,0,0,0,0,0,0,0,0,0,1,0,0,0,1,0,0,0,0,3,0,0,1,0,0,1,2,0,0,1,2,0,0,0.0769230769230769,0.0769230769230769,0.153846153846154,0,0,0.153846153846154,0,0,0.0769230769230769,0.153846153846154,0,0,0.153846153846154,0.153846153846154,0,0,0,0,0,NA,NA,0,NA,NA,0,0.166666666666667,NA,NA,0,0.166666666666667,NA,NA,0,0,0.5,NA,NA,0.166666666666667,NA,NA,0.333333333333333,0.333333333333333,NA,NA,0.166666666666667,0.333333333333333,NA,NA,0,0,3,0,0,1,0,0,1,2,0,0,1,1,0,0,3,3,3,0,0,5,0,0,2,3,0,0,5,4,0,0,0,0,0,0,0,0,0,0,0,0,0,0,0,1,0,0,0,0,0,0,0,0,0,0,0,1,0,0,0,0,0,0,0,0,0.5,NA,NA,0.166666666666667,NA,NA,0.333333333333333,0.333333333333333,NA,NA,0.166666666666667,0.166666666666667,NA,NA,1,1,0.5,NA,NA,0.833333333333333,NA,NA,0.666666666666667,0.5,NA,NA,0.833333333333333,0.666666666666667,NA,NA,0,0,0,NA,NA,0,NA,NA,0,0,NA,NA,0,0.166666666666667,NA,NA,0,0,0,NA,NA,0,NA,NA,0,0.166666666666667,NA,NA,0,0,NA,NA
"250",3,3,6,6,3,6,0,0,3,0,0,0,6,0,0,0,0,0,0,2,0,0,0,0,0,0,0,0,0,0,0,0,0,0,2,1,0,3,0,0,0,0,0,0,1,0,0,0,0.0833333333333333,0.0833333333333333,0.166666666666667,0.166666666666667,0.0833333333333333,0.166666666666667,0,0,0.0833333333333333,0,0,0,0.166666666666667,0,0,0,0,0,0,0.333333333333333,0,0,NA,NA,0,NA,NA,NA,0,NA,NA,NA,0,0,0.333333333333333,0.166666666666667,0,0.5,NA,NA,0,NA,NA,NA,0.166666666666667,NA,NA,NA,0,0,2,0,0,3,0,0,0,0,0,0,1,0,0,0,3,3,4,4,3,3,0,0,3,0,0,0,5,0,0,0,0,0,0,1,0,0,0,0,0,0,0,0,0,0,0,0,0,0,0,1,0,0,0,0,0,0,0,0,0,0,0,0,0,0,0.333333333333333,0,0,0.5,NA,NA,0,NA,NA,NA,0.166666666666667,NA,NA,NA,1,1,0.666666666666667,0.666666666666667,1,0.5,NA,NA,1,NA,NA,NA,0.833333333333333,NA,NA,NA,0,0,0,0.166666666666667,0,0,NA,NA,0,NA,NA,NA,0,NA,NA,NA,0,0,0,0.166666666666667,0,0,NA,NA,0,NA,NA,NA,0,NA,NA,NA
"251",3,6,6,0,6,0,0,0,3,0,0,0,6,0,0,0,0,0,2,0,1,0,0,0,0,0,0,0,1,0,0,0,1,1,1,0,0,0,0,0,0,0,0,0,1,0,0,0,0.1,0.2,0.2,0,0.2,0,0,0,0.1,0,0,0,0.2,0,0,0,0,0,0.333333333333333,NA,0.166666666666667,NA,NA,NA,0,NA,NA,NA,0.166666666666667,NA,NA,NA,0.333333333333333,0.166666666666667,0.166666666666667,NA,0,NA,NA,NA,0,NA,NA,NA,0.166666666666667,NA,NA,NA,1,1,1,0,0,0,0,0,0,0,0,0,1,0,0,0,2,5,3,0,5,0,0,0,3,0,0,0,4,0,0,0,0,0,0,0,0,0,0,0,0,0,0,0,0,0,0,0,0,0,2,0,1,0,0,0,0,0,0,0,1,0,0,0,0.333333333333333,0.166666666666667,0.166666666666667,NA,0,NA,NA,NA,0,NA,NA,NA,0.166666666666667,NA,NA,NA,0.666666666666667,0.833333333333333,0.5,NA,0.833333333333333,NA,NA,NA,1,NA,NA,NA,0.666666666666667,NA,NA,NA,0,0,0,NA,0,NA,NA,NA,0,NA,NA,NA,0,NA,NA,NA,0,0,0.333333333333333,NA,0.166666666666667,NA,NA,NA,0,NA,NA,NA,0.166666666666667,NA,NA,NA
"252",3,3,3,6,6,6,6,0,6,3,0,0,6,0,0,0,0,0,0,0,1,2,1,0,0,1,0,0,3,0,0,0,0,0,0,3,1,1,3,0,0,0,0,0,2,0,0,0,0.0625,0.0625,0.0625,0.125,0.125,0.125,0.125,0,0.125,0.0625,0,0,0.125,0,0,0,0,0,0,0,0.166666666666667,0.333333333333333,0.166666666666667,NA,0,0.333333333333333,NA,NA,0.5,NA,NA,NA,0,0,0,0.5,0.166666666666667,0.166666666666667,0.5,NA,0,0,NA,NA,0.333333333333333,NA,NA,NA,0,0,0,3,1,0,3,0,0,0,0,0,0,0,0,0,3,3,3,3,4,4,2,0,6,2,0,0,3,0,0,0,0,0,0,0,0,1,0,0,0,0,0,0,2,0,0,0,0,0,0,0,1,1,1,0,0,1,0,0,1,0,0,0,0,0,0,0.5,0.166666666666667,0,0.5,NA,0,0,NA,NA,0,NA,NA,NA,1,1,1,0.5,0.666666666666667,0.666666666666667,0.333333333333333,NA,1,0.666666666666667,NA,NA,0.5,NA,NA,NA,0,0,0,0,0,0.166666666666667,0,NA,0,0,NA,NA,0.333333333333333,NA,NA,NA,0,0,0,0,0.166666666666667,0.166666666666667,0.166666666666667,NA,0,0.333333333333333,NA,NA,0.166666666666667,NA,NA,NA
"253",3,3,6,6,0,3,6,3,0,6,6,0,0,3,3,0,0,0,0,1,0,0,1,2,0,1,1,0,0,2,2,0,0,0,1,2,0,0,1,2,0,1,3,0,0,2,1,0,0.0625,0.0625,0.125,0.125,0,0.0625,0.125,0.0625,0,0.125,0.125,0,0,0.0625,0.0625,0,0,0,0,0.166666666666667,NA,0,0.166666666666667,0.666666666666667,NA,0.166666666666667,0.166666666666667,NA,NA,0.666666666666667,0.666666666666667,NA,0,0,0.166666666666667,0.333333333333333,NA,0,0.166666666666667,0.666666666666667,NA,0.166666666666667,0.5,NA,NA,0.666666666666667,0.333333333333333,NA,0,0,1,2,0,0,1,1,0,0,3,0,0,1,0,0,3,3,5,3,0,3,4,0,0,5,2,0,0,0,1,0,0,0,0,0,0,0,0,1,0,1,0,0,0,1,1,0,0,0,0,1,0,0,1,1,0,0,1,0,0,1,1,0,0,0,0.166666666666667,0.333333333333333,NA,0,0.166666666666667,0.333333333333333,NA,0,0.5,NA,NA,0.333333333333333,0,NA,1,1,0.833333333333333,0.5,NA,1,0.666666666666667,0,NA,0.833333333333333,0.333333333333333,NA,NA,0,0.333333333333333,NA,0,0,0,0,NA,0,0,0.333333333333333,NA,0.166666666666667,0,NA,NA,0.333333333333333,0.333333333333333,NA,0,0,0,0.166666666666667,NA,0,0.166666666666667,0.333333333333333,NA,0,0.166666666666667,NA,NA,0.333333333333333,0.333333333333333,NA
"254",3,3,6,3,0,3,0,0,6,6,0,0,0,3,0,0,0,0,1,2,0,0,0,0,1,1,0,0,0,1,0,0,0,0,2,2,0,0,0,0,3,2,0,0,0,3,0,0,0.0909090909090909,0.0909090909090909,0.181818181818182,0.0909090909090909,0,0.0909090909090909,0,0,0.181818181818182,0.181818181818182,0,0,0,0.0909090909090909,0,0,0,0,0.166666666666667,0.666666666666667,NA,0,NA,NA,0.166666666666667,0.166666666666667,NA,NA,NA,0.333333333333333,NA,NA,0,0,0.333333333333333,0.666666666666667,NA,0,NA,NA,0.5,0.333333333333333,NA,NA,NA,1,NA,NA,0,0,2,1,0,0,0,0,3,2,0,0,0,2,0,0,3,3,3,0,0,3,0,0,2,3,0,0,0,0,0,0,0,0,0,1,0,0,0,0,0,0,0,0,0,1,0,0,0,0,1,1,0,0,0,0,1,1,0,0,0,0,0,0,0,0,0.333333333333333,0.333333333333333,NA,0,NA,NA,0.5,0.333333333333333,NA,NA,NA,0.666666666666667,NA,NA,1,1,0.5,0,NA,1,NA,NA,0.333333333333333,0.5,NA,NA,NA,0,NA,NA,0,0,0,0.333333333333333,NA,0,NA,NA,0,0,NA,NA,NA,0.333333333333333,NA,NA,0,0,0.166666666666667,0.333333333333333,NA,0,NA,NA,0.166666666666667,0.166666666666667,NA,NA,NA,0,NA,NA
"255",3,3,3,6,0,3,6,6,3,6,0,0,3,6,0,0,0,0,0,0,0,0,0,1,0,0,0,0,1,2,0,0,0,0,1,2,0,0,4,5,0,1,0,0,1,3,0,0,0.0625,0.0625,0.0625,0.125,0,0.0625,0.125,0.125,0.0625,0.125,0,0,0.0625,0.125,0,0,0,0,0,0,NA,0,0,0.166666666666667,0,0,NA,NA,0.333333333333333,0.333333333333333,NA,NA,0,0,0.333333333333333,0.333333333333333,NA,0,0.666666666666667,0.833333333333333,0,0.166666666666667,NA,NA,0.333333333333333,0.5,NA,NA,0,0,1,2,0,0,4,4,0,1,0,0,1,2,0,0,3,3,2,4,0,3,2,1,3,5,0,0,1,2,0,0,0,0,0,0,0,0,0,1,0,0,0,0,0,1,0,0,0,0,0,0,0,0,0,0,0,0,0,0,1,1,0,0,0,0,0.333333333333333,0.333333333333333,NA,0,0.666666666666667,0.666666666666667,0,0.166666666666667,NA,NA,0.333333333333333,0.333333333333333,NA,NA,1,1,0.666666666666667,0.666666666666667,NA,1,0.333333333333333,0.166666666666667,1,0.833333333333333,NA,NA,0.333333333333333,0.333333333333333,NA,NA,0,0,0,0,NA,0,0,0.166666666666667,0,0,NA,NA,0,0.166666666666667,NA,NA,0,0,0,0,NA,0,0,0,0,0,NA,NA,0.333333333333333,0.166666666666667,NA,NA
"256",6,6,0,0,3,0,0,0,6,0,0,0,3,0,0,0,0,2,0,0,0,0,0,0,0,0,0,0,1,0,0,0,0,0,0,0,0,0,0,0,3,0,0,0,1,0,0,0,0.25,0.25,0,0,0.125,0,0,0,0.25,0,0,0,0.125,0,0,0,0,0.333333333333333,NA,NA,0,NA,NA,NA,0,NA,NA,NA,0.333333333333333,NA,NA,NA,0,0,NA,NA,0,NA,NA,NA,0.5,NA,NA,NA,0.333333333333333,NA,NA,NA,0,0,0,0,0,0,0,0,3,0,0,0,1,0,0,0,6,4,0,0,3,0,0,0,3,0,0,0,1,0,0,0,0,0,0,0,0,0,0,0,0,0,0,0,0,0,0,0,0,2,0,0,0,0,0,0,0,0,0,0,1,0,0,0,0,0,NA,NA,0,NA,NA,NA,0.5,NA,NA,NA,0.333333333333333,NA,NA,NA,1,0.666666666666667,NA,NA,1,NA,NA,NA,0.5,NA,NA,NA,0.333333333333333,NA,NA,NA,0,0,NA,NA,0,NA,NA,NA,0,NA,NA,NA,0,NA,NA,NA,0,0.333333333333333,NA,NA,0,NA,NA,NA,0,NA,NA,NA,0.333333333333333,NA,NA,NA
"257",6,6,6,6,6,6,6,3,3,0,0,0,0,0,0,0,0,1,0,1,0,2,4,1,1,0,0,0,0,0,0,0,0,0,0,2,1,0,1,2,0,0,0,0,0,0,0,0,0.125,0.125,0.125,0.125,0.125,0.125,0.125,0.0625,0.0625,0,0,0,0,0,0,0,0,0.166666666666667,0,0.166666666666667,0,0.333333333333333,0.666666666666667,0.333333333333333,0.333333333333333,NA,NA,NA,NA,NA,NA,NA,0,0,0,0.333333333333333,0.166666666666667,0,0.166666666666667,0.666666666666667,0,NA,NA,NA,NA,NA,NA,NA,0,0,0,2,1,0,1,1,0,0,0,0,0,0,0,0,6,5,6,3,5,4,1,1,2,0,0,0,0,0,0,0,0,0,0,0,0,0,0,1,0,0,0,0,0,0,0,0,0,1,0,1,0,2,4,0,1,0,0,0,0,0,0,0,0,0,0,0.333333333333333,0.166666666666667,0,0.166666666666667,0.333333333333333,0,NA,NA,NA,NA,NA,NA,NA,1,0.833333333333333,1,0.5,0.833333333333333,0.666666666666667,0.166666666666667,0.333333333333333,0.666666666666667,NA,NA,NA,NA,NA,NA,NA,0,0,0,0,0,0,0,0.333333333333333,0,NA,NA,NA,NA,NA,NA,NA,0,0.166666666666667,0,0.166666666666667,0,0.333333333333333,0.666666666666667,0,0.333333333333333,NA,NA,NA,NA,NA,NA,NA
"258",3,3,6,6,0,0,6,6,0,3,6,3,0,6,0,0,0,0,0,1,0,0,1,0,0,0,2,1,0,3,0,0,0,0,1,2,0,0,2,3,0,0,4,2,0,3,0,0,0.0625,0.0625,0.125,0.125,0,0,0.125,0.125,0,0.0625,0.125,0.0625,0,0.125,0,0,0,0,0,0.166666666666667,NA,NA,0.166666666666667,0,NA,0,0.333333333333333,0.333333333333333,NA,0.5,NA,NA,0,0,0.166666666666667,0.333333333333333,NA,NA,0.333333333333333,0.5,NA,0,0.666666666666667,0.666666666666667,NA,0.5,NA,NA,0,0,1,2,0,0,1,3,0,0,2,2,0,1,0,0,3,3,5,3,0,0,4,3,0,3,2,0,0,2,0,0,0,0,0,0,0,0,1,0,0,0,2,0,0,2,0,0,0,0,0,1,0,0,0,0,0,0,0,1,0,1,0,0,0,0,0.166666666666667,0.333333333333333,NA,NA,0.166666666666667,0.5,NA,0,0.333333333333333,0.666666666666667,NA,0.166666666666667,NA,NA,1,1,0.833333333333333,0.5,NA,NA,0.666666666666667,0.5,NA,1,0.333333333333333,0,NA,0.333333333333333,NA,NA,0,0,0,0,NA,NA,0.166666666666667,0,NA,0,0.333333333333333,0,NA,0.333333333333333,NA,NA,0,0,0,0.166666666666667,NA,NA,0,0,NA,0,0,0.333333333333333,NA,0.166666666666667,NA,NA
"259",3,3,3,6,0,6,6,0,3,6,3,0,3,6,0,0,0,0,0,0,0,1,1,0,0,0,1,0,1,2,0,0,0,0,1,3,0,0,2,0,0,0,2,0,0,1,0,0,0.0625,0.0625,0.0625,0.125,0,0.125,0.125,0,0.0625,0.125,0.0625,0,0.0625,0.125,0,0,0,0,0,0,NA,0.166666666666667,0.166666666666667,NA,0,0,0.333333333333333,NA,0.333333333333333,0.333333333333333,NA,NA,0,0,0.333333333333333,0.5,NA,0,0.333333333333333,NA,0,0,0.666666666666667,NA,0,0.166666666666667,NA,NA,0,0,1,3,0,0,1,0,0,0,1,0,0,1,0,0,3,3,2,3,0,5,4,0,3,6,1,0,2,3,0,0,0,0,0,0,0,0,1,0,0,0,1,0,0,0,0,0,0,0,0,0,0,1,0,0,0,0,0,0,1,2,0,0,0,0,0.333333333333333,0.5,NA,0,0.166666666666667,NA,0,0,0.333333333333333,NA,0,0.166666666666667,NA,NA,1,1,0.666666666666667,0.5,NA,0.833333333333333,0.666666666666667,NA,1,1,0.333333333333333,NA,0.666666666666667,0.5,NA,NA,0,0,0,0,NA,0,0.166666666666667,NA,0,0,0.333333333333333,NA,0,0,NA,NA,0,0,0,0,NA,0.166666666666667,0,NA,0,0,0,NA,0.333333333333333,0.333333333333333,NA,NA
"260",3,3,3,6,0,0,6,6,0,3,6,0,6,6,0,0,0,0,0,0,0,0,1,2,0,0,1,0,0,1,0,0,0,0,0,2,0,0,2,5,0,1,4,0,4,2,0,0,0.0625,0.0625,0.0625,0.125,0,0,0.125,0.125,0,0.0625,0.125,0,0.125,0.125,0,0,0,0,0,0,NA,NA,0.166666666666667,0.333333333333333,NA,0,0.166666666666667,NA,0,0.166666666666667,NA,NA,0,0,0,0.333333333333333,NA,NA,0.333333333333333,0.833333333333333,NA,0.333333333333333,0.666666666666667,NA,0.666666666666667,0.333333333333333,NA,NA,0,0,0,2,0,0,1,4,0,1,3,0,4,1,0,0,3,3,3,4,0,0,4,0,0,2,2,0,2,4,0,0,0,0,0,0,0,0,1,1,0,0,1,0,0,1,0,0,0,0,0,0,0,0,0,1,0,0,0,0,0,0,0,0,0,0,0,0.333333333333333,NA,NA,0.166666666666667,0.666666666666667,NA,0.333333333333333,0.5,NA,0.666666666666667,0.166666666666667,NA,NA,1,1,1,0.666666666666667,NA,NA,0.666666666666667,0,NA,0.666666666666667,0.333333333333333,NA,0.333333333333333,0.666666666666667,NA,NA,0,0,0,0,NA,NA,0.166666666666667,0.166666666666667,NA,0,0.166666666666667,NA,0,0.166666666666667,NA,NA,0,0,0,0,NA,NA,0,0.166666666666667,NA,0,0,NA,0,0,NA,NA
"261",3,3,3,6,3,6,6,0,6,0,3,0,6,0,0,0,0,0,0,0,0,2,0,0,0,0,1,0,2,0,0,0,0,1,1,3,1,3,2,0,1,0,3,0,1,0,0,0,0.0666666666666667,0.0666666666666667,0.0666666666666667,0.133333333333333,0.0666666666666667,0.133333333333333,0.133333333333333,0,0.133333333333333,0,0.0666666666666667,0,0.133333333333333,0,0,0,0,0,0,0,0,0.333333333333333,0,NA,0,NA,0.333333333333333,NA,0.333333333333333,NA,NA,NA,0,0.333333333333333,0.333333333333333,0.5,0.333333333333333,0.5,0.333333333333333,NA,0.166666666666667,NA,1,NA,0.166666666666667,NA,NA,NA,0,1,1,3,1,3,2,0,1,0,2,0,1,0,0,0,3,2,2,3,2,1,4,0,5,0,0,0,3,0,0,0,0,0,0,0,0,0,0,0,0,0,1,0,0,0,0,0,0,0,0,0,0,2,0,0,0,0,0,0,2,0,0,0,0,0.333333333333333,0.333333333333333,0.5,0.333333333333333,0.5,0.333333333333333,NA,0.166666666666667,NA,0.666666666666667,NA,0.166666666666667,NA,NA,NA,1,0.666666666666667,0.666666666666667,0.5,0.666666666666667,0.166666666666667,0.666666666666667,NA,0.833333333333333,NA,0,NA,0.5,NA,NA,NA,0,0,0,0,0,0,0,NA,0,NA,0.333333333333333,NA,0,NA,NA,NA,0,0,0,0,0,0.333333333333333,0,NA,0,NA,0,NA,0.333333333333333,NA,NA,NA
"262",3,3,3,6,0,0,6,6,3,3,6,0,3,6,0,0,0,0,0,0,0,0,1,3,0,0,1,0,2,0,0,0,0,0,0,2,0,0,2,4,0,0,4,0,1,5,0,0,0.0625,0.0625,0.0625,0.125,0,0,0.125,0.125,0.0625,0.0625,0.125,0,0.0625,0.125,0,0,0,0,0,0,NA,NA,0.166666666666667,0.5,0,0,0.166666666666667,NA,0.666666666666667,0,NA,NA,0,0,0,0.333333333333333,NA,NA,0.333333333333333,0.666666666666667,0,0,0.666666666666667,NA,0.333333333333333,0.833333333333333,NA,NA,0,0,0,2,0,0,2,2,0,0,3,0,0,5,0,0,3,3,3,4,0,0,3,1,3,3,2,0,1,1,0,0,0,0,0,0,0,0,0,2,0,0,1,0,1,0,0,0,0,0,0,0,0,0,1,1,0,0,0,0,1,0,0,0,0,0,0,0.333333333333333,NA,NA,0.333333333333333,0.333333333333333,0,0,0.5,NA,0,0.833333333333333,NA,NA,1,1,1,0.666666666666667,NA,NA,0.5,0.166666666666667,1,1,0.333333333333333,NA,0.333333333333333,0.166666666666667,NA,NA,0,0,0,0,NA,NA,0,0.333333333333333,0,0,0.166666666666667,NA,0.333333333333333,0,NA,NA,0,0,0,0,NA,NA,0.166666666666667,0.166666666666667,0,0,0,NA,0.333333333333333,0,NA,NA
"263",3,6,6,6,0,3,6,3,0,3,6,0,0,6,0,0,0,0,1,0,0,0,1,2,0,0,2,0,0,2,0,0,0,0,1,2,0,0,0,1,0,1,2,0,0,6,0,0,0.0625,0.125,0.125,0.125,0,0.0625,0.125,0.0625,0,0.0625,0.125,0,0,0.125,0,0,0,0,0.166666666666667,0,NA,0,0.166666666666667,0.666666666666667,NA,0,0.333333333333333,NA,NA,0.333333333333333,NA,NA,0,0,0.166666666666667,0.333333333333333,NA,0,0,0.333333333333333,NA,0.333333333333333,0.333333333333333,NA,NA,1,NA,NA,0,0,1,2,0,0,0,0,0,1,2,0,0,4,0,0,3,6,4,4,0,3,5,1,0,2,2,0,0,0,0,0,0,0,0,0,0,0,0,1,0,0,0,0,0,2,0,0,0,0,1,0,0,0,1,1,0,0,2,0,0,0,0,0,0,0,0.166666666666667,0.333333333333333,NA,0,0,0,NA,0.333333333333333,0.333333333333333,NA,NA,0.666666666666667,NA,NA,1,1,0.666666666666667,0.666666666666667,NA,1,0.833333333333333,0.333333333333333,NA,0.666666666666667,0.333333333333333,NA,NA,0,NA,NA,0,0,0,0,NA,0,0,0.333333333333333,NA,0,0,NA,NA,0.333333333333333,NA,NA,0,0,0.166666666666667,0,NA,0,0.166666666666667,0.333333333333333,NA,0,0.333333333333333,NA,NA,0,NA,NA
"264",3,3,3,6,3,3,6,6,3,6,3,0,0,3,0,0,0,0,0,0,0,0,0,3,1,1,2,0,0,2,0,0,0,0,0,1,0,0,4,4,0,3,2,0,0,3,0,0,0.0625,0.0625,0.0625,0.125,0.0625,0.0625,0.125,0.125,0.0625,0.125,0.0625,0,0,0.0625,0,0,0,0,0,0,0,0,0,0.5,0.333333333333333,0.166666666666667,0.666666666666667,NA,NA,0.666666666666667,NA,NA,0,0,0,0.166666666666667,0,0,0.666666666666667,0.666666666666667,0,0.5,0.666666666666667,NA,NA,1,NA,NA,0,0,0,1,0,0,4,3,0,2,1,0,0,1,0,0,3,3,3,5,3,3,2,0,2,3,0,0,0,0,0,0,0,0,0,0,0,0,0,1,0,1,1,0,0,2,0,0,0,0,0,0,0,0,0,2,1,0,1,0,0,0,0,0,0,0,0,0.166666666666667,0,0,0.666666666666667,0.5,0,0.333333333333333,0.333333333333333,NA,NA,0.333333333333333,NA,NA,1,1,1,0.833333333333333,1,1,0.333333333333333,0,0.666666666666667,0.5,0,NA,NA,0,NA,NA,0,0,0,0,0,0,0,0.166666666666667,0,0.166666666666667,0.333333333333333,NA,NA,0.666666666666667,NA,NA,0,0,0,0,0,0,0,0.333333333333333,0.333333333333333,0,0.333333333333333,NA,NA,0,NA,NA
"265",3,3,3,3,6,6,6,6,3,3,6,0,0,0,0,0,0,0,0,0,2,1,0,0,3,1,3,0,0,0,0,0,0,0,0,0,0,2,0,5,1,0,2,0,0,0,0,0,0.0625,0.0625,0.0625,0.0625,0.125,0.125,0.125,0.125,0.0625,0.0625,0.125,0,0,0,0,0,0,0,0,0,0.333333333333333,0.166666666666667,0,0,1,0.333333333333333,0.5,NA,NA,NA,NA,NA,0,0,0,0,0,0.333333333333333,0,0.833333333333333,0.333333333333333,0,0.333333333333333,NA,NA,NA,NA,NA,0,0,0,0,0,2,0,5,0,0,1,0,0,0,0,0,3,3,3,3,4,3,6,1,0,2,2,0,0,0,0,0,0,0,0,0,0,0,0,0,1,0,1,0,0,0,0,0,0,0,0,0,2,1,0,0,2,1,2,0,0,0,0,0,0,0,0,0,0,0.333333333333333,0,0.833333333333333,0,0,0.166666666666667,NA,NA,NA,NA,NA,1,1,1,1,0.666666666666667,0.5,1,0.166666666666667,0,0.666666666666667,0.333333333333333,NA,NA,NA,NA,NA,0,0,0,0,0,0,0,0,0.333333333333333,0,0.166666666666667,NA,NA,NA,NA,NA,0,0,0,0,0.333333333333333,0.166666666666667,0,0,0.666666666666667,0.333333333333333,0.333333333333333,NA,NA,NA,NA,NA
"266",3,3,3,6,0,6,6,3,3,6,0,0,6,3,0,0,0,0,0,1,0,0,2,2,0,1,0,0,0,1,0,0,0,0,1,2,0,1,2,1,0,1,0,0,1,2,0,0,0.0625,0.0625,0.0625,0.125,0,0.125,0.125,0.0625,0.0625,0.125,0,0,0.125,0.0625,0,0,0,0,0,0.166666666666667,NA,0,0.333333333333333,0.666666666666667,0,0.166666666666667,NA,NA,0,0.333333333333333,NA,NA,0,0,0.333333333333333,0.333333333333333,NA,0.166666666666667,0.333333333333333,0.333333333333333,0,0.166666666666667,NA,NA,0.166666666666667,0.666666666666667,NA,NA,0,0,1,2,0,1,1,0,0,1,0,0,1,1,0,0,3,3,2,3,0,5,3,1,3,4,0,0,5,1,0,0,0,0,0,0,0,0,1,1,0,0,0,0,0,1,0,0,0,0,0,1,0,0,1,1,0,1,0,0,0,0,0,0,0,0,0.333333333333333,0.333333333333333,NA,0.166666666666667,0.166666666666667,0,0,0.166666666666667,NA,NA,0.166666666666667,0.333333333333333,NA,NA,1,1,0.666666666666667,0.5,NA,0.833333333333333,0.5,0.333333333333333,1,0.666666666666667,NA,NA,0.833333333333333,0.333333333333333,NA,NA,0,0,0,0,NA,0,0.166666666666667,0.333333333333333,0,0,NA,NA,0,0.333333333333333,NA,NA,0,0,0,0.166666666666667,NA,0,0.166666666666667,0.333333333333333,0,0.166666666666667,NA,NA,0,0,NA,NA
"267",3,3,3,6,0,0,6,6,3,6,6,0,0,6,0,0,0,0,0,0,0,0,0,3,1,0,1,0,0,4,0,0,0,0,0,1,0,0,1,2,0,2,3,0,0,4,0,0,0.0625,0.0625,0.0625,0.125,0,0,0.125,0.125,0.0625,0.125,0.125,0,0,0.125,0,0,0,0,0,0,NA,NA,0,0.5,0.333333333333333,0,0.166666666666667,NA,NA,0.666666666666667,NA,NA,0,0,0,0.166666666666667,NA,NA,0.166666666666667,0.333333333333333,0,0.333333333333333,0.5,NA,NA,0.666666666666667,NA,NA,0,0,0,1,0,0,1,1,0,2,2,0,0,2,0,0,3,3,3,5,0,0,5,2,2,4,3,0,0,0,0,0,0,0,0,0,0,0,0,1,0,0,1,0,0,2,0,0,0,0,0,0,0,0,0,2,1,0,0,0,0,2,0,0,0,0,0,0.166666666666667,NA,NA,0.166666666666667,0.166666666666667,0,0.333333333333333,0.333333333333333,NA,NA,0.333333333333333,NA,NA,1,1,1,0.833333333333333,NA,NA,0.833333333333333,0.333333333333333,0.666666666666667,0.666666666666667,0.5,NA,NA,0,NA,NA,0,0,0,0,NA,NA,0,0.166666666666667,0,0,0.166666666666667,NA,NA,0.333333333333333,NA,NA,0,0,0,0,NA,NA,0,0.333333333333333,0.333333333333333,0,0,NA,NA,0.333333333333333,NA,NA
"268",6,3,0,0,6,0,0,0,6,0,0,0,0,0,0,0,0,1,0,0,1,0,0,0,2,0,0,0,0,0,0,0,2,0,0,0,1,0,0,0,1,0,0,0,0,0,0,0,0.285714285714286,0.142857142857143,0,0,0.285714285714286,0,0,0,0.285714285714286,0,0,0,0,0,0,0,0,0.333333333333333,NA,NA,0.166666666666667,NA,NA,NA,0.333333333333333,NA,NA,NA,NA,NA,NA,NA,0.333333333333333,0,NA,NA,0.166666666666667,NA,NA,NA,0.166666666666667,NA,NA,NA,NA,NA,NA,NA,2,0,0,0,1,0,0,0,1,0,0,0,0,0,0,0,4,2,0,0,4,0,0,0,3,0,0,0,0,0,0,0,0,0,0,0,0,0,0,0,0,0,0,0,0,0,0,0,0,1,0,0,1,0,0,0,2,0,0,0,0,0,0,0,0.333333333333333,0,NA,NA,0.166666666666667,NA,NA,NA,0.166666666666667,NA,NA,NA,NA,NA,NA,NA,0.666666666666667,0.666666666666667,NA,NA,0.666666666666667,NA,NA,NA,0.5,NA,NA,NA,NA,NA,NA,NA,0,0,NA,NA,0,NA,NA,NA,0,NA,NA,NA,NA,NA,NA,NA,0,0.333333333333333,NA,NA,0.166666666666667,NA,NA,NA,0.333333333333333,NA,NA,NA,NA,NA,NA,NA
"269",3,3,3,6,0,3,6,3,6,6,0,0,3,6,0,0,0,0,0,1,0,0,2,1,1,0,0,0,1,2,0,0,0,0,0,2,0,1,1,2,2,2,0,0,2,2,0,0,0.0625,0.0625,0.0625,0.125,0,0.0625,0.125,0.0625,0.125,0.125,0,0,0.0625,0.125,0,0,0,0,0,0.166666666666667,NA,0,0.333333333333333,0.333333333333333,0.166666666666667,0,NA,NA,0.333333333333333,0.333333333333333,NA,NA,0,0,0,0.333333333333333,NA,0.333333333333333,0.166666666666667,0.666666666666667,0.333333333333333,0.333333333333333,NA,NA,0.666666666666667,0.333333333333333,NA,NA,0,0,0,2,0,1,1,1,2,2,0,0,1,1,0,0,3,3,3,3,0,2,3,1,3,4,0,0,1,3,0,0,0,0,0,0,0,0,0,1,0,0,0,0,1,1,0,0,0,0,0,1,0,0,2,0,1,0,0,0,0,1,0,0,0,0,0,0.333333333333333,NA,0.333333333333333,0.166666666666667,0.333333333333333,0.333333333333333,0.333333333333333,NA,NA,0.333333333333333,0.166666666666667,NA,NA,1,1,1,0.5,NA,0.666666666666667,0.5,0.333333333333333,0.5,0.666666666666667,NA,NA,0.333333333333333,0.5,NA,NA,0,0,0,0,NA,0,0,0.333333333333333,0,0,NA,NA,0.333333333333333,0.166666666666667,NA,NA,0,0,0,0.166666666666667,NA,0,0.333333333333333,0,0.166666666666667,0,NA,NA,0,0.166666666666667,NA,NA
"270",3,3,6,3,6,6,0,0,6,0,0,0,0,0,0,0,0,0,1,1,1,2,0,0,0,0,0,0,0,0,0,0,0,0,2,1,1,1,0,0,3,0,0,0,0,0,0,0,0.0909090909090909,0.0909090909090909,0.181818181818182,0.0909090909090909,0.181818181818182,0.181818181818182,0,0,0.181818181818182,0,0,0,0,0,0,0,0,0,0.166666666666667,0.333333333333333,0.166666666666667,0.333333333333333,NA,NA,0,NA,NA,NA,NA,NA,NA,NA,0,0,0.333333333333333,0.333333333333333,0.166666666666667,0.166666666666667,NA,NA,0.5,NA,NA,NA,NA,NA,NA,NA,0,0,2,0,1,1,0,0,3,0,0,0,0,0,0,0,3,3,3,2,4,3,0,0,3,0,0,0,0,0,0,0,0,0,0,1,0,0,0,0,0,0,0,0,0,0,0,0,0,0,1,0,1,2,0,0,0,0,0,0,0,0,0,0,0,0,0.333333333333333,0,0.166666666666667,0.166666666666667,NA,NA,0.5,NA,NA,NA,NA,NA,NA,NA,1,1,0.5,0.666666666666667,0.666666666666667,0.5,NA,NA,0.5,NA,NA,NA,NA,NA,NA,NA,0,0,0,0.333333333333333,0,0,NA,NA,0,NA,NA,NA,NA,NA,NA,NA,0,0,0.166666666666667,0,0.166666666666667,0.333333333333333,NA,NA,0,NA,NA,NA,NA,NA,NA,NA
"271",6,6,3,3,0,3,3,6,0,6,6,3,0,0,3,0,0,1,0,0,0,0,0,1,0,2,1,3,0,0,1,0,0,2,1,1,0,0,1,3,0,3,4,2,0,0,3,0,0.125,0.125,0.0625,0.0625,0,0.0625,0.0625,0.125,0,0.125,0.125,0.0625,0,0,0.0625,0,0,0.166666666666667,0,0,NA,0,0,0.166666666666667,NA,0.333333333333333,0.166666666666667,1,NA,NA,0.333333333333333,NA,0,0.333333333333333,0.333333333333333,0.333333333333333,NA,0,0.333333333333333,0.5,NA,0.5,0.666666666666667,0.666666666666667,NA,NA,1,NA,0,1,1,1,0,0,1,3,0,3,3,0,0,0,2,0,6,4,2,2,0,3,2,2,0,1,2,0,0,0,0,0,0,1,0,0,0,0,0,0,0,0,1,2,0,0,1,0,0,0,0,0,0,0,0,1,0,2,0,1,0,0,0,0,0,0.166666666666667,0.333333333333333,0.333333333333333,NA,0,0.333333333333333,0.5,NA,0.5,0.5,0,NA,NA,0.666666666666667,NA,1,0.666666666666667,0.666666666666667,0.666666666666667,NA,1,0.666666666666667,0.333333333333333,NA,0.166666666666667,0.333333333333333,0,NA,NA,0,NA,0,0.166666666666667,0,0,NA,0,0,0,NA,0,0.166666666666667,0.666666666666667,NA,NA,0.333333333333333,NA,0,0,0,0,NA,0,0,0.166666666666667,NA,0.333333333333333,0,0.333333333333333,NA,NA,0,NA
"272",3,3,3,6,0,3,6,6,3,6,0,3,6,0,0,0,0,0,0,0,0,0,2,2,0,0,0,1,1,0,0,0,0,0,1,1,0,1,4,3,1,3,0,0,2,0,0,0,0.0625,0.0625,0.0625,0.125,0,0.0625,0.125,0.125,0.0625,0.125,0,0.0625,0.125,0,0,0,0,0,0,0,NA,0,0.333333333333333,0.333333333333333,0,0,NA,0.333333333333333,0.166666666666667,NA,NA,NA,0,0,0.333333333333333,0.166666666666667,NA,0.333333333333333,0.666666666666667,0.5,0.333333333333333,0.5,NA,0,0.333333333333333,NA,NA,NA,0,0,1,1,0,1,2,1,1,3,0,0,1,0,0,0,3,3,2,5,0,2,2,3,2,3,0,2,4,0,0,0,0,0,0,0,0,0,2,2,0,0,0,0,1,0,0,0,0,0,0,0,0,0,0,0,0,0,0,1,0,0,0,0,0,0,0.333333333333333,0.166666666666667,NA,0.333333333333333,0.333333333333333,0.166666666666667,0.333333333333333,0.5,NA,0,0.166666666666667,NA,NA,NA,1,1,0.666666666666667,0.833333333333333,NA,0.666666666666667,0.333333333333333,0.5,0.666666666666667,0.5,NA,0.666666666666667,0.666666666666667,NA,NA,NA,0,0,0,0,NA,0,0.333333333333333,0.333333333333333,0,0,NA,0,0.166666666666667,NA,NA,NA,0,0,0,0,NA,0,0,0,0,0,NA,0.333333333333333,0,NA,NA,NA
"273",3,6,6,3,0,3,0,0,0,3,0,0,6,6,0,0,0,0,1,1,0,0,0,0,0,0,0,0,0,1,0,0,0,2,1,0,0,0,0,0,0,0,0,0,1,4,0,0,0.0833333333333333,0.166666666666667,0.166666666666667,0.0833333333333333,0,0.0833333333333333,0,0,0,0.0833333333333333,0,0,0.166666666666667,0.166666666666667,0,0,0,0,0.166666666666667,0.333333333333333,NA,0,NA,NA,NA,0,NA,NA,0,0.166666666666667,NA,NA,0,0.333333333333333,0.166666666666667,0,NA,0,NA,NA,NA,0,NA,NA,0.166666666666667,0.666666666666667,NA,NA,0,2,1,0,0,0,0,0,0,0,0,0,1,3,0,0,3,4,4,2,0,3,0,0,0,3,0,0,5,2,0,0,0,0,0,0,0,0,0,0,0,0,0,0,0,1,0,0,0,0,1,1,0,0,0,0,0,0,0,0,0,0,0,0,0,0.333333333333333,0.166666666666667,0,NA,0,NA,NA,NA,0,NA,NA,0.166666666666667,0.5,NA,NA,1,0.666666666666667,0.666666666666667,0.666666666666667,NA,1,NA,NA,NA,1,NA,NA,0.833333333333333,0.333333333333333,NA,NA,0,0,0,0,NA,0,NA,NA,NA,0,NA,NA,0,0.166666666666667,NA,NA,0,0,0.166666666666667,0.333333333333333,NA,0,NA,NA,NA,0,NA,NA,0,0,NA,NA
"274",3,6,6,3,3,6,0,0,3,3,0,0,6,0,0,0,0,0,1,1,0,1,0,0,0,1,0,0,0,0,0,0,0,0,0,1,0,2,0,0,1,1,0,0,2,0,0,0,0.0769230769230769,0.153846153846154,0.153846153846154,0.0769230769230769,0.0769230769230769,0.153846153846154,0,0,0.0769230769230769,0.0769230769230769,0,0,0.153846153846154,0,0,0,0,0,0.166666666666667,0.333333333333333,0,0.166666666666667,NA,NA,0,0.333333333333333,NA,NA,0,NA,NA,NA,0,0,0,0.333333333333333,0,0.333333333333333,NA,NA,0.333333333333333,0.333333333333333,NA,NA,0.333333333333333,NA,NA,NA,0,0,0,1,0,1,0,0,1,1,0,0,2,0,0,0,3,6,5,1,3,4,0,0,2,1,0,0,4,0,0,0,0,0,0,0,0,1,0,0,0,0,0,0,0,0,0,0,0,0,1,1,0,0,0,0,0,1,0,0,0,0,0,0,0,0,0,0.333333333333333,0,0.166666666666667,NA,NA,0.333333333333333,0.333333333333333,NA,NA,0.333333333333333,NA,NA,NA,1,1,0.833333333333333,0.333333333333333,1,0.666666666666667,NA,NA,0.666666666666667,0.333333333333333,NA,NA,0.666666666666667,NA,NA,NA,0,0,0,0,0,0.166666666666667,NA,NA,0,0,NA,NA,0,NA,NA,NA,0,0,0.166666666666667,0.333333333333333,0,0,NA,NA,0,0.333333333333333,NA,NA,0,NA,NA,NA
"275",6,6,0,0,3,0,0,0,3,0,0,0,6,0,0,0,0,2,0,0,0,0,0,0,0,0,0,0,0,0,0,0,0,0,0,0,0,0,0,0,1,0,0,0,3,0,0,0,0.25,0.25,0,0,0.125,0,0,0,0.125,0,0,0,0.25,0,0,0,0,0.333333333333333,NA,NA,0,NA,NA,NA,0,NA,NA,NA,0,NA,NA,NA,0,0,NA,NA,0,NA,NA,NA,0.333333333333333,NA,NA,NA,0.5,NA,NA,NA,0,0,0,0,0,0,0,0,1,0,0,0,3,0,0,0,6,4,0,0,3,0,0,0,2,0,0,0,3,0,0,0,0,0,0,0,0,0,0,0,0,0,0,0,0,0,0,0,0,2,0,0,0,0,0,0,0,0,0,0,0,0,0,0,0,0,NA,NA,0,NA,NA,NA,0.333333333333333,NA,NA,NA,0.5,NA,NA,NA,1,0.666666666666667,NA,NA,1,NA,NA,NA,0.666666666666667,NA,NA,NA,0.5,NA,NA,NA,0,0,NA,NA,0,NA,NA,NA,0,NA,NA,NA,0,NA,NA,NA,0,0.333333333333333,NA,NA,0,NA,NA,NA,0,NA,NA,NA,0,NA,NA,NA
"276",3,3,6,6,0,3,6,3,0,6,6,0,0,6,0,0,0,0,0,2,0,0,0,2,0,0,2,0,0,2,0,0,0,0,0,3,0,0,2,2,0,2,3,0,0,4,0,0,0.0625,0.0625,0.125,0.125,0,0.0625,0.125,0.0625,0,0.125,0.125,0,0,0.125,0,0,0,0,0,0.333333333333333,NA,0,0,0.666666666666667,NA,0,0.333333333333333,NA,NA,0.333333333333333,NA,NA,0,0,0,0.5,NA,0,0.333333333333333,0.666666666666667,NA,0.333333333333333,0.5,NA,NA,0.666666666666667,NA,NA,0,0,0,2,0,0,2,0,0,2,2,0,0,3,0,0,3,3,6,2,0,3,4,1,0,4,2,0,0,1,0,0,0,0,0,1,0,0,0,2,0,0,1,0,0,1,0,0,0,0,0,1,0,0,0,0,0,0,1,0,0,1,0,0,0,0,0,0.333333333333333,NA,0,0.333333333333333,0,NA,0.333333333333333,0.333333333333333,NA,NA,0.5,NA,NA,1,1,1,0.333333333333333,NA,1,0.666666666666667,0.333333333333333,NA,0.666666666666667,0.333333333333333,NA,NA,0.166666666666667,NA,NA,0,0,0,0.166666666666667,NA,0,0,0.666666666666667,NA,0,0.166666666666667,NA,NA,0.166666666666667,NA,NA,0,0,0,0.166666666666667,NA,0,0,0,NA,0,0.166666666666667,NA,NA,0.166666666666667,NA,NA
"277",6,6,6,6,3,6,0,0,6,6,0,0,3,0,0,0,0,1,0,2,0,0,0,0,0,2,0,0,2,0,0,0,0,0,1,3,1,2,0,0,0,0,0,0,1,0,0,0,0.125,0.125,0.125,0.125,0.0625,0.125,0,0,0.125,0.125,0,0,0.0625,0,0,0,0,0.166666666666667,0,0.333333333333333,0,0,NA,NA,0,0.333333333333333,NA,NA,0.666666666666667,NA,NA,NA,0,0,0.166666666666667,0.5,0.333333333333333,0.333333333333333,NA,NA,0,0,NA,NA,0.333333333333333,NA,NA,NA,0,0,1,1,1,2,0,0,0,0,0,0,0,0,0,0,6,5,5,3,2,4,0,0,6,4,0,0,1,0,0,0,0,0,0,2,0,0,0,0,0,0,0,0,1,0,0,0,0,1,0,0,0,0,0,0,0,2,0,0,1,0,0,0,0,0,0.166666666666667,0.166666666666667,0.333333333333333,0.333333333333333,NA,NA,0,0,NA,NA,0,NA,NA,NA,1,0.833333333333333,0.833333333333333,0.5,0.666666666666667,0.666666666666667,NA,NA,1,0.666666666666667,NA,NA,0.333333333333333,NA,NA,NA,0,0,0,0.333333333333333,0,0,NA,NA,0,0,NA,NA,0.333333333333333,NA,NA,NA,0,0.166666666666667,0,0,0,0,NA,NA,0,0.333333333333333,NA,NA,0.333333333333333,NA,NA,NA
"278",6,6,3,6,0,3,6,0,0,6,6,0,0,6,0,0,0,1,0,1,0,0,0,0,0,0,2,0,0,3,0,0,1,0,0,3,0,1,1,0,0,0,4,0,0,5,0,0,0.125,0.125,0.0625,0.125,0,0.0625,0.125,0,0,0.125,0.125,0,0,0.125,0,0,0,0.166666666666667,0,0.166666666666667,NA,0,0,NA,NA,0,0.333333333333333,NA,NA,0.5,NA,NA,0.166666666666667,0,0,0.5,NA,0.333333333333333,0.166666666666667,NA,NA,0,0.666666666666667,NA,NA,0.833333333333333,NA,NA,1,0,0,2,0,1,1,0,0,0,3,0,0,2,0,0,5,5,3,3,0,2,5,0,0,6,1,0,0,1,0,0,0,0,0,1,0,0,0,0,0,0,1,0,0,3,0,0,0,1,0,0,0,0,0,0,0,0,1,0,0,0,0,0,0.166666666666667,0,0,0.333333333333333,NA,0.333333333333333,0.166666666666667,NA,NA,0,0.5,NA,NA,0.333333333333333,NA,NA,0.833333333333333,0.833333333333333,1,0.5,NA,0.666666666666667,0.833333333333333,NA,NA,1,0.166666666666667,NA,NA,0.166666666666667,NA,NA,0,0,0,0.166666666666667,NA,0,0,NA,NA,0,0.166666666666667,NA,NA,0.5,NA,NA,0,0.166666666666667,0,0,NA,0,0,NA,NA,0,0.166666666666667,NA,NA,0,NA,NA
"279",3,3,6,0,0,6,0,0,3,6,0,0,6,6,0,0,0,0,1,0,0,0,0,0,0,1,0,0,1,1,0,0,0,0,3,0,0,1,0,0,1,1,0,0,1,3,0,0,0.0769230769230769,0.0769230769230769,0.153846153846154,0,0,0.153846153846154,0,0,0.0769230769230769,0.153846153846154,0,0,0.153846153846154,0.153846153846154,0,0,0,0,0.166666666666667,NA,NA,0,NA,NA,0,0.166666666666667,NA,NA,0.166666666666667,0.166666666666667,NA,NA,0,0,0.5,NA,NA,0.166666666666667,NA,NA,0.333333333333333,0.166666666666667,NA,NA,0.166666666666667,0.5,NA,NA,0,0,2,0,0,1,0,0,1,1,0,0,0,3,0,0,3,3,3,0,0,5,0,0,2,4,0,0,5,2,0,0,0,0,1,0,0,0,0,0,0,0,0,0,1,0,0,0,0,0,0,0,0,0,0,0,0,1,0,0,0,1,0,0,0,0,0.333333333333333,NA,NA,0.166666666666667,NA,NA,0.333333333333333,0.166666666666667,NA,NA,0,0.5,NA,NA,1,1,0.5,NA,NA,0.833333333333333,NA,NA,0.666666666666667,0.666666666666667,NA,NA,0.833333333333333,0.333333333333333,NA,NA,0,0,0.166666666666667,NA,NA,0,NA,NA,0,0,NA,NA,0.166666666666667,0,NA,NA,0,0,0,NA,NA,0,NA,NA,0,0.166666666666667,NA,NA,0,0.166666666666667,NA,NA
"280",3,3,6,6,3,3,0,0,6,3,0,0,3,6,0,0,0,0,0,2,0,0,0,0,1,0,0,0,1,0,0,0,0,0,0,4,0,0,0,0,3,0,0,0,2,5,0,0,0.0714285714285714,0.0714285714285714,0.142857142857143,0.142857142857143,0.0714285714285714,0.0714285714285714,0,0,0.142857142857143,0.0714285714285714,0,0,0.0714285714285714,0.142857142857143,0,0,0,0,0,0.333333333333333,0,0,NA,NA,0.166666666666667,0,NA,NA,0.333333333333333,0,NA,NA,0,0,0,0.666666666666667,0,0,NA,NA,0.5,0,NA,NA,0.666666666666667,0.833333333333333,NA,NA,0,0,0,3,0,0,0,0,2,0,0,0,2,5,0,0,3,3,6,1,3,3,0,0,3,3,0,0,0,1,0,0,0,0,0,1,0,0,0,0,1,0,0,0,0,0,0,0,0,0,0,1,0,0,0,0,0,0,0,0,1,0,0,0,0,0,0,0.5,0,0,NA,NA,0.333333333333333,0,NA,NA,0.666666666666667,0.833333333333333,NA,NA,1,1,1,0.166666666666667,1,1,NA,NA,0.5,1,NA,NA,0,0.166666666666667,NA,NA,0,0,0,0.166666666666667,0,0,NA,NA,0.166666666666667,0,NA,NA,0,0,NA,NA,0,0,0,0.166666666666667,0,0,NA,NA,0,0,NA,NA,0.333333333333333,0,NA,NA
"281",3,3,6,6,3,6,0,0,3,0,0,0,6,0,0,0,0,0,0,2,0,0,0,0,0,0,0,0,0,0,0,0,0,1,2,2,0,3,0,0,0,0,0,0,2,0,0,0,0.0833333333333333,0.0833333333333333,0.166666666666667,0.166666666666667,0.0833333333333333,0.166666666666667,0,0,0.0833333333333333,0,0,0,0.166666666666667,0,0,0,0,0,0,0.333333333333333,0,0,NA,NA,0,NA,NA,NA,0,NA,NA,NA,0,0.333333333333333,0.333333333333333,0.333333333333333,0,0.5,NA,NA,0,NA,NA,NA,0.333333333333333,NA,NA,NA,0,1,2,1,0,3,0,0,0,0,0,0,2,0,0,0,3,2,4,3,3,3,0,0,3,0,0,0,4,0,0,0,0,0,0,1,0,0,0,0,0,0,0,0,0,0,0,0,0,0,0,1,0,0,0,0,0,0,0,0,0,0,0,0,0,0.333333333333333,0.333333333333333,0.166666666666667,0,0.5,NA,NA,0,NA,NA,NA,0.333333333333333,NA,NA,NA,1,0.666666666666667,0.666666666666667,0.5,1,0.5,NA,NA,1,NA,NA,NA,0.666666666666667,NA,NA,NA,0,0,0,0.166666666666667,0,0,NA,NA,0,NA,NA,NA,0,NA,NA,NA,0,0,0,0.166666666666667,0,0,NA,NA,0,NA,NA,NA,0,NA,NA,NA
"282",3,3,6,6,0,3,6,3,3,6,6,0,0,3,0,0,0,0,0,1,0,0,1,2,0,1,1,0,0,1,0,0,0,0,2,2,0,0,1,2,0,2,5,0,0,2,0,0,0.0625,0.0625,0.125,0.125,0,0.0625,0.125,0.0625,0.0625,0.125,0.125,0,0,0.0625,0,0,0,0,0,0.166666666666667,NA,0,0.166666666666667,0.666666666666667,0,0.166666666666667,0.166666666666667,NA,NA,0.333333333333333,NA,NA,0,0,0.333333333333333,0.333333333333333,NA,0,0.166666666666667,0.666666666666667,0,0.333333333333333,0.833333333333333,NA,NA,0.666666666666667,NA,NA,0,0,2,2,0,0,1,1,0,2,4,0,0,2,0,0,3,3,4,3,0,3,4,0,3,3,1,0,0,0,0,0,0,0,0,0,0,0,0,1,0,0,1,0,0,0,0,0,0,0,0,1,0,0,1,1,0,1,0,0,0,1,0,0,0,0,0.333333333333333,0.333333333333333,NA,0,0.166666666666667,0.333333333333333,0,0.333333333333333,0.666666666666667,NA,NA,0.666666666666667,NA,NA,1,1,0.666666666666667,0.5,NA,1,0.666666666666667,0,1,0.5,0.166666666666667,NA,NA,0,NA,NA,0,0,0,0,NA,0,0,0.333333333333333,0,0,0.166666666666667,NA,NA,0,NA,NA,0,0,0,0.166666666666667,NA,0,0.166666666666667,0.333333333333333,0,0.166666666666667,0,NA,NA,0.333333333333333,NA,NA
"283",3,3,6,6,0,3,6,3,3,6,0,0,6,0,0,0,0,0,0,1,0,0,0,1,0,0,0,0,1,0,0,0,0,1,2,2,0,0,3,2,0,4,0,0,3,0,0,0,0.0666666666666667,0.0666666666666667,0.133333333333333,0.133333333333333,0,0.0666666666666667,0.133333333333333,0.0666666666666667,0.0666666666666667,0.133333333333333,0,0,0.133333333333333,0,0,0,0,0,0,0.166666666666667,NA,0,0,0.333333333333333,0,0,NA,NA,0.166666666666667,NA,NA,NA,0,0.333333333333333,0.333333333333333,0.333333333333333,NA,0,0.5,0.666666666666667,0,0.666666666666667,NA,NA,0.5,NA,NA,NA,0,1,2,2,0,0,3,2,0,4,0,0,2,0,0,0,3,2,4,3,0,3,3,0,3,2,0,0,3,0,0,0,0,0,0,0,0,0,0,0,0,0,0,0,1,0,0,0,0,0,0,1,0,0,0,1,0,0,0,0,0,0,0,0,0,0.333333333333333,0.333333333333333,0.333333333333333,NA,0,0.5,0.666666666666667,0,0.666666666666667,NA,NA,0.333333333333333,NA,NA,NA,1,0.666666666666667,0.666666666666667,0.5,NA,1,0.5,0,1,0.333333333333333,NA,NA,0.5,NA,NA,NA,0,0,0,0,NA,0,0,0,0,0,NA,NA,0.166666666666667,NA,NA,NA,0,0,0,0.166666666666667,NA,0,0,0.333333333333333,0,0,NA,NA,0,NA,NA,NA
"284",6,6,3,6,0,3,6,3,0,3,3,0,3,6,0,0,0,1,0,0,0,0,1,2,0,0,1,0,1,1,0,0,0,1,0,2,0,0,1,1,0,1,2,0,0,5,0,0,0.125,0.125,0.0625,0.125,0,0.0625,0.125,0.0625,0,0.0625,0.0625,0,0.0625,0.125,0,0,0,0.166666666666667,0,0,NA,0,0.166666666666667,0.666666666666667,NA,0,0.333333333333333,NA,0.333333333333333,0.166666666666667,NA,NA,0,0.166666666666667,0,0.333333333333333,NA,0,0.166666666666667,0.333333333333333,NA,0.333333333333333,0.666666666666667,NA,0,0.833333333333333,NA,NA,0,1,0,2,0,0,1,1,0,1,2,0,0,4,0,0,6,4,3,4,0,3,4,0,0,2,0,0,2,1,0,0,0,0,0,0,0,0,0,0,0,0,0,0,0,1,0,0,0,1,0,0,0,0,1,2,0,0,1,0,1,0,0,0,0,0.166666666666667,0,0.333333333333333,NA,0,0.166666666666667,0.333333333333333,NA,0.333333333333333,0.666666666666667,NA,0,0.666666666666667,NA,NA,1,0.666666666666667,1,0.666666666666667,NA,1,0.666666666666667,0,NA,0.666666666666667,0,NA,0.666666666666667,0.166666666666667,NA,NA,0,0,0,0,NA,0,0,0,NA,0,0,NA,0,0.166666666666667,NA,NA,0,0.166666666666667,0,0,NA,0,0.166666666666667,0.666666666666667,NA,0,0.333333333333333,NA,0.333333333333333,0,NA,NA
"285",6,6,3,6,3,6,6,6,3,3,0,0,0,0,0,0,0,1,0,0,0,1,2,1,1,1,0,0,0,0,0,0,0,0,0,2,0,0,0,3,1,1,0,0,0,0,0,0,0.125,0.125,0.0625,0.125,0.0625,0.125,0.125,0.125,0.0625,0.0625,0,0,0,0,0,0,0,0.166666666666667,0,0,0,0.166666666666667,0.333333333333333,0.166666666666667,0.333333333333333,0.333333333333333,NA,NA,NA,NA,NA,NA,0,0,0,0.333333333333333,0,0,0,0.5,0.333333333333333,0.333333333333333,NA,NA,NA,NA,NA,NA,0,0,0,2,0,0,0,2,1,1,0,0,0,0,0,0,6,5,3,4,3,5,4,3,1,1,0,0,0,0,0,0,0,0,0,0,0,0,0,1,0,0,0,0,0,0,0,0,0,1,0,0,0,1,2,0,1,1,0,0,0,0,0,0,0,0,0,0.333333333333333,0,0,0,0.333333333333333,0.333333333333333,0.333333333333333,NA,NA,NA,NA,NA,NA,1,0.833333333333333,1,0.666666666666667,1,0.833333333333333,0.666666666666667,0.5,0.333333333333333,0.333333333333333,NA,NA,NA,NA,NA,NA,0,0,0,0,0,0,0,0.166666666666667,0,0,NA,NA,NA,NA,NA,NA,0,0.166666666666667,0,0,0,0.166666666666667,0.333333333333333,0,0.333333333333333,0.333333333333333,NA,NA,NA,NA,NA,NA
"286",3,3,3,6,3,6,6,0,3,0,0,0,6,0,0,0,0,0,0,1,0,3,3,0,0,0,0,0,0,0,0,0,1,1,0,3,0,2,5,0,0,0,0,0,2,0,0,0,0.0769230769230769,0.0769230769230769,0.0769230769230769,0.153846153846154,0.0769230769230769,0.153846153846154,0.153846153846154,0,0.0769230769230769,0,0,0,0.153846153846154,0,0,0,0,0,0,0.166666666666667,0,0.5,0.5,NA,0,NA,NA,NA,0,NA,NA,NA,0.333333333333333,0.333333333333333,0,0.5,0,0.333333333333333,0.833333333333333,NA,0,NA,NA,NA,0.333333333333333,NA,NA,NA,1,1,0,3,0,1,3,0,0,0,0,0,2,0,0,0,2,2,3,2,3,2,0,0,3,0,0,0,4,0,0,0,0,0,0,0,0,1,2,0,0,0,0,0,0,0,0,0,0,0,0,1,0,2,1,0,0,0,0,0,0,0,0,0,0.333333333333333,0.333333333333333,0,0.5,0,0.166666666666667,0.5,NA,0,NA,NA,NA,0.333333333333333,NA,NA,NA,0.666666666666667,0.666666666666667,1,0.333333333333333,1,0.333333333333333,0,NA,1,NA,NA,NA,0.666666666666667,NA,NA,NA,0,0,0,0,0,0.166666666666667,0.333333333333333,NA,0,NA,NA,NA,0,NA,NA,NA,0,0,0,0.166666666666667,0,0.333333333333333,0.166666666666667,NA,0,NA,NA,NA,0,NA,NA,NA
"287",3,3,6,6,0,6,6,6,0,6,6,0,0,0,0,0,0,0,0,0,0,0,0,3,0,2,2,0,0,0,0,0,0,0,2,1,0,2,2,2,0,3,3,0,0,0,0,0,0.0625,0.0625,0.125,0.125,0,0.125,0.125,0.125,0,0.125,0.125,0,0,0,0,0,0,0,0,0,NA,0,0,0.5,NA,0.333333333333333,0.333333333333333,NA,NA,NA,NA,NA,0,0,0.333333333333333,0.166666666666667,NA,0.333333333333333,0.333333333333333,0.333333333333333,NA,0.5,0.5,NA,NA,NA,NA,NA,0,0,2,1,0,2,2,1,0,2,2,0,0,0,0,0,3,3,4,5,0,4,4,2,0,2,2,0,0,0,0,0,0,0,0,0,0,0,0,1,0,1,1,0,0,0,0,0,0,0,0,0,0,0,0,2,0,1,1,0,0,0,0,0,0,0,0.333333333333333,0.166666666666667,NA,0.333333333333333,0.333333333333333,0.166666666666667,NA,0.333333333333333,0.333333333333333,NA,NA,NA,NA,NA,1,1,0.666666666666667,0.833333333333333,NA,0.666666666666667,0.666666666666667,0.333333333333333,NA,0.333333333333333,0.333333333333333,NA,NA,NA,NA,NA,0,0,0,0,NA,0,0,0.166666666666667,NA,0.166666666666667,0.166666666666667,NA,NA,NA,NA,NA,0,0,0,0,NA,0,0,0.333333333333333,NA,0.166666666666667,0.166666666666667,NA,NA,NA,NA,NA
"288",3,3,6,6,0,6,6,3,3,6,6,0,0,0,0,0,0,0,0,1,0,1,1,1,0,1,4,0,0,0,0,0,0,1,1,1,0,0,1,2,0,3,4,0,0,0,0,0,0.0625,0.0625,0.125,0.125,0,0.125,0.125,0.0625,0.0625,0.125,0.125,0,0,0,0,0,0,0,0,0.166666666666667,NA,0.166666666666667,0.166666666666667,0.333333333333333,0,0.166666666666667,0.666666666666667,NA,NA,NA,NA,NA,0,0.333333333333333,0.166666666666667,0.166666666666667,NA,0,0.166666666666667,0.666666666666667,0,0.5,0.666666666666667,NA,NA,NA,NA,NA,0,1,1,1,0,0,1,1,0,2,1,0,0,0,0,0,3,2,5,4,0,5,4,1,3,3,1,0,0,0,0,0,0,0,0,0,0,0,0,1,0,1,3,0,0,0,0,0,0,0,0,1,0,1,1,0,0,0,1,0,0,0,0,0,0,0.333333333333333,0.166666666666667,0.166666666666667,NA,0,0.166666666666667,0.333333333333333,0,0.333333333333333,0.166666666666667,NA,NA,NA,NA,NA,1,0.666666666666667,0.833333333333333,0.666666666666667,NA,0.833333333333333,0.666666666666667,0.333333333333333,1,0.5,0.166666666666667,NA,NA,NA,NA,NA,0,0,0,0,NA,0,0,0.333333333333333,0,0.166666666666667,0.5,NA,NA,NA,NA,NA,0,0,0,0.166666666666667,NA,0.166666666666667,0.166666666666667,0,0,0,0.166666666666667,NA,NA,NA,NA,NA
"289",3,3,3,3,3,6,6,6,6,6,0,0,0,3,0,0,0,0,0,0,0,0,2,0,1,1,0,0,0,1,0,0,0,1,1,0,0,1,0,5,1,2,0,0,0,1,0,0,0.0625,0.0625,0.0625,0.0625,0.0625,0.125,0.125,0.125,0.125,0.125,0,0,0,0.0625,0,0,0,0,0,0,0,0,0.333333333333333,0,0.166666666666667,0.166666666666667,NA,NA,NA,0.333333333333333,NA,NA,0,0.333333333333333,0.333333333333333,0,0,0.166666666666667,0,0.833333333333333,0.166666666666667,0.333333333333333,NA,NA,NA,0.333333333333333,NA,NA,0,1,1,0,0,1,0,5,1,2,0,0,0,1,0,0,3,2,2,3,3,5,4,1,4,3,0,0,0,1,0,0,0,0,0,0,0,0,0,0,0,0,0,0,0,0,0,0,0,0,0,0,0,0,2,0,1,1,0,0,0,1,0,0,0,0.333333333333333,0.333333333333333,0,0,0.166666666666667,0,0.833333333333333,0.166666666666667,0.333333333333333,NA,NA,NA,0.333333333333333,NA,NA,1,0.666666666666667,0.666666666666667,1,1,0.833333333333333,0.666666666666667,0.166666666666667,0.666666666666667,0.5,NA,NA,NA,0.333333333333333,NA,NA,0,0,0,0,0,0,0,0,0,0,NA,NA,NA,0,NA,NA,0,0,0,0,0,0,0.333333333333333,0,0.166666666666667,0.166666666666667,NA,NA,NA,0.333333333333333,NA,NA
"290",3,3,6,0,0,6,0,0,6,6,0,0,6,0,0,0,0,0,0,0,0,0,0,0,0,1,0,0,1,0,0,0,0,0,3,0,0,1,0,0,2,3,0,0,0,0,0,0,0.0833333333333333,0.0833333333333333,0.166666666666667,0,0,0.166666666666667,0,0,0.166666666666667,0.166666666666667,0,0,0.166666666666667,0,0,0,0,0,0,NA,NA,0,NA,NA,0,0.166666666666667,NA,NA,0.166666666666667,NA,NA,NA,0,0,0.5,NA,NA,0.166666666666667,NA,NA,0.333333333333333,0.5,NA,NA,0,NA,NA,NA,0,0,3,0,0,1,0,0,2,2,0,0,0,0,0,0,3,3,3,0,0,5,0,0,4,3,0,0,5,0,0,0,0,0,0,0,0,0,0,0,0,1,0,0,0,0,0,0,0,0,0,0,0,0,0,0,0,0,0,0,1,0,0,0,0,0,0.5,NA,NA,0.166666666666667,NA,NA,0.333333333333333,0.333333333333333,NA,NA,0,NA,NA,NA,1,1,0.5,NA,NA,0.833333333333333,NA,NA,0.666666666666667,0.5,NA,NA,0.833333333333333,NA,NA,NA,0,0,0,NA,NA,0,NA,NA,0,0.166666666666667,NA,NA,0,NA,NA,NA,0,0,0,NA,NA,0,NA,NA,0,0,NA,NA,0.166666666666667,NA,NA,NA
"291",3,3,3,6,0,3,6,6,0,6,6,0,0,6,0,0,0,0,0,0,0,0,0,3,0,1,2,0,0,3,0,0,0,0,0,0,0,0,2,2,0,1,3,0,0,5,0,0,0.0625,0.0625,0.0625,0.125,0,0.0625,0.125,0.125,0,0.125,0.125,0,0,0.125,0,0,0,0,0,0,NA,0,0,0.5,NA,0.166666666666667,0.333333333333333,NA,NA,0.5,NA,NA,0,0,0,0,NA,0,0.333333333333333,0.333333333333333,NA,0.166666666666667,0.5,NA,NA,0.833333333333333,NA,NA,0,0,0,0,0,0,2,1,0,1,3,0,0,2,0,0,3,3,3,6,0,3,4,2,0,4,1,0,0,1,0,0,0,0,0,0,0,0,0,1,0,0,0,0,0,3,0,0,0,0,0,0,0,0,0,2,0,1,2,0,0,0,0,0,0,0,0,0,NA,0,0.333333333333333,0.166666666666667,NA,0.166666666666667,0.5,NA,NA,0.333333333333333,NA,NA,1,1,1,1,NA,1,0.666666666666667,0.333333333333333,NA,0.666666666666667,0.166666666666667,NA,NA,0.166666666666667,NA,NA,0,0,0,0,NA,0,0,0.166666666666667,NA,0,0,NA,NA,0.5,NA,NA,0,0,0,0,NA,0,0,0.333333333333333,NA,0.166666666666667,0.333333333333333,NA,NA,0,NA,NA
"292",6,6,0,0,3,0,0,0,6,0,0,0,3,0,0,0,0,2,0,0,0,0,0,0,1,0,0,0,1,0,0,0,0,1,0,0,1,0,0,0,3,0,0,0,1,0,0,0,0.25,0.25,0,0,0.125,0,0,0,0.25,0,0,0,0.125,0,0,0,0,0.333333333333333,NA,NA,0,NA,NA,NA,0.166666666666667,NA,NA,NA,0.333333333333333,NA,NA,NA,0,0.166666666666667,NA,NA,0.333333333333333,NA,NA,NA,0.5,NA,NA,NA,0.333333333333333,NA,NA,NA,0,1,0,0,1,0,0,0,2,0,0,0,1,0,0,0,6,3,0,0,2,0,0,0,3,0,0,0,1,0,0,0,0,0,0,0,0,0,0,0,1,0,0,0,0,0,0,0,0,2,0,0,0,0,0,0,0,0,0,0,1,0,0,0,0,0.166666666666667,NA,NA,0.333333333333333,NA,NA,NA,0.333333333333333,NA,NA,NA,0.333333333333333,NA,NA,NA,1,0.5,NA,NA,0.666666666666667,NA,NA,NA,0.5,NA,NA,NA,0.333333333333333,NA,NA,NA,0,0,NA,NA,0,NA,NA,NA,0.166666666666667,NA,NA,NA,0,NA,NA,NA,0,0.333333333333333,NA,NA,0,NA,NA,NA,0,NA,NA,NA,0.333333333333333,NA,NA,NA
"293",6,6,3,6,3,6,6,3,6,0,0,0,3,0,0,0,0,1,0,0,0,2,3,1,0,0,0,0,2,0,0,0,0,0,0,3,0,0,3,2,0,0,0,0,0,0,0,0,0.125,0.125,0.0625,0.125,0.0625,0.125,0.125,0.0625,0.125,0,0,0,0.0625,0,0,0,0,0.166666666666667,0,0,0,0.333333333333333,0.5,0.333333333333333,0,NA,NA,NA,0.666666666666667,NA,NA,NA,0,0,0,0.5,0,0,0.5,0.666666666666667,0,NA,NA,NA,0,NA,NA,NA,0,0,0,3,0,0,2,1,0,0,0,0,0,0,0,0,6,5,3,3,3,4,1,1,6,0,0,0,1,0,0,0,0,0,0,0,0,0,1,1,0,0,0,0,0,0,0,0,0,1,0,0,0,2,2,0,0,0,0,0,2,0,0,0,0,0,0,0.5,0,0,0.333333333333333,0.333333333333333,0,NA,NA,NA,0,NA,NA,NA,1,0.833333333333333,1,0.5,1,0.666666666666667,0.166666666666667,0.333333333333333,1,NA,NA,NA,0.333333333333333,NA,NA,NA,0,0,0,0,0,0,0.166666666666667,0.333333333333333,0,NA,NA,NA,0,NA,NA,NA,0,0.166666666666667,0,0,0,0.333333333333333,0.333333333333333,0,0,NA,NA,NA,0.666666666666667,NA,NA,NA
"294",3,3,6,6,6,6,0,0,3,6,0,0,0,0,0,0,0,0,0,2,1,0,0,0,1,2,0,0,0,0,0,0,1,0,0,1,0,1,0,0,1,1,0,0,0,0,0,0,0.0769230769230769,0.0769230769230769,0.153846153846154,0.153846153846154,0.153846153846154,0.153846153846154,0,0,0.0769230769230769,0.153846153846154,0,0,0,0,0,0,0,0,0,0.333333333333333,0.166666666666667,0,NA,NA,0.333333333333333,0.333333333333333,NA,NA,NA,NA,NA,NA,0.333333333333333,0,0,0.166666666666667,0,0.166666666666667,NA,NA,0.333333333333333,0.166666666666667,NA,NA,NA,NA,NA,NA,1,0,0,0,0,1,0,0,1,1,0,0,0,0,0,0,2,3,6,4,5,5,0,0,1,3,0,0,0,0,0,0,0,0,0,1,0,0,0,0,0,0,0,0,0,0,0,0,0,0,0,1,1,0,0,0,1,2,0,0,0,0,0,0,0.333333333333333,0,0,0,0,0.166666666666667,NA,NA,0.333333333333333,0.166666666666667,NA,NA,NA,NA,NA,NA,0.666666666666667,1,1,0.666666666666667,0.833333333333333,0.833333333333333,NA,NA,0.333333333333333,0.5,NA,NA,NA,NA,NA,NA,0,0,0,0.166666666666667,0,0,NA,NA,0,0,NA,NA,NA,NA,NA,NA,0,0,0,0.166666666666667,0.166666666666667,0,NA,NA,0.333333333333333,0.333333333333333,NA,NA,NA,NA,NA,NA
"295",3,3,3,6,0,0,6,3,3,6,6,0,3,6,0,0,0,0,0,0,0,0,0,1,0,0,1,0,1,1,0,0,0,0,0,3,0,0,0,1,0,1,3,0,1,2,0,0,0.0625,0.0625,0.0625,0.125,0,0,0.125,0.0625,0.0625,0.125,0.125,0,0.0625,0.125,0,0,0,0,0,0,NA,NA,0,0.333333333333333,0,0,0.166666666666667,NA,0.333333333333333,0.166666666666667,NA,NA,0,0,0,0.5,NA,NA,0,0.333333333333333,0,0.166666666666667,0.5,NA,0.333333333333333,0.333333333333333,NA,NA,0,0,0,3,0,0,0,0,0,1,3,0,1,1,0,0,3,3,3,3,0,0,6,2,3,5,2,0,1,4,0,0,0,0,0,0,0,0,0,1,0,0,0,0,0,1,0,0,0,0,0,0,0,0,0,0,0,0,1,0,1,0,0,0,0,0,0,0.5,NA,NA,0,0,0,0.166666666666667,0.5,NA,0.333333333333333,0.166666666666667,NA,NA,1,1,1,0.5,NA,NA,1,0.666666666666667,1,0.833333333333333,0.333333333333333,NA,0.333333333333333,0.666666666666667,NA,NA,0,0,0,0,NA,NA,0,0.333333333333333,0,0,0,NA,0,0.166666666666667,NA,NA,0,0,0,0,NA,NA,0,0,0,0,0.166666666666667,NA,0.333333333333333,0,NA,NA
"296",3,3,3,6,6,6,6,3,6,3,0,0,0,0,0,0,0,0,0,0,0,1,2,1,1,1,0,0,0,0,0,0,0,0,0,3,1,2,2,2,4,1,0,0,0,0,0,0,0.0666666666666667,0.0666666666666667,0.0666666666666667,0.133333333333333,0.133333333333333,0.133333333333333,0.133333333333333,0.0666666666666667,0.133333333333333,0.0666666666666667,0,0,0,0,0,0,0,0,0,0,0,0.166666666666667,0.333333333333333,0.333333333333333,0.166666666666667,0.333333333333333,NA,NA,NA,NA,NA,NA,0,0,0,0.5,0.166666666666667,0.333333333333333,0.333333333333333,0.666666666666667,0.666666666666667,0.333333333333333,NA,NA,NA,NA,NA,NA,0,0,0,3,1,1,1,1,4,0,0,0,0,0,0,0,3,3,3,3,5,4,3,1,1,2,0,0,0,0,0,0,0,0,0,0,0,1,1,1,0,1,0,0,0,0,0,0,0,0,0,0,0,0,1,0,1,0,0,0,0,0,0,0,0,0,0,0.5,0.166666666666667,0.166666666666667,0.166666666666667,0.333333333333333,0.666666666666667,0,NA,NA,NA,NA,NA,NA,1,1,1,0.5,0.833333333333333,0.666666666666667,0.5,0.333333333333333,0.166666666666667,0.666666666666667,NA,NA,NA,NA,NA,NA,0,0,0,0,0,0.166666666666667,0.166666666666667,0.333333333333333,0,0.333333333333333,NA,NA,NA,NA,NA,NA,0,0,0,0,0,0,0.166666666666667,0,0.166666666666667,0,NA,NA,NA,NA,NA,NA
"297",3,3,3,6,3,6,6,6,6,0,0,0,6,0,0,0,0,0,0,0,0,0,2,3,0,0,0,0,3,0,0,0,0,0,1,1,0,4,1,4,2,0,0,0,3,0,0,0,0.0625,0.0625,0.0625,0.125,0.0625,0.125,0.125,0.125,0.125,0,0,0,0.125,0,0,0,0,0,0,0,0,0,0.333333333333333,0.5,0,NA,NA,NA,0.5,NA,NA,NA,0,0,0.333333333333333,0.166666666666667,0,0.666666666666667,0.166666666666667,0.666666666666667,0.333333333333333,NA,NA,NA,0.5,NA,NA,NA,0,0,1,1,0,4,1,2,2,0,0,0,1,0,0,0,3,3,2,5,3,2,3,1,4,0,0,0,2,0,0,0,0,0,0,0,0,0,0,2,0,0,0,0,2,0,0,0,0,0,0,0,0,0,2,1,0,0,0,0,1,0,0,0,0,0,0.333333333333333,0.166666666666667,0,0.666666666666667,0.166666666666667,0.333333333333333,0.333333333333333,NA,NA,NA,0.166666666666667,NA,NA,NA,1,1,0.666666666666667,0.833333333333333,1,0.333333333333333,0.5,0.166666666666667,0.666666666666667,NA,NA,NA,0.333333333333333,NA,NA,NA,0,0,0,0,0,0,0,0.333333333333333,0,NA,NA,NA,0.333333333333333,NA,NA,NA,0,0,0,0,0,0,0.333333333333333,0.166666666666667,0,NA,NA,NA,0.166666666666667,NA,NA,NA
"298",3,6,6,3,3,6,0,0,6,6,0,0,3,6,0,0,0,0,1,1,0,1,0,0,1,1,0,0,0,2,0,0,0,0,1,0,0,2,0,0,0,1,0,0,2,3,0,0,0.0625,0.125,0.125,0.0625,0.0625,0.125,0,0,0.125,0.125,0,0,0.0625,0.125,0,0,0,0,0.166666666666667,0.333333333333333,0,0.166666666666667,NA,NA,0.166666666666667,0.166666666666667,NA,NA,0,0.333333333333333,NA,NA,0,0,0.166666666666667,0,0,0.333333333333333,NA,NA,0,0.166666666666667,NA,NA,0.666666666666667,0.5,NA,NA,0,0,1,0,0,2,0,0,0,1,0,0,2,2,0,0,3,6,4,2,3,3,0,0,5,4,0,0,1,2,0,0,0,0,0,0,0,0,0,0,0,0,0,0,0,1,0,0,0,0,1,1,0,1,0,0,1,1,0,0,0,1,0,0,0,0,0.166666666666667,0,0,0.333333333333333,NA,NA,0,0.166666666666667,NA,NA,0.666666666666667,0.333333333333333,NA,NA,1,1,0.666666666666667,0.666666666666667,1,0.5,NA,NA,0.833333333333333,0.666666666666667,NA,NA,0.333333333333333,0.333333333333333,NA,NA,0,0,0,0,0,0,NA,NA,0,0,NA,NA,0,0.166666666666667,NA,NA,0,0,0.166666666666667,0.333333333333333,0,0.166666666666667,NA,NA,0.166666666666667,0.166666666666667,NA,NA,0,0.166666666666667,NA,NA
"299",3,3,6,0,3,6,0,0,3,3,0,0,6,0,0,0,0,0,0,0,0,1,0,0,0,1,0,0,1,0,0,0,0,1,4,0,0,2,0,0,1,2,0,0,4,0,0,0,0.0909090909090909,0.0909090909090909,0.181818181818182,0,0.0909090909090909,0.181818181818182,0,0,0.0909090909090909,0.0909090909090909,0,0,0.181818181818182,0,0,0,0,0,0,NA,0,0.166666666666667,NA,NA,0,0.333333333333333,NA,NA,0.166666666666667,NA,NA,NA,0,0.333333333333333,0.666666666666667,NA,0,0.333333333333333,NA,NA,0.333333333333333,0.666666666666667,NA,NA,0.666666666666667,NA,NA,NA,0,1,4,0,0,1,0,0,1,1,0,0,3,0,0,0,3,2,2,0,3,4,0,0,2,1,0,0,2,0,0,0,0,0,0,0,0,1,0,0,0,1,0,0,1,0,0,0,0,0,0,0,0,0,0,0,0,0,0,0,0,0,0,0,0,0.333333333333333,0.666666666666667,NA,0,0.166666666666667,NA,NA,0.333333333333333,0.333333333333333,NA,NA,0.5,NA,NA,NA,1,0.666666666666667,0.333333333333333,NA,1,0.666666666666667,NA,NA,0.666666666666667,0.333333333333333,NA,NA,0.333333333333333,NA,NA,NA,0,0,0,NA,0,0.166666666666667,NA,NA,0,0.333333333333333,NA,NA,0.166666666666667,NA,NA,NA,0,0,0,NA,0,0,NA,NA,0,0,NA,NA,0,NA,NA,NA
"300",3,3,3,6,0,3,6,0,6,6,0,0,6,6,0,0,0,0,0,0,0,0,1,0,0,0,0,0,1,1,0,0,0,0,0,6,0,0,4,0,1,2,0,0,2,2,0,0,0.0625,0.0625,0.0625,0.125,0,0.0625,0.125,0,0.125,0.125,0,0,0.125,0.125,0,0,0,0,0,0,NA,0,0.166666666666667,NA,0,0,NA,NA,0.166666666666667,0.166666666666667,NA,NA,0,0,0,1,NA,0,0.666666666666667,NA,0.166666666666667,0.333333333333333,NA,NA,0.333333333333333,0.333333333333333,NA,NA,0,0,0,6,0,0,4,0,1,2,0,0,1,2,0,0,3,3,3,0,0,3,1,0,5,4,0,0,4,3,0,0,0,0,0,0,0,0,0,0,0,0,0,0,1,0,0,0,0,0,0,0,0,0,1,0,0,0,0,0,0,1,0,0,0,0,0,1,NA,0,0.666666666666667,NA,0.166666666666667,0.333333333333333,NA,NA,0.166666666666667,0.333333333333333,NA,NA,1,1,1,0,NA,1,0.166666666666667,NA,0.833333333333333,0.666666666666667,NA,NA,0.666666666666667,0.5,NA,NA,0,0,0,0,NA,0,0,NA,0,0,NA,NA,0.166666666666667,0,NA,NA,0,0,0,0,NA,0,0.166666666666667,NA,0,0,NA,NA,0,0.166666666666667,NA,NA
"301",6,3,0,0,6,0,0,0,0,0,0,0,0,0,0,0,1,1,0,0,2,0,0,0,0,0,0,0,0,0,0,0,0,1,0,0,0,0,0,0,0,0,0,0,0,0,0,0,0.4,0.2,0,0,0.4,0,0,0,0,0,0,0,0,0,0,0,0.166666666666667,0.333333333333333,NA,NA,0.333333333333333,NA,NA,NA,NA,NA,NA,NA,NA,NA,NA,NA,0,0.333333333333333,NA,NA,0,NA,NA,NA,NA,NA,NA,NA,NA,NA,NA,NA,0,1,0,0,0,0,0,0,0,0,0,0,0,0,0,0,5,1,0,0,4,0,0,0,0,0,0,0,0,0,0,0,0,0,0,0,0,0,0,0,0,0,0,0,0,0,0,0,1,1,0,0,2,0,0,0,0,0,0,0,0,0,0,0,0,0.333333333333333,NA,NA,0,NA,NA,NA,NA,NA,NA,NA,NA,NA,NA,NA,0.833333333333333,0.333333333333333,NA,NA,0.666666666666667,NA,NA,NA,NA,NA,NA,NA,NA,NA,NA,NA,0,0,NA,NA,0,NA,NA,NA,NA,NA,NA,NA,NA,NA,NA,NA,0.166666666666667,0.333333333333333,NA,NA,0.333333333333333,NA,NA,NA,NA,NA,NA,NA,NA,NA,NA,NA
"302",3,3,6,6,0,6,6,3,0,6,6,0,0,3,0,0,0,0,0,1,0,1,0,2,0,0,2,0,0,2,0,0,1,1,1,1,0,1,1,3,0,2,3,0,0,2,0,0,0.0625,0.0625,0.125,0.125,0,0.125,0.125,0.0625,0,0.125,0.125,0,0,0.0625,0,0,0,0,0,0.166666666666667,NA,0.166666666666667,0,0.666666666666667,NA,0,0.333333333333333,NA,NA,0.666666666666667,NA,NA,0.333333333333333,0.333333333333333,0.166666666666667,0.166666666666667,NA,0.166666666666667,0.166666666666667,1,NA,0.333333333333333,0.5,NA,NA,0.666666666666667,NA,NA,1,1,1,0,0,1,1,1,0,2,2,0,0,1,0,0,2,2,5,5,0,4,5,0,0,4,2,0,0,0,0,0,0,0,0,1,0,0,0,2,0,0,1,0,0,1,0,0,0,0,0,0,0,1,0,0,0,0,1,0,0,1,0,0,0.333333333333333,0.333333333333333,0.166666666666667,0,NA,0.166666666666667,0.166666666666667,0.333333333333333,NA,0.333333333333333,0.333333333333333,NA,NA,0.333333333333333,NA,NA,0.666666666666667,0.666666666666667,0.833333333333333,0.833333333333333,NA,0.666666666666667,0.833333333333333,0,NA,0.666666666666667,0.333333333333333,NA,NA,0,NA,NA,0,0,0,0.166666666666667,NA,0,0,0.666666666666667,NA,0,0.166666666666667,NA,NA,0.333333333333333,NA,NA,0,0,0,0,NA,0.166666666666667,0,0,NA,0,0.166666666666667,NA,NA,0.333333333333333,NA,NA
"303",3,3,3,6,3,6,6,6,6,0,0,0,3,0,0,0,0,0,0,0,0,1,2,4,0,0,0,0,1,0,0,0,1,0,1,0,0,3,3,3,3,0,0,0,1,0,0,0,0.0666666666666667,0.0666666666666667,0.0666666666666667,0.133333333333333,0.0666666666666667,0.133333333333333,0.133333333333333,0.133333333333333,0.133333333333333,0,0,0,0.0666666666666667,0,0,0,0,0,0,0,0,0.166666666666667,0.333333333333333,0.666666666666667,0,NA,NA,NA,0.333333333333333,NA,NA,NA,0.333333333333333,0,0.333333333333333,0,0,0.5,0.5,0.5,0.5,NA,NA,NA,0.333333333333333,NA,NA,NA,1,0,1,0,0,3,2,1,3,0,0,0,0,0,0,0,2,3,2,6,3,2,2,1,3,0,0,0,2,0,0,0,0,0,0,0,0,0,1,2,0,0,0,0,1,0,0,0,0,0,0,0,0,1,1,2,0,0,0,0,0,0,0,0,0.333333333333333,0,0.333333333333333,0,0,0.5,0.333333333333333,0.166666666666667,0.5,NA,NA,NA,0,NA,NA,NA,0.666666666666667,1,0.666666666666667,1,1,0.333333333333333,0.333333333333333,0.166666666666667,0.5,NA,NA,NA,0.666666666666667,NA,NA,NA,0,0,0,0,0,0,0.166666666666667,0.333333333333333,0,NA,NA,NA,0.333333333333333,NA,NA,NA,0,0,0,0,0,0.166666666666667,0.166666666666667,0.333333333333333,0,NA,NA,NA,0,NA,NA,NA
"304",3,3,3,6,0,0,6,6,3,6,6,0,3,3,0,0,0,0,0,1,0,0,0,3,0,1,2,0,0,2,0,0,0,0,0,0,0,0,2,5,1,2,4,0,2,3,0,0,0.0625,0.0625,0.0625,0.125,0,0,0.125,0.125,0.0625,0.125,0.125,0,0.0625,0.0625,0,0,0,0,0,0.166666666666667,NA,NA,0,0.5,0,0.166666666666667,0.333333333333333,NA,0,0.666666666666667,NA,NA,0,0,0,0,NA,NA,0.333333333333333,0.833333333333333,0.333333333333333,0.333333333333333,0.666666666666667,NA,0.666666666666667,1,NA,NA,0,0,0,0,0,0,2,2,1,2,3,0,2,1,0,0,3,3,3,5,0,0,4,1,2,3,1,0,1,0,0,0,0,0,0,0,0,0,0,3,0,0,1,0,0,2,0,0,0,0,0,1,0,0,0,0,0,1,1,0,0,0,0,0,0,0,0,0,NA,NA,0.333333333333333,0.333333333333333,0.333333333333333,0.333333333333333,0.5,NA,0.666666666666667,0.333333333333333,NA,NA,1,1,1,0.833333333333333,NA,NA,0.666666666666667,0.166666666666667,0.666666666666667,0.5,0.166666666666667,NA,0.333333333333333,0,NA,NA,0,0,0,0,NA,NA,0,0.5,0,0,0.166666666666667,NA,0,0.666666666666667,NA,NA,0,0,0,0.166666666666667,NA,NA,0,0,0,0.166666666666667,0.166666666666667,NA,0,0,NA,NA
"305",3,6,3,0,6,0,0,0,0,0,0,0,0,0,0,0,0,1,1,0,2,0,0,0,0,0,0,0,0,0,0,0,0,0,0,0,0,0,0,0,0,0,0,0,0,0,0,0,0.166666666666667,0.333333333333333,0.166666666666667,0,0.333333333333333,0,0,0,0,0,0,0,0,0,0,0,0,0.166666666666667,0.333333333333333,NA,0.333333333333333,NA,NA,NA,NA,NA,NA,NA,NA,NA,NA,NA,0,0,0,NA,0,NA,NA,NA,NA,NA,NA,NA,NA,NA,NA,NA,0,0,0,0,0,0,0,0,0,0,0,0,0,0,0,0,3,5,2,0,4,0,0,0,0,0,0,0,0,0,0,0,0,0,0,0,0,0,0,0,0,0,0,0,0,0,0,0,0,1,1,0,2,0,0,0,0,0,0,0,0,0,0,0,0,0,0,NA,0,NA,NA,NA,NA,NA,NA,NA,NA,NA,NA,NA,1,0.833333333333333,0.666666666666667,NA,0.666666666666667,NA,NA,NA,NA,NA,NA,NA,NA,NA,NA,NA,0,0,0,NA,0,NA,NA,NA,NA,NA,NA,NA,NA,NA,NA,NA,0,0.166666666666667,0.333333333333333,NA,0.333333333333333,NA,NA,NA,NA,NA,NA,NA,NA,NA,NA,NA
"306",3,3,6,0,3,3,0,0,6,6,0,0,3,6,0,0,0,0,0,0,0,0,0,0,1,0,0,0,1,0,0,0,1,0,3,0,0,1,0,0,2,2,0,0,1,0,0,0,0.0769230769230769,0.0769230769230769,0.153846153846154,0,0.0769230769230769,0.0769230769230769,0,0,0.153846153846154,0.153846153846154,0,0,0.0769230769230769,0.153846153846154,0,0,0,0,0,NA,0,0,NA,NA,0.166666666666667,0,NA,NA,0.333333333333333,0,NA,NA,0.333333333333333,0,0.5,NA,0,0.333333333333333,NA,NA,0.333333333333333,0.333333333333333,NA,NA,0.333333333333333,0,NA,NA,1,0,3,0,0,1,0,0,2,2,0,0,0,0,0,0,2,3,3,0,3,2,0,0,3,4,0,0,2,6,0,0,0,0,0,0,0,0,0,0,0,0,0,0,1,0,0,0,0,0,0,0,0,0,0,0,1,0,0,0,0,0,0,0,0.333333333333333,0,0.5,NA,0,0.333333333333333,NA,NA,0.333333333333333,0.333333333333333,NA,NA,0,0,NA,NA,0.666666666666667,1,0.5,NA,1,0.666666666666667,NA,NA,0.5,0.666666666666667,NA,NA,0.666666666666667,1,NA,NA,0,0,0,NA,0,0,NA,NA,0,0,NA,NA,0.333333333333333,0,NA,NA,0,0,0,NA,0,0,NA,NA,0.166666666666667,0,NA,NA,0,0,NA,NA
"307",3,3,3,6,0,6,6,6,0,6,6,0,0,3,0,0,0,0,0,0,0,0,0,3,0,1,2,0,0,0,0,0,0,1,1,1,0,1,0,3,0,2,4,0,0,2,0,0,0.0625,0.0625,0.0625,0.125,0,0.125,0.125,0.125,0,0.125,0.125,0,0,0.0625,0,0,0,0,0,0,NA,0,0,0.5,NA,0.166666666666667,0.333333333333333,NA,NA,0,NA,NA,0,0.333333333333333,0.333333333333333,0.166666666666667,NA,0.166666666666667,0,0.5,NA,0.333333333333333,0.666666666666667,NA,NA,0.666666666666667,NA,NA,0,1,1,1,0,1,0,3,0,2,2,0,0,2,0,0,3,2,2,5,0,5,6,0,0,3,2,0,0,1,0,0,0,0,0,0,0,0,0,0,0,0,2,0,0,0,0,0,0,0,0,0,0,0,0,3,0,1,0,0,0,0,0,0,0,0.333333333333333,0.333333333333333,0.166666666666667,NA,0.166666666666667,0,0.5,NA,0.333333333333333,0.333333333333333,NA,NA,0.666666666666667,NA,NA,1,0.666666666666667,0.666666666666667,0.833333333333333,NA,0.833333333333333,1,0,NA,0.5,0.333333333333333,NA,NA,0.333333333333333,NA,NA,0,0,0,0,NA,0,0,0,NA,0,0.333333333333333,NA,NA,0,NA,NA,0,0,0,0,NA,0,0,0.5,NA,0.166666666666667,0,NA,NA,0,NA,NA
"308",3,3,6,6,0,3,6,6,0,6,0,3,0,6,0,0,0,0,0,1,0,0,2,0,0,0,0,1,0,1,0,0,0,0,0,0,0,1,2,3,0,2,0,2,0,2,0,0,0.0625,0.0625,0.125,0.125,0,0.0625,0.125,0.125,0,0.125,0,0.0625,0,0.125,0,0,0,0,0,0.166666666666667,NA,0,0.333333333333333,0,NA,0,NA,0.333333333333333,NA,0.166666666666667,NA,NA,0,0,0,0,NA,0.333333333333333,0.333333333333333,0.5,NA,0.333333333333333,NA,0.666666666666667,NA,0.333333333333333,NA,NA,0,0,0,0,0,1,1,3,0,2,0,2,0,2,0,0,3,3,6,5,0,2,3,3,0,4,0,0,0,3,0,0,0,0,0,0,0,0,1,0,0,0,0,0,0,0,0,0,0,0,0,1,0,0,1,0,0,0,0,1,0,1,0,0,0,0,0,0,NA,0.333333333333333,0.166666666666667,0.5,NA,0.333333333333333,NA,0.666666666666667,NA,0.333333333333333,NA,NA,1,1,1,0.833333333333333,NA,0.666666666666667,0.5,0.5,NA,0.666666666666667,NA,0,NA,0.5,NA,NA,0,0,0,0,NA,0,0.166666666666667,0,NA,0,NA,0,NA,0,NA,NA,0,0,0,0.166666666666667,NA,0,0.166666666666667,0,NA,0,NA,0.333333333333333,NA,0.166666666666667,NA,NA
"309",3,3,3,6,6,6,6,0,6,0,0,0,0,0,0,0,0,0,0,0,0,2,2,0,2,0,0,0,0,0,0,0,0,0,0,3,0,1,3,0,2,0,0,0,0,0,0,0,0.0769230769230769,0.0769230769230769,0.0769230769230769,0.153846153846154,0.153846153846154,0.153846153846154,0.153846153846154,0,0.153846153846154,0,0,0,0,0,0,0,0,0,0,0,0,0.333333333333333,0.333333333333333,NA,0.333333333333333,NA,NA,NA,NA,NA,NA,NA,0,0,0,0.5,0,0.166666666666667,0.5,NA,0.333333333333333,NA,NA,NA,NA,NA,NA,NA,0,0,0,3,0,0,2,0,2,0,0,0,0,0,0,0,3,3,3,3,6,4,2,0,2,0,0,0,0,0,0,0,0,0,0,0,0,1,1,0,0,0,0,0,0,0,0,0,0,0,0,0,0,1,1,0,2,0,0,0,0,0,0,0,0,0,0,0.5,0,0,0.333333333333333,NA,0.333333333333333,NA,NA,NA,NA,NA,NA,NA,1,1,1,0.5,1,0.666666666666667,0.333333333333333,NA,0.333333333333333,NA,NA,NA,NA,NA,NA,NA,0,0,0,0,0,0.166666666666667,0.166666666666667,NA,0,NA,NA,NA,NA,NA,NA,NA,0,0,0,0,0,0.166666666666667,0.166666666666667,NA,0.333333333333333,NA,NA,NA,NA,NA,NA,NA
"310",3,3,3,6,3,6,6,3,3,6,6,0,0,0,0,0,0,0,0,0,0,0,0,1,1,2,2,0,0,0,0,0,0,0,1,2,0,2,0,2,0,0,3,0,0,0,0,0,0.0625,0.0625,0.0625,0.125,0.0625,0.125,0.125,0.0625,0.0625,0.125,0.125,0,0,0,0,0,0,0,0,0,0,0,0,0.333333333333333,0.333333333333333,0.333333333333333,0.333333333333333,NA,NA,NA,NA,NA,0,0,0.333333333333333,0.333333333333333,0,0.333333333333333,0,0.666666666666667,0,0,0.5,NA,NA,NA,NA,NA,0,0,1,2,0,2,0,2,0,0,1,0,0,0,0,0,3,3,2,4,3,4,6,0,2,4,3,0,0,0,0,0,0,0,0,0,0,0,0,0,0,0,2,0,0,0,0,0,0,0,0,0,0,0,0,1,1,2,0,0,0,0,0,0,0,0,0.333333333333333,0.333333333333333,0,0.333333333333333,0,0.666666666666667,0,0,0.166666666666667,NA,NA,NA,NA,NA,1,1,0.666666666666667,0.666666666666667,1,0.666666666666667,1,0,0.666666666666667,0.666666666666667,0.5,NA,NA,NA,NA,NA,0,0,0,0,0,0,0,0,0,0,0.333333333333333,NA,NA,NA,NA,NA,0,0,0,0,0,0,0,0.333333333333333,0.333333333333333,0.333333333333333,0,NA,NA,NA,NA,NA
"311",3,3,6,3,0,3,6,6,0,6,0,0,6,6,0,0,0,0,0,0,0,0,1,1,0,0,0,0,1,2,0,0,0,0,2,1,0,0,3,4,0,1,0,0,0,4,0,0,0.0625,0.0625,0.125,0.0625,0,0.0625,0.125,0.125,0,0.125,0,0,0.125,0.125,0,0,0,0,0,0,NA,0,0.166666666666667,0.166666666666667,NA,0,NA,NA,0.166666666666667,0.333333333333333,NA,NA,0,0,0.333333333333333,0.333333333333333,NA,0,0.5,0.666666666666667,NA,0.166666666666667,NA,NA,0,0.666666666666667,NA,NA,0,0,2,1,0,0,3,3,0,1,0,0,0,2,0,0,3,3,4,2,0,3,2,2,0,5,0,0,5,2,0,0,0,0,0,0,0,0,0,1,0,0,0,0,0,2,0,0,0,0,0,0,0,0,1,0,0,0,0,0,1,0,0,0,0,0,0.333333333333333,0.333333333333333,NA,0,0.5,0.5,NA,0.166666666666667,NA,NA,0,0.333333333333333,NA,NA,1,1,0.666666666666667,0.666666666666667,NA,1,0.333333333333333,0.333333333333333,NA,0.833333333333333,NA,NA,0.833333333333333,0.333333333333333,NA,NA,0,0,0,0,NA,0,0,0.166666666666667,NA,0,NA,NA,0,0.333333333333333,NA,NA,0,0,0,0,NA,0,0.166666666666667,0,NA,0,NA,NA,0.166666666666667,0,NA,NA
"312",3,6,3,0,3,0,0,0,6,0,0,0,6,0,0,0,0,1,1,0,0,0,0,0,1,0,0,0,3,0,0,0,1,0,1,0,0,0,0,0,1,0,0,0,1,0,0,0,0.111111111111111,0.222222222222222,0.111111111111111,0,0.111111111111111,0,0,0,0.222222222222222,0,0,0,0.222222222222222,0,0,0,0,0.166666666666667,0.333333333333333,NA,0,NA,NA,NA,0.166666666666667,NA,NA,NA,0.5,NA,NA,NA,0.333333333333333,0,0.333333333333333,NA,0,NA,NA,NA,0.166666666666667,NA,NA,NA,0.166666666666667,NA,NA,NA,1,0,1,0,0,0,0,0,0,0,0,0,0,0,0,0,2,5,1,0,3,0,0,0,5,0,0,0,3,0,0,0,0,0,0,0,0,0,0,0,1,0,0,0,1,0,0,0,0,1,1,0,0,0,0,0,0,0,0,0,2,0,0,0,0.333333333333333,0,0.333333333333333,NA,0,NA,NA,NA,0,NA,NA,NA,0,NA,NA,NA,0.666666666666667,0.833333333333333,0.333333333333333,NA,1,NA,NA,NA,0.833333333333333,NA,NA,NA,0.5,NA,NA,NA,0,0,0,NA,0,NA,NA,NA,0.166666666666667,NA,NA,NA,0.166666666666667,NA,NA,NA,0,0.166666666666667,0.333333333333333,NA,0,NA,NA,NA,0,NA,NA,NA,0.333333333333333,NA,NA,NA
"313",3,3,3,6,6,6,6,6,3,6,0,0,0,0,0,0,0,0,0,0,1,0,2,1,1,2,0,0,0,0,0,0,0,0,0,0,0,0,4,4,0,1,0,0,0,0,0,0,0.0625,0.0625,0.0625,0.125,0.125,0.125,0.125,0.125,0.0625,0.125,0,0,0,0,0,0,0,0,0,0,0.166666666666667,0,0.333333333333333,0.166666666666667,0.333333333333333,0.333333333333333,NA,NA,NA,NA,NA,NA,0,0,0,0,0,0,0.666666666666667,0.666666666666667,0,0.166666666666667,NA,NA,NA,NA,NA,NA,0,0,0,0,0,0,3,3,0,0,0,0,0,0,0,0,3,3,3,6,5,6,1,2,2,4,0,0,0,0,0,0,0,0,0,0,0,0,1,1,0,1,0,0,0,0,0,0,0,0,0,0,1,0,1,0,1,1,0,0,0,0,0,0,0,0,0,0,0,0,0.5,0.5,0,0,NA,NA,NA,NA,NA,NA,1,1,1,1,0.833333333333333,1,0.166666666666667,0.333333333333333,0.666666666666667,0.666666666666667,NA,NA,NA,NA,NA,NA,0,0,0,0,0,0,0.166666666666667,0.166666666666667,0,0.166666666666667,NA,NA,NA,NA,NA,NA,0,0,0,0,0.166666666666667,0,0.166666666666667,0,0.333333333333333,0.166666666666667,NA,NA,NA,NA,NA,NA
"314",3,3,3,6,3,6,6,3,0,6,6,0,0,3,0,0,0,0,0,0,0,1,0,1,0,1,3,0,0,2,0,0,0,0,1,3,0,2,0,1,0,1,4,0,0,1,0,0,0.0625,0.0625,0.0625,0.125,0.0625,0.125,0.125,0.0625,0,0.125,0.125,0,0,0.0625,0,0,0,0,0,0,0,0.166666666666667,0,0.333333333333333,NA,0.166666666666667,0.5,NA,NA,0.666666666666667,NA,NA,0,0,0.333333333333333,0.5,0,0.333333333333333,0,0.333333333333333,NA,0.166666666666667,0.666666666666667,NA,NA,0.333333333333333,NA,NA,0,0,1,3,0,1,0,1,0,1,1,0,0,1,0,0,3,3,2,3,3,4,6,1,0,4,2,0,0,0,0,0,0,0,0,0,0,1,0,0,0,0,3,0,0,0,0,0,0,0,0,0,0,0,0,1,0,1,0,0,0,2,0,0,0,0,0.333333333333333,0.5,0,0.166666666666667,0,0.333333333333333,NA,0.166666666666667,0.166666666666667,NA,NA,0.333333333333333,NA,NA,1,1,0.666666666666667,0.5,1,0.666666666666667,1,0.333333333333333,NA,0.666666666666667,0.333333333333333,NA,NA,0,NA,NA,0,0,0,0,0,0.166666666666667,0,0,NA,0,0.5,NA,NA,0,NA,NA,0,0,0,0,0,0,0,0.333333333333333,NA,0.166666666666667,0,NA,NA,0.666666666666667,NA,NA
"315",3,3,3,6,0,0,6,6,3,3,6,0,3,6,0,0,0,0,0,1,0,0,0,2,1,0,2,0,1,1,0,0,0,0,1,2,0,0,0,3,0,0,3,0,1,5,0,0,0.0625,0.0625,0.0625,0.125,0,0,0.125,0.125,0.0625,0.0625,0.125,0,0.0625,0.125,0,0,0,0,0,0.166666666666667,NA,NA,0,0.333333333333333,0.333333333333333,0,0.333333333333333,NA,0.333333333333333,0.166666666666667,NA,NA,0,0,0.333333333333333,0.333333333333333,NA,NA,0,0.5,0,0,0.5,NA,0.333333333333333,0.833333333333333,NA,NA,0,0,1,2,0,0,0,2,0,0,3,0,1,4,0,0,3,3,2,3,0,0,6,2,2,3,1,0,1,1,0,0,0,0,0,0,0,0,0,1,0,0,0,0,0,1,0,0,0,0,0,1,0,0,0,1,1,0,2,0,1,0,0,0,0,0,0.333333333333333,0.333333333333333,NA,NA,0,0.333333333333333,0,0,0.5,NA,0.333333333333333,0.666666666666667,NA,NA,1,1,0.666666666666667,0.5,NA,NA,1,0.333333333333333,0.666666666666667,1,0.166666666666667,NA,0.333333333333333,0.166666666666667,NA,NA,0,0,0,0,NA,NA,0,0.166666666666667,0,0,0,NA,0,0.166666666666667,NA,NA,0,0,0,0.166666666666667,NA,NA,0,0.166666666666667,0.333333333333333,0,0.333333333333333,NA,0.333333333333333,0,NA,NA
"316",3,3,3,6,0,3,6,6,3,6,0,0,3,6,0,0,0,0,0,0,0,0,1,1,0,1,0,0,0,2,0,0,0,0,0,2,0,1,3,4,0,2,0,0,1,5,0,0,0.0625,0.0625,0.0625,0.125,0,0.0625,0.125,0.125,0.0625,0.125,0,0,0.0625,0.125,0,0,0,0,0,0,NA,0,0.166666666666667,0.166666666666667,0,0.166666666666667,NA,NA,0,0.333333333333333,NA,NA,0,0,0,0.333333333333333,NA,0.333333333333333,0.5,0.666666666666667,0,0.333333333333333,NA,NA,0.333333333333333,0.833333333333333,NA,NA,0,0,0,2,0,1,2,4,0,1,0,0,1,4,0,0,3,3,3,4,0,2,3,1,3,4,0,0,2,0,0,0,0,0,0,0,0,0,1,0,0,1,0,0,0,1,0,0,0,0,0,0,0,0,0,1,0,0,0,0,0,1,0,0,0,0,0,0.333333333333333,NA,0.333333333333333,0.333333333333333,0.666666666666667,0,0.166666666666667,NA,NA,0.333333333333333,0.666666666666667,NA,NA,1,1,1,0.666666666666667,NA,0.666666666666667,0.5,0.166666666666667,1,0.666666666666667,NA,NA,0.666666666666667,0,NA,NA,0,0,0,0,NA,0,0.166666666666667,0,0,0.166666666666667,NA,NA,0,0.166666666666667,NA,NA,0,0,0,0,NA,0,0,0.166666666666667,0,0,NA,NA,0,0.166666666666667,NA,NA
"317",6,6,3,6,0,3,6,6,0,6,0,0,0,6,0,0,0,1,0,0,0,0,0,4,0,1,0,0,0,1,0,0,1,0,0,2,0,0,3,4,0,1,0,0,0,4,0,0,0.125,0.125,0.0625,0.125,0,0.0625,0.125,0.125,0,0.125,0,0,0,0.125,0,0,0,0.166666666666667,0,0,NA,0,0,0.666666666666667,NA,0.166666666666667,NA,NA,NA,0.166666666666667,NA,NA,0.166666666666667,0,0,0.333333333333333,NA,0,0.5,0.666666666666667,NA,0.166666666666667,NA,NA,NA,0.666666666666667,NA,NA,1,0,0,2,0,0,3,1,0,1,0,0,0,3,0,0,5,5,3,4,0,3,3,1,0,4,0,0,0,2,0,0,0,0,0,0,0,0,0,3,0,0,0,0,0,1,0,0,0,1,0,0,0,0,0,1,0,1,0,0,0,0,0,0,0.166666666666667,0,0,0.333333333333333,NA,0,0.5,0.166666666666667,NA,0.166666666666667,NA,NA,NA,0.5,NA,NA,0.833333333333333,0.833333333333333,1,0.666666666666667,NA,1,0.5,0.166666666666667,NA,0.666666666666667,NA,NA,NA,0.333333333333333,NA,NA,0,0,0,0,NA,0,0,0.5,NA,0,NA,NA,NA,0.166666666666667,NA,NA,0,0.166666666666667,0,0,NA,0,0,0.166666666666667,NA,0.166666666666667,NA,NA,NA,0,NA,NA
"318",3,3,3,6,0,3,6,6,3,6,3,0,0,6,0,0,0,0,0,0,0,0,0,3,1,0,3,0,0,2,0,0,0,0,1,2,0,1,1,2,0,0,2,0,0,3,0,0,0.0625,0.0625,0.0625,0.125,0,0.0625,0.125,0.125,0.0625,0.125,0.0625,0,0,0.125,0,0,0,0,0,0,NA,0,0,0.5,0.333333333333333,0,1,NA,NA,0.333333333333333,NA,NA,0,0,0.333333333333333,0.333333333333333,NA,0.333333333333333,0.166666666666667,0.333333333333333,0,0,0.666666666666667,NA,NA,0.5,NA,NA,0,0,1,2,0,1,1,2,0,0,0,0,0,2,0,0,3,3,2,4,0,2,5,1,2,6,0,0,0,2,0,0,0,0,0,0,0,0,0,0,0,0,2,0,0,1,0,0,0,0,0,0,0,0,0,3,1,0,1,0,0,1,0,0,0,0,0.333333333333333,0.333333333333333,NA,0.333333333333333,0.166666666666667,0.333333333333333,0,0,0,NA,NA,0.333333333333333,NA,NA,1,1,0.666666666666667,0.666666666666667,NA,0.666666666666667,0.833333333333333,0.166666666666667,0.666666666666667,1,0,NA,NA,0.333333333333333,NA,NA,0,0,0,0,NA,0,0,0,0,0,0.666666666666667,NA,NA,0.166666666666667,NA,NA,0,0,0,0,NA,0,0,0.5,0.333333333333333,0,0.333333333333333,NA,NA,0.166666666666667,NA,NA
"319",3,3,3,6,0,3,6,3,0,6,6,0,0,6,3,0,0,0,0,1,0,0,0,2,0,1,2,0,0,2,1,0,0,1,0,2,0,1,3,1,0,2,3,0,0,3,3,0,0.0625,0.0625,0.0625,0.125,0,0.0625,0.125,0.0625,0,0.125,0.125,0,0,0.125,0.0625,0,0,0,0,0.166666666666667,NA,0,0,0.666666666666667,NA,0.166666666666667,0.333333333333333,NA,NA,0.333333333333333,0.333333333333333,NA,0,0.333333333333333,0,0.333333333333333,NA,0.333333333333333,0.5,0.333333333333333,NA,0.333333333333333,0.5,NA,NA,0.5,1,NA,0,1,0,2,0,1,3,0,0,1,1,0,0,1,2,0,3,2,3,3,0,2,3,1,0,4,3,0,0,3,0,0,0,0,0,0,0,0,0,1,0,1,2,0,0,2,1,0,0,0,0,1,0,0,0,1,0,0,0,0,0,0,0,0,0,0.333333333333333,0,0.333333333333333,NA,0.333333333333333,0.5,0,NA,0.166666666666667,0.166666666666667,NA,NA,0.166666666666667,0.666666666666667,NA,1,0.666666666666667,1,0.5,NA,0.666666666666667,0.5,0.333333333333333,NA,0.666666666666667,0.5,NA,NA,0.5,0,NA,0,0,0,0,NA,0,0,0.333333333333333,NA,0.166666666666667,0.333333333333333,NA,NA,0.333333333333333,0.333333333333333,NA,0,0,0,0.166666666666667,NA,0,0,0.333333333333333,NA,0,0,NA,NA,0,0,NA
"320",3,3,3,6,0,3,6,3,0,6,6,0,0,6,3,0,0,0,0,1,0,0,0,1,0,1,1,0,0,2,3,0,1,0,1,3,0,0,1,1,0,1,1,0,0,3,2,0,0.0625,0.0625,0.0625,0.125,0,0.0625,0.125,0.0625,0,0.125,0.125,0,0,0.125,0.0625,0,0,0,0,0.166666666666667,NA,0,0,0.333333333333333,NA,0.166666666666667,0.166666666666667,NA,NA,0.333333333333333,1,NA,0.333333333333333,0,0.333333333333333,0.5,NA,0,0.166666666666667,0.333333333333333,NA,0.166666666666667,0.166666666666667,NA,NA,0.5,0.666666666666667,NA,1,0,1,2,0,0,1,0,0,1,1,0,0,2,0,0,2,3,2,3,0,3,5,2,0,4,4,0,0,2,0,0,0,0,0,1,0,0,0,1,0,0,0,0,0,1,2,0,0,0,0,0,0,0,0,0,0,1,1,0,0,1,1,0,0.333333333333333,0,0.333333333333333,0.333333333333333,NA,0,0.166666666666667,0,NA,0.166666666666667,0.166666666666667,NA,NA,0.333333333333333,0,NA,0.666666666666667,1,0.666666666666667,0.5,NA,1,0.833333333333333,0.666666666666667,NA,0.666666666666667,0.666666666666667,NA,NA,0.333333333333333,0,NA,0,0,0,0.166666666666667,NA,0,0,0.333333333333333,NA,0,0,NA,NA,0.166666666666667,0.666666666666667,NA,0,0,0,0,NA,0,0,0,NA,0.166666666666667,0.166666666666667,NA,NA,0.166666666666667,0.333333333333333,NA
"321",3,3,6,3,0,6,6,6,0,6,0,6,0,3,0,0,0,0,0,0,0,1,2,0,0,1,0,5,0,1,0,0,1,0,2,1,0,1,1,1,0,1,0,4,0,2,0,0,0.0625,0.0625,0.125,0.0625,0,0.125,0.125,0.125,0,0.125,0,0.125,0,0.0625,0,0,0,0,0,0,NA,0.166666666666667,0.333333333333333,0,NA,0.166666666666667,NA,0.833333333333333,NA,0.333333333333333,NA,NA,0.333333333333333,0,0.333333333333333,0.333333333333333,NA,0.166666666666667,0.166666666666667,0.166666666666667,NA,0.166666666666667,NA,0.666666666666667,NA,0.666666666666667,NA,NA,1,0,2,1,0,1,0,1,0,1,0,1,0,2,0,0,2,3,4,2,0,4,4,5,0,4,0,0,0,0,0,0,0,0,0,0,0,0,1,0,0,0,0,3,0,0,0,0,0,0,0,0,0,1,1,0,0,1,0,2,0,1,0,0,0.333333333333333,0,0.333333333333333,0.333333333333333,NA,0.166666666666667,0,0.166666666666667,NA,0.166666666666667,NA,0.166666666666667,NA,0.666666666666667,NA,NA,0.666666666666667,1,0.666666666666667,0.666666666666667,NA,0.666666666666667,0.666666666666667,0.833333333333333,NA,0.666666666666667,NA,0,NA,0,NA,NA,0,0,0,0,NA,0,0.166666666666667,0,NA,0,NA,0.5,NA,0,NA,NA,0,0,0,0,NA,0.166666666666667,0.166666666666667,0,NA,0.166666666666667,NA,0.333333333333333,NA,0.333333333333333,NA,NA
"322",6,6,3,3,0,6,6,6,0,3,6,3,0,0,0,0,1,1,0,0,0,2,1,1,0,1,1,1,0,0,0,0,0,0,0,1,0,3,2,2,0,1,5,0,0,0,0,0,0.125,0.125,0.0625,0.0625,0,0.125,0.125,0.125,0,0.0625,0.125,0.0625,0,0,0,0,0.166666666666667,0.166666666666667,0,0,NA,0.333333333333333,0.166666666666667,0.166666666666667,NA,0.333333333333333,0.166666666666667,0.333333333333333,NA,NA,NA,NA,0,0,0,0.333333333333333,NA,0.5,0.333333333333333,0.333333333333333,NA,0.333333333333333,0.833333333333333,0,NA,NA,NA,NA,0,0,0,1,0,3,1,2,0,0,4,0,0,0,0,0,5,5,3,2,0,1,4,3,0,2,1,2,0,0,0,0,0,0,0,0,0,0,1,0,0,1,1,0,0,0,0,0,1,1,0,0,0,2,0,1,0,0,0,1,0,0,0,0,0,0,0,0.333333333333333,NA,0.5,0.166666666666667,0.333333333333333,NA,0,0.666666666666667,0,NA,NA,NA,NA,0.833333333333333,0.833333333333333,1,0.666666666666667,NA,0.166666666666667,0.666666666666667,0.5,NA,0.666666666666667,0.166666666666667,0.666666666666667,NA,NA,NA,NA,0,0,0,0,NA,0,0.166666666666667,0,NA,0.333333333333333,0.166666666666667,0,NA,NA,NA,NA,0.166666666666667,0.166666666666667,0,0,NA,0.333333333333333,0,0.166666666666667,NA,0,0,0.333333333333333,NA,NA,NA,NA
"323",3,3,3,3,3,6,6,6,3,3,3,0,6,0,0,0,0,0,0,0,0,1,1,1,0,1,2,0,3,0,0,0,0,1,0,0,0,2,2,3,0,0,3,0,2,0,0,0,0.0625,0.0625,0.0625,0.0625,0.0625,0.125,0.125,0.125,0.0625,0.0625,0.0625,0,0.125,0,0,0,0,0,0,0,0,0.166666666666667,0.166666666666667,0.166666666666667,0,0.333333333333333,0.666666666666667,NA,0.5,NA,NA,NA,0,0.333333333333333,0,0,0,0.333333333333333,0.333333333333333,0.5,0,0,1,NA,0.333333333333333,NA,NA,NA,0,1,0,0,0,2,2,3,0,0,1,0,0,0,0,0,3,2,3,3,3,3,3,2,3,2,0,0,3,0,0,0,0,0,0,0,0,0,0,0,0,0,2,0,2,0,0,0,0,0,0,0,0,1,1,1,0,1,0,0,1,0,0,0,0,0.333333333333333,0,0,0,0.333333333333333,0.333333333333333,0.5,0,0,0.333333333333333,NA,0,NA,NA,NA,1,0.666666666666667,1,1,1,0.5,0.5,0.333333333333333,1,0.666666666666667,0,NA,0.5,NA,NA,NA,0,0,0,0,0,0,0,0,0,0,0.666666666666667,NA,0.333333333333333,NA,NA,NA,0,0,0,0,0,0.166666666666667,0.166666666666667,0.166666666666667,0,0.333333333333333,0,NA,0.166666666666667,NA,NA,NA
"324",3,3,6,6,3,6,3,3,0,6,6,0,0,0,3,0,0,0,0,1,0,1,0,2,0,3,1,0,0,0,1,0,0,0,1,0,0,1,1,3,0,5,3,0,0,0,2,0,0.0625,0.0625,0.125,0.125,0.0625,0.125,0.0625,0.0625,0,0.125,0.125,0,0,0,0.0625,0,0,0,0,0.166666666666667,0,0.166666666666667,0,0.666666666666667,NA,0.5,0.166666666666667,NA,NA,NA,0.333333333333333,NA,0,0,0.166666666666667,0,0,0.166666666666667,0.333333333333333,1,NA,0.833333333333333,0.5,NA,NA,NA,0.666666666666667,NA,0,0,1,0,0,1,1,1,0,2,2,0,0,0,1,0,3,3,5,5,3,4,2,0,0,1,3,0,0,0,1,0,0,0,0,0,0,0,0,2,0,3,1,0,0,0,1,0,0,0,0,1,0,1,0,0,0,0,0,0,0,0,0,0,0,0,0.166666666666667,0,0,0.166666666666667,0.333333333333333,0.333333333333333,NA,0.333333333333333,0.333333333333333,NA,NA,NA,0.333333333333333,NA,1,1,0.833333333333333,0.833333333333333,1,0.666666666666667,0.666666666666667,0,NA,0.166666666666667,0.5,NA,NA,NA,0.333333333333333,NA,0,0,0,0,0,0,0,0.666666666666667,NA,0.5,0.166666666666667,NA,NA,NA,0.333333333333333,NA,0,0,0,0.166666666666667,0,0.166666666666667,0,0,NA,0,0,NA,NA,NA,0,NA
"325",3,6,6,6,0,6,6,6,0,6,0,0,0,3,0,0,0,0,1,0,0,1,1,2,0,0,0,0,0,1,0,0,0,0,1,1,0,2,3,3,0,0,0,0,0,0,0,0,0.0625,0.125,0.125,0.125,0,0.125,0.125,0.125,0,0.125,0,0,0,0.0625,0,0,0,0,0.166666666666667,0,NA,0.166666666666667,0.166666666666667,0.333333333333333,NA,0,NA,NA,NA,0.333333333333333,NA,NA,0,0,0.166666666666667,0.166666666666667,NA,0.333333333333333,0.5,0.5,NA,0,NA,NA,NA,0,NA,NA,0,0,1,1,0,1,3,2,0,0,0,0,0,0,0,0,3,6,4,5,0,4,2,2,0,6,0,0,0,2,0,0,0,0,0,0,0,1,0,1,0,0,0,0,0,0,0,0,0,0,1,0,0,0,1,1,0,0,0,0,0,1,0,0,0,0,0.166666666666667,0.166666666666667,NA,0.166666666666667,0.5,0.333333333333333,NA,0,NA,NA,NA,0,NA,NA,1,1,0.666666666666667,0.833333333333333,NA,0.666666666666667,0.333333333333333,0.333333333333333,NA,1,NA,NA,NA,0.666666666666667,NA,NA,0,0,0,0,NA,0.166666666666667,0,0.166666666666667,NA,0,NA,NA,NA,0,NA,NA,0,0,0.166666666666667,0,NA,0,0.166666666666667,0.166666666666667,NA,0,NA,NA,NA,0.333333333333333,NA,NA
"326",3,3,3,6,0,6,6,6,3,6,0,0,3,3,0,0,0,0,0,0,0,1,1,2,0,1,0,0,0,1,0,0,0,0,1,0,0,0,3,3,0,2,0,0,1,1,0,0,0.0625,0.0625,0.0625,0.125,0,0.125,0.125,0.125,0.0625,0.125,0,0,0.0625,0.0625,0,0,0,0,0,0,NA,0.166666666666667,0.166666666666667,0.333333333333333,0,0.166666666666667,NA,NA,0,0.333333333333333,NA,NA,0,0,0.333333333333333,0,NA,0,0.5,0.5,0,0.333333333333333,NA,NA,0.333333333333333,0.333333333333333,NA,NA,0,0,1,0,0,0,2,2,0,1,0,0,1,1,0,0,3,3,2,6,0,5,3,2,3,4,0,0,2,1,0,0,0,0,0,0,0,0,1,1,0,1,0,0,0,0,0,0,0,0,0,0,0,1,0,1,0,0,0,0,0,1,0,0,0,0,0.333333333333333,0,NA,0,0.333333333333333,0.333333333333333,0,0.166666666666667,NA,NA,0.333333333333333,0.333333333333333,NA,NA,1,1,0.666666666666667,1,NA,0.833333333333333,0.5,0.333333333333333,1,0.666666666666667,NA,NA,0.666666666666667,0.333333333333333,NA,NA,0,0,0,0,NA,0,0.166666666666667,0.166666666666667,0,0.166666666666667,NA,NA,0,0,NA,NA,0,0,0,0,NA,0.166666666666667,0,0.166666666666667,0,0,NA,NA,0,0.333333333333333,NA,NA
"327",3,3,3,6,0,6,6,6,0,6,3,3,0,3,0,0,0,0,0,1,0,1,1,1,0,0,2,2,0,1,0,0,0,1,0,2,0,1,2,3,0,3,0,1,0,1,0,0,0.0625,0.0625,0.0625,0.125,0,0.125,0.125,0.125,0,0.125,0.0625,0.0625,0,0.0625,0,0,0,0,0,0.166666666666667,NA,0.166666666666667,0.166666666666667,0.166666666666667,NA,0,0.666666666666667,0.666666666666667,NA,0.333333333333333,NA,NA,0,0.333333333333333,0,0.333333333333333,NA,0.166666666666667,0.333333333333333,0.5,NA,0.5,0,0.333333333333333,NA,0.333333333333333,NA,NA,0,1,0,2,0,1,2,2,0,3,0,0,0,1,0,0,3,2,3,3,0,4,3,3,0,3,1,1,0,1,0,0,0,0,0,0,0,0,0,1,0,0,0,1,0,0,0,0,0,0,0,1,0,1,1,0,0,0,2,1,0,1,0,0,0,0.333333333333333,0,0.333333333333333,NA,0.166666666666667,0.333333333333333,0.333333333333333,NA,0.5,0,0,NA,0.333333333333333,NA,NA,1,0.666666666666667,1,0.5,NA,0.666666666666667,0.5,0.5,NA,0.5,0.333333333333333,0.333333333333333,NA,0.333333333333333,NA,NA,0,0,0,0,NA,0,0,0.166666666666667,NA,0,0,0.333333333333333,NA,0,NA,NA,0,0,0,0.166666666666667,NA,0.166666666666667,0.166666666666667,0,NA,0,0.666666666666667,0.333333333333333,NA,0.333333333333333,NA,NA
"328",3,3,6,6,0,3,0,0,6,6,0,0,6,6,0,0,0,0,0,2,0,0,0,0,0,1,0,0,1,2,0,0,0,0,2,3,0,0,0,0,3,1,0,0,2,5,0,0,0.0666666666666667,0.0666666666666667,0.133333333333333,0.133333333333333,0,0.0666666666666667,0,0,0.133333333333333,0.133333333333333,0,0,0.133333333333333,0.133333333333333,0,0,0,0,0,0.333333333333333,NA,0,NA,NA,0,0.166666666666667,NA,NA,0.166666666666667,0.333333333333333,NA,NA,0,0,0.333333333333333,0.5,NA,0,NA,NA,0.5,0.166666666666667,NA,NA,0.333333333333333,0.833333333333333,NA,NA,0,0,2,3,0,0,0,0,3,1,0,0,2,4,0,0,3,3,4,1,0,3,0,0,3,4,0,0,3,0,0,0,0,0,0,0,0,0,0,0,0,0,0,0,0,1,0,0,0,0,0,2,0,0,0,0,0,1,0,0,1,1,0,0,0,0,0.333333333333333,0.5,NA,0,NA,NA,0.5,0.166666666666667,NA,NA,0.333333333333333,0.666666666666667,NA,NA,1,1,0.666666666666667,0.166666666666667,NA,1,NA,NA,0.5,0.666666666666667,NA,NA,0.5,0,NA,NA,0,0,0,0,NA,0,NA,NA,0,0,NA,NA,0,0.166666666666667,NA,NA,0,0,0,0.333333333333333,NA,0,NA,NA,0,0.166666666666667,NA,NA,0.166666666666667,0.166666666666667,NA,NA
"329",3,3,6,6,0,0,3,3,6,6,6,0,6,0,0,0,0,0,0,1,0,0,0,1,1,1,1,0,2,0,0,0,0,0,1,1,0,0,1,1,1,3,3,0,1,0,0,0,0.0625,0.0625,0.125,0.125,0,0,0.0625,0.0625,0.125,0.125,0.125,0,0.125,0,0,0,0,0,0,0.166666666666667,NA,NA,0,0.333333333333333,0.166666666666667,0.166666666666667,0.166666666666667,NA,0.333333333333333,NA,NA,NA,0,0,0.166666666666667,0.166666666666667,NA,NA,0.333333333333333,0.333333333333333,0.166666666666667,0.5,0.5,NA,0.166666666666667,NA,NA,NA,0,0,1,1,0,0,1,1,1,3,3,0,1,0,0,0,3,3,5,4,0,0,2,1,4,2,2,0,3,0,0,0,0,0,0,0,0,0,0,0,0,0,0,0,0,0,0,0,0,0,0,1,0,0,0,1,1,1,1,0,2,0,0,0,0,0,0.166666666666667,0.166666666666667,NA,NA,0.333333333333333,0.333333333333333,0.166666666666667,0.5,0.5,NA,0.166666666666667,NA,NA,NA,1,1,0.833333333333333,0.666666666666667,NA,NA,0.666666666666667,0.333333333333333,0.666666666666667,0.333333333333333,0.333333333333333,NA,0.5,NA,NA,NA,0,0,0,0,NA,NA,0,0,0,0,0,NA,0,NA,NA,NA,0,0,0,0.166666666666667,NA,NA,0,0.333333333333333,0.166666666666667,0.166666666666667,0.166666666666667,NA,0.333333333333333,NA,NA,NA
"330",3,3,3,3,3,6,3,6,3,3,6,3,3,0,0,0,0,0,0,0,0,1,0,0,0,1,1,1,0,0,0,0,0,1,0,0,0,0,0,3,0,0,4,1,2,0,0,0,0.0625,0.0625,0.0625,0.0625,0.0625,0.125,0.0625,0.125,0.0625,0.0625,0.125,0.0625,0.0625,0,0,0,0,0,0,0,0,0.166666666666667,0,0,0,0.333333333333333,0.166666666666667,0.333333333333333,0,NA,NA,NA,0,0.333333333333333,0,0,0,0,0,0.5,0,0,0.666666666666667,0.333333333333333,0.666666666666667,NA,NA,NA,0,1,0,0,0,0,0,3,0,0,4,0,2,0,0,0,3,2,3,3,3,5,3,3,3,2,1,2,1,0,0,0,0,0,0,0,0,0,0,0,0,0,0,1,0,0,0,0,0,0,0,0,0,1,0,0,0,1,1,0,0,0,0,0,0,0.333333333333333,0,0,0,0,0,0.5,0,0,0.666666666666667,0,0.666666666666667,NA,NA,NA,1,0.666666666666667,1,1,1,0.833333333333333,1,0.5,1,0.666666666666667,0.166666666666667,0.666666666666667,0.333333333333333,NA,NA,NA,0,0,0,0,0,0,0,0,0,0,0,0.333333333333333,0,NA,NA,NA,0,0,0,0,0,0.166666666666667,0,0,0,0.333333333333333,0.166666666666667,0,0,NA,NA,NA
"331",3,3,6,6,6,6,0,0,6,3,0,0,6,0,0,0,0,0,0,2,0,1,0,0,1,1,0,0,1,0,0,0,0,0,0,2,0,0,0,0,2,1,0,0,2,0,0,0,0.0666666666666667,0.0666666666666667,0.133333333333333,0.133333333333333,0.133333333333333,0.133333333333333,0,0,0.133333333333333,0.0666666666666667,0,0,0.133333333333333,0,0,0,0,0,0,0.333333333333333,0,0.166666666666667,NA,NA,0.166666666666667,0.333333333333333,NA,NA,0.166666666666667,NA,NA,NA,0,0,0,0.333333333333333,0,0,NA,NA,0.333333333333333,0.333333333333333,NA,NA,0.333333333333333,NA,NA,NA,0,0,0,2,0,0,0,0,1,1,0,0,2,0,0,0,3,3,6,2,6,5,0,0,4,1,0,0,3,0,0,0,0,0,0,0,0,0,0,0,1,0,0,0,0,0,0,0,0,0,0,2,0,1,0,0,0,1,0,0,1,0,0,0,0,0,0,0.333333333333333,0,0,NA,NA,0.166666666666667,0.333333333333333,NA,NA,0.333333333333333,NA,NA,NA,1,1,1,0.333333333333333,1,0.833333333333333,NA,NA,0.666666666666667,0.333333333333333,NA,NA,0.5,NA,NA,NA,0,0,0,0,0,0,NA,NA,0.166666666666667,0,NA,NA,0,NA,NA,NA,0,0,0,0.333333333333333,0,0.166666666666667,NA,NA,0,0.333333333333333,NA,NA,0.166666666666667,NA,NA,NA
"332",3,3,3,6,3,6,6,0,3,6,3,0,6,0,0,0,0,0,0,1,0,1,0,0,0,3,1,0,0,0,0,0,0,0,1,4,0,0,3,0,0,1,1,0,2,0,0,0,0.0625,0.0625,0.0625,0.125,0.0625,0.125,0.125,0,0.0625,0.125,0.0625,0,0.125,0,0,0,0,0,0,0.166666666666667,0,0.166666666666667,0,NA,0,0.5,0.333333333333333,NA,0,NA,NA,NA,0,0,0.333333333333333,0.666666666666667,0,0,0.5,NA,0,0.166666666666667,0.333333333333333,NA,0.333333333333333,NA,NA,NA,0,0,1,4,0,0,3,0,0,0,0,0,2,0,0,0,3,3,2,1,3,5,3,0,3,3,2,0,4,0,0,0,0,0,0,0,0,0,0,0,0,1,1,0,0,0,0,0,0,0,0,1,0,1,0,0,0,2,0,0,0,0,0,0,0,0,0.333333333333333,0.666666666666667,0,0,0.5,NA,0,0,0,NA,0.333333333333333,NA,NA,NA,1,1,0.666666666666667,0.166666666666667,1,0.833333333333333,0.5,NA,1,0.5,0.666666666666667,NA,0.666666666666667,NA,NA,NA,0,0,0,0,0,0,0,NA,0,0.166666666666667,0.333333333333333,NA,0,NA,NA,NA,0,0,0,0.166666666666667,0,0.166666666666667,0,NA,0,0.333333333333333,0,NA,0,NA,NA,NA
"333",3,6,6,3,0,3,0,0,3,6,0,0,6,3,0,0,0,0,1,1,0,0,0,0,0,1,0,0,1,1,0,0,1,0,2,1,0,0,0,0,1,2,0,0,2,2,0,0,0.0769230769230769,0.153846153846154,0.153846153846154,0.0769230769230769,0,0.0769230769230769,0,0,0.0769230769230769,0.153846153846154,0,0,0.153846153846154,0.0769230769230769,0,0,0,0,0.166666666666667,0.333333333333333,NA,0,NA,NA,0,0.166666666666667,NA,NA,0.166666666666667,0.333333333333333,NA,NA,0.333333333333333,0,0.333333333333333,0.333333333333333,NA,0,NA,NA,0.333333333333333,0.333333333333333,NA,NA,0.333333333333333,0.666666666666667,NA,NA,1,0,1,1,0,0,0,0,1,2,0,0,2,1,0,0,2,6,4,1,0,3,0,0,2,3,0,0,3,1,0,0,0,0,1,0,0,0,0,0,0,0,0,0,0,1,0,0,0,0,0,1,0,0,0,0,0,1,0,0,1,0,0,0,0.333333333333333,0,0.166666666666667,0.333333333333333,NA,0,NA,NA,0.333333333333333,0.333333333333333,NA,NA,0.333333333333333,0.333333333333333,NA,NA,0.666666666666667,1,0.666666666666667,0.333333333333333,NA,1,NA,NA,0.666666666666667,0.5,NA,NA,0.5,0.333333333333333,NA,NA,0,0,0.166666666666667,0,NA,0,NA,NA,0,0,NA,NA,0,0.333333333333333,NA,NA,0,0,0,0.333333333333333,NA,0,NA,NA,0,0.166666666666667,NA,NA,0.166666666666667,0,NA,NA
"334",6,6,3,6,0,3,6,6,0,3,6,0,0,3,0,0,0,1,0,0,0,0,1,2,0,0,2,0,0,1,0,0,0,1,1,1,0,0,1,4,0,0,4,0,0,2,0,0,0.125,0.125,0.0625,0.125,0,0.0625,0.125,0.125,0,0.0625,0.125,0,0,0.0625,0,0,0,0.166666666666667,0,0,NA,0,0.166666666666667,0.333333333333333,NA,0,0.333333333333333,NA,NA,0.333333333333333,NA,NA,0,0.166666666666667,0.333333333333333,0.166666666666667,NA,0,0.166666666666667,0.666666666666667,NA,0,0.666666666666667,NA,NA,0.666666666666667,NA,NA,0,1,1,1,0,0,1,2,0,0,3,0,0,2,0,0,6,4,2,5,0,3,4,2,0,3,1,0,0,0,0,0,0,0,0,0,0,0,0,2,0,0,1,0,0,0,0,0,0,1,0,0,0,0,1,0,0,0,1,0,0,1,0,0,0,0.166666666666667,0.333333333333333,0.166666666666667,NA,0,0.166666666666667,0.333333333333333,NA,0,0.5,NA,NA,0.666666666666667,NA,NA,1,0.666666666666667,0.666666666666667,0.833333333333333,NA,1,0.666666666666667,0.333333333333333,NA,1,0.166666666666667,NA,NA,0,NA,NA,0,0,0,0,NA,0,0,0.333333333333333,NA,0,0.166666666666667,NA,NA,0,NA,NA,0,0.166666666666667,0,0,NA,0,0.166666666666667,0,NA,0,0.166666666666667,NA,NA,0.333333333333333,NA,NA
"335",3,3,3,6,6,6,6,6,3,0,6,0,0,0,0,0,0,0,0,0,1,2,0,4,1,0,2,0,0,0,0,0,0,0,1,2,0,2,1,3,1,0,3,0,0,0,0,0,0.0625,0.0625,0.0625,0.125,0.125,0.125,0.125,0.125,0.0625,0,0.125,0,0,0,0,0,0,0,0,0,0.166666666666667,0.333333333333333,0,0.666666666666667,0.333333333333333,NA,0.333333333333333,NA,NA,NA,NA,NA,0,0,0.333333333333333,0.333333333333333,0,0.333333333333333,0.166666666666667,0.5,0.333333333333333,NA,0.5,NA,NA,NA,NA,NA,0,0,1,2,0,1,1,1,0,0,1,0,0,0,0,0,3,3,2,4,5,3,5,1,2,0,3,0,0,0,0,0,0,0,0,0,0,1,0,2,1,0,2,0,0,0,0,0,0,0,0,0,1,1,0,2,0,0,0,0,0,0,0,0,0,0,0.333333333333333,0.333333333333333,0,0.166666666666667,0.166666666666667,0.166666666666667,0,NA,0.166666666666667,NA,NA,NA,NA,NA,1,1,0.666666666666667,0.666666666666667,0.833333333333333,0.5,0.833333333333333,0.166666666666667,0.666666666666667,NA,0.5,NA,NA,NA,NA,NA,0,0,0,0,0,0.166666666666667,0,0.333333333333333,0.333333333333333,NA,0.333333333333333,NA,NA,NA,NA,NA,0,0,0,0,0.166666666666667,0.166666666666667,0,0.333333333333333,0,NA,0,NA,NA,NA,NA,NA
"336",3,3,3,6,3,6,6,0,6,0,0,0,6,0,0,0,0,0,0,0,0,2,0,0,0,0,0,0,2,0,0,0,1,1,0,3,0,0,4,0,1,0,0,0,3,0,0,0,0.0714285714285714,0.0714285714285714,0.0714285714285714,0.142857142857143,0.0714285714285714,0.142857142857143,0.142857142857143,0,0.142857142857143,0,0,0,0.142857142857143,0,0,0,0,0,0,0,0,0.333333333333333,0,NA,0,NA,NA,NA,0.333333333333333,NA,NA,NA,0.333333333333333,0.333333333333333,0,0.5,0,0,0.666666666666667,NA,0.166666666666667,NA,NA,NA,0.5,NA,NA,NA,1,1,0,3,0,0,4,0,1,0,0,0,2,0,0,0,2,2,3,3,3,4,2,0,5,0,0,0,2,0,0,0,0,0,0,0,0,0,0,0,0,0,0,0,1,0,0,0,0,0,0,0,0,2,0,0,0,0,0,0,1,0,0,0,0.333333333333333,0.333333333333333,0,0.5,0,0,0.666666666666667,NA,0.166666666666667,NA,NA,NA,0.333333333333333,NA,NA,NA,0.666666666666667,0.666666666666667,1,0.5,1,0.666666666666667,0.333333333333333,NA,0.833333333333333,NA,NA,NA,0.333333333333333,NA,NA,NA,0,0,0,0,0,0,0,NA,0,NA,NA,NA,0.166666666666667,NA,NA,NA,0,0,0,0,0,0.333333333333333,0,NA,0,NA,NA,NA,0.166666666666667,NA,NA,NA
"337",3,3,3,6,3,3,6,6,3,3,0,0,3,6,0,0,0,0,0,1,1,0,2,3,1,0,0,0,2,1,0,0,0,0,0,1,0,0,2,5,0,0,0,0,0,3,0,0,0.0625,0.0625,0.0625,0.125,0.0625,0.0625,0.125,0.125,0.0625,0.0625,0,0,0.0625,0.125,0,0,0,0,0,0.166666666666667,0.333333333333333,0,0.333333333333333,0.5,0.333333333333333,0,NA,NA,0.666666666666667,0.166666666666667,NA,NA,0,0,0,0.166666666666667,0,0,0.333333333333333,0.833333333333333,0,0,NA,NA,0,0.5,NA,NA,0,0,0,1,0,0,1,2,0,0,0,0,0,3,0,0,3,3,3,4,2,3,3,1,2,3,0,0,1,2,0,0,0,0,0,0,0,0,1,3,0,0,0,0,0,0,0,0,0,0,0,1,1,0,1,0,1,0,0,0,2,1,0,0,0,0,0,0.166666666666667,0,0,0.166666666666667,0.333333333333333,0,0,NA,NA,0,0.5,NA,NA,1,1,1,0.666666666666667,0.666666666666667,1,0.5,0.166666666666667,0.666666666666667,1,NA,NA,0.333333333333333,0.333333333333333,NA,NA,0,0,0,0,0,0,0.166666666666667,0.5,0,0,NA,NA,0,0,NA,NA,0,0,0,0.166666666666667,0.333333333333333,0,0.166666666666667,0,0.333333333333333,0,NA,NA,0.666666666666667,0.166666666666667,NA,NA
"338",3,3,3,6,0,0,3,3,0,3,6,0,6,6,0,0,0,0,0,1,0,0,0,2,0,0,0,0,1,1,0,0,0,0,1,2,0,0,1,3,0,0,6,0,3,2,0,0,0.0714285714285714,0.0714285714285714,0.0714285714285714,0.142857142857143,0,0,0.0714285714285714,0.0714285714285714,0,0.0714285714285714,0.142857142857143,0,0.142857142857143,0.142857142857143,0,0,0,0,0,0.166666666666667,NA,NA,0,0.666666666666667,NA,0,0,NA,0.166666666666667,0.166666666666667,NA,NA,0,0,0.333333333333333,0.333333333333333,NA,NA,0.333333333333333,1,NA,0,1,NA,0.5,0.333333333333333,NA,NA,0,0,1,2,0,0,1,1,0,0,6,0,2,1,0,0,3,3,2,3,0,0,2,0,0,3,0,0,3,4,0,0,0,0,0,0,0,0,0,2,0,0,0,0,1,1,0,0,0,0,0,1,0,0,0,0,0,0,0,0,0,0,0,0,0,0,0.333333333333333,0.333333333333333,NA,NA,0.333333333333333,0.333333333333333,NA,0,1,NA,0.333333333333333,0.166666666666667,NA,NA,1,1,0.666666666666667,0.5,NA,NA,0.666666666666667,0,NA,1,0,NA,0.5,0.666666666666667,NA,NA,0,0,0,0,NA,NA,0,0.666666666666667,NA,0,0,NA,0.166666666666667,0.166666666666667,NA,NA,0,0,0,0.166666666666667,NA,NA,0,0,NA,0,0,NA,0,0,NA,NA
"339",6,6,3,3,3,6,6,6,3,6,0,0,0,0,0,0,0,1,0,0,0,0,2,1,0,3,0,0,0,0,0,0,1,1,1,1,0,1,3,5,0,2,0,0,0,0,0,0,0.125,0.125,0.0625,0.0625,0.0625,0.125,0.125,0.125,0.0625,0.125,0,0,0,0,0,0,0,0.166666666666667,0,0,0,0,0.333333333333333,0.166666666666667,0,0.5,NA,NA,NA,NA,NA,NA,0.166666666666667,0.166666666666667,0.333333333333333,0.333333333333333,0,0.166666666666667,0.5,0.833333333333333,0,0.333333333333333,NA,NA,NA,NA,NA,NA,1,0,1,1,0,1,3,4,0,1,0,0,0,0,0,0,5,5,2,2,3,5,1,1,3,2,0,0,0,0,0,0,0,1,0,0,0,0,0,1,0,1,0,0,0,0,0,0,0,0,0,0,0,0,2,0,0,2,0,0,0,0,0,0,0.166666666666667,0,0.333333333333333,0.333333333333333,0,0.166666666666667,0.5,0.666666666666667,0,0.166666666666667,NA,NA,NA,NA,NA,NA,0.833333333333333,0.833333333333333,0.666666666666667,0.666666666666667,1,0.833333333333333,0.166666666666667,0.166666666666667,1,0.333333333333333,NA,NA,NA,NA,NA,NA,0,0.166666666666667,0,0,0,0,0,0.166666666666667,0,0.166666666666667,NA,NA,NA,NA,NA,NA,0,0,0,0,0,0,0.333333333333333,0,0,0.333333333333333,NA,NA,NA,NA,NA,NA
"340",3,3,3,3,3,6,6,6,3,6,3,0,3,0,0,0,0,0,0,0,0,1,1,0,0,2,1,0,1,0,0,0,0,0,0,0,0,1,2,4,1,2,0,0,0,0,0,0,0.0625,0.0625,0.0625,0.0625,0.0625,0.125,0.125,0.125,0.0625,0.125,0.0625,0,0.0625,0,0,0,0,0,0,0,0,0.166666666666667,0.166666666666667,0,0,0.333333333333333,0.333333333333333,NA,0.333333333333333,NA,NA,NA,0,0,0,0,0,0.166666666666667,0.333333333333333,0.666666666666667,0.333333333333333,0.333333333333333,0,NA,0,NA,NA,NA,0,0,0,0,0,1,2,4,1,0,0,0,0,0,0,0,3,3,3,3,3,4,3,2,2,4,2,0,2,0,0,0,0,0,0,0,0,0,0,0,0,2,0,0,0,0,0,0,0,0,0,0,0,1,1,0,0,0,1,0,1,0,0,0,0,0,0,0,0,0.166666666666667,0.333333333333333,0.666666666666667,0.333333333333333,0,0,NA,0,NA,NA,NA,1,1,1,1,1,0.666666666666667,0.5,0.333333333333333,0.666666666666667,0.666666666666667,0.666666666666667,NA,0.666666666666667,NA,NA,NA,0,0,0,0,0,0,0,0,0,0.333333333333333,0,NA,0,NA,NA,NA,0,0,0,0,0,0.166666666666667,0.166666666666667,0,0,0,0.333333333333333,NA,0.333333333333333,NA,NA,NA
"341",3,3,3,6,3,6,6,3,3,6,6,0,0,0,0,0,0,0,0,0,0,0,0,1,0,2,2,0,0,0,0,0,0,0,0,2,0,2,2,3,0,2,4,0,0,0,0,0,0.0625,0.0625,0.0625,0.125,0.0625,0.125,0.125,0.0625,0.0625,0.125,0.125,0,0,0,0,0,0,0,0,0,0,0,0,0.333333333333333,0,0.333333333333333,0.333333333333333,NA,NA,NA,NA,NA,0,0,0,0.333333333333333,0,0.333333333333333,0.333333333333333,1,0,0.333333333333333,0.666666666666667,NA,NA,NA,NA,NA,0,0,0,2,0,2,2,2,0,0,2,0,0,0,0,0,3,3,3,4,3,4,4,0,3,4,2,0,0,0,0,0,0,0,0,0,0,0,0,1,0,2,2,0,0,0,0,0,0,0,0,0,0,0,0,0,0,0,0,0,0,0,0,0,0,0,0,0.333333333333333,0,0.333333333333333,0.333333333333333,0.666666666666667,0,0,0.333333333333333,NA,NA,NA,NA,NA,1,1,1,0.666666666666667,1,0.666666666666667,0.666666666666667,0,1,0.666666666666667,0.333333333333333,NA,NA,NA,NA,NA,0,0,0,0,0,0,0,0.333333333333333,0,0.333333333333333,0.333333333333333,NA,NA,NA,NA,NA,0,0,0,0,0,0,0,0,0,0,0,NA,NA,NA,NA,NA
"342",3,3,6,6,0,6,6,3,3,6,6,0,0,0,0,0,0,0,0,1,0,1,0,2,0,1,2,0,0,0,0,0,0,0,1,2,0,2,1,1,0,4,3,0,0,0,0,0,0.0625,0.0625,0.125,0.125,0,0.125,0.125,0.0625,0.0625,0.125,0.125,0,0,0,0,0,0,0,0,0.166666666666667,NA,0.166666666666667,0,0.666666666666667,0,0.166666666666667,0.333333333333333,NA,NA,NA,NA,NA,0,0,0.166666666666667,0.333333333333333,NA,0.333333333333333,0.166666666666667,0.333333333333333,0,0.666666666666667,0.5,NA,NA,NA,NA,NA,0,0,1,2,0,2,1,0,0,3,2,0,0,0,0,0,3,3,5,3,0,3,5,1,3,2,2,0,0,0,0,0,0,0,0,0,0,0,0,1,0,1,1,0,0,0,0,0,0,0,0,1,0,1,0,1,0,0,1,0,0,0,0,0,0,0,0.166666666666667,0.333333333333333,NA,0.333333333333333,0.166666666666667,0,0,0.5,0.333333333333333,NA,NA,NA,NA,NA,1,1,0.833333333333333,0.5,NA,0.5,0.833333333333333,0.333333333333333,1,0.333333333333333,0.333333333333333,NA,NA,NA,NA,NA,0,0,0,0,NA,0,0,0.333333333333333,0,0.166666666666667,0.166666666666667,NA,NA,NA,NA,NA,0,0,0,0.166666666666667,NA,0.166666666666667,0,0.333333333333333,0,0,0.166666666666667,NA,NA,NA,NA,NA
"343",3,3,6,6,3,6,6,6,0,3,6,0,0,0,0,0,0,0,0,1,0,1,0,0,0,1,2,0,0,0,0,0,0,0,2,2,1,2,2,3,0,1,4,0,0,0,0,0,0.0625,0.0625,0.125,0.125,0.0625,0.125,0.125,0.125,0,0.0625,0.125,0,0,0,0,0,0,0,0,0.166666666666667,0,0.166666666666667,0,0,NA,0.333333333333333,0.333333333333333,NA,NA,NA,NA,NA,0,0,0.333333333333333,0.333333333333333,0.333333333333333,0.333333333333333,0.333333333333333,0.5,NA,0.333333333333333,0.666666666666667,NA,NA,NA,NA,NA,0,0,2,2,1,2,2,3,0,1,3,0,0,0,0,0,3,3,4,3,2,3,4,3,0,1,1,0,0,0,0,0,0,0,0,0,0,0,0,0,0,0,1,0,0,0,0,0,0,0,0,1,0,1,0,0,0,1,1,0,0,0,0,0,0,0,0.333333333333333,0.333333333333333,0.333333333333333,0.333333333333333,0.333333333333333,0.5,NA,0.333333333333333,0.5,NA,NA,NA,NA,NA,1,1,0.666666666666667,0.5,0.666666666666667,0.5,0.666666666666667,0.5,NA,0.333333333333333,0.166666666666667,NA,NA,NA,NA,NA,0,0,0,0,0,0,0,0,NA,0,0.166666666666667,NA,NA,NA,NA,NA,0,0,0,0.166666666666667,0,0.166666666666667,0,0,NA,0.333333333333333,0.166666666666667,NA,NA,NA,NA,NA
"344",6,3,6,0,6,6,0,0,3,0,0,0,0,0,0,0,1,0,1,0,0,2,0,0,1,0,0,0,0,0,0,0,1,0,4,0,2,2,0,0,1,0,0,0,0,0,0,0,0.2,0.1,0.2,0,0.2,0.2,0,0,0.1,0,0,0,0,0,0,0,0.166666666666667,0,0.166666666666667,NA,0,0.333333333333333,NA,NA,0.333333333333333,NA,NA,NA,NA,NA,NA,NA,0.166666666666667,0,0.666666666666667,NA,0.333333333333333,0.333333333333333,NA,NA,0.333333333333333,NA,NA,NA,NA,NA,NA,NA,1,0,4,0,2,1,0,0,1,0,0,0,0,0,0,0,4,3,1,0,4,3,0,0,1,0,0,0,0,0,0,0,0,0,0,0,0,1,0,0,0,0,0,0,0,0,0,0,1,0,1,0,0,1,0,0,1,0,0,0,0,0,0,0,0.166666666666667,0,0.666666666666667,NA,0.333333333333333,0.166666666666667,NA,NA,0.333333333333333,NA,NA,NA,NA,NA,NA,NA,0.666666666666667,1,0.166666666666667,NA,0.666666666666667,0.5,NA,NA,0.333333333333333,NA,NA,NA,NA,NA,NA,NA,0,0,0,NA,0,0.166666666666667,NA,NA,0,NA,NA,NA,NA,NA,NA,NA,0.166666666666667,0,0.166666666666667,NA,0,0.166666666666667,NA,NA,0.333333333333333,NA,NA,NA,NA,NA,NA,NA
"345",3,3,3,6,0,6,6,3,3,6,6,0,3,0,0,0,0,0,0,0,0,1,0,1,0,0,3,0,0,0,0,0,0,0,1,3,0,1,2,1,1,3,2,0,2,0,0,0,0.0625,0.0625,0.0625,0.125,0,0.125,0.125,0.0625,0.0625,0.125,0.125,0,0.0625,0,0,0,0,0,0,0,NA,0.166666666666667,0,0.333333333333333,0,0,0.5,NA,0,NA,NA,NA,0,0,0.333333333333333,0.5,NA,0.166666666666667,0.333333333333333,0.333333333333333,0.333333333333333,0.5,0.333333333333333,NA,0.666666666666667,NA,NA,NA,0,0,1,3,0,1,2,0,1,3,1,0,2,0,0,0,3,3,2,3,0,4,4,2,2,3,2,0,1,0,0,0,0,0,0,0,0,0,0,1,0,0,1,0,0,0,0,0,0,0,0,0,0,1,0,0,0,0,2,0,0,0,0,0,0,0,0.333333333333333,0.5,NA,0.166666666666667,0.333333333333333,0,0.333333333333333,0.5,0.166666666666667,NA,0.666666666666667,NA,NA,NA,1,1,0.666666666666667,0.5,NA,0.666666666666667,0.666666666666667,0.666666666666667,0.666666666666667,0.5,0.333333333333333,NA,0.333333333333333,NA,NA,NA,0,0,0,0,NA,0,0,0.333333333333333,0,0,0.166666666666667,NA,0,NA,NA,NA,0,0,0,0,NA,0.166666666666667,0,0,0,0,0.333333333333333,NA,0,NA,NA,NA
"346",3,3,6,6,3,6,6,0,6,0,6,0,3,0,0,0,0,0,1,1,0,2,0,0,0,0,2,0,1,0,0,0,0,0,0,3,1,2,2,0,1,0,6,0,1,0,0,0,0.0625,0.0625,0.125,0.125,0.0625,0.125,0.125,0,0.125,0,0.125,0,0.0625,0,0,0,0,0,0.166666666666667,0.166666666666667,0,0.333333333333333,0,NA,0,NA,0.333333333333333,NA,0.333333333333333,NA,NA,NA,0,0,0,0.5,0.333333333333333,0.333333333333333,0.333333333333333,NA,0.166666666666667,NA,1,NA,0.333333333333333,NA,NA,NA,0,0,0,2,1,1,2,0,1,0,4,0,1,0,0,0,3,3,5,3,2,3,4,0,5,0,0,0,1,0,0,0,0,0,0,1,0,1,0,0,0,0,2,0,0,0,0,0,0,0,1,0,0,1,0,0,0,0,0,0,1,0,0,0,0,0,0,0.333333333333333,0.333333333333333,0.166666666666667,0.333333333333333,NA,0.166666666666667,NA,0.666666666666667,NA,0.333333333333333,NA,NA,NA,1,1,0.833333333333333,0.5,0.666666666666667,0.5,0.666666666666667,NA,0.833333333333333,NA,0,NA,0.333333333333333,NA,NA,NA,0,0,0,0.166666666666667,0,0.166666666666667,0,NA,0,NA,0.333333333333333,NA,0,NA,NA,NA,0,0,0.166666666666667,0,0,0.166666666666667,0,NA,0,NA,0,NA,0.333333333333333,NA,NA,NA
"347",3,3,6,0,6,6,0,0,6,0,0,0,3,0,0,0,0,0,0,0,1,2,0,0,1,0,0,0,2,0,0,0,0,0,3,0,0,0,0,0,2,0,0,0,1,0,0,0,0.0909090909090909,0.0909090909090909,0.181818181818182,0,0.181818181818182,0.181818181818182,0,0,0.181818181818182,0,0,0,0.0909090909090909,0,0,0,0,0,0,NA,0.166666666666667,0.333333333333333,NA,NA,0.166666666666667,NA,NA,NA,0.666666666666667,NA,NA,NA,0,0,0.5,NA,0,0,NA,NA,0.333333333333333,NA,NA,NA,0.333333333333333,NA,NA,NA,0,0,3,0,0,0,0,0,2,0,0,0,0,0,0,0,3,3,3,0,5,4,0,0,3,0,0,0,1,0,0,0,0,0,0,0,0,0,0,0,0,0,0,0,1,0,0,0,0,0,0,0,1,2,0,0,1,0,0,0,1,0,0,0,0,0,0.5,NA,0,0,NA,NA,0.333333333333333,NA,NA,NA,0,NA,NA,NA,1,1,0.5,NA,0.833333333333333,0.666666666666667,NA,NA,0.5,NA,NA,NA,0.333333333333333,NA,NA,NA,0,0,0,NA,0,0,NA,NA,0,NA,NA,NA,0.333333333333333,NA,NA,NA,0,0,0,NA,0.166666666666667,0.333333333333333,NA,NA,0.166666666666667,NA,NA,NA,0.333333333333333,NA,NA,NA
"348",3,6,6,6,3,0,3,6,3,6,6,0,0,0,0,0,0,0,1,0,0,0,0,4,1,0,0,0,0,0,0,0,0,0,2,0,1,0,0,3,0,3,5,0,0,0,0,0,0.0625,0.125,0.125,0.125,0.0625,0,0.0625,0.125,0.0625,0.125,0.125,0,0,0,0,0,0,0,0.166666666666667,0,0,NA,0,0.666666666666667,0.333333333333333,0,0,NA,NA,NA,NA,NA,0,0,0.333333333333333,0,0.333333333333333,NA,0,0.5,0,0.5,0.833333333333333,NA,NA,NA,NA,NA,0,0,2,0,1,0,0,1,0,3,5,0,0,0,0,0,3,6,3,6,2,0,3,1,2,3,1,0,0,0,0,0,0,0,0,0,0,0,0,2,0,0,0,0,0,0,0,0,0,0,1,0,0,0,0,2,1,0,0,0,0,0,0,0,0,0,0.333333333333333,0,0.333333333333333,NA,0,0.166666666666667,0,0.5,0.833333333333333,NA,NA,NA,NA,NA,1,1,0.5,1,0.666666666666667,NA,1,0.166666666666667,0.666666666666667,0.5,0.166666666666667,NA,NA,NA,NA,NA,0,0,0,0,0,NA,0,0.333333333333333,0,0,0,NA,NA,NA,NA,NA,0,0,0.166666666666667,0,0,NA,0,0.333333333333333,0.333333333333333,0,0,NA,NA,NA,NA,NA
"349",3,3,6,0,0,3,0,0,6,6,0,0,6,6,0,0,0,0,0,0,0,0,0,0,0,0,0,0,1,3,0,0,0,0,3,0,0,0,0,0,2,2,0,0,1,6,0,0,0.0769230769230769,0.0769230769230769,0.153846153846154,0,0,0.0769230769230769,0,0,0.153846153846154,0.153846153846154,0,0,0.153846153846154,0.153846153846154,0,0,0,0,0,NA,NA,0,NA,NA,0,0,NA,NA,0.166666666666667,0.5,NA,NA,0,0,0.5,NA,NA,0,NA,NA,0.333333333333333,0.333333333333333,NA,NA,0.166666666666667,1,NA,NA,0,0,3,0,0,0,0,0,2,2,0,0,0,3,0,0,3,3,3,0,0,3,0,0,4,4,0,0,5,0,0,0,0,0,0,0,0,0,0,0,0,0,0,0,1,3,0,0,0,0,0,0,0,0,0,0,0,0,0,0,0,0,0,0,0,0,0.5,NA,NA,0,NA,NA,0.333333333333333,0.333333333333333,NA,NA,0,0.5,NA,NA,1,1,0.5,NA,NA,1,NA,NA,0.666666666666667,0.666666666666667,NA,NA,0.833333333333333,0,NA,NA,0,0,0,NA,NA,0,NA,NA,0,0,NA,NA,0.166666666666667,0.5,NA,NA,0,0,0,NA,NA,0,NA,NA,0,0,NA,NA,0,0,NA,NA
"350",3,6,6,0,0,6,0,0,3,3,0,0,6,6,0,0,0,0,1,0,0,1,0,0,0,0,0,0,1,1,0,0,0,0,3,0,0,0,0,0,1,1,0,0,2,4,0,0,0.0769230769230769,0.153846153846154,0.153846153846154,0,0,0.153846153846154,0,0,0.0769230769230769,0.0769230769230769,0,0,0.153846153846154,0.153846153846154,0,0,0,0,0.166666666666667,NA,NA,0.166666666666667,NA,NA,0,0,NA,NA,0.166666666666667,0.166666666666667,NA,NA,0,0,0.5,NA,NA,0,NA,NA,0.333333333333333,0.333333333333333,NA,NA,0.333333333333333,0.666666666666667,NA,NA,0,0,2,0,0,0,0,0,1,1,0,0,1,3,0,0,3,6,3,0,0,5,0,0,2,2,0,0,4,2,0,0,0,0,1,0,0,0,0,0,0,0,0,0,1,1,0,0,0,0,0,0,0,1,0,0,0,0,0,0,0,0,0,0,0,0,0.333333333333333,NA,NA,0,NA,NA,0.333333333333333,0.333333333333333,NA,NA,0.166666666666667,0.5,NA,NA,1,1,0.5,NA,NA,0.833333333333333,NA,NA,0.666666666666667,0.666666666666667,NA,NA,0.666666666666667,0.333333333333333,NA,NA,0,0,0.166666666666667,NA,NA,0,NA,NA,0,0,NA,NA,0.166666666666667,0.166666666666667,NA,NA,0,0,0,NA,NA,0.166666666666667,NA,NA,0,0,NA,NA,0,0,NA,NA
"351",3,3,3,3,3,3,6,6,3,6,3,0,0,6,0,0,0,0,0,0,0,0,1,1,1,0,1,0,0,2,0,0,0,1,0,1,0,0,1,4,0,2,2,0,0,3,0,0,0.0625,0.0625,0.0625,0.0625,0.0625,0.0625,0.125,0.125,0.0625,0.125,0.0625,0,0,0.125,0,0,0,0,0,0,0,0,0.166666666666667,0.166666666666667,0.333333333333333,0,0.333333333333333,NA,NA,0.333333333333333,NA,NA,0,0.333333333333333,0,0.333333333333333,0,0,0.166666666666667,0.666666666666667,0,0.333333333333333,0.666666666666667,NA,NA,0.5,NA,NA,0,1,0,1,0,0,1,4,0,2,2,0,0,2,0,0,3,2,3,2,3,3,4,1,2,4,0,0,0,2,0,0,0,0,0,0,0,0,0,0,0,0,0,0,0,1,0,0,0,0,0,0,0,0,1,1,1,0,1,0,0,1,0,0,0,0.333333333333333,0,0.333333333333333,0,0,0.166666666666667,0.666666666666667,0,0.333333333333333,0.666666666666667,NA,NA,0.333333333333333,NA,NA,1,0.666666666666667,1,0.666666666666667,1,1,0.666666666666667,0.166666666666667,0.666666666666667,0.666666666666667,0,NA,NA,0.333333333333333,NA,NA,0,0,0,0,0,0,0,0,0,0,0,NA,NA,0.166666666666667,NA,NA,0,0,0,0,0,0,0.166666666666667,0.166666666666667,0.333333333333333,0,0.333333333333333,NA,NA,0.166666666666667,NA,NA
"352",3,3,3,6,0,6,6,6,0,6,6,0,0,3,0,0,0,0,0,0,0,1,0,3,0,0,2,0,0,2,0,0,1,1,1,1,0,2,1,3,0,0,3,0,0,2,0,0,0.0625,0.0625,0.0625,0.125,0,0.125,0.125,0.125,0,0.125,0.125,0,0,0.0625,0,0,0,0,0,0,NA,0.166666666666667,0,0.5,NA,0,0.333333333333333,NA,NA,0.666666666666667,NA,NA,0.333333333333333,0.333333333333333,0.333333333333333,0.166666666666667,NA,0.333333333333333,0.166666666666667,0.5,NA,0,0.5,NA,NA,0.666666666666667,NA,NA,1,1,1,1,0,1,1,2,0,0,2,0,0,0,0,0,2,2,2,5,0,4,5,1,0,6,2,0,0,1,0,0,0,0,0,0,0,1,0,1,0,0,1,0,0,2,0,0,0,0,0,0,0,0,0,2,0,0,1,0,0,0,0,0,0.333333333333333,0.333333333333333,0.333333333333333,0.166666666666667,NA,0.166666666666667,0.166666666666667,0.333333333333333,NA,0,0.333333333333333,NA,NA,0,NA,NA,0.666666666666667,0.666666666666667,0.666666666666667,0.833333333333333,NA,0.666666666666667,0.833333333333333,0.166666666666667,NA,1,0.333333333333333,NA,NA,0.333333333333333,NA,NA,0,0,0,0,NA,0.166666666666667,0,0.166666666666667,NA,0,0.166666666666667,NA,NA,0.666666666666667,NA,NA,0,0,0,0,NA,0,0,0.333333333333333,NA,0,0.166666666666667,NA,NA,0,NA,NA
"353",3,3,3,3,3,6,6,6,0,6,6,3,0,0,0,0,0,0,0,0,0,0,0,0,0,2,2,1,0,0,0,0,1,0,1,0,0,1,0,4,0,3,5,3,0,0,0,0,0.0625,0.0625,0.0625,0.0625,0.0625,0.125,0.125,0.125,0,0.125,0.125,0.0625,0,0,0,0,0,0,0,0,0,0,0,0,NA,0.333333333333333,0.333333333333333,0.333333333333333,NA,NA,NA,NA,0.333333333333333,0,0.333333333333333,0,0,0.166666666666667,0,0.666666666666667,NA,0.5,0.833333333333333,1,NA,NA,NA,NA,1,0,1,0,0,1,0,4,0,2,3,2,0,0,0,0,2,3,2,3,3,5,6,2,0,2,1,0,0,0,0,0,0,0,0,0,0,0,0,0,0,1,2,1,0,0,0,0,0,0,0,0,0,0,0,0,0,1,0,0,0,0,0,0,0.333333333333333,0,0.333333333333333,0,0,0.166666666666667,0,0.666666666666667,NA,0.333333333333333,0.5,0.666666666666667,NA,NA,NA,NA,0.666666666666667,1,0.666666666666667,1,1,0.833333333333333,1,0.333333333333333,NA,0.333333333333333,0.166666666666667,0,NA,NA,NA,NA,0,0,0,0,0,0,0,0,NA,0.166666666666667,0.333333333333333,0.333333333333333,NA,NA,NA,NA,0,0,0,0,0,0,0,0,NA,0.166666666666667,0,0,NA,NA,NA,NA
"354",6,6,3,6,0,6,6,6,0,3,6,0,0,0,0,0,0,1,0,0,0,1,0,2,0,0,3,0,0,0,0,0,0,1,0,1,0,2,2,5,0,0,4,0,0,0,0,0,0.125,0.125,0.0625,0.125,0,0.125,0.125,0.125,0,0.0625,0.125,0,0,0,0,0,0,0.166666666666667,0,0,NA,0.166666666666667,0,0.333333333333333,NA,0,0.5,NA,NA,NA,NA,NA,0,0.166666666666667,0,0.166666666666667,NA,0.333333333333333,0.333333333333333,0.833333333333333,NA,0,0.666666666666667,NA,NA,NA,NA,NA,0,1,0,1,0,2,2,3,0,0,3,0,0,0,0,0,6,4,3,5,0,3,4,1,0,3,0,0,0,0,0,0,0,0,0,0,0,0,0,2,0,0,1,0,0,0,0,0,0,1,0,0,0,1,0,0,0,0,2,0,0,0,0,0,0,0.166666666666667,0,0.166666666666667,NA,0.333333333333333,0.333333333333333,0.5,NA,0,0.5,NA,NA,NA,NA,NA,1,0.666666666666667,1,0.833333333333333,NA,0.5,0.666666666666667,0.166666666666667,NA,1,0,NA,NA,NA,NA,NA,0,0,0,0,NA,0,0,0.333333333333333,NA,0,0.166666666666667,NA,NA,NA,NA,NA,0,0.166666666666667,0,0,NA,0.166666666666667,0,0,NA,0,0.333333333333333,NA,NA,NA,NA,NA
"355",6,3,6,3,3,3,0,0,6,6,0,0,6,6,0,0,1,0,0,1,0,0,0,0,1,1,0,0,0,2,0,0,0,1,3,1,0,0,0,0,2,1,0,0,2,3,0,0,0.125,0.0625,0.125,0.0625,0.0625,0.0625,0,0,0.125,0.125,0,0,0.125,0.125,0,0,0.166666666666667,0,0,0.333333333333333,0,0,NA,NA,0.166666666666667,0.166666666666667,NA,NA,0,0.333333333333333,NA,NA,0,0.333333333333333,0.5,0.333333333333333,0,0,NA,NA,0.333333333333333,0.166666666666667,NA,NA,0.333333333333333,0.5,NA,NA,0,1,3,0,0,0,0,0,2,1,0,0,2,2,0,0,5,2,3,2,3,3,0,0,3,4,0,0,4,2,0,0,0,0,0,1,0,0,0,0,0,0,0,0,0,1,0,0,1,0,0,0,0,0,0,0,1,1,0,0,0,1,0,0,0,0.333333333333333,0.5,0,0,0,NA,NA,0.333333333333333,0.166666666666667,NA,NA,0.333333333333333,0.333333333333333,NA,NA,0.833333333333333,0.666666666666667,0.5,0.666666666666667,1,1,NA,NA,0.5,0.666666666666667,NA,NA,0.666666666666667,0.333333333333333,NA,NA,0,0,0,0.333333333333333,0,0,NA,NA,0,0,NA,NA,0,0.166666666666667,NA,NA,0.166666666666667,0,0,0,0,0,NA,NA,0.166666666666667,0.166666666666667,NA,NA,0,0.166666666666667,NA,NA
"356",3,6,6,3,3,6,0,0,6,6,0,0,6,0,0,0,0,0,1,1,0,1,0,0,1,1,0,0,1,0,0,0,0,0,0,2,1,1,0,0,0,3,0,0,2,0,0,0,0.0666666666666667,0.133333333333333,0.133333333333333,0.0666666666666667,0.0666666666666667,0.133333333333333,0,0,0.133333333333333,0.133333333333333,0,0,0.133333333333333,0,0,0,0,0,0.166666666666667,0.333333333333333,0,0.166666666666667,NA,NA,0.166666666666667,0.166666666666667,NA,NA,0.166666666666667,NA,NA,NA,0,0,0,0.666666666666667,0.333333333333333,0.166666666666667,NA,NA,0,0.5,NA,NA,0.333333333333333,NA,NA,NA,0,0,0,1,1,1,0,0,0,3,0,0,1,0,0,0,3,6,5,1,2,4,0,0,5,2,0,0,4,0,0,0,0,0,0,1,0,0,0,0,0,0,0,0,1,0,0,0,0,0,1,0,0,1,0,0,1,1,0,0,0,0,0,0,0,0,0,0.333333333333333,0.333333333333333,0.166666666666667,NA,NA,0,0.5,NA,NA,0.166666666666667,NA,NA,NA,1,1,0.833333333333333,0.333333333333333,0.666666666666667,0.666666666666667,NA,NA,0.833333333333333,0.333333333333333,NA,NA,0.666666666666667,NA,NA,NA,0,0,0,0.333333333333333,0,0,NA,NA,0,0,NA,NA,0.166666666666667,NA,NA,NA,0,0,0.166666666666667,0,0,0.166666666666667,NA,NA,0.166666666666667,0.166666666666667,NA,NA,0,NA,NA,NA
"357",3,3,3,6,3,3,6,6,3,6,0,0,0,6,0,0,0,0,0,0,0,0,2,3,1,0,0,0,0,3,0,0,0,0,1,1,1,0,2,5,0,2,0,0,0,3,0,0,0.0625,0.0625,0.0625,0.125,0.0625,0.0625,0.125,0.125,0.0625,0.125,0,0,0,0.125,0,0,0,0,0,0,0,0,0.333333333333333,0.5,0.333333333333333,0,NA,NA,NA,0.5,NA,NA,0,0,0.333333333333333,0.166666666666667,0.333333333333333,0,0.333333333333333,0.833333333333333,0,0.333333333333333,NA,NA,NA,0.5,NA,NA,0,0,1,1,1,0,1,3,0,2,0,0,0,3,0,0,3,3,2,5,2,3,3,0,2,4,0,0,0,0,0,0,0,0,0,0,0,0,1,2,0,0,0,0,0,0,0,0,0,0,0,0,0,0,1,1,1,0,0,0,0,3,0,0,0,0,0.333333333333333,0.166666666666667,0.333333333333333,0,0.166666666666667,0.5,0,0.333333333333333,NA,NA,NA,0.5,NA,NA,1,1,0.666666666666667,0.833333333333333,0.666666666666667,1,0.5,0,0.666666666666667,0.666666666666667,NA,NA,NA,0,NA,NA,0,0,0,0,0,0,0.166666666666667,0.333333333333333,0,0,NA,NA,NA,0,NA,NA,0,0,0,0,0,0,0.166666666666667,0.166666666666667,0.333333333333333,0,NA,NA,NA,0.5,NA,NA
"358",3,3,3,6,0,6,6,6,0,3,0,0,6,6,0,0,0,0,0,0,0,1,2,2,0,0,0,0,0,0,0,0,0,0,0,1,0,2,3,5,0,0,0,0,4,2,0,0,0.0625,0.0625,0.0625,0.125,0,0.125,0.125,0.125,0,0.0625,0,0,0.125,0.125,0,0,0,0,0,0,NA,0.166666666666667,0.333333333333333,0.333333333333333,NA,0,NA,NA,0,0,NA,NA,0,0,0,0.166666666666667,NA,0.333333333333333,0.5,0.833333333333333,NA,0,NA,NA,0.666666666666667,0.333333333333333,NA,NA,0,0,0,1,0,2,3,4,0,0,0,0,4,2,0,0,3,3,3,5,0,3,1,0,0,3,0,0,2,4,0,0,0,0,0,0,0,0,0,1,0,0,0,0,0,0,0,0,0,0,0,0,0,1,2,1,0,0,0,0,0,0,0,0,0,0,0,0.166666666666667,NA,0.333333333333333,0.5,0.666666666666667,NA,0,NA,NA,0.666666666666667,0.333333333333333,NA,NA,1,1,1,0.833333333333333,NA,0.5,0.166666666666667,0,NA,1,NA,NA,0.333333333333333,0.666666666666667,NA,NA,0,0,0,0,NA,0,0,0.166666666666667,NA,0,NA,NA,0,0,NA,NA,0,0,0,0,NA,0.166666666666667,0.333333333333333,0.166666666666667,NA,0,NA,NA,0,0,NA,NA
"359",3,3,6,6,3,6,6,3,3,0,0,0,6,0,0,0,0,0,0,2,0,1,2,1,0,0,0,0,0,0,0,0,0,0,2,1,0,3,3,1,1,0,0,0,2,0,0,0,0.0666666666666667,0.0666666666666667,0.133333333333333,0.133333333333333,0.0666666666666667,0.133333333333333,0.133333333333333,0.0666666666666667,0.0666666666666667,0,0,0,0.133333333333333,0,0,0,0,0,0,0.333333333333333,0,0.166666666666667,0.333333333333333,0.333333333333333,0,NA,NA,NA,0,NA,NA,NA,0,0,0.333333333333333,0.166666666666667,0,0.5,0.5,0.333333333333333,0.333333333333333,NA,NA,NA,0.333333333333333,NA,NA,NA,0,0,2,1,0,3,2,1,1,0,0,0,2,0,0,0,3,3,4,3,3,2,2,1,2,0,0,0,4,0,0,0,0,0,0,0,0,0,1,0,0,0,0,0,0,0,0,0,0,0,0,2,0,1,1,1,0,0,0,0,0,0,0,0,0,0,0.333333333333333,0.166666666666667,0,0.5,0.333333333333333,0.333333333333333,0.333333333333333,NA,NA,NA,0.333333333333333,NA,NA,NA,1,1,0.666666666666667,0.5,1,0.333333333333333,0.333333333333333,0.333333333333333,0.666666666666667,NA,NA,NA,0.666666666666667,NA,NA,NA,0,0,0,0,0,0,0.166666666666667,0,0,NA,NA,NA,0,NA,NA,NA,0,0,0,0.333333333333333,0,0.166666666666667,0.166666666666667,0.333333333333333,0,NA,NA,NA,0,NA,NA,NA
"360",3,3,3,6,0,0,6,3,3,6,6,0,3,6,0,0,0,0,0,1,0,0,1,2,0,0,1,0,1,1,0,0,0,1,1,2,0,0,0,1,0,1,5,0,1,2,0,0,0.0625,0.0625,0.0625,0.125,0,0,0.125,0.0625,0.0625,0.125,0.125,0,0.0625,0.125,0,0,0,0,0,0.166666666666667,NA,NA,0.166666666666667,0.666666666666667,0,0,0.166666666666667,NA,0.333333333333333,0.166666666666667,NA,NA,0,0.333333333333333,0.333333333333333,0.333333333333333,NA,NA,0,0.333333333333333,0,0.166666666666667,0.833333333333333,NA,0.333333333333333,0.333333333333333,NA,NA,0,1,1,2,0,0,0,1,0,1,5,0,1,2,0,0,3,2,2,3,0,0,5,0,3,5,0,0,1,3,0,0,0,0,0,0,0,0,0,0,0,0,0,0,0,0,0,0,0,0,0,1,0,0,1,2,0,0,1,0,1,1,0,0,0,0.333333333333333,0.333333333333333,0.333333333333333,NA,NA,0,0.333333333333333,0,0.166666666666667,0.833333333333333,NA,0.333333333333333,0.333333333333333,NA,NA,1,0.666666666666667,0.666666666666667,0.5,NA,NA,0.833333333333333,0,1,0.833333333333333,0,NA,0.333333333333333,0.5,NA,NA,0,0,0,0,NA,NA,0,0,0,0,0,NA,0,0,NA,NA,0,0,0,0.166666666666667,NA,NA,0.166666666666667,0.666666666666667,0,0,0.166666666666667,NA,0.333333333333333,0.166666666666667,NA,NA
"361",3,3,3,6,3,6,6,6,3,6,3,0,0,0,0,0,0,0,0,0,0,0,2,1,1,2,1,0,0,0,0,0,0,1,0,1,1,1,2,4,0,1,1,0,0,0,0,0,0.0625,0.0625,0.0625,0.125,0.0625,0.125,0.125,0.125,0.0625,0.125,0.0625,0,0,0,0,0,0,0,0,0,0,0,0.333333333333333,0.166666666666667,0.333333333333333,0.333333333333333,0.333333333333333,NA,NA,NA,NA,NA,0,0.333333333333333,0,0.166666666666667,0.333333333333333,0.166666666666667,0.333333333333333,0.666666666666667,0,0.166666666666667,0.333333333333333,NA,NA,NA,NA,NA,0,1,0,1,1,1,1,3,0,0,1,0,0,0,0,0,3,2,3,5,2,5,3,2,2,4,1,0,0,0,0,0,0,0,0,0,0,0,1,1,0,1,0,0,0,0,0,0,0,0,0,0,0,0,1,0,1,1,1,0,0,0,0,0,0,0.333333333333333,0,0.166666666666667,0.333333333333333,0.166666666666667,0.166666666666667,0.5,0,0,0.333333333333333,NA,NA,NA,NA,NA,1,0.666666666666667,1,0.833333333333333,0.666666666666667,0.833333333333333,0.5,0.333333333333333,0.666666666666667,0.666666666666667,0.333333333333333,NA,NA,NA,NA,NA,0,0,0,0,0,0,0.166666666666667,0.166666666666667,0,0.166666666666667,0,NA,NA,NA,NA,NA,0,0,0,0,0,0,0.166666666666667,0,0.333333333333333,0.166666666666667,0.333333333333333,NA,NA,NA,NA,NA
"362",3,3,6,3,3,6,0,0,6,0,0,0,6,0,0,0,0,0,0,1,0,0,0,0,0,0,0,0,2,0,0,0,1,0,3,2,1,3,0,0,1,0,0,0,1,0,0,0,0.0833333333333333,0.0833333333333333,0.166666666666667,0.0833333333333333,0.0833333333333333,0.166666666666667,0,0,0.166666666666667,0,0,0,0.166666666666667,0,0,0,0,0,0,0.333333333333333,0,0,NA,NA,0,NA,NA,NA,0.333333333333333,NA,NA,NA,0.333333333333333,0,0.5,0.666666666666667,0.333333333333333,0.5,NA,NA,0.166666666666667,NA,NA,NA,0.166666666666667,NA,NA,NA,1,0,3,1,1,3,0,0,1,0,0,0,1,0,0,0,2,3,3,1,2,3,0,0,5,0,0,0,3,0,0,0,0,0,0,1,0,0,0,0,0,0,0,0,0,0,0,0,0,0,0,0,0,0,0,0,0,0,0,0,2,0,0,0,0.333333333333333,0,0.5,0.333333333333333,0.333333333333333,0.5,NA,NA,0.166666666666667,NA,NA,NA,0.166666666666667,NA,NA,NA,0.666666666666667,1,0.5,0.333333333333333,0.666666666666667,0.5,NA,NA,0.833333333333333,NA,NA,NA,0.5,NA,NA,NA,0,0,0,0.333333333333333,0,0,NA,NA,0,NA,NA,NA,0,NA,NA,NA,0,0,0,0,0,0,NA,NA,0,NA,NA,NA,0.333333333333333,NA,NA,NA
"363",3,6,0,0,6,0,0,0,3,0,0,0,6,0,0,0,0,0,0,0,1,0,0,0,0,0,0,0,0,0,0,0,0,3,0,0,1,0,0,0,0,0,0,0,2,0,0,0,0.125,0.25,0,0,0.25,0,0,0,0.125,0,0,0,0.25,0,0,0,0,0,NA,NA,0.166666666666667,NA,NA,NA,0,NA,NA,NA,0,NA,NA,NA,0,0.5,NA,NA,0.166666666666667,NA,NA,NA,0,NA,NA,NA,0.333333333333333,NA,NA,NA,0,3,0,0,1,0,0,0,0,0,0,0,2,0,0,0,3,3,0,0,4,0,0,0,3,0,0,0,4,0,0,0,0,0,0,0,0,0,0,0,0,0,0,0,0,0,0,0,0,0,0,0,1,0,0,0,0,0,0,0,0,0,0,0,0,0.5,NA,NA,0.166666666666667,NA,NA,NA,0,NA,NA,NA,0.333333333333333,NA,NA,NA,1,0.5,NA,NA,0.666666666666667,NA,NA,NA,1,NA,NA,NA,0.666666666666667,NA,NA,NA,0,0,NA,NA,0,NA,NA,NA,0,NA,NA,NA,0,NA,NA,NA,0,0,NA,NA,0.166666666666667,NA,NA,NA,0,NA,NA,NA,0,NA,NA,NA
"364",3,3,3,6,0,3,6,6,6,6,0,0,6,0,0,0,0,0,0,1,0,0,1,2,1,0,0,0,3,0,0,0,0,0,1,1,0,1,4,5,1,3,0,0,2,0,0,0,0.0625,0.0625,0.0625,0.125,0,0.0625,0.125,0.125,0.125,0.125,0,0,0.125,0,0,0,0,0,0,0.166666666666667,NA,0,0.166666666666667,0.333333333333333,0.166666666666667,0,NA,NA,0.5,NA,NA,NA,0,0,0.333333333333333,0.166666666666667,NA,0.333333333333333,0.666666666666667,0.833333333333333,0.166666666666667,0.5,NA,NA,0.333333333333333,NA,NA,NA,0,0,1,1,0,1,4,4,1,3,0,0,1,0,0,0,3,3,2,4,0,2,1,0,4,3,0,0,2,0,0,0,0,0,0,0,0,0,0,1,0,0,0,0,1,0,0,0,0,0,0,1,0,0,1,1,1,0,0,0,2,0,0,0,0,0,0.333333333333333,0.166666666666667,NA,0.333333333333333,0.666666666666667,0.666666666666667,0.166666666666667,0.5,NA,NA,0.166666666666667,NA,NA,NA,1,1,0.666666666666667,0.666666666666667,NA,0.666666666666667,0.166666666666667,0,0.666666666666667,0.5,NA,NA,0.333333333333333,NA,NA,NA,0,0,0,0,NA,0,0,0.166666666666667,0,0,NA,NA,0.166666666666667,NA,NA,NA,0,0,0,0.166666666666667,NA,0,0.166666666666667,0.166666666666667,0.166666666666667,0,NA,NA,0.333333333333333,NA,NA,NA
"365",6,3,6,6,0,3,6,3,3,3,0,0,3,6,0,0,1,0,1,1,0,0,2,1,0,0,0,0,2,1,0,0,0,0,2,2,0,0,0,1,1,1,0,0,2,4,0,0,0.125,0.0625,0.125,0.125,0,0.0625,0.125,0.0625,0.0625,0.0625,0,0,0.0625,0.125,0,0,0.166666666666667,0,0.166666666666667,0.166666666666667,NA,0,0.333333333333333,0.333333333333333,0,0,NA,NA,0.666666666666667,0.166666666666667,NA,NA,0,0,0.333333333333333,0.333333333333333,NA,0,0,0.333333333333333,0.333333333333333,0.333333333333333,NA,NA,0.666666666666667,0.666666666666667,NA,NA,0,0,2,1,0,0,0,1,1,1,0,0,1,4,0,0,5,3,3,4,0,3,4,1,2,2,0,0,0,1,0,0,0,0,0,1,0,0,0,0,0,0,0,0,1,0,0,0,1,0,1,0,0,0,2,1,0,0,0,0,1,1,0,0,0,0,0.333333333333333,0.166666666666667,NA,0,0,0.333333333333333,0.333333333333333,0.333333333333333,NA,NA,0.333333333333333,0.666666666666667,NA,NA,0.833333333333333,1,0.5,0.666666666666667,NA,1,0.666666666666667,0.333333333333333,0.666666666666667,0.666666666666667,NA,NA,0,0.166666666666667,NA,NA,0,0,0,0.166666666666667,NA,0,0,0,0,0,NA,NA,0.333333333333333,0,NA,NA,0.166666666666667,0,0.166666666666667,0,NA,0,0.333333333333333,0.333333333333333,0,0,NA,NA,0.333333333333333,0.166666666666667,NA,NA
"366",3,3,3,6,3,6,6,6,3,0,0,0,6,0,0,0,0,0,0,0,0,1,0,2,0,0,0,0,0,0,0,0,0,1,0,2,0,4,3,3,1,0,0,0,1,0,0,0,0.0666666666666667,0.0666666666666667,0.0666666666666667,0.133333333333333,0.0666666666666667,0.133333333333333,0.133333333333333,0.133333333333333,0.0666666666666667,0,0,0,0.133333333333333,0,0,0,0,0,0,0,0,0.166666666666667,0,0.333333333333333,0,NA,NA,NA,0,NA,NA,NA,0,0.333333333333333,0,0.333333333333333,0,0.666666666666667,0.5,0.5,0.333333333333333,NA,NA,NA,0.166666666666667,NA,NA,NA,0,1,0,2,0,3,3,1,1,0,0,0,1,0,0,0,3,2,3,4,3,2,3,3,2,0,0,0,5,0,0,0,0,0,0,0,0,1,0,2,0,0,0,0,0,0,0,0,0,0,0,0,0,0,0,0,0,0,0,0,0,0,0,0,0,0.333333333333333,0,0.333333333333333,0,0.5,0.5,0.166666666666667,0.333333333333333,NA,NA,NA,0.166666666666667,NA,NA,NA,1,0.666666666666667,1,0.666666666666667,1,0.333333333333333,0.5,0.5,0.666666666666667,NA,NA,NA,0.833333333333333,NA,NA,NA,0,0,0,0,0,0.166666666666667,0,0.333333333333333,0,NA,NA,NA,0,NA,NA,NA,0,0,0,0,0,0,0,0,0,NA,NA,NA,0,NA,NA,NA
"367",3,3,3,6,0,0,6,6,0,3,6,0,6,6,0,0,0,0,0,0,0,0,1,2,0,0,1,0,0,1,0,0,0,0,1,2,0,0,1,4,0,0,6,0,0,3,0,0,0.0625,0.0625,0.0625,0.125,0,0,0.125,0.125,0,0.0625,0.125,0,0.125,0.125,0,0,0,0,0,0,NA,NA,0.166666666666667,0.333333333333333,NA,0,0.166666666666667,NA,0,0.166666666666667,NA,NA,0,0,0.333333333333333,0.333333333333333,NA,NA,0.166666666666667,0.666666666666667,NA,0,1,NA,0,0.5,NA,NA,0,0,1,2,0,0,1,3,0,0,5,0,0,3,0,0,3,3,2,4,0,0,4,1,0,3,0,0,6,2,0,0,0,0,0,0,0,0,0,1,0,0,1,0,0,0,0,0,0,0,0,0,0,0,1,1,0,0,0,0,0,1,0,0,0,0,0.333333333333333,0.333333333333333,NA,NA,0.166666666666667,0.5,NA,0,0.833333333333333,NA,0,0.5,NA,NA,1,1,0.666666666666667,0.666666666666667,NA,NA,0.666666666666667,0.166666666666667,NA,1,0,NA,1,0.333333333333333,NA,NA,0,0,0,0,NA,NA,0,0.166666666666667,NA,0,0.166666666666667,NA,0,0,NA,NA,0,0,0,0,NA,NA,0.166666666666667,0.166666666666667,NA,0,0,NA,0,0.166666666666667,NA,NA
"368",3,3,3,6,3,6,6,0,3,3,0,0,6,0,0,0,0,0,0,0,0,1,0,0,0,1,0,0,0,0,0,0,1,0,1,4,0,1,3,0,1,0,0,0,1,0,0,0,0.0714285714285714,0.0714285714285714,0.0714285714285714,0.142857142857143,0.0714285714285714,0.142857142857143,0.142857142857143,0,0.0714285714285714,0.0714285714285714,0,0,0.142857142857143,0,0,0,0,0,0,0,0,0.166666666666667,0,NA,0,0.333333333333333,NA,NA,0,NA,NA,NA,0.333333333333333,0,0.333333333333333,0.666666666666667,0,0.166666666666667,0.5,NA,0.333333333333333,0,NA,NA,0.166666666666667,NA,NA,NA,1,0,1,4,0,1,3,0,1,0,0,0,1,0,0,0,2,3,2,2,3,4,3,0,2,2,0,0,5,0,0,0,0,0,0,0,0,0,0,0,0,0,0,0,0,0,0,0,0,0,0,0,0,1,0,0,0,1,0,0,0,0,0,0,0.333333333333333,0,0.333333333333333,0.666666666666667,0,0.166666666666667,0.5,NA,0.333333333333333,0,NA,NA,0.166666666666667,NA,NA,NA,0.666666666666667,1,0.666666666666667,0.333333333333333,1,0.666666666666667,0.5,NA,0.666666666666667,0.666666666666667,NA,NA,0.833333333333333,NA,NA,NA,0,0,0,0,0,0,0,NA,0,0,NA,NA,0,NA,NA,NA,0,0,0,0,0,0.166666666666667,0,NA,0,0.333333333333333,NA,NA,0,NA,NA,NA
"369",3,3,3,6,3,6,3,3,6,6,6,0,0,0,0,0,0,0,0,1,0,0,0,2,1,2,0,0,0,0,0,0,0,0,0,3,0,2,1,3,1,1,5,0,0,0,0,0,0.0625,0.0625,0.0625,0.125,0.0625,0.125,0.0625,0.0625,0.125,0.125,0.125,0,0,0,0,0,0,0,0,0.166666666666667,0,0,0,0.666666666666667,0.166666666666667,0.333333333333333,0,NA,NA,NA,NA,NA,0,0,0,0.5,0,0.333333333333333,0.333333333333333,1,0.166666666666667,0.166666666666667,0.833333333333333,NA,NA,NA,NA,NA,0,0,0,2,0,2,1,1,0,1,5,0,0,0,0,0,3,3,3,3,3,4,2,0,5,3,1,0,0,0,0,0,0,0,0,1,0,0,0,2,1,0,0,0,0,0,0,0,0,0,0,0,0,0,0,0,0,2,0,0,0,0,0,0,0,0,0,0.333333333333333,0,0.333333333333333,0.333333333333333,0.333333333333333,0,0.166666666666667,0.833333333333333,NA,NA,NA,NA,NA,1,1,1,0.5,1,0.666666666666667,0.666666666666667,0,0.833333333333333,0.5,0.166666666666667,NA,NA,NA,NA,NA,0,0,0,0.166666666666667,0,0,0,0.666666666666667,0.166666666666667,0,0,NA,NA,NA,NA,NA,0,0,0,0,0,0,0,0,0,0.333333333333333,0,NA,NA,NA,NA,NA
"370",3,3,3,6,0,3,6,3,3,6,0,0,6,6,0,0,0,0,0,0,0,0,1,1,0,0,0,0,2,1,0,0,1,1,0,2,0,0,3,1,1,2,0,0,1,2,0,0,0.0625,0.0625,0.0625,0.125,0,0.0625,0.125,0.0625,0.0625,0.125,0,0,0.125,0.125,0,0,0,0,0,0,NA,0,0.166666666666667,0.333333333333333,0,0,NA,NA,0.333333333333333,0.166666666666667,NA,NA,0.333333333333333,0.333333333333333,0,0.333333333333333,NA,0,0.5,0.333333333333333,0.333333333333333,0.333333333333333,NA,NA,0.166666666666667,0.333333333333333,NA,NA,1,1,0,2,0,0,2,1,1,2,0,0,1,1,0,0,2,2,3,4,0,3,3,1,2,4,0,0,3,4,0,0,0,0,0,0,0,0,1,0,0,0,0,0,0,1,0,0,0,0,0,0,0,0,0,1,0,0,0,0,2,0,0,0,0.333333333333333,0.333333333333333,0,0.333333333333333,NA,0,0.333333333333333,0.333333333333333,0.333333333333333,0.333333333333333,NA,NA,0.166666666666667,0.166666666666667,NA,NA,0.666666666666667,0.666666666666667,1,0.666666666666667,NA,1,0.5,0.333333333333333,0.666666666666667,0.666666666666667,NA,NA,0.5,0.666666666666667,NA,NA,0,0,0,0,NA,0,0.166666666666667,0,0,0,NA,NA,0,0.166666666666667,NA,NA,0,0,0,0,NA,0,0,0.333333333333333,0,0,NA,NA,0.333333333333333,0,NA,NA
"371",3,3,6,6,3,6,6,3,3,0,6,0,3,0,0,0,0,0,0,1,0,2,0,1,0,0,3,0,0,0,0,0,0,0,2,1,0,2,2,2,0,0,4,0,1,0,0,0,0.0625,0.0625,0.125,0.125,0.0625,0.125,0.125,0.0625,0.0625,0,0.125,0,0.0625,0,0,0,0,0,0,0.166666666666667,0,0.333333333333333,0,0.333333333333333,0,NA,0.5,NA,0,NA,NA,NA,0,0,0.333333333333333,0.166666666666667,0,0.333333333333333,0.333333333333333,0.666666666666667,0,NA,0.666666666666667,NA,0.333333333333333,NA,NA,NA,0,0,2,1,0,2,2,1,0,0,2,0,1,0,0,0,3,3,4,4,3,2,4,1,3,0,1,0,2,0,0,0,0,0,0,0,0,0,0,1,0,0,2,0,0,0,0,0,0,0,0,1,0,2,0,0,0,0,1,0,0,0,0,0,0,0,0.333333333333333,0.166666666666667,0,0.333333333333333,0.333333333333333,0.333333333333333,0,NA,0.333333333333333,NA,0.333333333333333,NA,NA,NA,1,1,0.666666666666667,0.666666666666667,1,0.333333333333333,0.666666666666667,0.333333333333333,1,NA,0.166666666666667,NA,0.666666666666667,NA,NA,NA,0,0,0,0,0,0,0,0.333333333333333,0,NA,0.333333333333333,NA,0,NA,NA,NA,0,0,0,0.166666666666667,0,0.333333333333333,0,0,0,NA,0.166666666666667,NA,0,NA,NA,NA
"372",3,3,3,6,0,6,6,6,0,6,6,0,0,3,0,0,0,0,0,0,0,1,0,1,0,0,3,0,0,2,0,0,0,1,1,2,0,2,1,6,0,1,2,0,0,2,0,0,0.0625,0.0625,0.0625,0.125,0,0.125,0.125,0.125,0,0.125,0.125,0,0,0.0625,0,0,0,0,0,0,NA,0.166666666666667,0,0.166666666666667,NA,0,0.5,NA,NA,0.666666666666667,NA,NA,0,0.333333333333333,0.333333333333333,0.333333333333333,NA,0.333333333333333,0.166666666666667,1,NA,0.166666666666667,0.333333333333333,NA,NA,0.666666666666667,NA,NA,0,1,1,2,0,2,1,5,0,1,1,0,0,1,0,0,3,2,2,4,0,3,5,0,0,5,2,0,0,0,0,0,0,0,0,0,0,0,0,1,0,0,1,0,0,1,0,0,0,0,0,0,0,1,0,0,0,0,2,0,0,1,0,0,0,0.333333333333333,0.333333333333333,0.333333333333333,NA,0.333333333333333,0.166666666666667,0.833333333333333,NA,0.166666666666667,0.166666666666667,NA,NA,0.333333333333333,NA,NA,1,0.666666666666667,0.666666666666667,0.666666666666667,NA,0.5,0.833333333333333,0,NA,0.833333333333333,0.333333333333333,NA,NA,0,NA,NA,0,0,0,0,NA,0,0,0.166666666666667,NA,0,0.166666666666667,NA,NA,0.333333333333333,NA,NA,0,0,0,0,NA,0.166666666666667,0,0,NA,0,0.333333333333333,NA,NA,0.333333333333333,NA,NA
"373",3,3,6,0,3,3,0,0,6,6,0,0,3,0,0,0,0,0,0,0,0,0,0,0,1,1,0,0,1,0,0,0,0,1,5,0,0,1,0,0,2,3,0,0,1,0,0,0,0.0909090909090909,0.0909090909090909,0.181818181818182,0,0.0909090909090909,0.0909090909090909,0,0,0.181818181818182,0.181818181818182,0,0,0.0909090909090909,0,0,0,0,0,0,NA,0,0,NA,NA,0.166666666666667,0.166666666666667,NA,NA,0.333333333333333,NA,NA,NA,0,0.333333333333333,0.833333333333333,NA,0,0.333333333333333,NA,NA,0.333333333333333,0.5,NA,NA,0.333333333333333,NA,NA,NA,0,1,5,0,0,1,0,0,2,2,0,0,1,0,0,0,3,2,1,0,3,2,0,0,3,3,0,0,1,0,0,0,0,0,0,0,0,0,0,0,0,1,0,0,0,0,0,0,0,0,0,0,0,0,0,0,1,0,0,0,1,0,0,0,0,0.333333333333333,0.833333333333333,NA,0,0.333333333333333,NA,NA,0.333333333333333,0.333333333333333,NA,NA,0.333333333333333,NA,NA,NA,1,0.666666666666667,0.166666666666667,NA,1,0.666666666666667,NA,NA,0.5,0.5,NA,NA,0.333333333333333,NA,NA,NA,0,0,0,NA,0,0,NA,NA,0,0.166666666666667,NA,NA,0,NA,NA,NA,0,0,0,NA,0,0,NA,NA,0.166666666666667,0,NA,NA,0.333333333333333,NA,NA,NA
"374",3,3,3,3,0,0,3,6,3,6,6,0,6,3,3,0,0,0,0,0,0,0,0,1,0,0,1,0,0,1,1,0,0,0,1,1,0,0,1,5,1,3,4,0,1,2,2,0,0.0625,0.0625,0.0625,0.0625,0,0,0.0625,0.125,0.0625,0.125,0.125,0,0.125,0.0625,0.0625,0,0,0,0,0,NA,NA,0,0.166666666666667,0,0,0.166666666666667,NA,0,0.333333333333333,0.333333333333333,NA,0,0,0.333333333333333,0.333333333333333,NA,NA,0.333333333333333,0.833333333333333,0.333333333333333,0.5,0.666666666666667,NA,0.166666666666667,0.666666666666667,0.666666666666667,NA,0,0,1,1,0,0,1,4,1,3,3,0,1,1,1,0,3,3,2,2,0,0,2,1,2,3,2,0,5,1,1,0,0,0,0,0,0,0,0,1,0,0,1,0,0,1,1,0,0,0,0,0,0,0,0,0,0,0,0,0,0,0,0,0,0,0,0.333333333333333,0.333333333333333,NA,NA,0.333333333333333,0.666666666666667,0.333333333333333,0.5,0.5,NA,0.166666666666667,0.333333333333333,0.333333333333333,NA,1,1,0.666666666666667,0.666666666666667,NA,NA,0.666666666666667,0.166666666666667,0.666666666666667,0.5,0.333333333333333,NA,0.833333333333333,0.333333333333333,0.333333333333333,NA,0,0,0,0,NA,NA,0,0.166666666666667,0,0,0.166666666666667,NA,0,0.333333333333333,0.333333333333333,NA,0,0,0,0,NA,NA,0,0,0,0,0,NA,0,0,0,NA
"375",6,3,3,6,0,3,6,3,6,6,6,0,0,0,0,0,1,0,0,1,0,0,1,1,0,0,3,0,0,0,0,0,1,0,1,3,0,1,2,3,3,3,5,0,0,0,0,0,0.125,0.0625,0.0625,0.125,0,0.0625,0.125,0.0625,0.125,0.125,0.125,0,0,0,0,0,0.166666666666667,0,0,0.166666666666667,NA,0,0.166666666666667,0.333333333333333,0,0,0.5,NA,NA,NA,NA,NA,0.166666666666667,0,0.333333333333333,0.5,NA,0.333333333333333,0.333333333333333,1,0.5,0.5,0.833333333333333,NA,NA,NA,NA,NA,1,0,1,3,0,1,1,2,3,3,3,0,0,0,0,0,4,3,2,2,0,2,4,0,3,3,0,0,0,0,0,0,0,0,0,0,0,0,1,1,0,0,2,0,0,0,0,0,1,0,0,1,0,0,0,0,0,0,1,0,0,0,0,0,0.166666666666667,0,0.333333333333333,0.5,NA,0.333333333333333,0.166666666666667,0.666666666666667,0.5,0.5,0.5,NA,NA,NA,NA,NA,0.666666666666667,1,0.666666666666667,0.333333333333333,NA,0.666666666666667,0.666666666666667,0,0.5,0.5,0,NA,NA,NA,NA,NA,0,0,0,0,NA,0,0.166666666666667,0.333333333333333,0,0,0.333333333333333,NA,NA,NA,NA,NA,0.166666666666667,0,0,0.166666666666667,NA,0,0,0,0,0,0.166666666666667,NA,NA,NA,NA,NA
"376",3,3,6,6,3,6,6,0,3,0,0,0,6,0,0,0,0,0,0,1,0,0,1,0,0,0,0,0,0,0,0,0,0,0,0,4,0,4,3,0,0,0,0,0,4,0,0,0,0.0714285714285714,0.0714285714285714,0.142857142857143,0.142857142857143,0.0714285714285714,0.142857142857143,0.142857142857143,0,0.0714285714285714,0,0,0,0.142857142857143,0,0,0,0,0,0,0.166666666666667,0,0,0.166666666666667,NA,0,NA,NA,NA,0,NA,NA,NA,0,0,0,0.666666666666667,0,0.666666666666667,0.5,NA,0,NA,NA,NA,0.666666666666667,NA,NA,NA,0,0,0,3,0,4,2,0,0,0,0,0,4,0,0,0,3,3,6,2,3,2,3,0,3,0,0,0,2,0,0,0,0,0,0,1,0,0,1,0,0,0,0,0,0,0,0,0,0,0,0,0,0,0,0,0,0,0,0,0,0,0,0,0,0,0,0,0.5,0,0.666666666666667,0.333333333333333,NA,0,NA,NA,NA,0.666666666666667,NA,NA,NA,1,1,1,0.333333333333333,1,0.333333333333333,0.5,NA,1,NA,NA,NA,0.333333333333333,NA,NA,NA,0,0,0,0.166666666666667,0,0,0.166666666666667,NA,0,NA,NA,NA,0,NA,NA,NA,0,0,0,0,0,0,0,NA,0,NA,NA,NA,0,NA,NA,NA
"377",3,3,6,6,3,6,0,0,6,6,0,0,6,3,0,0,0,0,0,2,0,1,0,0,1,0,0,0,1,1,0,0,1,0,1,3,0,1,0,0,1,3,0,0,2,3,0,0,0.0625,0.0625,0.125,0.125,0.0625,0.125,0,0,0.125,0.125,0,0,0.125,0.0625,0,0,0,0,0,0.333333333333333,0,0.166666666666667,NA,NA,0.166666666666667,0,NA,NA,0.166666666666667,0.333333333333333,NA,NA,0.333333333333333,0,0.166666666666667,0.5,0,0.166666666666667,NA,NA,0.166666666666667,0.5,NA,NA,0.333333333333333,1,NA,NA,1,0,1,2,0,1,0,0,1,3,0,0,2,2,0,0,2,3,5,2,3,4,0,0,4,3,0,0,3,0,0,0,0,0,0,1,0,0,0,0,0,0,0,0,0,1,0,0,0,0,0,1,0,1,0,0,1,0,0,0,1,0,0,0,0.333333333333333,0,0.166666666666667,0.333333333333333,0,0.166666666666667,NA,NA,0.166666666666667,0.5,NA,NA,0.333333333333333,0.666666666666667,NA,NA,0.666666666666667,1,0.833333333333333,0.333333333333333,1,0.666666666666667,NA,NA,0.666666666666667,0.5,NA,NA,0.5,0,NA,NA,0,0,0,0.166666666666667,0,0,NA,NA,0,0,NA,NA,0,0.333333333333333,NA,NA,0,0,0,0.166666666666667,0,0.166666666666667,NA,NA,0.166666666666667,0,NA,NA,0.166666666666667,0,NA,NA
"378",3,3,3,3,6,6,6,6,3,6,0,3,0,0,0,0,0,0,0,0,1,0,1,1,1,2,0,2,0,0,0,0,0,0,1,1,0,0,3,4,1,2,0,1,0,0,0,0,0.0625,0.0625,0.0625,0.0625,0.125,0.125,0.125,0.125,0.0625,0.125,0,0.0625,0,0,0,0,0,0,0,0,0.166666666666667,0,0.166666666666667,0.166666666666667,0.333333333333333,0.333333333333333,NA,0.666666666666667,NA,NA,NA,NA,0,0,0.333333333333333,0.333333333333333,0,0,0.5,0.666666666666667,0.333333333333333,0.333333333333333,NA,0.333333333333333,NA,NA,NA,NA,0,0,1,1,0,0,2,3,1,2,0,0,0,0,0,0,3,3,2,2,5,6,3,2,1,2,0,1,0,0,0,0,0,0,0,0,0,0,1,1,0,0,0,1,0,0,0,0,0,0,0,0,1,0,0,0,1,2,0,1,0,0,0,0,0,0,0.333333333333333,0.333333333333333,0,0,0.333333333333333,0.5,0.333333333333333,0.333333333333333,NA,0,NA,NA,NA,NA,1,1,0.666666666666667,0.666666666666667,0.833333333333333,1,0.5,0.333333333333333,0.333333333333333,0.333333333333333,NA,0.333333333333333,NA,NA,NA,NA,0,0,0,0,0,0,0.166666666666667,0.166666666666667,0,0,NA,0.333333333333333,NA,NA,NA,NA,0,0,0,0,0.166666666666667,0,0,0,0.333333333333333,0.333333333333333,NA,0.333333333333333,NA,NA,NA,NA
"379",3,3,3,3,0,6,6,6,0,3,0,6,3,6,0,0,0,0,0,0,0,1,1,1,0,0,0,2,0,1,0,0,0,1,0,1,0,2,4,2,0,1,0,6,0,3,0,0,0.0625,0.0625,0.0625,0.0625,0,0.125,0.125,0.125,0,0.0625,0,0.125,0.0625,0.125,0,0,0,0,0,0,NA,0.166666666666667,0.166666666666667,0.166666666666667,NA,0,NA,0.333333333333333,0,0.166666666666667,NA,NA,0,0.333333333333333,0,0.333333333333333,NA,0.333333333333333,0.666666666666667,0.333333333333333,NA,0.333333333333333,NA,1,0,0.5,NA,NA,0,1,0,1,0,2,3,2,0,1,0,4,0,2,0,0,3,2,3,2,0,3,2,3,0,2,0,0,3,3,0,0,0,0,0,0,0,0,1,0,0,0,0,2,0,1,0,0,0,0,0,0,0,1,0,1,0,0,0,0,0,0,0,0,0,0.333333333333333,0,0.333333333333333,NA,0.333333333333333,0.5,0.333333333333333,NA,0.333333333333333,NA,0.666666666666667,0,0.333333333333333,NA,NA,1,0.666666666666667,1,0.666666666666667,NA,0.5,0.333333333333333,0.5,NA,0.666666666666667,NA,0,1,0.5,NA,NA,0,0,0,0,NA,0,0.166666666666667,0,NA,0,NA,0.333333333333333,0,0.166666666666667,NA,NA,0,0,0,0,NA,0.166666666666667,0,0.166666666666667,NA,0,NA,0,0,0,NA,NA
"380",3,3,3,6,0,0,6,6,0,6,6,0,3,6,0,0,0,0,0,0,0,0,1,3,0,0,1,0,0,1,0,0,0,0,0,1,0,0,1,4,0,1,3,0,0,3,0,0,0.0625,0.0625,0.0625,0.125,0,0,0.125,0.125,0,0.125,0.125,0,0.0625,0.125,0,0,0,0,0,0,NA,NA,0.166666666666667,0.5,NA,0,0.166666666666667,NA,0,0.166666666666667,NA,NA,0,0,0,0.166666666666667,NA,NA,0.166666666666667,0.666666666666667,NA,0.166666666666667,0.5,NA,0,0.5,NA,NA,0,0,0,1,0,0,1,2,0,1,3,0,0,2,0,0,3,3,3,5,0,0,4,1,0,5,2,0,3,3,0,0,0,0,0,0,0,0,0,2,0,0,0,0,0,1,0,0,0,0,0,0,0,0,1,1,0,0,1,0,0,0,0,0,0,0,0,0.166666666666667,NA,NA,0.166666666666667,0.333333333333333,NA,0.166666666666667,0.5,NA,0,0.333333333333333,NA,NA,1,1,1,0.833333333333333,NA,NA,0.666666666666667,0.166666666666667,NA,0.833333333333333,0.333333333333333,NA,1,0.5,NA,NA,0,0,0,0,NA,NA,0,0.333333333333333,NA,0,0,NA,0,0.166666666666667,NA,NA,0,0,0,0,NA,NA,0.166666666666667,0.166666666666667,NA,0,0.166666666666667,NA,0,0,NA,NA
"381",6,3,3,6,0,3,6,6,0,6,6,0,0,3,0,0,1,0,0,0,0,0,1,4,0,0,3,0,0,2,0,0,1,0,1,1,0,0,1,4,0,2,5,0,0,1,0,0,0.125,0.0625,0.0625,0.125,0,0.0625,0.125,0.125,0,0.125,0.125,0,0,0.0625,0,0,0.166666666666667,0,0,0,NA,0,0.166666666666667,0.666666666666667,NA,0,0.5,NA,NA,0.666666666666667,NA,NA,0.166666666666667,0,0.333333333333333,0.166666666666667,NA,0,0.166666666666667,0.666666666666667,NA,0.333333333333333,0.833333333333333,NA,NA,0.333333333333333,NA,NA,1,0,1,1,0,0,1,1,0,2,2,0,0,1,0,0,4,3,2,5,0,3,4,1,0,4,1,0,0,0,0,0,0,0,0,0,0,0,0,3,0,0,3,0,0,0,0,0,1,0,0,0,0,0,1,1,0,0,0,0,0,2,0,0,0.166666666666667,0,0.333333333333333,0.166666666666667,NA,0,0.166666666666667,0.166666666666667,NA,0.333333333333333,0.333333333333333,NA,NA,0.333333333333333,NA,NA,0.666666666666667,1,0.666666666666667,0.833333333333333,NA,1,0.666666666666667,0.166666666666667,NA,0.666666666666667,0.166666666666667,NA,NA,0,NA,NA,0,0,0,0,NA,0,0,0.5,NA,0,0.5,NA,NA,0,NA,NA,0.166666666666667,0,0,0,NA,0,0.166666666666667,0.166666666666667,NA,0,0,NA,NA,0.666666666666667,NA,NA
"382",6,3,0,0,6,0,0,0,6,0,0,0,0,0,0,0,1,1,0,0,0,0,0,0,1,0,0,0,0,0,0,0,1,0,0,0,0,0,0,0,3,0,0,0,0,0,0,0,0.285714285714286,0.142857142857143,0,0,0.285714285714286,0,0,0,0.285714285714286,0,0,0,0,0,0,0,0.166666666666667,0.333333333333333,NA,NA,0,NA,NA,NA,0.166666666666667,NA,NA,NA,NA,NA,NA,NA,0.166666666666667,0,NA,NA,0,NA,NA,NA,0.5,NA,NA,NA,NA,NA,NA,NA,1,0,0,0,0,0,0,0,3,0,0,0,0,0,0,0,4,2,0,0,6,0,0,0,2,0,0,0,0,0,0,0,0,0,0,0,0,0,0,0,0,0,0,0,0,0,0,0,1,1,0,0,0,0,0,0,1,0,0,0,0,0,0,0,0.166666666666667,0,NA,NA,0,NA,NA,NA,0.5,NA,NA,NA,NA,NA,NA,NA,0.666666666666667,0.666666666666667,NA,NA,1,NA,NA,NA,0.333333333333333,NA,NA,NA,NA,NA,NA,NA,0,0,NA,NA,0,NA,NA,NA,0,NA,NA,NA,NA,NA,NA,NA,0.166666666666667,0.333333333333333,NA,NA,0,NA,NA,NA,0.166666666666667,NA,NA,NA,NA,NA,NA,NA
"383",3,3,6,6,3,6,6,6,3,0,6,0,0,0,0,0,0,0,0,1,0,2,0,2,0,0,2,0,0,0,0,0,0,0,1,1,0,1,0,5,0,0,2,0,0,0,0,0,0.0625,0.0625,0.125,0.125,0.0625,0.125,0.125,0.125,0.0625,0,0.125,0,0,0,0,0,0,0,0,0.166666666666667,0,0.333333333333333,0,0.333333333333333,0,NA,0.333333333333333,NA,NA,NA,NA,NA,0,0,0.166666666666667,0.166666666666667,0,0.166666666666667,0,0.833333333333333,0,NA,0.333333333333333,NA,NA,NA,NA,NA,0,0,1,1,0,1,0,4,0,0,2,0,0,0,0,0,3,3,5,4,3,3,6,0,3,0,2,0,0,0,0,0,0,0,0,0,0,0,0,1,0,0,0,0,0,0,0,0,0,0,0,1,0,2,0,1,0,0,2,0,0,0,0,0,0,0,0.166666666666667,0.166666666666667,0,0.166666666666667,0,0.666666666666667,0,NA,0.333333333333333,NA,NA,NA,NA,NA,1,1,0.833333333333333,0.666666666666667,1,0.5,1,0,1,NA,0.333333333333333,NA,NA,NA,NA,NA,0,0,0,0,0,0,0,0.166666666666667,0,NA,0,NA,NA,NA,NA,NA,0,0,0,0.166666666666667,0,0.333333333333333,0,0.166666666666667,0,NA,0.333333333333333,NA,NA,NA,NA,NA
"384",3,3,6,6,6,0,6,0,3,6,6,0,0,0,0,0,0,0,0,1,1,0,0,0,1,0,2,0,0,0,0,0,0,0,0,3,1,0,1,0,0,3,6,0,0,0,0,0,0.0666666666666667,0.0666666666666667,0.133333333333333,0.133333333333333,0.133333333333333,0,0.133333333333333,0,0.0666666666666667,0.133333333333333,0.133333333333333,0,0,0,0,0,0,0,0,0.166666666666667,0.166666666666667,NA,0,NA,0.333333333333333,0,0.333333333333333,NA,NA,NA,NA,NA,0,0,0,0.5,0.166666666666667,NA,0.166666666666667,NA,0,0.5,1,NA,NA,NA,NA,NA,0,0,0,2,0,0,1,0,0,3,4,0,0,0,0,0,3,3,6,3,5,0,5,0,2,3,0,0,0,0,0,0,0,0,0,1,1,0,0,0,0,0,2,0,0,0,0,0,0,0,0,0,0,0,0,0,1,0,0,0,0,0,0,0,0,0,0,0.333333333333333,0,NA,0.166666666666667,NA,0,0.5,0.666666666666667,NA,NA,NA,NA,NA,1,1,1,0.5,0.833333333333333,NA,0.833333333333333,NA,0.666666666666667,0.5,0,NA,NA,NA,NA,NA,0,0,0,0.166666666666667,0.166666666666667,NA,0,NA,0,0,0.333333333333333,NA,NA,NA,NA,NA,0,0,0,0,0,NA,0,NA,0.333333333333333,0,0,NA,NA,NA,NA,NA
"385",3,6,6,6,0,0,3,6,0,3,6,0,0,6,3,0,0,0,1,0,0,0,0,3,0,0,0,0,0,0,1,0,1,1,1,2,0,0,1,5,0,1,4,0,0,2,2,0,0.0625,0.125,0.125,0.125,0,0,0.0625,0.125,0,0.0625,0.125,0,0,0.125,0.0625,0,0,0,0.166666666666667,0,NA,NA,0,0.5,NA,0,0,NA,NA,0,0.333333333333333,NA,0.333333333333333,0.166666666666667,0.166666666666667,0.333333333333333,NA,NA,0.333333333333333,0.833333333333333,NA,0.333333333333333,0.666666666666667,NA,NA,0.333333333333333,0.666666666666667,NA,1,1,0,2,0,0,1,3,0,1,4,0,0,2,2,0,2,5,5,4,0,0,2,0,0,2,2,0,0,4,0,0,0,0,1,0,0,0,0,2,0,0,0,0,0,0,0,0,0,0,0,0,0,0,0,1,0,0,0,0,0,0,1,0,0.333333333333333,0.166666666666667,0,0.333333333333333,NA,NA,0.333333333333333,0.5,NA,0.333333333333333,0.666666666666667,NA,NA,0.333333333333333,0.666666666666667,NA,0.666666666666667,0.833333333333333,0.833333333333333,0.666666666666667,NA,NA,0.666666666666667,0,NA,0.666666666666667,0.333333333333333,NA,NA,0.666666666666667,0,NA,0,0,0.166666666666667,0,NA,NA,0,0.333333333333333,NA,0,0,NA,NA,0,0,NA,0,0,0,0,NA,NA,0,0.166666666666667,NA,0,0,NA,NA,0,0.333333333333333,NA
"386",3,6,3,0,3,0,0,0,6,0,0,0,6,0,0,0,0,0,1,0,0,0,0,0,0,0,0,0,3,0,0,0,1,2,0,0,0,0,0,0,0,0,0,0,1,0,0,0,0.111111111111111,0.222222222222222,0.111111111111111,0,0.111111111111111,0,0,0,0.222222222222222,0,0,0,0.222222222222222,0,0,0,0,0,0.333333333333333,NA,0,NA,NA,NA,0,NA,NA,NA,0.5,NA,NA,NA,0.333333333333333,0.333333333333333,0,NA,0,NA,NA,NA,0,NA,NA,NA,0.166666666666667,NA,NA,NA,1,2,0,0,0,0,0,0,0,0,0,0,1,0,0,0,2,4,2,0,3,0,0,0,6,0,0,0,2,0,0,0,0,0,0,0,0,0,0,0,0,0,0,0,0,0,0,0,0,0,1,0,0,0,0,0,0,0,0,0,3,0,0,0,0.333333333333333,0.333333333333333,0,NA,0,NA,NA,NA,0,NA,NA,NA,0.166666666666667,NA,NA,NA,0.666666666666667,0.666666666666667,0.666666666666667,NA,1,NA,NA,NA,1,NA,NA,NA,0.333333333333333,NA,NA,NA,0,0,0,NA,0,NA,NA,NA,0,NA,NA,NA,0,NA,NA,NA,0,0,0.333333333333333,NA,0,NA,NA,NA,0,NA,NA,NA,0.5,NA,NA,NA
"387",3,3,6,6,0,3,6,3,0,3,3,0,6,6,0,0,0,0,0,1,0,0,1,2,0,0,1,0,1,1,0,0,0,1,0,2,0,0,2,2,0,1,1,0,2,5,0,0,0.0625,0.0625,0.125,0.125,0,0.0625,0.125,0.0625,0,0.0625,0.0625,0,0.125,0.125,0,0,0,0,0,0.166666666666667,NA,0,0.166666666666667,0.666666666666667,NA,0,0.333333333333333,NA,0.166666666666667,0.166666666666667,NA,NA,0,0.333333333333333,0,0.333333333333333,NA,0,0.333333333333333,0.666666666666667,NA,0.333333333333333,0.333333333333333,NA,0.333333333333333,0.833333333333333,NA,NA,0,1,0,2,0,0,1,0,0,1,1,0,1,4,0,0,3,2,6,3,0,3,4,1,0,2,1,0,4,1,0,0,0,0,0,0,0,0,1,2,0,0,0,0,1,1,0,0,0,0,0,1,0,0,0,0,0,0,1,0,0,0,0,0,0,0.333333333333333,0,0.333333333333333,NA,0,0.166666666666667,0,NA,0.333333333333333,0.333333333333333,NA,0.166666666666667,0.666666666666667,NA,NA,1,0.666666666666667,1,0.5,NA,1,0.666666666666667,0.333333333333333,NA,0.666666666666667,0.333333333333333,NA,0.666666666666667,0.166666666666667,NA,NA,0,0,0,0,NA,0,0.166666666666667,0.666666666666667,NA,0,0,NA,0.166666666666667,0.166666666666667,NA,NA,0,0,0,0.166666666666667,NA,0,0,0,NA,0,0.333333333333333,NA,0,0,NA,NA
"388",3,3,3,6,0,3,6,0,3,3,0,0,6,6,0,0,0,0,0,0,0,0,1,0,0,0,0,0,1,1,0,0,1,0,1,3,0,0,3,0,0,1,0,0,2,4,0,0,0.0714285714285714,0.0714285714285714,0.0714285714285714,0.142857142857143,0,0.0714285714285714,0.142857142857143,0,0.0714285714285714,0.0714285714285714,0,0,0.142857142857143,0.142857142857143,0,0,0,0,0,0,NA,0,0.166666666666667,NA,0,0,NA,NA,0.166666666666667,0.166666666666667,NA,NA,0.333333333333333,0,0.333333333333333,0.5,NA,0,0.5,NA,0,0.333333333333333,NA,NA,0.333333333333333,0.666666666666667,NA,NA,1,0,1,3,0,0,2,0,0,1,0,0,2,3,0,0,2,3,2,3,0,3,3,0,3,2,0,0,3,2,0,0,0,0,0,0,0,0,1,0,0,0,0,0,0,1,0,0,0,0,0,0,0,0,0,0,0,0,0,0,1,0,0,0,0.333333333333333,0,0.333333333333333,0.5,NA,0,0.333333333333333,NA,0,0.333333333333333,NA,NA,0.333333333333333,0.5,NA,NA,0.666666666666667,1,0.666666666666667,0.5,NA,1,0.5,NA,1,0.666666666666667,NA,NA,0.5,0.333333333333333,NA,NA,0,0,0,0,NA,0,0.166666666666667,NA,0,0,NA,NA,0,0.166666666666667,NA,NA,0,0,0,0,NA,0,0,NA,0,0,NA,NA,0.166666666666667,0,NA,NA
"389",3,3,6,6,3,6,6,0,3,0,6,0,6,0,0,0,0,0,0,1,0,1,0,0,0,0,2,0,0,0,0,0,0,0,2,3,0,4,1,0,1,0,2,0,1,0,0,0,0.0625,0.0625,0.125,0.125,0.0625,0.125,0.125,0,0.0625,0,0.125,0,0.125,0,0,0,0,0,0,0.166666666666667,0,0.166666666666667,0,NA,0,NA,0.333333333333333,NA,0,NA,NA,NA,0,0,0.333333333333333,0.5,0,0.666666666666667,0.166666666666667,NA,0.333333333333333,NA,0.333333333333333,NA,0.166666666666667,NA,NA,NA,0,0,2,2,0,4,1,0,1,0,2,0,1,0,0,0,3,3,4,3,3,1,5,0,2,0,2,0,5,0,0,0,0,0,0,1,0,0,0,0,0,0,0,0,0,0,0,0,0,0,0,0,0,1,0,0,0,0,2,0,0,0,0,0,0,0,0.333333333333333,0.333333333333333,0,0.666666666666667,0.166666666666667,NA,0.333333333333333,NA,0.333333333333333,NA,0.166666666666667,NA,NA,NA,1,1,0.666666666666667,0.5,1,0.166666666666667,0.833333333333333,NA,0.666666666666667,NA,0.333333333333333,NA,0.833333333333333,NA,NA,NA,0,0,0,0.166666666666667,0,0,0,NA,0,NA,0,NA,0,NA,NA,NA,0,0,0,0,0,0.166666666666667,0,NA,0,NA,0.333333333333333,NA,0,NA,NA,NA
"390",3,3,3,6,6,6,6,6,3,6,0,0,0,0,0,0,0,0,0,1,0,0,0,1,1,2,0,0,0,0,0,0,0,0,0,1,1,2,3,4,0,1,0,0,0,0,0,0,0.0625,0.0625,0.0625,0.125,0.125,0.125,0.125,0.125,0.0625,0.125,0,0,0,0,0,0,0,0,0,0.166666666666667,0,0,0,0.166666666666667,0.333333333333333,0.333333333333333,NA,NA,NA,NA,NA,NA,0,0,0,0.166666666666667,0.166666666666667,0.333333333333333,0.5,0.666666666666667,0,0.166666666666667,NA,NA,NA,NA,NA,NA,0,0,0,1,1,2,3,4,0,1,0,0,0,0,0,0,3,3,3,4,5,4,3,1,2,3,0,0,0,0,0,0,0,0,0,0,0,0,0,0,0,0,0,0,0,0,0,0,0,0,0,1,0,0,0,1,1,2,0,0,0,0,0,0,0,0,0,0.166666666666667,0.166666666666667,0.333333333333333,0.5,0.666666666666667,0,0.166666666666667,NA,NA,NA,NA,NA,NA,1,1,1,0.666666666666667,0.833333333333333,0.666666666666667,0.5,0.166666666666667,0.666666666666667,0.5,NA,NA,NA,NA,NA,NA,0,0,0,0,0,0,0,0,0,0,NA,NA,NA,NA,NA,NA,0,0,0,0.166666666666667,0,0,0,0.166666666666667,0.333333333333333,0.333333333333333,NA,NA,NA,NA,NA,NA
"391",3,3,3,6,0,3,6,6,3,6,0,3,3,3,0,0,0,0,0,0,0,0,1,1,0,1,0,3,2,2,0,0,0,1,0,2,0,0,4,1,0,2,0,3,0,3,0,0,0.0625,0.0625,0.0625,0.125,0,0.0625,0.125,0.125,0.0625,0.125,0,0.0625,0.0625,0.0625,0,0,0,0,0,0,NA,0,0.166666666666667,0.166666666666667,0,0.166666666666667,NA,1,0.666666666666667,0.666666666666667,NA,NA,0,0.333333333333333,0,0.333333333333333,NA,0,0.666666666666667,0.166666666666667,0,0.333333333333333,NA,1,0,1,NA,NA,0,1,0,2,0,0,4,1,0,2,0,0,0,1,0,0,3,2,3,4,0,3,1,4,3,3,0,0,1,0,0,0,0,0,0,0,0,0,0,0,0,0,0,3,0,2,0,0,0,0,0,0,0,0,1,1,0,1,0,0,2,0,0,0,0,0.333333333333333,0,0.333333333333333,NA,0,0.666666666666667,0.166666666666667,0,0.333333333333333,NA,0,0,0.333333333333333,NA,NA,1,0.666666666666667,1,0.666666666666667,NA,1,0.166666666666667,0.666666666666667,1,0.5,NA,0,0.333333333333333,0,NA,NA,0,0,0,0,NA,0,0,0,0,0,NA,1,0,0.666666666666667,NA,NA,0,0,0,0,NA,0,0.166666666666667,0.166666666666667,0,0.166666666666667,NA,0,0.666666666666667,0,NA,NA
"392",3,3,6,6,3,6,6,3,3,0,6,0,3,0,0,0,0,0,0,1,0,1,0,2,0,0,2,0,0,0,0,0,1,0,1,2,0,3,1,2,0,0,5,0,1,0,0,0,0.0625,0.0625,0.125,0.125,0.0625,0.125,0.125,0.0625,0.0625,0,0.125,0,0.0625,0,0,0,0,0,0,0.166666666666667,0,0.166666666666667,0,0.666666666666667,0,NA,0.333333333333333,NA,0,NA,NA,NA,0.333333333333333,0,0.166666666666667,0.333333333333333,0,0.5,0.166666666666667,0.666666666666667,0,NA,0.833333333333333,NA,0.333333333333333,NA,NA,NA,1,0,1,2,0,3,1,1,0,0,3,0,1,0,0,0,2,3,5,3,3,2,5,0,3,0,1,0,2,0,0,0,0,0,0,0,0,0,0,1,0,0,2,0,0,0,0,0,0,0,0,1,0,1,0,1,0,0,0,0,0,0,0,0,0.333333333333333,0,0.166666666666667,0.333333333333333,0,0.5,0.166666666666667,0.333333333333333,0,NA,0.5,NA,0.333333333333333,NA,NA,NA,0.666666666666667,1,0.833333333333333,0.5,1,0.333333333333333,0.833333333333333,0,1,NA,0.166666666666667,NA,0.666666666666667,NA,NA,NA,0,0,0,0,0,0,0,0.333333333333333,0,NA,0.333333333333333,NA,0,NA,NA,NA,0,0,0,0.166666666666667,0,0.166666666666667,0,0.333333333333333,0,NA,0,NA,0,NA,NA,NA
"393",3,3,3,6,3,6,6,3,6,3,3,0,3,0,0,0,0,0,0,0,0,1,0,2,0,1,3,0,1,0,0,0,0,0,0,3,1,0,1,2,2,2,1,0,0,0,0,0,0.0625,0.0625,0.0625,0.125,0.0625,0.125,0.125,0.0625,0.125,0.0625,0.0625,0,0.0625,0,0,0,0,0,0,0,0,0.166666666666667,0,0.666666666666667,0,0.333333333333333,1,NA,0.333333333333333,NA,NA,NA,0,0,0,0.5,0.333333333333333,0,0.166666666666667,0.666666666666667,0.333333333333333,0.666666666666667,0.333333333333333,NA,0,NA,NA,NA,0,0,0,3,1,0,1,1,2,2,0,0,0,0,0,0,3,3,3,3,2,5,5,0,4,0,0,0,2,0,0,0,0,0,0,0,0,0,0,1,0,0,1,0,0,0,0,0,0,0,0,0,0,1,0,1,0,1,2,0,1,0,0,0,0,0,0,0.5,0.333333333333333,0,0.166666666666667,0.333333333333333,0.333333333333333,0.666666666666667,0,NA,0,NA,NA,NA,1,1,1,0.5,0.666666666666667,0.833333333333333,0.833333333333333,0,0.666666666666667,0,0,NA,0.666666666666667,NA,NA,NA,0,0,0,0,0,0,0,0.333333333333333,0,0,0.333333333333333,NA,0,NA,NA,NA,0,0,0,0,0,0.166666666666667,0,0.333333333333333,0,0.333333333333333,0.666666666666667,NA,0.333333333333333,NA,NA,NA
"394",3,3,3,6,0,6,6,6,0,6,3,0,0,6,0,0,0,0,0,0,0,0,0,3,0,1,2,0,0,0,0,0,0,1,0,1,0,0,2,3,0,1,1,0,0,2,0,0,0.0625,0.0625,0.0625,0.125,0,0.125,0.125,0.125,0,0.125,0.0625,0,0,0.125,0,0,0,0,0,0,NA,0,0,0.5,NA,0.166666666666667,0.666666666666667,NA,NA,0,NA,NA,0,0.333333333333333,0,0.166666666666667,NA,0,0.333333333333333,0.5,NA,0.166666666666667,0.333333333333333,NA,NA,0.333333333333333,NA,NA,0,1,0,1,0,0,2,2,0,1,0,0,0,2,0,0,3,2,3,5,0,6,4,1,0,4,1,0,0,4,0,0,0,0,0,0,0,0,0,1,0,0,1,0,0,0,0,0,0,0,0,0,0,0,0,2,0,1,1,0,0,0,0,0,0,0.333333333333333,0,0.166666666666667,NA,0,0.333333333333333,0.333333333333333,NA,0.166666666666667,0,NA,NA,0.333333333333333,NA,NA,1,0.666666666666667,1,0.833333333333333,NA,1,0.666666666666667,0.166666666666667,NA,0.666666666666667,0.333333333333333,NA,NA,0.666666666666667,NA,NA,0,0,0,0,NA,0,0,0.166666666666667,NA,0,0.333333333333333,NA,NA,0,NA,NA,0,0,0,0,NA,0,0,0.333333333333333,NA,0.166666666666667,0.333333333333333,NA,NA,0,NA,NA
"395",3,3,3,6,0,6,3,3,0,6,6,0,0,6,3,0,0,0,0,1,0,1,0,1,0,1,0,0,0,1,1,0,0,1,1,3,0,1,0,1,0,2,3,0,0,3,2,0,0.0625,0.0625,0.0625,0.125,0,0.125,0.0625,0.0625,0,0.125,0.125,0,0,0.125,0.0625,0,0,0,0,0.166666666666667,NA,0.166666666666667,0,0.333333333333333,NA,0.166666666666667,0,NA,NA,0.166666666666667,0.333333333333333,NA,0,0.333333333333333,0.333333333333333,0.5,NA,0.166666666666667,0,0.333333333333333,NA,0.333333333333333,0.5,NA,NA,0.5,0.666666666666667,NA,0,1,1,2,0,1,0,1,0,2,3,0,0,2,1,0,3,2,2,3,0,4,3,1,0,3,3,0,0,3,1,0,0,0,0,1,0,0,0,0,0,0,0,0,0,1,1,0,0,0,0,0,0,1,0,1,0,1,0,0,0,0,0,0,0,0.333333333333333,0.333333333333333,0.333333333333333,NA,0.166666666666667,0,0.333333333333333,NA,0.333333333333333,0.5,NA,NA,0.333333333333333,0.333333333333333,NA,1,0.666666666666667,0.666666666666667,0.5,NA,0.666666666666667,1,0.333333333333333,NA,0.5,0.5,NA,NA,0.5,0.333333333333333,NA,0,0,0,0.166666666666667,NA,0,0,0,NA,0,0,NA,NA,0.166666666666667,0.333333333333333,NA,0,0,0,0,NA,0.166666666666667,0,0.333333333333333,NA,0.166666666666667,0,NA,NA,0,0,NA
"396",6,6,6,0,0,3,0,0,6,6,0,0,6,6,0,0,0,1,0,0,0,0,0,0,0,1,0,0,3,4,0,0,0,1,3,0,0,0,0,0,2,1,0,0,2,3,0,0,0.133333333333333,0.133333333333333,0.133333333333333,0,0,0.0666666666666667,0,0,0.133333333333333,0.133333333333333,0,0,0.133333333333333,0.133333333333333,0,0,0,0.166666666666667,0,NA,NA,0,NA,NA,0,0.166666666666667,NA,NA,0.5,0.666666666666667,NA,NA,0,0.166666666666667,0.5,NA,NA,0,NA,NA,0.333333333333333,0.166666666666667,NA,NA,0.333333333333333,0.5,NA,NA,0,1,3,0,0,0,0,0,2,1,0,0,2,1,0,0,6,4,3,0,0,3,0,0,4,4,0,0,1,1,0,0,0,0,0,0,0,0,0,0,0,0,0,0,0,2,0,0,0,1,0,0,0,0,0,0,0,1,0,0,3,2,0,0,0,0.166666666666667,0.5,NA,NA,0,NA,NA,0.333333333333333,0.166666666666667,NA,NA,0.333333333333333,0.166666666666667,NA,NA,1,0.666666666666667,0.5,NA,NA,1,NA,NA,0.666666666666667,0.666666666666667,NA,NA,0.166666666666667,0.166666666666667,NA,NA,0,0,0,NA,NA,0,NA,NA,0,0,NA,NA,0,0.333333333333333,NA,NA,0,0.166666666666667,0,NA,NA,0,NA,NA,0,0.166666666666667,NA,NA,0.5,0.333333333333333,NA,NA
"397",3,3,3,6,0,6,6,6,0,6,6,0,0,3,0,0,0,0,0,1,0,0,0,2,0,1,2,0,0,1,0,0,0,0,0,0,0,1,0,3,0,1,4,0,0,3,0,0,0.0625,0.0625,0.0625,0.125,0,0.125,0.125,0.125,0,0.125,0.125,0,0,0.0625,0,0,0,0,0,0.166666666666667,NA,0,0,0.333333333333333,NA,0.166666666666667,0.333333333333333,NA,NA,0.333333333333333,NA,NA,0,0,0,0,NA,0.166666666666667,0,0.5,NA,0.166666666666667,0.666666666666667,NA,NA,1,NA,NA,0,0,0,0,0,1,0,2,0,1,3,0,0,2,0,0,3,3,3,5,0,5,6,2,0,4,1,0,0,0,0,0,0,0,0,0,0,0,0,1,0,0,1,0,0,1,0,0,0,0,0,1,0,0,0,1,0,1,1,0,0,0,0,0,0,0,0,0,NA,0.166666666666667,0,0.333333333333333,NA,0.166666666666667,0.5,NA,NA,0.666666666666667,NA,NA,1,1,1,0.833333333333333,NA,0.833333333333333,1,0.333333333333333,NA,0.666666666666667,0.166666666666667,NA,NA,0,NA,NA,0,0,0,0,NA,0,0,0.166666666666667,NA,0,0.166666666666667,NA,NA,0.333333333333333,NA,NA,0,0,0,0.166666666666667,NA,0,0,0.166666666666667,NA,0.166666666666667,0.166666666666667,NA,NA,0,NA,NA
"398",3,3,6,0,3,6,0,0,3,3,0,0,6,0,0,0,0,0,0,0,0,1,0,0,0,1,0,0,1,0,0,0,1,1,3,0,0,1,0,0,0,2,0,0,2,0,0,0,0.0909090909090909,0.0909090909090909,0.181818181818182,0,0.0909090909090909,0.181818181818182,0,0,0.0909090909090909,0.0909090909090909,0,0,0.181818181818182,0,0,0,0,0,0,NA,0,0.166666666666667,NA,NA,0,0.333333333333333,NA,NA,0.166666666666667,NA,NA,NA,0.333333333333333,0.333333333333333,0.5,NA,0,0.166666666666667,NA,NA,0,0.666666666666667,NA,NA,0.333333333333333,NA,NA,NA,1,1,3,0,0,1,0,0,0,1,0,0,1,0,0,0,2,2,3,0,3,4,0,0,3,1,0,0,4,0,0,0,0,0,0,0,0,0,0,0,0,1,0,0,1,0,0,0,0,0,0,0,0,1,0,0,0,0,0,0,0,0,0,0,0.333333333333333,0.333333333333333,0.5,NA,0,0.166666666666667,NA,NA,0,0.333333333333333,NA,NA,0.166666666666667,NA,NA,NA,0.666666666666667,0.666666666666667,0.5,NA,1,0.666666666666667,NA,NA,1,0.333333333333333,NA,NA,0.666666666666667,NA,NA,NA,0,0,0,NA,0,0,NA,NA,0,0.333333333333333,NA,NA,0.166666666666667,NA,NA,NA,0,0,0,NA,0,0.166666666666667,NA,NA,0,0,NA,NA,0,NA,NA,NA
"399",3,3,6,6,0,6,6,3,0,6,6,0,0,3,0,0,0,0,0,1,0,0,1,1,0,1,3,0,0,2,0,0,0,0,1,0,0,3,2,3,0,1,4,0,0,1,0,0,0.0625,0.0625,0.125,0.125,0,0.125,0.125,0.0625,0,0.125,0.125,0,0,0.0625,0,0,0,0,0,0.166666666666667,NA,0,0.166666666666667,0.333333333333333,NA,0.166666666666667,0.5,NA,NA,0.666666666666667,NA,NA,0,0,0.166666666666667,0,NA,0.5,0.333333333333333,1,NA,0.166666666666667,0.666666666666667,NA,NA,0.333333333333333,NA,NA,0,0,1,0,0,3,2,2,0,1,2,0,0,1,0,0,3,3,5,5,0,3,3,0,0,4,1,0,0,0,0,0,0,0,0,0,0,0,0,1,0,0,2,0,0,0,0,0,0,0,0,1,0,0,1,0,0,1,1,0,0,2,0,0,0,0,0.166666666666667,0,NA,0.5,0.333333333333333,0.666666666666667,NA,0.166666666666667,0.333333333333333,NA,NA,0.333333333333333,NA,NA,1,1,0.833333333333333,0.833333333333333,NA,0.5,0.5,0,NA,0.666666666666667,0.166666666666667,NA,NA,0,NA,NA,0,0,0,0,NA,0,0,0.333333333333333,NA,0,0.333333333333333,NA,NA,0,NA,NA,0,0,0,0.166666666666667,NA,0,0.166666666666667,0,NA,0.166666666666667,0.166666666666667,NA,NA,0.666666666666667,NA,NA
"400",3,3,6,6,6,6,3,0,3,3,6,0,0,0,3,0,0,0,0,1,0,2,0,0,1,1,1,0,0,0,2,0,0,0,2,3,1,1,0,0,1,2,4,0,0,0,3,0,0.0625,0.0625,0.125,0.125,0.125,0.125,0.0625,0,0.0625,0.0625,0.125,0,0,0,0.0625,0,0,0,0,0.166666666666667,0,0.333333333333333,0,NA,0.333333333333333,0.333333333333333,0.166666666666667,NA,NA,NA,0.666666666666667,NA,0,0,0.333333333333333,0.5,0.166666666666667,0.166666666666667,0,NA,0.333333333333333,0.666666666666667,0.666666666666667,NA,NA,NA,1,NA,0,0,2,3,1,0,0,0,1,2,3,0,0,0,1,0,3,3,4,2,5,4,3,0,1,0,2,0,0,0,0,0,0,0,0,0,0,1,0,0,0,0,1,0,0,0,2,0,0,0,0,1,0,1,0,0,1,1,0,0,0,0,0,0,0,0,0.333333333333333,0.5,0.166666666666667,0,0,NA,0.333333333333333,0.666666666666667,0.5,NA,NA,NA,0.333333333333333,NA,1,1,0.666666666666667,0.333333333333333,0.833333333333333,0.666666666666667,1,NA,0.333333333333333,0,0.333333333333333,NA,NA,NA,0,NA,0,0,0,0,0,0.166666666666667,0,NA,0,0,0.166666666666667,NA,NA,NA,0.666666666666667,NA,0,0,0,0.166666666666667,0,0.166666666666667,0,NA,0.333333333333333,0.333333333333333,0,NA,NA,NA,0,NA
"401",3,3,3,6,3,6,6,6,3,3,6,0,0,0,0,0,0,0,0,0,0,1,0,4,1,1,2,0,0,0,0,0,0,1,1,1,0,1,2,4,0,1,2,0,0,0,0,0,0.0625,0.0625,0.0625,0.125,0.0625,0.125,0.125,0.125,0.0625,0.0625,0.125,0,0,0,0,0,0,0,0,0,0,0.166666666666667,0,0.666666666666667,0.333333333333333,0.333333333333333,0.333333333333333,NA,NA,NA,NA,NA,0,0.333333333333333,0.333333333333333,0.166666666666667,0,0.166666666666667,0.333333333333333,0.666666666666667,0,0.333333333333333,0.333333333333333,NA,NA,NA,NA,NA,0,1,1,1,0,1,2,1,0,1,1,0,0,0,0,0,3,2,2,5,3,4,4,1,2,1,3,0,0,0,0,0,0,0,0,0,0,0,0,3,0,0,1,0,0,0,0,0,0,0,0,0,0,1,0,1,1,1,1,0,0,0,0,0,0,0.333333333333333,0.333333333333333,0.166666666666667,0,0.166666666666667,0.333333333333333,0.166666666666667,0,0.333333333333333,0.166666666666667,NA,NA,NA,NA,NA,1,0.666666666666667,0.666666666666667,0.833333333333333,1,0.666666666666667,0.666666666666667,0.166666666666667,0.666666666666667,0.333333333333333,0.5,NA,NA,NA,NA,NA,0,0,0,0,0,0,0,0.5,0,0,0.166666666666667,NA,NA,NA,NA,NA,0,0,0,0,0,0.166666666666667,0,0.166666666666667,0.333333333333333,0.333333333333333,0.166666666666667,NA,NA,NA,NA,NA
"402",3,3,6,3,0,6,6,6,3,6,6,0,0,0,0,0,0,0,0,0,0,0,1,0,0,1,2,0,0,0,0,0,0,0,2,1,0,1,2,4,1,3,5,0,0,0,0,0,0.0625,0.0625,0.125,0.0625,0,0.125,0.125,0.125,0.0625,0.125,0.125,0,0,0,0,0,0,0,0,0,NA,0,0.166666666666667,0,0,0.166666666666667,0.333333333333333,NA,NA,NA,NA,NA,0,0,0.333333333333333,0.333333333333333,NA,0.166666666666667,0.333333333333333,0.666666666666667,0.333333333333333,0.5,0.833333333333333,NA,NA,NA,NA,NA,0,0,2,1,0,1,2,4,1,2,4,0,0,0,0,0,3,3,4,2,0,5,3,2,2,3,0,0,0,0,0,0,0,0,0,0,0,0,0,0,0,1,1,0,0,0,0,0,0,0,0,0,0,0,1,0,0,0,1,0,0,0,0,0,0,0,0.333333333333333,0.333333333333333,NA,0.166666666666667,0.333333333333333,0.666666666666667,0.333333333333333,0.333333333333333,0.666666666666667,NA,NA,NA,NA,NA,1,1,0.666666666666667,0.666666666666667,NA,0.833333333333333,0.5,0.333333333333333,0.666666666666667,0.5,0,NA,NA,NA,NA,NA,0,0,0,0,NA,0,0,0,0,0.166666666666667,0.166666666666667,NA,NA,NA,NA,NA,0,0,0,0,NA,0,0.166666666666667,0,0,0,0.166666666666667,NA,NA,NA,NA,NA
"403",3,3,3,6,3,3,6,6,3,3,0,0,3,6,0,0,0,0,0,0,0,0,2,2,2,0,0,0,1,1,0,0,1,0,1,1,2,0,2,6,1,0,0,0,0,3,0,0,0.0625,0.0625,0.0625,0.125,0.0625,0.0625,0.125,0.125,0.0625,0.0625,0,0,0.0625,0.125,0,0,0,0,0,0,0,0,0.333333333333333,0.333333333333333,0.666666666666667,0,NA,NA,0.333333333333333,0.166666666666667,NA,NA,0.333333333333333,0,0.333333333333333,0.166666666666667,0.666666666666667,0,0.333333333333333,1,0.333333333333333,0,NA,NA,0,0.5,NA,NA,1,0,1,1,2,0,1,4,0,0,0,0,0,3,0,0,2,3,2,5,1,3,3,0,1,3,0,0,2,2,0,0,0,0,0,0,0,0,1,2,1,0,0,0,0,0,0,0,0,0,0,0,0,0,1,0,1,0,0,0,1,1,0,0,0.333333333333333,0,0.333333333333333,0.166666666666667,0.666666666666667,0,0.166666666666667,0.666666666666667,0,0,NA,NA,0,0.5,NA,NA,0.666666666666667,1,0.666666666666667,0.833333333333333,0.333333333333333,1,0.5,0,0.333333333333333,1,NA,NA,0.666666666666667,0.333333333333333,NA,NA,0,0,0,0,0,0,0.166666666666667,0.333333333333333,0.333333333333333,0,NA,NA,0,0,NA,NA,0,0,0,0,0,0,0.166666666666667,0,0.333333333333333,0,NA,NA,0.333333333333333,0.166666666666667,NA,NA
"404",3,3,3,6,0,3,6,6,3,3,3,0,3,6,0,0,0,0,0,0,0,0,1,3,1,0,2,0,1,1,0,0,0,0,1,2,0,0,2,3,0,1,2,0,0,3,0,0,0.0625,0.0625,0.0625,0.125,0,0.0625,0.125,0.125,0.0625,0.0625,0.0625,0,0.0625,0.125,0,0,0,0,0,0,NA,0,0.166666666666667,0.5,0.333333333333333,0,0.666666666666667,NA,0.333333333333333,0.166666666666667,NA,NA,0,0,0.333333333333333,0.333333333333333,NA,0,0.333333333333333,0.5,0,0.333333333333333,0.666666666666667,NA,0,0.5,NA,NA,0,0,1,2,0,0,2,1,0,1,0,0,0,3,0,0,3,3,2,4,0,3,3,2,2,2,1,0,2,2,0,0,0,0,0,0,0,0,0,2,0,0,2,0,0,0,0,0,0,0,0,0,0,0,1,1,1,0,0,0,1,1,0,0,0,0,0.333333333333333,0.333333333333333,NA,0,0.333333333333333,0.166666666666667,0,0.333333333333333,0,NA,0,0.5,NA,NA,1,1,0.666666666666667,0.666666666666667,NA,1,0.5,0.333333333333333,0.666666666666667,0.666666666666667,0.333333333333333,NA,0.666666666666667,0.333333333333333,NA,NA,0,0,0,0,NA,0,0,0.333333333333333,0,0,0.666666666666667,NA,0,0,NA,NA,0,0,0,0,NA,0,0.166666666666667,0.166666666666667,0.333333333333333,0,0,NA,0.333333333333333,0.166666666666667,NA,NA
"405",3,3,6,6,0,0,6,3,0,6,6,0,3,6,0,0,0,0,0,0,0,0,1,1,0,0,1,0,1,2,0,0,1,0,2,3,0,0,1,2,0,2,3,0,1,3,0,0,0.0625,0.0625,0.125,0.125,0,0,0.125,0.0625,0,0.125,0.125,0,0.0625,0.125,0,0,0,0,0,0,NA,NA,0.166666666666667,0.333333333333333,NA,0,0.166666666666667,NA,0.333333333333333,0.333333333333333,NA,NA,0.333333333333333,0,0.333333333333333,0.5,NA,NA,0.166666666666667,0.666666666666667,NA,0.333333333333333,0.5,NA,0.333333333333333,0.5,NA,NA,1,0,2,3,0,0,1,1,0,2,2,0,0,2,0,0,2,3,4,3,0,0,4,1,0,4,3,0,2,2,0,0,0,0,0,0,0,0,0,1,0,0,1,0,1,1,0,0,0,0,0,0,0,0,1,0,0,0,0,0,0,1,0,0,0.333333333333333,0,0.333333333333333,0.5,NA,NA,0.166666666666667,0.333333333333333,NA,0.333333333333333,0.333333333333333,NA,0,0.333333333333333,NA,NA,0.666666666666667,1,0.666666666666667,0.5,NA,NA,0.666666666666667,0.333333333333333,NA,0.666666666666667,0.5,NA,0.666666666666667,0.333333333333333,NA,NA,0,0,0,0,NA,NA,0,0.333333333333333,NA,0,0.166666666666667,NA,0.333333333333333,0.166666666666667,NA,NA,0,0,0,0,NA,NA,0.166666666666667,0,NA,0,0,NA,0,0.166666666666667,NA,NA
"406",3,3,3,6,0,0,6,3,6,6,6,0,0,0,3,0,0,0,0,0,0,0,1,2,0,1,2,0,0,0,3,0,0,0,0,3,0,0,1,2,4,4,2,0,0,0,3,0,0.0666666666666667,0.0666666666666667,0.0666666666666667,0.133333333333333,0,0,0.133333333333333,0.0666666666666667,0.133333333333333,0.133333333333333,0.133333333333333,0,0,0,0.0666666666666667,0,0,0,0,0,NA,NA,0.166666666666667,0.666666666666667,0,0.166666666666667,0.333333333333333,NA,NA,NA,1,NA,0,0,0,0.5,NA,NA,0.166666666666667,0.666666666666667,0.666666666666667,0.666666666666667,0.333333333333333,NA,NA,NA,1,NA,0,0,0,3,0,0,1,0,4,4,1,0,0,0,0,0,3,3,3,3,0,0,4,1,2,1,3,0,0,0,0,0,0,0,0,0,0,0,0,2,0,0,1,0,0,0,3,0,0,0,0,0,0,0,1,0,0,1,1,0,0,0,0,0,0,0,0,0.5,NA,NA,0.166666666666667,0,0.666666666666667,0.666666666666667,0.166666666666667,NA,NA,NA,0,NA,1,1,1,0.5,NA,NA,0.666666666666667,0.333333333333333,0.333333333333333,0.166666666666667,0.5,NA,NA,NA,0,NA,0,0,0,0,NA,NA,0,0.666666666666667,0,0,0.166666666666667,NA,NA,NA,1,NA,0,0,0,0,NA,NA,0.166666666666667,0,0,0.166666666666667,0.166666666666667,NA,NA,NA,0,NA
"407",3,3,3,6,0,6,6,6,0,6,6,0,0,3,0,0,0,0,0,0,0,1,1,3,0,0,2,0,0,1,0,0,0,0,0,1,0,0,2,2,0,2,3,0,0,2,0,0,0.0625,0.0625,0.0625,0.125,0,0.125,0.125,0.125,0,0.125,0.125,0,0,0.0625,0,0,0,0,0,0,NA,0.166666666666667,0.166666666666667,0.5,NA,0,0.333333333333333,NA,NA,0.333333333333333,NA,NA,0,0,0,0.166666666666667,NA,0,0.333333333333333,0.333333333333333,NA,0.333333333333333,0.5,NA,NA,0.666666666666667,NA,NA,0,0,0,1,0,0,2,1,0,2,1,0,0,1,0,0,3,3,3,5,0,5,3,2,0,4,3,0,0,1,0,0,0,0,0,0,0,0,0,1,0,0,2,0,0,1,0,0,0,0,0,0,0,1,1,2,0,0,0,0,0,0,0,0,0,0,0,0.166666666666667,NA,0,0.333333333333333,0.166666666666667,NA,0.333333333333333,0.166666666666667,NA,NA,0.333333333333333,NA,NA,1,1,1,0.833333333333333,NA,0.833333333333333,0.5,0.333333333333333,NA,0.666666666666667,0.5,NA,NA,0.333333333333333,NA,NA,0,0,0,0,NA,0,0,0.166666666666667,NA,0,0.333333333333333,NA,NA,0.333333333333333,NA,NA,0,0,0,0,NA,0.166666666666667,0.166666666666667,0.333333333333333,NA,0,0,NA,NA,0,NA,NA
"408",3,3,3,6,0,3,6,3,3,6,6,0,3,3,0,0,0,0,0,1,0,0,1,1,0,1,0,0,1,1,0,0,0,1,1,2,0,0,2,1,1,2,3,0,1,2,0,0,0.0625,0.0625,0.0625,0.125,0,0.0625,0.125,0.0625,0.0625,0.125,0.125,0,0.0625,0.0625,0,0,0,0,0,0.166666666666667,NA,0,0.166666666666667,0.333333333333333,0,0.166666666666667,0,NA,0.333333333333333,0.333333333333333,NA,NA,0,0.333333333333333,0.333333333333333,0.333333333333333,NA,0,0.333333333333333,0.333333333333333,0.333333333333333,0.333333333333333,0.5,NA,0.333333333333333,0.666666666666667,NA,NA,0,1,1,1,0,0,2,1,1,2,3,0,1,1,0,0,3,2,2,4,0,3,3,1,2,3,3,0,1,1,0,0,0,0,0,1,0,0,0,0,0,0,0,0,0,1,0,0,0,0,0,0,0,0,1,1,0,1,0,0,1,0,0,0,0,0.333333333333333,0.333333333333333,0.166666666666667,NA,0,0.333333333333333,0.333333333333333,0.333333333333333,0.333333333333333,0.5,NA,0.333333333333333,0.333333333333333,NA,NA,1,0.666666666666667,0.666666666666667,0.666666666666667,NA,1,0.5,0.333333333333333,0.666666666666667,0.5,0.5,NA,0.333333333333333,0.333333333333333,NA,NA,0,0,0,0.166666666666667,NA,0,0,0,0,0,0,NA,0,0.333333333333333,NA,NA,0,0,0,0,NA,0,0.166666666666667,0.333333333333333,0,0.166666666666667,0,NA,0.333333333333333,0,NA,NA
"409",3,3,3,6,3,3,6,3,6,6,0,0,0,0,0,0,0,0,0,1,0,0,0,1,1,0,0,0,0,0,0,0,0,0,1,2,0,1,4,1,3,3,0,0,0,0,0,0,0.0714285714285714,0.0714285714285714,0.0714285714285714,0.142857142857143,0.0714285714285714,0.0714285714285714,0.142857142857143,0.0714285714285714,0.142857142857143,0.142857142857143,0,0,0,0,0,0,0,0,0,0.166666666666667,0,0,0,0.333333333333333,0.166666666666667,0,NA,NA,NA,NA,NA,NA,0,0,0.333333333333333,0.333333333333333,0,0.333333333333333,0.666666666666667,0.333333333333333,0.5,0.5,NA,NA,NA,NA,NA,NA,0,0,1,2,0,1,4,1,2,3,0,0,0,0,0,0,3,3,2,3,3,2,2,1,3,3,0,0,0,0,0,0,0,0,0,0,0,0,0,0,1,0,0,0,0,0,0,0,0,0,0,1,0,0,0,1,0,0,0,0,0,0,0,0,0,0,0.333333333333333,0.333333333333333,0,0.333333333333333,0.666666666666667,0.333333333333333,0.333333333333333,0.5,NA,NA,NA,NA,NA,NA,1,1,0.666666666666667,0.5,1,0.666666666666667,0.333333333333333,0.333333333333333,0.5,0.5,NA,NA,NA,NA,NA,NA,0,0,0,0,0,0,0,0,0.166666666666667,0,NA,NA,NA,NA,NA,NA,0,0,0,0.166666666666667,0,0,0,0.333333333333333,0,0,NA,NA,NA,NA,NA,NA
"410",3,3,6,6,6,6,0,0,6,3,0,0,0,0,0,0,0,0,0,2,0,1,0,0,2,1,0,0,0,0,0,0,0,1,0,1,1,2,0,0,2,0,0,0,0,0,0,0,0.0769230769230769,0.0769230769230769,0.153846153846154,0.153846153846154,0.153846153846154,0.153846153846154,0,0,0.153846153846154,0.0769230769230769,0,0,0,0,0,0,0,0,0,0.333333333333333,0,0.166666666666667,NA,NA,0.333333333333333,0.333333333333333,NA,NA,NA,NA,NA,NA,0,0.333333333333333,0,0.166666666666667,0.166666666666667,0.333333333333333,NA,NA,0.333333333333333,0,NA,NA,NA,NA,NA,NA,0,1,0,1,1,2,0,0,1,0,0,0,0,0,0,0,3,2,6,3,5,3,0,0,3,2,0,0,0,0,0,0,0,0,0,0,0,0,0,0,1,0,0,0,0,0,0,0,0,0,0,2,0,1,0,0,1,1,0,0,0,0,0,0,0,0.333333333333333,0,0.166666666666667,0.166666666666667,0.333333333333333,NA,NA,0.166666666666667,0,NA,NA,NA,NA,NA,NA,1,0.666666666666667,1,0.5,0.833333333333333,0.5,NA,NA,0.5,0.666666666666667,NA,NA,NA,NA,NA,NA,0,0,0,0,0,0,NA,NA,0.166666666666667,0,NA,NA,NA,NA,NA,NA,0,0,0,0.333333333333333,0,0.166666666666667,NA,NA,0.166666666666667,0.333333333333333,NA,NA,NA,NA,NA,NA
"411",3,3,3,6,3,6,6,6,3,3,6,0,0,0,0,0,0,0,0,0,0,1,1,2,0,1,2,0,0,0,0,0,1,0,0,1,0,2,2,5,0,1,5,0,0,0,0,0,0.0625,0.0625,0.0625,0.125,0.0625,0.125,0.125,0.125,0.0625,0.0625,0.125,0,0,0,0,0,0,0,0,0,0,0.166666666666667,0.166666666666667,0.333333333333333,0,0.333333333333333,0.333333333333333,NA,NA,NA,NA,NA,0.333333333333333,0,0,0.166666666666667,0,0.333333333333333,0.333333333333333,0.833333333333333,0,0.333333333333333,0.833333333333333,NA,NA,NA,NA,NA,1,0,0,1,0,1,2,3,0,0,3,0,0,0,0,0,2,3,3,5,3,4,3,1,3,2,1,0,0,0,0,0,0,0,0,0,0,1,0,2,0,1,2,0,0,0,0,0,0,0,0,0,0,0,1,0,0,0,0,0,0,0,0,0,0.333333333333333,0,0,0.166666666666667,0,0.166666666666667,0.333333333333333,0.5,0,0,0.5,NA,NA,NA,NA,NA,0.666666666666667,1,1,0.833333333333333,1,0.666666666666667,0.5,0.166666666666667,1,0.666666666666667,0.166666666666667,NA,NA,NA,NA,NA,0,0,0,0,0,0.166666666666667,0,0.333333333333333,0,0.333333333333333,0.333333333333333,NA,NA,NA,NA,NA,0,0,0,0,0,0,0.166666666666667,0,0,0,0,NA,NA,NA,NA,NA
"412",3,3,3,6,6,6,6,3,3,3,6,0,0,0,0,0,0,0,0,1,0,1,0,1,1,1,3,0,0,0,0,0,0,0,1,4,1,3,2,3,1,1,3,0,0,0,0,0,0.0625,0.0625,0.0625,0.125,0.125,0.125,0.125,0.0625,0.0625,0.0625,0.125,0,0,0,0,0,0,0,0,0.166666666666667,0,0.166666666666667,0,0.333333333333333,0.333333333333333,0.333333333333333,0.5,NA,NA,NA,NA,NA,0,0,0.333333333333333,0.666666666666667,0.166666666666667,0.5,0.333333333333333,1,0.333333333333333,0.333333333333333,0.5,NA,NA,NA,NA,NA,0,0,1,3,1,2,2,2,0,0,1,0,0,0,0,0,3,3,2,2,5,3,4,0,2,2,2,0,0,0,0,0,0,0,0,1,0,1,0,1,1,1,2,0,0,0,0,0,0,0,0,0,0,0,0,0,0,0,1,0,0,0,0,0,0,0,0.333333333333333,0.5,0.166666666666667,0.333333333333333,0.333333333333333,0.666666666666667,0,0,0.166666666666667,NA,NA,NA,NA,NA,1,1,0.666666666666667,0.333333333333333,0.833333333333333,0.5,0.666666666666667,0,0.666666666666667,0.666666666666667,0.333333333333333,NA,NA,NA,NA,NA,0,0,0,0.166666666666667,0,0.166666666666667,0,0.333333333333333,0.333333333333333,0.333333333333333,0.333333333333333,NA,NA,NA,NA,NA,0,0,0,0,0,0,0,0,0,0,0.166666666666667,NA,NA,NA,NA,NA
"413",3,3,6,3,0,6,6,6,0,6,3,3,0,3,0,0,0,0,0,0,0,0,2,1,0,1,1,2,0,1,0,0,0,0,2,1,0,2,1,3,0,0,0,3,0,1,0,0,0.0625,0.0625,0.125,0.0625,0,0.125,0.125,0.125,0,0.125,0.0625,0.0625,0,0.0625,0,0,0,0,0,0,NA,0,0.333333333333333,0.166666666666667,NA,0.166666666666667,0.333333333333333,0.666666666666667,NA,0.333333333333333,NA,NA,0,0,0.333333333333333,0.333333333333333,NA,0.333333333333333,0.166666666666667,0.5,NA,0,0,1,NA,0.333333333333333,NA,NA,0,0,2,1,0,2,1,2,0,0,0,1,0,1,0,0,3,3,4,2,0,4,3,3,0,5,2,0,0,1,0,0,0,0,0,0,0,0,0,1,0,0,0,2,0,0,0,0,0,0,0,0,0,0,2,0,0,1,1,0,0,1,0,0,0,0,0.333333333333333,0.333333333333333,NA,0.333333333333333,0.166666666666667,0.333333333333333,NA,0,0,0.333333333333333,NA,0.333333333333333,NA,NA,1,1,0.666666666666667,0.666666666666667,NA,0.666666666666667,0.5,0.5,NA,0.833333333333333,0.666666666666667,0,NA,0.333333333333333,NA,NA,0,0,0,0,NA,0,0,0.166666666666667,NA,0,0,0.666666666666667,NA,0,NA,NA,0,0,0,0,NA,0,0.333333333333333,0,NA,0.166666666666667,0.333333333333333,0,NA,0.333333333333333,NA,NA
"414",6,6,6,6,0,6,6,3,0,3,0,0,0,6,0,0,1,1,0,1,0,1,2,1,0,0,0,0,0,1,0,0,1,1,1,1,0,1,5,2,0,1,0,0,0,5,0,0,0.125,0.125,0.125,0.125,0,0.125,0.125,0.0625,0,0.0625,0,0,0,0.125,0,0,0.166666666666667,0.166666666666667,0,0.166666666666667,NA,0.166666666666667,0.333333333333333,0.333333333333333,NA,0,NA,NA,NA,0.166666666666667,NA,NA,0.166666666666667,0.166666666666667,0.166666666666667,0.166666666666667,NA,0.166666666666667,0.833333333333333,0.666666666666667,NA,0.333333333333333,NA,NA,NA,0.833333333333333,NA,NA,1,0,1,1,0,1,3,1,0,1,0,0,0,4,0,0,4,5,5,4,0,4,1,1,0,2,0,0,0,1,0,0,0,1,0,0,0,0,2,1,0,0,0,0,0,1,0,0,1,0,0,1,0,1,0,0,0,0,0,0,0,0,0,0,0.166666666666667,0,0.166666666666667,0.166666666666667,NA,0.166666666666667,0.5,0.333333333333333,NA,0.333333333333333,NA,NA,NA,0.666666666666667,NA,NA,0.666666666666667,0.833333333333333,0.833333333333333,0.666666666666667,NA,0.666666666666667,0.166666666666667,0.333333333333333,NA,0.666666666666667,NA,NA,NA,0.166666666666667,NA,NA,0,0.166666666666667,0,0,NA,0,0.333333333333333,0.333333333333333,NA,0,NA,NA,NA,0.166666666666667,NA,NA,0.166666666666667,0,0,0.166666666666667,NA,0.166666666666667,0,0,NA,0,NA,NA,NA,0,NA,NA
"415",3,3,3,6,3,3,6,6,3,6,0,0,0,6,0,0,0,0,0,0,0,0,0,2,1,1,0,0,0,2,0,0,0,1,1,1,1,1,3,2,1,1,0,0,0,6,0,0,0.0625,0.0625,0.0625,0.125,0.0625,0.0625,0.125,0.125,0.0625,0.125,0,0,0,0.125,0,0,0,0,0,0,0,0,0,0.333333333333333,0.333333333333333,0.166666666666667,NA,NA,NA,0.333333333333333,NA,NA,0,0.333333333333333,0.333333333333333,0.166666666666667,0.333333333333333,0.333333333333333,0.5,0.333333333333333,0.333333333333333,0.166666666666667,NA,NA,NA,1,NA,NA,0,1,1,1,1,1,3,1,1,1,0,0,0,4,0,0,3,2,2,5,2,2,3,3,1,4,0,0,0,0,0,0,0,0,0,0,0,0,0,1,0,0,0,0,0,2,0,0,0,0,0,0,0,0,0,1,1,1,0,0,0,0,0,0,0,0.333333333333333,0.333333333333333,0.166666666666667,0.333333333333333,0.333333333333333,0.5,0.166666666666667,0.333333333333333,0.166666666666667,NA,NA,NA,0.666666666666667,NA,NA,1,0.666666666666667,0.666666666666667,0.833333333333333,0.666666666666667,0.666666666666667,0.5,0.5,0.333333333333333,0.666666666666667,NA,NA,NA,0,NA,NA,0,0,0,0,0,0,0,0.166666666666667,0,0,NA,NA,NA,0.333333333333333,NA,NA,0,0,0,0,0,0,0,0.166666666666667,0.333333333333333,0.166666666666667,NA,NA,NA,0,NA,NA
"416",6,6,6,0,6,0,0,0,6,0,0,0,6,0,0,0,1,0,3,0,0,0,0,0,1,0,0,0,0,0,0,0,0,0,1,0,2,0,0,0,0,0,0,0,2,0,0,0,0.166666666666667,0.166666666666667,0.166666666666667,0,0.166666666666667,0,0,0,0.166666666666667,0,0,0,0.166666666666667,0,0,0,0.166666666666667,0,0.5,NA,0,NA,NA,NA,0.166666666666667,NA,NA,NA,0,NA,NA,NA,0,0,0.166666666666667,NA,0.333333333333333,NA,NA,NA,0,NA,NA,NA,0.333333333333333,NA,NA,NA,0,0,1,0,2,0,0,0,0,0,0,0,2,0,0,0,5,6,2,0,4,0,0,0,5,0,0,0,4,0,0,0,0,0,0,0,0,0,0,0,0,0,0,0,0,0,0,0,1,0,3,0,0,0,0,0,1,0,0,0,0,0,0,0,0,0,0.166666666666667,NA,0.333333333333333,NA,NA,NA,0,NA,NA,NA,0.333333333333333,NA,NA,NA,0.833333333333333,1,0.333333333333333,NA,0.666666666666667,NA,NA,NA,0.833333333333333,NA,NA,NA,0.666666666666667,NA,NA,NA,0,0,0,NA,0,NA,NA,NA,0,NA,NA,NA,0,NA,NA,NA,0.166666666666667,0,0.5,NA,0,NA,NA,NA,0.166666666666667,NA,NA,NA,0,NA,NA,NA
"417",3,3,3,3,0,3,6,6,0,6,3,0,6,6,0,0,0,0,0,0,0,0,1,0,0,0,1,0,1,1,0,0,0,1,0,0,0,0,3,4,0,2,1,0,0,5,0,0,0.0625,0.0625,0.0625,0.0625,0,0.0625,0.125,0.125,0,0.125,0.0625,0,0.125,0.125,0,0,0,0,0,0,NA,0,0.166666666666667,0,NA,0,0.333333333333333,NA,0.166666666666667,0.166666666666667,NA,NA,0,0.333333333333333,0,0,NA,0,0.5,0.666666666666667,NA,0.333333333333333,0.333333333333333,NA,0,0.833333333333333,NA,NA,0,1,0,0,0,0,2,4,0,2,1,0,0,4,0,0,3,2,3,3,0,3,3,2,0,4,1,0,5,1,0,0,0,0,0,0,0,0,1,0,0,0,0,0,0,1,0,0,0,0,0,0,0,0,0,0,0,0,1,0,1,0,0,0,0,0.333333333333333,0,0,NA,0,0.333333333333333,0.666666666666667,NA,0.333333333333333,0.333333333333333,NA,0,0.666666666666667,NA,NA,1,0.666666666666667,1,1,NA,1,0.5,0.333333333333333,NA,0.666666666666667,0.333333333333333,NA,0.833333333333333,0.166666666666667,NA,NA,0,0,0,0,NA,0,0.166666666666667,0,NA,0,0,NA,0,0.166666666666667,NA,NA,0,0,0,0,NA,0,0,0,NA,0,0.333333333333333,NA,0.166666666666667,0,NA,NA
"418",6,6,3,0,6,0,0,0,6,0,0,0,6,0,0,0,0,1,1,0,0,0,0,0,1,0,0,0,0,0,0,0,0,1,1,0,2,0,0,0,2,0,0,0,3,0,0,0,0.181818181818182,0.181818181818182,0.0909090909090909,0,0.181818181818182,0,0,0,0.181818181818182,0,0,0,0.181818181818182,0,0,0,0,0.166666666666667,0.333333333333333,NA,0,NA,NA,NA,0.166666666666667,NA,NA,NA,0,NA,NA,NA,0,0.166666666666667,0.333333333333333,NA,0.333333333333333,NA,NA,NA,0.333333333333333,NA,NA,NA,0.5,NA,NA,NA,0,1,1,0,2,0,0,0,2,0,0,0,3,0,0,0,6,4,1,0,4,0,0,0,3,0,0,0,3,0,0,0,0,0,0,0,0,0,0,0,0,0,0,0,0,0,0,0,0,1,1,0,0,0,0,0,1,0,0,0,0,0,0,0,0,0.166666666666667,0.333333333333333,NA,0.333333333333333,NA,NA,NA,0.333333333333333,NA,NA,NA,0.5,NA,NA,NA,1,0.666666666666667,0.333333333333333,NA,0.666666666666667,NA,NA,NA,0.5,NA,NA,NA,0.5,NA,NA,NA,0,0,0,NA,0,NA,NA,NA,0,NA,NA,NA,0,NA,NA,NA,0,0.166666666666667,0.333333333333333,NA,0,NA,NA,NA,0.166666666666667,NA,NA,NA,0,NA,NA,NA
"419",3,3,6,3,0,3,0,0,6,6,0,0,6,0,0,0,0,0,1,1,0,0,0,0,0,1,0,0,2,0,0,0,0,0,2,0,0,1,0,0,2,3,0,0,0,0,0,0,0.0833333333333333,0.0833333333333333,0.166666666666667,0.0833333333333333,0,0.0833333333333333,0,0,0.166666666666667,0.166666666666667,0,0,0.166666666666667,0,0,0,0,0,0.166666666666667,0.333333333333333,NA,0,NA,NA,0,0.166666666666667,NA,NA,0.333333333333333,NA,NA,NA,0,0,0.333333333333333,0,NA,0.333333333333333,NA,NA,0.333333333333333,0.5,NA,NA,0,NA,NA,NA,0,0,1,0,0,1,0,0,2,3,0,0,0,0,0,0,3,3,4,2,0,2,0,0,4,2,0,0,4,0,0,0,0,0,1,0,0,0,0,0,0,0,0,0,0,0,0,0,0,0,0,1,0,0,0,0,0,1,0,0,2,0,0,0,0,0,0.166666666666667,0,NA,0.333333333333333,NA,NA,0.333333333333333,0.5,NA,NA,0,NA,NA,NA,1,1,0.666666666666667,0.666666666666667,NA,0.666666666666667,NA,NA,0.666666666666667,0.333333333333333,NA,NA,0.666666666666667,NA,NA,NA,0,0,0.166666666666667,0,NA,0,NA,NA,0,0,NA,NA,0,NA,NA,NA,0,0,0,0.333333333333333,NA,0,NA,NA,0,0.166666666666667,NA,NA,0.333333333333333,NA,NA,NA
"420",3,3,3,6,0,3,3,6,6,6,6,0,0,3,0,0,0,0,0,1,0,0,0,3,0,1,1,0,0,1,0,0,0,0,1,2,0,0,1,3,2,2,4,0,0,3,0,0,0.0625,0.0625,0.0625,0.125,0,0.0625,0.0625,0.125,0.125,0.125,0.125,0,0,0.0625,0,0,0,0,0,0.166666666666667,NA,0,0,0.5,0,0.166666666666667,0.166666666666667,NA,NA,0.333333333333333,NA,NA,0,0,0.333333333333333,0.333333333333333,NA,0,0.333333333333333,0.5,0.333333333333333,0.333333333333333,0.666666666666667,NA,NA,1,NA,NA,0,0,1,1,0,0,1,2,2,2,3,0,0,2,0,0,3,3,2,4,0,3,2,1,4,3,2,0,0,0,0,0,0,0,0,1,0,0,0,1,0,0,1,0,0,1,0,0,0,0,0,0,0,0,0,2,0,1,0,0,0,0,0,0,0,0,0.333333333333333,0.166666666666667,NA,0,0.333333333333333,0.333333333333333,0.333333333333333,0.333333333333333,0.5,NA,NA,0.666666666666667,NA,NA,1,1,0.666666666666667,0.666666666666667,NA,1,0.666666666666667,0.166666666666667,0.666666666666667,0.5,0.333333333333333,NA,NA,0,NA,NA,0,0,0,0.166666666666667,NA,0,0,0.166666666666667,0,0,0.166666666666667,NA,NA,0.333333333333333,NA,NA,0,0,0,0,NA,0,0,0.333333333333333,0,0.166666666666667,0,NA,NA,0,NA,NA
"421",3,3,3,6,3,0,6,0,6,6,6,0,0,3,3,0,0,0,0,0,0,0,0,0,1,1,1,0,0,1,1,0,0,0,0,3,1,0,1,0,1,3,1,0,0,0,2,0,0.0625,0.0625,0.0625,0.125,0.0625,0,0.125,0,0.125,0.125,0.125,0,0,0.0625,0.0625,0,0,0,0,0,0,NA,0,NA,0.166666666666667,0.166666666666667,0.166666666666667,NA,NA,0.333333333333333,0.333333333333333,NA,0,0,0,0.5,0.333333333333333,NA,0.166666666666667,NA,0.166666666666667,0.5,0.166666666666667,NA,NA,0,0.666666666666667,NA,0,0,0,3,1,0,1,0,1,2,0,0,0,0,1,0,3,3,3,3,2,0,5,0,4,3,5,0,0,2,1,0,0,0,0,0,0,0,0,0,0,1,1,0,0,0,1,0,0,0,0,0,0,0,0,0,1,0,0,0,0,1,0,0,0,0,0,0.5,0.333333333333333,NA,0.166666666666667,NA,0.166666666666667,0.333333333333333,0,NA,NA,0,0.333333333333333,NA,1,1,1,0.5,0.666666666666667,NA,0.833333333333333,NA,0.666666666666667,0.5,0.833333333333333,NA,NA,0.666666666666667,0.333333333333333,NA,0,0,0,0,0,NA,0,NA,0,0.166666666666667,0.166666666666667,NA,NA,0,0.333333333333333,NA,0,0,0,0,0,NA,0,NA,0.166666666666667,0,0,NA,NA,0.333333333333333,0,NA
"422",3,3,3,3,3,3,6,6,6,6,0,0,0,6,0,0,0,0,0,0,0,0,1,1,1,1,0,0,0,4,0,0,1,0,0,0,0,1,3,5,2,2,0,0,0,3,0,0,0.0625,0.0625,0.0625,0.0625,0.0625,0.0625,0.125,0.125,0.125,0.125,0,0,0,0.125,0,0,0,0,0,0,0,0,0.166666666666667,0.166666666666667,0.166666666666667,0.166666666666667,NA,NA,NA,0.666666666666667,NA,NA,0.333333333333333,0,0,0,0,0.333333333333333,0.5,0.833333333333333,0.333333333333333,0.333333333333333,NA,NA,NA,0.5,NA,NA,1,0,0,0,0,1,2,4,2,1,0,0,0,2,0,0,2,3,3,3,3,2,3,1,3,4,0,0,0,0,0,0,0,0,0,0,0,0,1,1,0,1,0,0,0,1,0,0,0,0,0,0,0,0,0,0,1,0,0,0,0,3,0,0,0.333333333333333,0,0,0,0,0.333333333333333,0.333333333333333,0.666666666666667,0.333333333333333,0.166666666666667,NA,NA,NA,0.333333333333333,NA,NA,0.666666666666667,1,1,1,1,0.666666666666667,0.5,0.166666666666667,0.5,0.666666666666667,NA,NA,NA,0,NA,NA,0,0,0,0,0,0,0.166666666666667,0.166666666666667,0,0.166666666666667,NA,NA,NA,0.166666666666667,NA,NA,0,0,0,0,0,0,0,0,0.166666666666667,0,NA,NA,NA,0.5,NA,NA
"423",3,3,6,6,0,6,6,6,0,6,0,6,0,0,0,0,0,0,1,1,0,1,0,0,0,0,0,4,0,0,0,0,0,0,1,2,0,1,3,2,0,3,0,5,0,0,0,0,0.0625,0.0625,0.125,0.125,0,0.125,0.125,0.125,0,0.125,0,0.125,0,0,0,0,0,0,0.166666666666667,0.166666666666667,NA,0.166666666666667,0,0,NA,0,NA,0.666666666666667,NA,NA,NA,NA,0,0,0.166666666666667,0.333333333333333,NA,0.166666666666667,0.5,0.333333333333333,NA,0.5,NA,0.833333333333333,NA,NA,NA,NA,0,0,0,2,0,1,3,2,0,3,0,1,0,0,0,0,3,3,5,3,0,4,3,4,0,3,0,1,0,0,0,0,0,0,1,0,0,0,0,0,0,0,0,4,0,0,0,0,0,0,0,1,0,1,0,0,0,0,0,0,0,0,0,0,0,0,0,0.333333333333333,NA,0.166666666666667,0.5,0.333333333333333,NA,0.5,NA,0.166666666666667,NA,NA,NA,NA,1,1,0.833333333333333,0.5,NA,0.666666666666667,0.5,0.666666666666667,NA,0.5,NA,0.166666666666667,NA,NA,NA,NA,0,0,0.166666666666667,0,NA,0,0,0,NA,0,NA,0.666666666666667,NA,NA,NA,NA,0,0,0,0.166666666666667,NA,0.166666666666667,0,0,NA,0,NA,0,NA,NA,NA,NA
"424",3,3,3,3,0,3,6,6,0,6,6,6,0,3,0,0,0,0,0,0,0,0,0,1,0,1,4,3,0,1,0,0,0,0,0,1,0,0,0,2,0,1,4,5,0,1,0,0,0.0625,0.0625,0.0625,0.0625,0,0.0625,0.125,0.125,0,0.125,0.125,0.125,0,0.0625,0,0,0,0,0,0,NA,0,0,0.166666666666667,NA,0.166666666666667,0.666666666666667,0.5,NA,0.333333333333333,NA,NA,0,0,0,0.333333333333333,NA,0,0,0.333333333333333,NA,0.166666666666667,0.666666666666667,0.833333333333333,NA,0.333333333333333,NA,NA,0,0,0,1,0,0,0,1,0,1,1,2,0,0,0,0,3,3,3,2,0,3,6,4,0,4,1,1,0,2,0,0,0,0,0,0,0,0,0,1,0,0,3,3,0,1,0,0,0,0,0,0,0,0,0,0,0,1,1,0,0,0,0,0,0,0,0,0.333333333333333,NA,0,0,0.166666666666667,NA,0.166666666666667,0.166666666666667,0.333333333333333,NA,0,NA,NA,1,1,1,0.666666666666667,NA,1,1,0.666666666666667,NA,0.666666666666667,0.166666666666667,0.166666666666667,NA,0.666666666666667,NA,NA,0,0,0,0,NA,0,0,0.166666666666667,NA,0,0.5,0.5,NA,0.333333333333333,NA,NA,0,0,0,0,NA,0,0,0,NA,0.166666666666667,0.166666666666667,0,NA,0,NA,NA
"425",3,3,6,6,3,6,6,3,6,0,0,0,6,0,0,0,0,0,1,1,0,2,2,2,0,0,0,0,2,0,0,0,1,1,2,2,0,0,2,2,2,0,0,0,4,0,0,0,0.0625,0.0625,0.125,0.125,0.0625,0.125,0.125,0.0625,0.125,0,0,0,0.125,0,0,0,0,0,0.166666666666667,0.166666666666667,0,0.333333333333333,0.333333333333333,0.666666666666667,0,NA,NA,NA,0.333333333333333,NA,NA,NA,0.333333333333333,0.333333333333333,0.333333333333333,0.333333333333333,0,0,0.333333333333333,0.666666666666667,0.333333333333333,NA,NA,NA,0.666666666666667,NA,NA,NA,1,1,1,1,0,0,2,1,2,0,0,0,3,0,0,0,2,2,4,4,3,4,2,0,4,0,0,0,1,0,0,0,0,0,1,1,0,0,0,1,0,0,0,0,1,0,0,0,0,0,0,0,0,2,2,1,0,0,0,0,1,0,0,0,0.333333333333333,0.333333333333333,0.166666666666667,0.166666666666667,0,0,0.333333333333333,0.333333333333333,0.333333333333333,NA,NA,NA,0.5,NA,NA,NA,0.666666666666667,0.666666666666667,0.666666666666667,0.666666666666667,1,0.666666666666667,0.333333333333333,0,0.666666666666667,NA,NA,NA,0.166666666666667,NA,NA,NA,0,0,0.166666666666667,0.166666666666667,0,0,0,0.333333333333333,0,NA,NA,NA,0.166666666666667,NA,NA,NA,0,0,0,0,0,0.333333333333333,0.333333333333333,0.333333333333333,0,NA,NA,NA,0.166666666666667,NA,NA,NA
"426",3,3,3,3,3,0,6,6,6,6,6,0,0,0,0,0,0,0,0,0,0,0,1,1,1,0,1,0,0,0,0,0,0,1,1,0,0,0,2,4,4,3,4,0,0,0,0,0,0.0666666666666667,0.0666666666666667,0.0666666666666667,0.0666666666666667,0.0666666666666667,0,0.133333333333333,0.133333333333333,0.133333333333333,0.133333333333333,0.133333333333333,0,0,0,0,0,0,0,0,0,0,NA,0.166666666666667,0.166666666666667,0.166666666666667,0,0.166666666666667,NA,NA,NA,NA,NA,0,0.333333333333333,0.333333333333333,0,0,NA,0.333333333333333,0.666666666666667,0.666666666666667,0.5,0.666666666666667,NA,NA,NA,NA,NA,0,1,1,0,0,0,2,3,3,3,4,0,0,0,0,0,3,2,2,3,3,0,3,2,2,3,1,0,0,0,0,0,0,0,0,0,0,0,0,1,1,0,0,0,0,0,0,0,0,0,0,0,0,0,1,0,0,0,1,0,0,0,0,0,0,0.333333333333333,0.333333333333333,0,0,NA,0.333333333333333,0.5,0.5,0.5,0.666666666666667,NA,NA,NA,NA,NA,1,0.666666666666667,0.666666666666667,1,1,NA,0.5,0.333333333333333,0.333333333333333,0.5,0.166666666666667,NA,NA,NA,NA,NA,0,0,0,0,0,NA,0,0.166666666666667,0.166666666666667,0,0,NA,NA,NA,NA,NA,0,0,0,0,0,NA,0.166666666666667,0,0,0,0.166666666666667,NA,NA,NA,NA,NA
"427",3,3,6,6,0,0,3,6,0,0,3,0,6,6,6,0,0,0,0,0,0,0,0,2,0,0,0,0,0,1,1,0,0,0,2,2,0,0,1,3,0,0,1,0,1,5,4,0,0.0625,0.0625,0.125,0.125,0,0,0.0625,0.125,0,0,0.0625,0,0.125,0.125,0.125,0,0,0,0,0,NA,NA,0,0.333333333333333,NA,NA,0,NA,0,0.166666666666667,0.166666666666667,NA,0,0,0.333333333333333,0.333333333333333,NA,NA,0.333333333333333,0.5,NA,NA,0.333333333333333,NA,0.166666666666667,0.833333333333333,0.666666666666667,NA,0,0,2,2,0,0,1,2,0,0,1,0,1,4,3,0,3,3,4,4,0,0,2,2,0,0,2,0,5,1,2,0,0,0,0,0,0,0,0,1,0,0,0,0,0,1,1,0,0,0,0,0,0,0,0,1,0,0,0,0,0,0,0,0,0,0,0.333333333333333,0.333333333333333,NA,NA,0.333333333333333,0.333333333333333,NA,NA,0.333333333333333,NA,0.166666666666667,0.666666666666667,0.5,NA,1,1,0.666666666666667,0.666666666666667,NA,NA,0.666666666666667,0.333333333333333,NA,NA,0.666666666666667,NA,0.833333333333333,0.166666666666667,0.333333333333333,NA,0,0,0,0,NA,NA,0,0.166666666666667,NA,NA,0,NA,0,0.166666666666667,0.166666666666667,NA,0,0,0,0,NA,NA,0,0.166666666666667,NA,NA,0,NA,0,0,0,NA
"428",3,3,3,6,6,6,6,6,0,3,6,0,0,0,0,0,0,0,0,0,1,1,0,2,0,1,3,0,0,0,0,0,0,1,0,2,2,2,0,3,0,1,5,0,0,0,0,0,0.0625,0.0625,0.0625,0.125,0.125,0.125,0.125,0.125,0,0.0625,0.125,0,0,0,0,0,0,0,0,0,0.166666666666667,0.166666666666667,0,0.333333333333333,NA,0.333333333333333,0.5,NA,NA,NA,NA,NA,0,0.333333333333333,0,0.333333333333333,0.333333333333333,0.333333333333333,0,0.5,NA,0.333333333333333,0.833333333333333,NA,NA,NA,NA,NA,0,1,0,2,2,1,0,3,0,1,2,0,0,0,0,0,3,2,3,4,3,4,6,1,0,1,1,0,0,0,0,0,0,0,0,0,0,1,0,0,0,0,3,0,0,0,0,0,0,0,0,0,1,0,0,2,0,1,0,0,0,0,0,0,0,0.333333333333333,0,0.333333333333333,0.333333333333333,0.166666666666667,0,0.5,NA,0.333333333333333,0.333333333333333,NA,NA,NA,NA,NA,1,0.666666666666667,1,0.666666666666667,0.5,0.666666666666667,1,0.166666666666667,NA,0.333333333333333,0.166666666666667,NA,NA,NA,NA,NA,0,0,0,0,0,0.166666666666667,0,0,NA,0,0.5,NA,NA,NA,NA,NA,0,0,0,0,0.166666666666667,0,0,0.333333333333333,NA,0.333333333333333,0,NA,NA,NA,NA,NA
"429",3,3,3,6,3,6,6,6,0,3,6,0,0,0,3,0,0,0,0,1,0,1,0,4,0,1,2,0,0,0,1,0,0,0,1,1,1,2,3,5,0,1,2,0,0,0,3,0,0.0625,0.0625,0.0625,0.125,0.0625,0.125,0.125,0.125,0,0.0625,0.125,0,0,0,0.0625,0,0,0,0,0.166666666666667,0,0.166666666666667,0,0.666666666666667,NA,0.333333333333333,0.333333333333333,NA,NA,NA,0.333333333333333,NA,0,0,0.333333333333333,0.166666666666667,0.333333333333333,0.333333333333333,0.5,0.833333333333333,NA,0.333333333333333,0.333333333333333,NA,NA,NA,1,NA,0,0,1,1,1,2,3,1,0,0,1,0,0,0,2,0,3,3,2,4,2,3,3,1,0,2,3,0,0,0,0,0,0,0,0,0,0,0,0,4,0,1,1,0,0,0,1,0,0,0,0,1,0,1,0,0,0,0,1,0,0,0,0,0,0,0,0.333333333333333,0.166666666666667,0.333333333333333,0.333333333333333,0.5,0.166666666666667,NA,0,0.166666666666667,NA,NA,NA,0.666666666666667,NA,1,1,0.666666666666667,0.666666666666667,0.666666666666667,0.5,0.5,0.166666666666667,NA,0.666666666666667,0.5,NA,NA,NA,0,NA,0,0,0,0,0,0,0,0.666666666666667,NA,0.333333333333333,0.166666666666667,NA,NA,NA,0.333333333333333,NA,0,0,0,0.166666666666667,0,0.166666666666667,0,0,NA,0,0.166666666666667,NA,NA,NA,0,NA
"430",3,6,6,0,3,0,0,0,3,0,0,0,6,0,0,0,0,0,2,0,0,0,0,0,0,0,0,0,0,0,0,0,0,1,2,0,0,0,0,0,1,0,0,0,0,0,0,0,0.111111111111111,0.222222222222222,0.222222222222222,0,0.111111111111111,0,0,0,0.111111111111111,0,0,0,0.222222222222222,0,0,0,0,0,0.333333333333333,NA,0,NA,NA,NA,0,NA,NA,NA,0,NA,NA,NA,0,0.166666666666667,0.333333333333333,NA,0,NA,NA,NA,0.333333333333333,NA,NA,NA,0,NA,NA,NA,0,1,1,0,0,0,0,0,1,0,0,0,0,0,0,0,3,5,3,0,3,0,0,0,2,0,0,0,6,0,0,0,0,0,1,0,0,0,0,0,0,0,0,0,0,0,0,0,0,0,1,0,0,0,0,0,0,0,0,0,0,0,0,0,0,0.166666666666667,0.166666666666667,NA,0,NA,NA,NA,0.333333333333333,NA,NA,NA,0,NA,NA,NA,1,0.833333333333333,0.5,NA,1,NA,NA,NA,0.666666666666667,NA,NA,NA,1,NA,NA,NA,0,0,0.166666666666667,NA,0,NA,NA,NA,0,NA,NA,NA,0,NA,NA,NA,0,0,0.166666666666667,NA,0,NA,NA,NA,0,NA,NA,NA,0,NA,NA,NA
"431",6,3,0,0,6,0,0,0,6,0,0,0,3,0,0,0,1,1,0,0,0,0,0,0,1,0,0,0,1,0,0,0,0,0,0,0,0,0,0,0,2,0,0,0,0,0,0,0,0.25,0.125,0,0,0.25,0,0,0,0.25,0,0,0,0.125,0,0,0,0.166666666666667,0.333333333333333,NA,NA,0,NA,NA,NA,0.166666666666667,NA,NA,NA,0.333333333333333,NA,NA,NA,0,0,NA,NA,0,NA,NA,NA,0.333333333333333,NA,NA,NA,0,NA,NA,NA,0,0,0,0,0,0,0,0,1,0,0,0,0,0,0,0,5,2,0,0,6,0,0,0,4,0,0,0,2,0,0,0,0,0,0,0,0,0,0,0,1,0,0,0,0,0,0,0,1,1,0,0,0,0,0,0,0,0,0,0,1,0,0,0,0,0,NA,NA,0,NA,NA,NA,0.166666666666667,NA,NA,NA,0,NA,NA,NA,0.833333333333333,0.666666666666667,NA,NA,1,NA,NA,NA,0.666666666666667,NA,NA,NA,0.666666666666667,NA,NA,NA,0,0,NA,NA,0,NA,NA,NA,0.166666666666667,NA,NA,NA,0,NA,NA,NA,0.166666666666667,0.333333333333333,NA,NA,0,NA,NA,NA,0,NA,NA,NA,0.333333333333333,NA,NA,NA
"432",6,3,6,6,0,6,0,0,3,6,0,0,6,0,0,0,1,0,0,2,0,1,0,0,0,0,0,0,0,0,0,0,0,0,1,2,0,1,0,0,1,3,0,0,1,0,0,0,0.142857142857143,0.0714285714285714,0.142857142857143,0.142857142857143,0,0.142857142857143,0,0,0.0714285714285714,0.142857142857143,0,0,0.142857142857143,0,0,0,0.166666666666667,0,0,0.333333333333333,NA,0.166666666666667,NA,NA,0,0,NA,NA,0,NA,NA,NA,0,0,0.166666666666667,0.333333333333333,NA,0.166666666666667,NA,NA,0.333333333333333,0.5,NA,NA,0.166666666666667,NA,NA,NA,0,0,1,1,0,0,0,0,1,3,0,0,1,0,0,0,5,3,5,3,0,5,0,0,2,3,0,0,5,0,0,0,0,0,0,1,0,1,0,0,0,0,0,0,0,0,0,0,1,0,0,1,0,0,0,0,0,0,0,0,0,0,0,0,0,0,0.166666666666667,0.166666666666667,NA,0,NA,NA,0.333333333333333,0.5,NA,NA,0.166666666666667,NA,NA,NA,0.833333333333333,1,0.833333333333333,0.5,NA,0.833333333333333,NA,NA,0.666666666666667,0.5,NA,NA,0.833333333333333,NA,NA,NA,0,0,0,0.166666666666667,NA,0.166666666666667,NA,NA,0,0,NA,NA,0,NA,NA,NA,0.166666666666667,0,0,0.166666666666667,NA,0,NA,NA,0,0,NA,NA,0,NA,NA,NA
"433",3,3,3,6,0,6,6,6,3,6,6,0,0,0,0,0,0,0,0,1,0,0,1,3,0,1,4,0,0,0,0,0,0,0,0,2,0,1,2,5,2,3,4,0,0,0,0,0,0.0625,0.0625,0.0625,0.125,0,0.125,0.125,0.125,0.0625,0.125,0.125,0,0,0,0,0,0,0,0,0.166666666666667,NA,0,0.166666666666667,0.5,0,0.166666666666667,0.666666666666667,NA,NA,NA,NA,NA,0,0,0,0.333333333333333,NA,0.166666666666667,0.333333333333333,0.833333333333333,0.666666666666667,0.5,0.666666666666667,NA,NA,NA,NA,NA,0,0,0,2,0,1,2,3,2,3,0,0,0,0,0,0,3,3,3,3,0,5,3,0,1,2,2,0,0,0,0,0,0,0,0,0,0,0,0,2,0,0,4,0,0,0,0,0,0,0,0,1,0,0,1,1,0,1,0,0,0,0,0,0,0,0,0,0.333333333333333,NA,0.166666666666667,0.333333333333333,0.5,0.666666666666667,0.5,0,NA,NA,NA,NA,NA,1,1,1,0.5,NA,0.833333333333333,0.5,0,0.333333333333333,0.333333333333333,0.333333333333333,NA,NA,NA,NA,NA,0,0,0,0,NA,0,0,0.333333333333333,0,0,0.666666666666667,NA,NA,NA,NA,NA,0,0,0,0.166666666666667,NA,0,0.166666666666667,0.166666666666667,0,0.166666666666667,0,NA,NA,NA,NA,NA
"434",6,6,0,0,6,0,0,0,0,0,0,0,0,0,0,0,0,2,0,0,2,0,0,0,0,0,0,0,0,0,0,0,0,1,0,0,0,0,0,0,0,0,0,0,0,0,0,0,0.333333333333333,0.333333333333333,0,0,0.333333333333333,0,0,0,0,0,0,0,0,0,0,0,0,0.333333333333333,NA,NA,0.333333333333333,NA,NA,NA,NA,NA,NA,NA,NA,NA,NA,NA,0,0.166666666666667,NA,NA,0,NA,NA,NA,NA,NA,NA,NA,NA,NA,NA,NA,0,1,0,0,0,0,0,0,0,0,0,0,0,0,0,0,6,3,0,0,4,0,0,0,0,0,0,0,0,0,0,0,0,0,0,0,0,0,0,0,0,0,0,0,0,0,0,0,0,2,0,0,2,0,0,0,0,0,0,0,0,0,0,0,0,0.166666666666667,NA,NA,0,NA,NA,NA,NA,NA,NA,NA,NA,NA,NA,NA,1,0.5,NA,NA,0.666666666666667,NA,NA,NA,NA,NA,NA,NA,NA,NA,NA,NA,0,0,NA,NA,0,NA,NA,NA,NA,NA,NA,NA,NA,NA,NA,NA,0,0.333333333333333,NA,NA,0.333333333333333,NA,NA,NA,NA,NA,NA,NA,NA,NA,NA,NA
"435",3,3,3,6,0,0,3,6,3,6,6,0,6,0,3,0,0,0,0,0,0,0,0,2,0,1,1,0,0,0,3,0,0,0,0,2,0,0,0,3,1,3,4,0,2,0,1,0,0.0625,0.0625,0.0625,0.125,0,0,0.0625,0.125,0.0625,0.125,0.125,0,0.125,0,0.0625,0,0,0,0,0,NA,NA,0,0.333333333333333,0,0.166666666666667,0.166666666666667,NA,0,NA,1,NA,0,0,0,0.333333333333333,NA,NA,0,0.5,0.333333333333333,0.5,0.666666666666667,NA,0.333333333333333,NA,0.333333333333333,NA,0,0,0,2,0,0,0,2,1,3,3,0,2,0,0,0,3,3,3,4,0,0,3,2,2,2,2,0,4,0,0,0,0,0,0,0,0,0,0,1,0,0,1,0,0,0,1,0,0,0,0,0,0,0,0,1,0,1,0,0,0,0,2,0,0,0,0,0.333333333333333,NA,NA,0,0.333333333333333,0.333333333333333,0.5,0.5,NA,0.333333333333333,NA,0,NA,1,1,1,0.666666666666667,NA,NA,1,0.333333333333333,0.666666666666667,0.333333333333333,0.333333333333333,NA,0.666666666666667,NA,0,NA,0,0,0,0,NA,NA,0,0.166666666666667,0,0,0.166666666666667,NA,0,NA,0.333333333333333,NA,0,0,0,0,NA,NA,0,0.166666666666667,0,0.166666666666667,0,NA,0,NA,0.666666666666667,NA
"436",3,6,6,3,6,6,0,0,6,6,0,0,0,0,0,0,0,0,1,1,0,0,0,0,3,2,0,0,0,0,0,0,0,1,0,0,0,2,0,0,2,3,0,0,0,0,0,0,0.0714285714285714,0.142857142857143,0.142857142857143,0.0714285714285714,0.142857142857143,0.142857142857143,0,0,0.142857142857143,0.142857142857143,0,0,0,0,0,0,0,0,0.166666666666667,0.333333333333333,0,0,NA,NA,0.5,0.333333333333333,NA,NA,NA,NA,NA,NA,0,0.166666666666667,0,0,0,0.333333333333333,NA,NA,0.333333333333333,0.5,NA,NA,NA,NA,NA,NA,0,1,0,0,0,2,0,0,0,2,0,0,0,0,0,0,3,5,5,2,6,4,0,0,3,2,0,0,0,0,0,0,0,0,0,0,0,0,0,0,2,1,0,0,0,0,0,0,0,0,1,1,0,0,0,0,1,1,0,0,0,0,0,0,0,0.166666666666667,0,0,0,0.333333333333333,NA,NA,0,0.333333333333333,NA,NA,NA,NA,NA,NA,1,0.833333333333333,0.833333333333333,0.666666666666667,1,0.666666666666667,NA,NA,0.5,0.333333333333333,NA,NA,NA,NA,NA,NA,0,0,0,0,0,0,NA,NA,0.333333333333333,0.166666666666667,NA,NA,NA,NA,NA,NA,0,0,0.166666666666667,0.333333333333333,0,0,NA,NA,0.166666666666667,0.166666666666667,NA,NA,NA,NA,NA,NA
"437",6,3,0,0,6,0,0,0,3,0,0,0,6,0,0,0,0,1,0,0,0,0,0,0,0,0,0,0,0,0,0,0,2,0,0,0,2,0,0,0,1,0,0,0,1,0,0,0,0.25,0.125,0,0,0.25,0,0,0,0.125,0,0,0,0.25,0,0,0,0,0.333333333333333,NA,NA,0,NA,NA,NA,0,NA,NA,NA,0,NA,NA,NA,0.333333333333333,0,NA,NA,0.333333333333333,NA,NA,NA,0.333333333333333,NA,NA,NA,0.166666666666667,NA,NA,NA,2,0,0,0,2,0,0,0,1,0,0,0,1,0,0,0,4,2,0,0,4,0,0,0,2,0,0,0,5,0,0,0,0,0,0,0,0,0,0,0,0,0,0,0,0,0,0,0,0,1,0,0,0,0,0,0,0,0,0,0,0,0,0,0,0.333333333333333,0,NA,NA,0.333333333333333,NA,NA,NA,0.333333333333333,NA,NA,NA,0.166666666666667,NA,NA,NA,0.666666666666667,0.666666666666667,NA,NA,0.666666666666667,NA,NA,NA,0.666666666666667,NA,NA,NA,0.833333333333333,NA,NA,NA,0,0,NA,NA,0,NA,NA,NA,0,NA,NA,NA,0,NA,NA,NA,0,0.333333333333333,NA,NA,0,NA,NA,NA,0,NA,NA,NA,0,NA,NA,NA
"438",6,3,3,6,0,6,6,6,0,6,6,0,0,0,0,0,1,0,0,0,0,0,1,3,0,4,3,0,0,0,0,0,0,1,0,1,0,2,2,1,0,1,3,0,0,0,0,0,0.125,0.0625,0.0625,0.125,0,0.125,0.125,0.125,0,0.125,0.125,0,0,0,0,0,0.166666666666667,0,0,0,NA,0,0.166666666666667,0.5,NA,0.666666666666667,0.5,NA,NA,NA,NA,NA,0,0.333333333333333,0,0.166666666666667,NA,0.333333333333333,0.333333333333333,0.166666666666667,NA,0.166666666666667,0.5,NA,NA,NA,NA,NA,0,1,0,1,0,2,1,1,0,0,2,0,0,0,0,0,5,2,3,5,0,4,4,2,0,2,1,0,0,0,0,0,0,0,0,0,0,0,1,0,0,1,1,0,0,0,0,0,1,0,0,0,0,0,0,3,0,3,2,0,0,0,0,0,0,0.333333333333333,0,0.166666666666667,NA,0.333333333333333,0.166666666666667,0.166666666666667,NA,0,0.333333333333333,NA,NA,NA,NA,NA,0.833333333333333,0.666666666666667,1,0.833333333333333,NA,0.666666666666667,0.666666666666667,0.333333333333333,NA,0.333333333333333,0.166666666666667,NA,NA,NA,NA,NA,0,0,0,0,NA,0,0.166666666666667,0,NA,0.166666666666667,0.166666666666667,NA,NA,NA,NA,NA,0.166666666666667,0,0,0,NA,0,0,0.5,NA,0.5,0.333333333333333,NA,NA,NA,NA,NA
"439",3,3,3,6,0,0,6,6,3,6,6,0,3,0,3,0,0,0,0,0,0,0,1,3,0,0,1,0,1,0,1,0,0,0,0,2,0,0,2,4,1,3,3,0,1,0,3,0,0.0625,0.0625,0.0625,0.125,0,0,0.125,0.125,0.0625,0.125,0.125,0,0.0625,0,0.0625,0,0,0,0,0,NA,NA,0.166666666666667,0.5,0,0,0.166666666666667,NA,0.333333333333333,NA,0.333333333333333,NA,0,0,0,0.333333333333333,NA,NA,0.333333333333333,0.666666666666667,0.333333333333333,0.5,0.5,NA,0.333333333333333,NA,1,NA,0,0,0,2,0,0,1,2,1,3,2,0,0,0,2,0,3,3,3,4,0,0,4,1,2,3,3,0,2,0,0,0,0,0,0,0,0,0,1,2,0,0,1,0,1,0,1,0,0,0,0,0,0,0,0,1,0,0,0,0,0,0,0,0,0,0,0,0.333333333333333,NA,NA,0.166666666666667,0.333333333333333,0.333333333333333,0.5,0.333333333333333,NA,0,NA,0.666666666666667,NA,1,1,1,0.666666666666667,NA,NA,0.666666666666667,0.166666666666667,0.666666666666667,0.5,0.5,NA,0.666666666666667,NA,0,NA,0,0,0,0,NA,NA,0.166666666666667,0.333333333333333,0,0,0.166666666666667,NA,0.333333333333333,NA,0.333333333333333,NA,0,0,0,0,NA,NA,0,0.166666666666667,0,0,0,NA,0,NA,0,NA
"440",3,6,6,6,0,0,3,6,3,6,6,0,0,3,0,0,0,0,1,0,0,0,0,2,1,1,1,0,0,2,0,0,0,1,1,0,0,0,1,5,1,3,4,0,0,2,0,0,0.0625,0.125,0.125,0.125,0,0,0.0625,0.125,0.0625,0.125,0.125,0,0,0.0625,0,0,0,0,0.166666666666667,0,NA,NA,0,0.333333333333333,0.333333333333333,0.166666666666667,0.166666666666667,NA,NA,0.666666666666667,NA,NA,0,0.166666666666667,0.166666666666667,0,NA,NA,0.333333333333333,0.833333333333333,0.333333333333333,0.5,0.666666666666667,NA,NA,0.666666666666667,NA,NA,0,1,0,0,0,0,1,4,0,2,3,0,0,0,0,0,3,5,5,6,0,0,2,0,2,3,2,0,0,1,0,0,0,0,1,0,0,0,0,1,1,1,1,0,0,2,0,0,0,0,0,0,0,0,0,1,0,0,0,0,0,0,0,0,0,0.166666666666667,0,0,NA,NA,0.333333333333333,0.666666666666667,0,0.333333333333333,0.5,NA,NA,0,NA,NA,1,0.833333333333333,0.833333333333333,1,NA,NA,0.666666666666667,0,0.666666666666667,0.5,0.333333333333333,NA,NA,0.333333333333333,NA,NA,0,0,0.166666666666667,0,NA,NA,0,0.166666666666667,0.333333333333333,0.166666666666667,0.166666666666667,NA,NA,0.666666666666667,NA,NA,0,0,0,0,NA,NA,0,0.166666666666667,0,0,0,NA,NA,0,NA,NA
"441",6,6,6,6,0,6,6,3,3,6,0,0,0,0,0,0,0,1,0,1,0,1,2,1,1,1,0,0,0,0,0,0,0,0,2,2,0,0,4,1,0,4,0,0,0,0,0,0,0.125,0.125,0.125,0.125,0,0.125,0.125,0.0625,0.0625,0.125,0,0,0,0,0,0,0,0.166666666666667,0,0.166666666666667,NA,0.166666666666667,0.333333333333333,0.333333333333333,0.333333333333333,0.166666666666667,NA,NA,NA,NA,NA,NA,0,0,0.333333333333333,0.333333333333333,NA,0,0.666666666666667,0.333333333333333,0,0.666666666666667,NA,NA,NA,NA,NA,NA,0,0,2,1,0,0,2,0,0,4,0,0,0,0,0,0,6,5,4,4,0,5,2,2,2,1,0,0,0,0,0,0,0,0,0,1,0,0,2,1,0,0,0,0,0,0,0,0,0,1,0,0,0,1,0,0,1,1,0,0,0,0,0,0,0,0,0.333333333333333,0.166666666666667,NA,0,0.333333333333333,0,0,0.666666666666667,NA,NA,NA,NA,NA,NA,1,0.833333333333333,0.666666666666667,0.666666666666667,NA,0.833333333333333,0.333333333333333,0.666666666666667,0.666666666666667,0.166666666666667,NA,NA,NA,NA,NA,NA,0,0,0,0.166666666666667,NA,0,0.333333333333333,0.333333333333333,0,0,NA,NA,NA,NA,NA,NA,0,0.166666666666667,0,0,NA,0.166666666666667,0,0,0.333333333333333,0.166666666666667,NA,NA,NA,NA,NA,NA
"442",6,6,0,0,3,0,0,0,3,0,0,0,6,0,0,0,0,2,0,0,0,0,0,0,0,0,0,0,1,0,0,0,0,1,0,0,0,0,0,0,1,0,0,0,2,0,0,0,0.25,0.25,0,0,0.125,0,0,0,0.125,0,0,0,0.25,0,0,0,0,0.333333333333333,NA,NA,0,NA,NA,NA,0,NA,NA,NA,0.166666666666667,NA,NA,NA,0,0.166666666666667,NA,NA,0,NA,NA,NA,0.333333333333333,NA,NA,NA,0.333333333333333,NA,NA,NA,0,0,0,0,0,0,0,0,1,0,0,0,1,0,0,0,6,4,0,0,3,0,0,0,2,0,0,0,4,0,0,0,0,1,0,0,0,0,0,0,0,0,0,0,1,0,0,0,0,1,0,0,0,0,0,0,0,0,0,0,0,0,0,0,0,0,NA,NA,0,NA,NA,NA,0.333333333333333,NA,NA,NA,0.166666666666667,NA,NA,NA,1,0.666666666666667,NA,NA,1,NA,NA,NA,0.666666666666667,NA,NA,NA,0.666666666666667,NA,NA,NA,0,0.166666666666667,NA,NA,0,NA,NA,NA,0,NA,NA,NA,0.166666666666667,NA,NA,NA,0,0.166666666666667,NA,NA,0,NA,NA,NA,0,NA,NA,NA,0,NA,NA,NA
"443",6,6,3,3,0,6,6,6,0,6,3,0,0,3,0,0,0,1,0,0,0,0,1,0,0,1,2,0,0,1,0,0,0,1,0,0,0,1,2,4,0,2,3,0,0,3,0,0,0.125,0.125,0.0625,0.0625,0,0.125,0.125,0.125,0,0.125,0.0625,0,0,0.0625,0,0,0,0.166666666666667,0,0,NA,0,0.166666666666667,0,NA,0.166666666666667,0.666666666666667,NA,NA,0.333333333333333,NA,NA,0,0.166666666666667,0,0,NA,0.166666666666667,0.333333333333333,0.666666666666667,NA,0.333333333333333,1,NA,NA,1,NA,NA,0,1,0,0,0,1,2,4,0,2,1,0,0,2,0,0,6,4,3,3,0,5,3,2,0,3,0,0,0,0,0,0,0,0,0,0,0,0,0,0,0,0,2,0,0,1,0,0,0,1,0,0,0,0,1,0,0,1,0,0,0,0,0,0,0,0.166666666666667,0,0,NA,0.166666666666667,0.333333333333333,0.666666666666667,NA,0.333333333333333,0.333333333333333,NA,NA,0.666666666666667,NA,NA,1,0.666666666666667,1,1,NA,0.833333333333333,0.5,0.333333333333333,NA,0.5,0,NA,NA,0,NA,NA,0,0,0,0,NA,0,0,0,NA,0,0.666666666666667,NA,NA,0.333333333333333,NA,NA,0,0.166666666666667,0,0,NA,0,0.166666666666667,0,NA,0.166666666666667,0,NA,NA,0,NA,NA
"444",3,3,3,6,3,6,6,6,3,6,0,0,0,3,0,0,0,0,0,0,0,0,1,3,1,1,0,0,0,2,0,0,0,0,1,0,0,0,3,2,1,2,0,0,0,2,0,0,0.0625,0.0625,0.0625,0.125,0.0625,0.125,0.125,0.125,0.0625,0.125,0,0,0,0.0625,0,0,0,0,0,0,0,0,0.166666666666667,0.5,0.333333333333333,0.166666666666667,NA,NA,NA,0.666666666666667,NA,NA,0,0,0.333333333333333,0,0,0,0.5,0.333333333333333,0.333333333333333,0.333333333333333,NA,NA,NA,0.666666666666667,NA,NA,0,0,1,0,0,0,3,1,1,2,0,0,0,1,0,0,3,3,2,6,3,6,2,2,1,3,0,0,0,0,0,0,0,0,0,0,0,0,0,1,0,0,0,0,0,1,0,0,0,0,0,0,0,0,1,2,1,1,0,0,0,1,0,0,0,0,0.333333333333333,0,0,0,0.5,0.166666666666667,0.333333333333333,0.333333333333333,NA,NA,NA,0.333333333333333,NA,NA,1,1,0.666666666666667,1,1,1,0.333333333333333,0.333333333333333,0.333333333333333,0.5,NA,NA,NA,0,NA,NA,0,0,0,0,0,0,0,0.166666666666667,0,0,NA,NA,NA,0.333333333333333,NA,NA,0,0,0,0,0,0,0.166666666666667,0.333333333333333,0.333333333333333,0.166666666666667,NA,NA,NA,0.333333333333333,NA,NA
"445",3,6,6,3,0,3,6,6,0,3,3,0,3,6,0,0,0,0,1,0,0,0,0,0,0,0,2,0,0,1,0,0,0,1,1,1,0,0,2,4,0,0,3,0,2,4,0,0,0.0625,0.125,0.125,0.0625,0,0.0625,0.125,0.125,0,0.0625,0.0625,0,0.0625,0.125,0,0,0,0,0.166666666666667,0,NA,0,0,0,NA,0,0.666666666666667,NA,0,0.166666666666667,NA,NA,0,0.166666666666667,0.166666666666667,0.333333333333333,NA,0,0.333333333333333,0.666666666666667,NA,0,1,NA,0.666666666666667,0.666666666666667,NA,NA,0,1,1,1,0,0,2,4,0,0,1,0,2,3,0,0,3,5,4,2,0,3,4,2,0,3,0,0,1,2,0,0,0,0,0,0,0,0,0,0,0,0,2,0,0,1,0,0,0,0,1,0,0,0,0,0,0,0,0,0,0,0,0,0,0,0.166666666666667,0.166666666666667,0.333333333333333,NA,0,0.333333333333333,0.666666666666667,NA,0,0.333333333333333,NA,0.666666666666667,0.5,NA,NA,1,0.833333333333333,0.666666666666667,0.666666666666667,NA,1,0.666666666666667,0.333333333333333,NA,1,0,NA,0.333333333333333,0.333333333333333,NA,NA,0,0,0,0,NA,0,0,0,NA,0,0.666666666666667,NA,0,0.166666666666667,NA,NA,0,0,0.166666666666667,0,NA,0,0,0,NA,0,0,NA,0,0,NA,NA
"446",3,3,3,6,0,6,6,6,6,6,0,0,3,0,0,0,0,0,0,1,0,1,0,4,0,1,0,0,0,0,0,0,0,0,0,1,0,2,3,3,2,3,0,0,0,0,0,0,0.0625,0.0625,0.0625,0.125,0,0.125,0.125,0.125,0.125,0.125,0,0,0.0625,0,0,0,0,0,0,0.166666666666667,NA,0.166666666666667,0,0.666666666666667,0,0.166666666666667,NA,NA,0,NA,NA,NA,0,0,0,0.166666666666667,NA,0.333333333333333,0.5,0.5,0.333333333333333,0.5,NA,NA,0,NA,NA,NA,0,0,0,1,0,2,3,1,2,3,0,0,0,0,0,0,3,3,3,4,0,3,3,1,4,2,0,0,3,0,0,0,0,0,0,0,0,0,0,2,0,0,0,0,0,0,0,0,0,0,0,1,0,1,0,2,0,1,0,0,0,0,0,0,0,0,0,0.166666666666667,NA,0.333333333333333,0.5,0.166666666666667,0.333333333333333,0.5,NA,NA,0,NA,NA,NA,1,1,1,0.666666666666667,NA,0.5,0.5,0.166666666666667,0.666666666666667,0.333333333333333,NA,NA,1,NA,NA,NA,0,0,0,0,NA,0,0,0.333333333333333,0,0,NA,NA,0,NA,NA,NA,0,0,0,0.166666666666667,NA,0.166666666666667,0,0.333333333333333,0,0.166666666666667,NA,NA,0,NA,NA,NA
"447",3,3,6,6,6,6,6,3,6,3,0,0,0,0,0,0,0,0,0,1,0,1,1,1,1,1,0,0,0,0,0,0,1,0,0,1,0,1,3,2,3,2,0,0,0,0,0,0,0.0625,0.0625,0.125,0.125,0.125,0.125,0.125,0.0625,0.125,0.0625,0,0,0,0,0,0,0,0,0,0.166666666666667,0,0.166666666666667,0.166666666666667,0.333333333333333,0.166666666666667,0.333333333333333,NA,NA,NA,NA,NA,NA,0.333333333333333,0,0,0.166666666666667,0,0.166666666666667,0.5,0.666666666666667,0.5,0.666666666666667,NA,NA,NA,NA,NA,NA,1,0,0,1,0,1,2,2,3,2,0,0,0,0,0,0,2,3,6,4,6,4,3,0,2,0,0,0,0,0,0,0,0,0,0,0,0,0,1,0,0,0,0,0,0,0,0,0,0,0,0,1,0,1,0,1,1,1,0,0,0,0,0,0,0.333333333333333,0,0,0.166666666666667,0,0.166666666666667,0.333333333333333,0.666666666666667,0.5,0.666666666666667,NA,NA,NA,NA,NA,NA,0.666666666666667,1,1,0.666666666666667,1,0.666666666666667,0.5,0,0.333333333333333,0,NA,NA,NA,NA,NA,NA,0,0,0,0,0,0,0.166666666666667,0,0,0,NA,NA,NA,NA,NA,NA,0,0,0,0.166666666666667,0,0.166666666666667,0,0.333333333333333,0.166666666666667,0.333333333333333,NA,NA,NA,NA,NA,NA
"448",3,3,3,6,0,0,3,6,0,3,6,6,3,6,0,0,0,0,0,0,0,0,0,2,0,0,0,2,1,1,0,0,0,0,0,2,0,0,0,2,0,0,4,4,1,3,0,0,0.0625,0.0625,0.0625,0.125,0,0,0.0625,0.125,0,0.0625,0.125,0.125,0.0625,0.125,0,0,0,0,0,0,NA,NA,0,0.333333333333333,NA,0,0,0.333333333333333,0.333333333333333,0.166666666666667,NA,NA,0,0,0,0.333333333333333,NA,NA,0,0.333333333333333,NA,0,0.666666666666667,0.666666666666667,0.333333333333333,0.5,NA,NA,0,0,0,2,0,0,0,1,0,0,4,3,1,3,0,0,3,3,3,4,0,0,3,3,0,3,2,1,1,2,0,0,0,0,0,0,0,0,0,1,0,0,0,1,0,0,0,0,0,0,0,0,0,0,0,1,0,0,0,1,1,1,0,0,0,0,0,0.333333333333333,NA,NA,0,0.166666666666667,NA,0,0.666666666666667,0.5,0.333333333333333,0.5,NA,NA,1,1,1,0.666666666666667,NA,NA,1,0.5,NA,1,0.333333333333333,0.166666666666667,0.333333333333333,0.333333333333333,NA,NA,0,0,0,0,NA,NA,0,0.166666666666667,NA,0,0,0.166666666666667,0,0,NA,NA,0,0,0,0,NA,NA,0,0.166666666666667,NA,0,0,0.166666666666667,0.333333333333333,0.166666666666667,NA,NA
"449",3,3,6,6,0,0,3,6,6,6,6,0,3,0,0,0,0,0,0,0,0,0,0,3,0,0,0,0,1,0,0,0,0,0,2,0,0,0,1,6,1,4,6,0,1,0,0,0,0.0625,0.0625,0.125,0.125,0,0,0.0625,0.125,0.125,0.125,0.125,0,0.0625,0,0,0,0,0,0,0,NA,NA,0,0.5,0,0,0,NA,0.333333333333333,NA,NA,NA,0,0,0.333333333333333,0,NA,NA,0.333333333333333,1,0.166666666666667,0.666666666666667,1,NA,0.333333333333333,NA,NA,NA,0,0,2,0,0,0,1,3,1,4,6,0,0,0,0,0,3,3,4,6,0,0,2,0,5,2,0,0,2,0,0,0,0,0,0,0,0,0,0,3,0,0,0,0,1,0,0,0,0,0,0,0,0,0,0,0,0,0,0,0,0,0,0,0,0,0,0.333333333333333,0,NA,NA,0.333333333333333,0.5,0.166666666666667,0.666666666666667,1,NA,0,NA,NA,NA,1,1,0.666666666666667,1,NA,NA,0.666666666666667,0,0.833333333333333,0.333333333333333,0,NA,0.666666666666667,NA,NA,NA,0,0,0,0,NA,NA,0,0.5,0,0,0,NA,0.333333333333333,NA,NA,NA,0,0,0,0,NA,NA,0,0,0,0,0,NA,0,NA,NA,NA
"450",3,3,3,3,0,0,6,6,0,6,6,6,0,6,0,0,0,0,0,0,0,0,1,1,0,0,1,2,0,1,0,0,1,1,1,1,0,0,0,2,0,1,4,4,0,1,0,0,0.0625,0.0625,0.0625,0.0625,0,0,0.125,0.125,0,0.125,0.125,0.125,0,0.125,0,0,0,0,0,0,NA,NA,0.166666666666667,0.166666666666667,NA,0,0.166666666666667,0.333333333333333,NA,0.166666666666667,NA,NA,0.333333333333333,0.333333333333333,0.333333333333333,0.333333333333333,NA,NA,0,0.333333333333333,NA,0.166666666666667,0.666666666666667,0.666666666666667,NA,0.166666666666667,NA,NA,1,1,1,1,0,0,0,1,0,1,4,2,0,1,0,0,2,2,2,2,0,0,5,4,0,5,1,2,0,4,0,0,0,0,0,0,0,0,0,1,0,0,0,2,0,0,0,0,0,0,0,0,0,0,1,0,0,0,1,0,0,1,0,0,0.333333333333333,0.333333333333333,0.333333333333333,0.333333333333333,NA,NA,0,0.166666666666667,NA,0.166666666666667,0.666666666666667,0.333333333333333,NA,0.166666666666667,NA,NA,0.666666666666667,0.666666666666667,0.666666666666667,0.666666666666667,NA,NA,0.833333333333333,0.666666666666667,NA,0.833333333333333,0.166666666666667,0.333333333333333,NA,0.666666666666667,NA,NA,0,0,0,0,NA,NA,0,0.166666666666667,NA,0,0,0.333333333333333,NA,0,NA,NA,0,0,0,0,NA,NA,0.166666666666667,0,NA,0,0.166666666666667,0,NA,0.166666666666667,NA,NA
"451",3,3,6,3,0,3,0,0,6,6,0,0,6,3,0,0,0,0,0,1,0,0,0,0,0,0,0,0,1,2,0,0,0,1,3,2,0,1,0,0,2,3,0,0,3,2,0,0,0.0769230769230769,0.0769230769230769,0.153846153846154,0.0769230769230769,0,0.0769230769230769,0,0,0.153846153846154,0.153846153846154,0,0,0.153846153846154,0.0769230769230769,0,0,0,0,0,0.333333333333333,NA,0,NA,NA,0,0,NA,NA,0.166666666666667,0.666666666666667,NA,NA,0,0.333333333333333,0.5,0.666666666666667,NA,0.333333333333333,NA,NA,0.333333333333333,0.5,NA,NA,0.5,0.666666666666667,NA,NA,0,1,3,1,0,1,0,0,2,3,0,0,3,0,0,0,3,2,3,1,0,2,0,0,4,3,0,0,2,1,0,0,0,0,0,1,0,0,0,0,0,0,0,0,0,2,0,0,0,0,0,0,0,0,0,0,0,0,0,0,1,0,0,0,0,0.333333333333333,0.5,0.333333333333333,NA,0.333333333333333,NA,NA,0.333333333333333,0.5,NA,NA,0.5,0,NA,NA,1,0.666666666666667,0.5,0.333333333333333,NA,0.666666666666667,NA,NA,0.666666666666667,0.5,NA,NA,0.333333333333333,0.333333333333333,NA,NA,0,0,0,0.333333333333333,NA,0,NA,NA,0,0,NA,NA,0,0.666666666666667,NA,NA,0,0,0,0,NA,0,NA,NA,0,0,NA,NA,0.166666666666667,0,NA,NA
"452",3,3,6,0,3,6,0,0,6,6,0,0,6,0,0,0,0,0,0,0,0,0,0,0,1,1,0,0,0,0,0,0,0,0,3,0,0,0,0,0,1,4,0,0,2,0,0,0,0.0769230769230769,0.0769230769230769,0.153846153846154,0,0.0769230769230769,0.153846153846154,0,0,0.153846153846154,0.153846153846154,0,0,0.153846153846154,0,0,0,0,0,0,NA,0,0,NA,NA,0.166666666666667,0.166666666666667,NA,NA,0,NA,NA,NA,0,0,0.5,NA,0,0,NA,NA,0.166666666666667,0.666666666666667,NA,NA,0.333333333333333,NA,NA,NA,0,0,3,0,0,0,0,0,1,3,0,0,2,0,0,0,3,3,3,0,3,6,0,0,4,2,0,0,4,0,0,0,0,0,0,0,0,0,0,0,0,1,0,0,0,0,0,0,0,0,0,0,0,0,0,0,1,0,0,0,0,0,0,0,0,0,0.5,NA,0,0,NA,NA,0.166666666666667,0.5,NA,NA,0.333333333333333,NA,NA,NA,1,1,0.5,NA,1,1,NA,NA,0.666666666666667,0.333333333333333,NA,NA,0.666666666666667,NA,NA,NA,0,0,0,NA,0,0,NA,NA,0,0.166666666666667,NA,NA,0,NA,NA,NA,0,0,0,NA,0,0,NA,NA,0.166666666666667,0,NA,NA,0,NA,NA,NA
"453",3,3,3,6,3,6,6,6,3,6,3,0,0,0,0,0,0,0,0,1,0,0,0,2,0,2,1,0,0,0,0,0,0,1,0,0,1,1,2,4,0,3,1,0,0,0,0,0,0.0625,0.0625,0.0625,0.125,0.0625,0.125,0.125,0.125,0.0625,0.125,0.0625,0,0,0,0,0,0,0,0,0.166666666666667,0,0,0,0.333333333333333,0,0.333333333333333,0.333333333333333,NA,NA,NA,NA,NA,0,0.333333333333333,0,0,0.333333333333333,0.166666666666667,0.333333333333333,0.666666666666667,0,0.5,0.333333333333333,NA,NA,NA,NA,NA,0,1,0,0,1,1,2,3,0,2,1,0,0,0,0,0,3,2,3,5,2,5,4,1,3,2,1,0,0,0,0,0,0,0,0,0,0,0,0,1,0,1,0,0,0,0,0,0,0,0,0,1,0,0,0,1,0,1,1,0,0,0,0,0,0,0.333333333333333,0,0,0.333333333333333,0.166666666666667,0.333333333333333,0.5,0,0.333333333333333,0.333333333333333,NA,NA,NA,NA,NA,1,0.666666666666667,1,0.833333333333333,0.666666666666667,0.833333333333333,0.666666666666667,0.166666666666667,1,0.333333333333333,0.333333333333333,NA,NA,NA,NA,NA,0,0,0,0,0,0,0,0.166666666666667,0,0.166666666666667,0,NA,NA,NA,NA,NA,0,0,0,0.166666666666667,0,0,0,0.166666666666667,0,0.166666666666667,0.333333333333333,NA,NA,NA,NA,NA
"454",3,3,6,6,6,6,0,0,6,0,0,0,0,0,0,0,0,0,0,2,0,2,0,0,2,0,0,0,0,0,0,0,0,0,1,1,0,3,0,0,2,0,0,0,0,0,0,0,0.0833333333333333,0.0833333333333333,0.166666666666667,0.166666666666667,0.166666666666667,0.166666666666667,0,0,0.166666666666667,0,0,0,0,0,0,0,0,0,0,0.333333333333333,0,0.333333333333333,NA,NA,0.333333333333333,NA,NA,NA,NA,NA,NA,NA,0,0,0.166666666666667,0.166666666666667,0,0.5,NA,NA,0.333333333333333,NA,NA,NA,NA,NA,NA,NA,0,0,1,1,0,3,0,0,1,0,0,0,0,0,0,0,3,3,5,3,6,1,0,0,3,0,0,0,0,0,0,0,0,0,0,0,0,0,0,0,1,0,0,0,0,0,0,0,0,0,0,2,0,2,0,0,1,0,0,0,0,0,0,0,0,0,0.166666666666667,0.166666666666667,0,0.5,NA,NA,0.166666666666667,NA,NA,NA,NA,NA,NA,NA,1,1,0.833333333333333,0.5,1,0.166666666666667,NA,NA,0.5,NA,NA,NA,NA,NA,NA,NA,0,0,0,0,0,0,NA,NA,0.166666666666667,NA,NA,NA,NA,NA,NA,NA,0,0,0,0.333333333333333,0,0.333333333333333,NA,NA,0.166666666666667,NA,NA,NA,NA,NA,NA,NA
"455",3,3,3,6,0,6,6,6,0,6,3,3,0,3,0,0,0,0,0,0,0,1,0,1,0,1,1,2,0,2,0,0,0,0,1,1,0,1,3,2,0,1,2,3,0,0,0,0,0.0625,0.0625,0.0625,0.125,0,0.125,0.125,0.125,0,0.125,0.0625,0.0625,0,0.0625,0,0,0,0,0,0,NA,0.166666666666667,0,0.166666666666667,NA,0.166666666666667,0.333333333333333,0.666666666666667,NA,0.666666666666667,NA,NA,0,0,0.333333333333333,0.166666666666667,NA,0.166666666666667,0.5,0.333333333333333,NA,0.166666666666667,0.666666666666667,1,NA,0,NA,NA,0,0,1,1,0,1,3,2,0,0,1,1,0,0,0,0,3,3,2,5,0,4,3,3,0,5,1,0,0,1,0,0,0,0,0,0,0,0,0,0,0,1,1,2,0,0,0,0,0,0,0,0,0,1,0,1,0,0,0,0,0,2,0,0,0,0,0.333333333333333,0.166666666666667,NA,0.166666666666667,0.5,0.333333333333333,NA,0,0.333333333333333,0.333333333333333,NA,0,NA,NA,1,1,0.666666666666667,0.833333333333333,NA,0.666666666666667,0.5,0.5,NA,0.833333333333333,0.333333333333333,0,NA,0.333333333333333,NA,NA,0,0,0,0,NA,0,0,0,NA,0.166666666666667,0.333333333333333,0.666666666666667,NA,0,NA,NA,0,0,0,0,NA,0.166666666666667,0,0.166666666666667,NA,0,0,0,NA,0.666666666666667,NA,NA
"456",3,3,6,3,0,3,0,0,6,6,0,0,0,6,0,0,0,0,0,1,0,0,0,0,0,0,0,0,0,4,0,0,0,0,3,1,0,1,0,0,4,2,0,0,0,2,0,0,0.0833333333333333,0.0833333333333333,0.166666666666667,0.0833333333333333,0,0.0833333333333333,0,0,0.166666666666667,0.166666666666667,0,0,0,0.166666666666667,0,0,0,0,0,0.333333333333333,NA,0,NA,NA,0,0,NA,NA,NA,0.666666666666667,NA,NA,0,0,0.5,0.333333333333333,NA,0.333333333333333,NA,NA,0.666666666666667,0.333333333333333,NA,NA,NA,0.333333333333333,NA,NA,0,0,3,0,0,1,0,0,4,2,0,0,0,0,0,0,3,3,3,2,0,2,0,0,2,4,0,0,0,2,0,0,0,0,0,1,0,0,0,0,0,0,0,0,0,2,0,0,0,0,0,0,0,0,0,0,0,0,0,0,0,2,0,0,0,0,0.5,0,NA,0.333333333333333,NA,NA,0.666666666666667,0.333333333333333,NA,NA,NA,0,NA,NA,1,1,0.5,0.666666666666667,NA,0.666666666666667,NA,NA,0.333333333333333,0.666666666666667,NA,NA,NA,0.333333333333333,NA,NA,0,0,0,0.333333333333333,NA,0,NA,NA,0,0,NA,NA,NA,0.333333333333333,NA,NA,0,0,0,0,NA,0,NA,NA,0,0,NA,NA,NA,0.333333333333333,NA,NA
"457",3,3,3,3,0,0,3,6,3,6,6,0,6,6,0,0,0,0,0,0,0,0,0,0,0,0,0,0,1,3,0,0,0,0,1,1,0,0,0,5,1,2,6,0,2,4,0,0,0.0625,0.0625,0.0625,0.0625,0,0,0.0625,0.125,0.0625,0.125,0.125,0,0.125,0.125,0,0,0,0,0,0,NA,NA,0,0,0,0,0,NA,0.166666666666667,0.5,NA,NA,0,0,0.333333333333333,0.333333333333333,NA,NA,0,0.833333333333333,0.333333333333333,0.333333333333333,1,NA,0.333333333333333,0.666666666666667,NA,NA,0,0,1,1,0,0,0,5,1,2,6,0,2,2,0,0,3,3,2,2,0,0,3,1,2,4,0,0,3,1,0,0,0,0,0,0,0,0,0,0,0,0,0,0,0,2,0,0,0,0,0,0,0,0,0,0,0,0,0,0,1,1,0,0,0,0,0.333333333333333,0.333333333333333,NA,NA,0,0.833333333333333,0.333333333333333,0.333333333333333,1,NA,0.333333333333333,0.333333333333333,NA,NA,1,1,0.666666666666667,0.666666666666667,NA,NA,1,0.166666666666667,0.666666666666667,0.666666666666667,0,NA,0.5,0.166666666666667,NA,NA,0,0,0,0,NA,NA,0,0,0,0,0,NA,0,0.333333333333333,NA,NA,0,0,0,0,NA,NA,0,0,0,0,0,NA,0.166666666666667,0.166666666666667,NA,NA
"458",3,3,3,6,3,3,6,0,6,6,3,0,0,6,0,0,0,0,0,0,0,0,1,0,1,0,2,0,0,3,0,0,0,1,1,3,1,0,1,0,0,1,2,0,0,4,0,0,0.0625,0.0625,0.0625,0.125,0.0625,0.0625,0.125,0,0.125,0.125,0.0625,0,0,0.125,0,0,0,0,0,0,0,0,0.166666666666667,NA,0.166666666666667,0,0.666666666666667,NA,NA,0.5,NA,NA,0,0.333333333333333,0.333333333333333,0.5,0.333333333333333,0,0.166666666666667,NA,0,0.166666666666667,0.666666666666667,NA,NA,0.666666666666667,NA,NA,0,1,1,3,1,0,0,0,0,1,1,0,0,1,0,0,3,2,2,3,2,3,5,0,5,5,0,0,0,2,0,0,0,0,0,0,0,0,1,0,0,0,1,0,0,3,0,0,0,0,0,0,0,0,0,0,1,0,1,0,0,0,0,0,0,0.333333333333333,0.333333333333333,0.5,0.333333333333333,0,0,NA,0,0.166666666666667,0.333333333333333,NA,NA,0.166666666666667,NA,NA,1,0.666666666666667,0.666666666666667,0.5,0.666666666666667,1,0.833333333333333,NA,0.833333333333333,0.833333333333333,0,NA,NA,0.333333333333333,NA,NA,0,0,0,0,0,0,0.166666666666667,NA,0,0,0.333333333333333,NA,NA,0.5,NA,NA,0,0,0,0,0,0,0,NA,0.166666666666667,0,0.333333333333333,NA,NA,0,NA,NA
"459",3,3,3,3,0,3,6,6,0,6,0,0,6,6,0,0,0,0,0,0,0,0,2,1,0,0,0,0,1,1,0,0,0,0,0,1,0,0,0,5,0,2,0,0,3,4,0,0,0.0666666666666667,0.0666666666666667,0.0666666666666667,0.0666666666666667,0,0.0666666666666667,0.133333333333333,0.133333333333333,0,0.133333333333333,0,0,0.133333333333333,0.133333333333333,0,0,0,0,0,0,NA,0,0.333333333333333,0.166666666666667,NA,0,NA,NA,0.166666666666667,0.166666666666667,NA,NA,0,0,0,0.333333333333333,NA,0,0,0.833333333333333,NA,0.333333333333333,NA,NA,0.5,0.666666666666667,NA,NA,0,0,0,1,0,0,0,4,0,2,0,0,3,3,0,0,3,3,3,2,0,3,4,1,0,4,0,0,2,2,0,0,0,0,0,0,0,0,0,1,0,0,0,0,0,1,0,0,0,0,0,0,0,0,2,0,0,0,0,0,1,0,0,0,0,0,0,0.333333333333333,NA,0,0,0.666666666666667,NA,0.333333333333333,NA,NA,0.5,0.5,NA,NA,1,1,1,0.666666666666667,NA,1,0.666666666666667,0.166666666666667,NA,0.666666666666667,NA,NA,0.333333333333333,0.333333333333333,NA,NA,0,0,0,0,NA,0,0,0.166666666666667,NA,0,NA,NA,0,0.166666666666667,NA,NA,0,0,0,0,NA,0,0.333333333333333,0,NA,0,NA,NA,0.166666666666667,0,NA,NA
"460",3,3,3,6,3,6,6,6,3,0,6,0,3,0,0,0,0,0,0,0,0,2,1,3,0,0,2,0,1,0,0,0,0,0,0,2,0,0,2,4,0,0,3,0,0,0,0,0,0.0625,0.0625,0.0625,0.125,0.0625,0.125,0.125,0.125,0.0625,0,0.125,0,0.0625,0,0,0,0,0,0,0,0,0.333333333333333,0.166666666666667,0.5,0,NA,0.333333333333333,NA,0.333333333333333,NA,NA,NA,0,0,0,0.333333333333333,0,0,0.333333333333333,0.666666666666667,0,NA,0.5,NA,0,NA,NA,NA,0,0,0,2,0,0,2,2,0,0,2,0,0,0,0,0,3,3,3,4,3,4,3,1,3,0,2,0,2,0,0,0,0,0,0,0,0,0,0,2,0,0,1,0,0,0,0,0,0,0,0,0,0,2,1,1,0,0,1,0,1,0,0,0,0,0,0,0.333333333333333,0,0,0.333333333333333,0.333333333333333,0,NA,0.333333333333333,NA,0,NA,NA,NA,1,1,1,0.666666666666667,1,0.666666666666667,0.5,0.166666666666667,1,NA,0.333333333333333,NA,0.666666666666667,NA,NA,NA,0,0,0,0,0,0,0,0.333333333333333,0,NA,0.166666666666667,NA,0,NA,NA,NA,0,0,0,0,0,0.333333333333333,0.166666666666667,0.166666666666667,0,NA,0.166666666666667,NA,0.333333333333333,NA,NA,NA
"461",3,3,6,0,3,6,0,0,6,3,0,0,6,0,0,0,0,0,0,0,0,1,0,0,0,1,0,0,3,0,0,0,1,0,3,0,0,1,0,0,3,2,0,0,1,0,0,0,0.0833333333333333,0.0833333333333333,0.166666666666667,0,0.0833333333333333,0.166666666666667,0,0,0.166666666666667,0.0833333333333333,0,0,0.166666666666667,0,0,0,0,0,0,NA,0,0.166666666666667,NA,NA,0,0.333333333333333,NA,NA,0.5,NA,NA,NA,0.333333333333333,0,0.5,NA,0,0.166666666666667,NA,NA,0.5,0.666666666666667,NA,NA,0.166666666666667,NA,NA,NA,1,0,3,0,0,1,0,0,3,1,0,0,0,0,0,0,2,3,3,0,3,4,0,0,3,1,0,0,3,0,0,0,0,0,0,0,0,0,0,0,0,1,0,0,1,0,0,0,0,0,0,0,0,1,0,0,0,0,0,0,2,0,0,0,0.333333333333333,0,0.5,NA,0,0.166666666666667,NA,NA,0.5,0.333333333333333,NA,NA,0,NA,NA,NA,0.666666666666667,1,0.5,NA,1,0.666666666666667,NA,NA,0.5,0.333333333333333,NA,NA,0.5,NA,NA,NA,0,0,0,NA,0,0,NA,NA,0,0.333333333333333,NA,NA,0.166666666666667,NA,NA,NA,0,0,0,NA,0,0.166666666666667,NA,NA,0,0,NA,NA,0.333333333333333,NA,NA,NA
"462",3,3,6,0,6,6,0,0,6,0,0,0,6,0,0,0,0,0,0,0,1,2,0,0,0,0,0,0,2,0,0,0,0,0,4,0,1,0,0,0,1,0,0,0,4,0,0,0,0.0833333333333333,0.0833333333333333,0.166666666666667,0,0.166666666666667,0.166666666666667,0,0,0.166666666666667,0,0,0,0.166666666666667,0,0,0,0,0,0,NA,0.166666666666667,0.333333333333333,NA,NA,0,NA,NA,NA,0.333333333333333,NA,NA,NA,0,0,0.666666666666667,NA,0.166666666666667,0,NA,NA,0.166666666666667,NA,NA,NA,0.666666666666667,NA,NA,NA,0,0,4,0,1,0,0,0,1,0,0,0,3,0,0,0,3,3,2,0,4,4,0,0,5,0,0,0,1,0,0,0,0,0,0,0,0,0,0,0,0,0,0,0,1,0,0,0,0,0,0,0,1,2,0,0,0,0,0,0,1,0,0,0,0,0,0.666666666666667,NA,0.166666666666667,0,NA,NA,0.166666666666667,NA,NA,NA,0.5,NA,NA,NA,1,1,0.333333333333333,NA,0.666666666666667,0.666666666666667,NA,NA,0.833333333333333,NA,NA,NA,0.166666666666667,NA,NA,NA,0,0,0,NA,0,0,NA,NA,0,NA,NA,NA,0.166666666666667,NA,NA,NA,0,0,0,NA,0.166666666666667,0.333333333333333,NA,NA,0,NA,NA,NA,0.166666666666667,NA,NA,NA
"463",3,3,3,3,3,6,6,6,6,0,3,3,3,0,0,0,0,0,0,0,0,0,1,1,1,0,1,2,2,0,0,0,0,1,0,0,0,3,1,4,1,0,2,3,2,0,0,0,0.0625,0.0625,0.0625,0.0625,0.0625,0.125,0.125,0.125,0.125,0,0.0625,0.0625,0.0625,0,0,0,0,0,0,0,0,0,0.166666666666667,0.166666666666667,0.166666666666667,NA,0.333333333333333,0.666666666666667,0.666666666666667,NA,NA,NA,0,0.333333333333333,0,0,0,0.5,0.166666666666667,0.666666666666667,0.166666666666667,NA,0.666666666666667,1,0.666666666666667,NA,NA,NA,0,1,0,0,0,3,1,3,1,0,1,1,1,0,0,0,3,2,3,3,3,3,4,2,4,0,1,0,0,0,0,0,0,0,0,0,0,0,0,1,0,0,1,2,1,0,0,0,0,0,0,0,0,0,1,0,1,0,0,0,1,0,0,0,0,0.333333333333333,0,0,0,0.5,0.166666666666667,0.5,0.166666666666667,NA,0.333333333333333,0.333333333333333,0.333333333333333,NA,NA,NA,1,0.666666666666667,1,1,1,0.5,0.666666666666667,0.333333333333333,0.666666666666667,NA,0.333333333333333,0,0,NA,NA,NA,0,0,0,0,0,0,0,0.166666666666667,0,NA,0.333333333333333,0.666666666666667,0.333333333333333,NA,NA,NA,0,0,0,0,0,0,0.166666666666667,0,0.166666666666667,NA,0,0,0.333333333333333,NA,NA,NA
"464",3,3,3,6,3,6,6,6,3,0,0,0,6,0,0,0,0,0,0,1,0,3,2,2,0,0,0,0,0,0,0,0,0,0,0,1,0,1,1,6,1,0,0,0,2,0,0,0,0.0666666666666667,0.0666666666666667,0.0666666666666667,0.133333333333333,0.0666666666666667,0.133333333333333,0.133333333333333,0.133333333333333,0.0666666666666667,0,0,0,0.133333333333333,0,0,0,0,0,0,0.166666666666667,0,0.5,0.333333333333333,0.333333333333333,0,NA,NA,NA,0,NA,NA,NA,0,0,0,0.166666666666667,0,0.166666666666667,0.166666666666667,1,0.333333333333333,NA,NA,NA,0.333333333333333,NA,NA,NA,0,0,0,1,0,0,1,4,1,0,0,0,2,0,0,0,3,3,3,4,3,3,3,0,2,0,0,0,4,0,0,0,0,0,0,0,0,1,0,2,0,0,0,0,0,0,0,0,0,0,0,1,0,2,2,0,0,0,0,0,0,0,0,0,0,0,0,0.166666666666667,0,0,0.166666666666667,0.666666666666667,0.333333333333333,NA,NA,NA,0.333333333333333,NA,NA,NA,1,1,1,0.666666666666667,1,0.5,0.5,0,0.666666666666667,NA,NA,NA,0.666666666666667,NA,NA,NA,0,0,0,0,0,0.166666666666667,0,0.333333333333333,0,NA,NA,NA,0,NA,NA,NA,0,0,0,0.166666666666667,0,0.333333333333333,0.333333333333333,0,0,NA,NA,NA,0,NA,NA,NA
"465",3,3,6,6,6,6,6,0,3,6,0,0,0,3,0,0,0,0,1,2,1,1,1,0,0,1,0,0,0,2,0,0,0,0,0,2,0,2,3,0,1,2,0,0,0,1,0,0,0.0625,0.0625,0.125,0.125,0.125,0.125,0.125,0,0.0625,0.125,0,0,0,0.0625,0,0,0,0,0.166666666666667,0.333333333333333,0.166666666666667,0.166666666666667,0.166666666666667,NA,0,0.166666666666667,NA,NA,NA,0.666666666666667,NA,NA,0,0,0,0.333333333333333,0,0.333333333333333,0.5,NA,0.333333333333333,0.333333333333333,NA,NA,NA,0.333333333333333,NA,NA,0,0,0,2,0,1,2,0,1,1,0,0,0,0,0,0,3,3,5,2,5,4,3,0,2,4,0,0,0,1,0,0,0,0,0,0,0,1,1,0,0,1,0,0,0,1,0,0,0,0,1,2,1,0,0,0,0,0,0,0,0,1,0,0,0,0,0,0.333333333333333,0,0.166666666666667,0.333333333333333,NA,0.333333333333333,0.166666666666667,NA,NA,NA,0,NA,NA,1,1,0.833333333333333,0.333333333333333,0.833333333333333,0.666666666666667,0.5,NA,0.666666666666667,0.666666666666667,NA,NA,NA,0.333333333333333,NA,NA,0,0,0,0,0,0.166666666666667,0.166666666666667,NA,0,0.166666666666667,NA,NA,NA,0.333333333333333,NA,NA,0,0,0.166666666666667,0.333333333333333,0.166666666666667,0,0,NA,0,0,NA,NA,NA,0.333333333333333,NA,NA
"466",3,3,3,6,3,6,6,6,3,6,3,0,0,0,0,0,0,0,0,0,0,1,1,1,1,2,1,0,0,0,0,0,0,0,0,2,1,1,3,4,1,3,3,0,0,0,0,0,0.0625,0.0625,0.0625,0.125,0.0625,0.125,0.125,0.125,0.0625,0.125,0.0625,0,0,0,0,0,0,0,0,0,0,0.166666666666667,0.166666666666667,0.166666666666667,0.333333333333333,0.333333333333333,0.333333333333333,NA,NA,NA,NA,NA,0,0,0,0.333333333333333,0.333333333333333,0.166666666666667,0.5,0.666666666666667,0.333333333333333,0.5,1,NA,NA,NA,NA,NA,0,0,0,2,1,1,2,3,1,1,2,0,0,0,0,0,3,3,3,4,2,4,3,2,1,3,0,0,0,0,0,0,0,0,0,0,0,0,1,1,0,2,1,0,0,0,0,0,0,0,0,0,0,1,0,0,1,0,0,0,0,0,0,0,0,0,0,0.333333333333333,0.333333333333333,0.166666666666667,0.333333333333333,0.5,0.333333333333333,0.166666666666667,0.666666666666667,NA,NA,NA,NA,NA,1,1,1,0.666666666666667,0.666666666666667,0.666666666666667,0.5,0.333333333333333,0.333333333333333,0.5,0,NA,NA,NA,NA,NA,0,0,0,0,0,0,0.166666666666667,0.166666666666667,0,0.333333333333333,0.333333333333333,NA,NA,NA,NA,NA,0,0,0,0,0,0.166666666666667,0,0,0.333333333333333,0,0,NA,NA,NA,NA,NA
"467",3,3,3,6,3,6,6,0,3,6,0,0,6,0,0,0,0,0,0,0,0,0,3,0,0,2,0,0,0,0,0,0,0,0,0,3,0,1,2,0,0,2,0,0,3,0,0,0,0.0666666666666667,0.0666666666666667,0.0666666666666667,0.133333333333333,0.0666666666666667,0.133333333333333,0.133333333333333,0,0.0666666666666667,0.133333333333333,0,0,0.133333333333333,0,0,0,0,0,0,0,0,0,0.5,NA,0,0.333333333333333,NA,NA,0,NA,NA,NA,0,0,0,0.5,0,0.166666666666667,0.333333333333333,NA,0,0.333333333333333,NA,NA,0.5,NA,NA,NA,0,0,0,3,0,1,1,0,0,1,0,0,3,0,0,0,3,3,3,3,3,5,2,0,3,3,0,0,3,0,0,0,0,0,0,0,0,0,1,0,0,1,0,0,0,0,0,0,0,0,0,0,0,0,2,0,0,1,0,0,0,0,0,0,0,0,0,0.5,0,0.166666666666667,0.166666666666667,NA,0,0.166666666666667,NA,NA,0.5,NA,NA,NA,1,1,1,0.5,1,0.833333333333333,0.333333333333333,NA,1,0.5,NA,NA,0.5,NA,NA,NA,0,0,0,0,0,0,0.166666666666667,NA,0,0.166666666666667,NA,NA,0,NA,NA,NA,0,0,0,0,0,0,0.333333333333333,NA,0,0.166666666666667,NA,NA,0,NA,NA,NA
"468",3,3,6,6,3,6,6,3,0,6,6,0,0,0,0,0,0,0,0,1,0,1,0,2,0,2,2,0,0,0,0,0,0,0,2,1,0,1,1,1,0,4,4,0,0,0,0,0,0.0625,0.0625,0.125,0.125,0.0625,0.125,0.125,0.0625,0,0.125,0.125,0,0,0,0,0,0,0,0,0.166666666666667,0,0.166666666666667,0,0.666666666666667,NA,0.333333333333333,0.333333333333333,NA,NA,NA,NA,NA,0,0,0.333333333333333,0.166666666666667,0,0.166666666666667,0.166666666666667,0.333333333333333,NA,0.666666666666667,0.666666666666667,NA,NA,NA,NA,NA,0,0,2,1,0,0,1,0,0,3,2,0,0,0,0,0,3,3,4,4,3,5,5,1,0,1,2,0,0,0,0,0,0,0,0,0,0,1,0,1,0,1,2,0,0,0,0,0,0,0,0,1,0,0,0,1,0,1,0,0,0,0,0,0,0,0,0.333333333333333,0.166666666666667,0,0,0.166666666666667,0,NA,0.5,0.333333333333333,NA,NA,NA,NA,NA,1,1,0.666666666666667,0.666666666666667,1,0.833333333333333,0.833333333333333,0.333333333333333,NA,0.166666666666667,0.333333333333333,NA,NA,NA,NA,NA,0,0,0,0,0,0.166666666666667,0,0.333333333333333,NA,0.166666666666667,0.333333333333333,NA,NA,NA,NA,NA,0,0,0,0.166666666666667,0,0,0,0.333333333333333,NA,0.166666666666667,0,NA,NA,NA,NA,NA
"469",3,3,3,6,0,3,6,6,0,3,6,6,0,0,0,3,0,0,0,1,0,0,1,1,0,0,2,0,0,0,0,3,0,0,0,2,0,1,2,2,0,1,5,3,0,0,0,1,0.0625,0.0625,0.0625,0.125,0,0.0625,0.125,0.125,0,0.0625,0.125,0.125,0,0,0,0.0625,0,0,0,0.166666666666667,NA,0,0.166666666666667,0.166666666666667,NA,0,0.333333333333333,0,NA,NA,NA,1,0,0,0,0.333333333333333,NA,0.333333333333333,0.333333333333333,0.333333333333333,NA,0.333333333333333,0.833333333333333,0.5,NA,NA,NA,0.333333333333333,0,0,0,2,0,1,2,2,0,1,3,3,0,0,0,0,3,3,3,3,0,2,3,3,0,2,1,3,0,0,0,0,0,0,0,0,0,0,0,0,0,0,2,0,0,0,0,1,0,0,0,1,0,0,1,1,0,0,0,0,0,0,0,2,0,0,0,0.333333333333333,NA,0.333333333333333,0.333333333333333,0.333333333333333,NA,0.333333333333333,0.5,0.5,NA,NA,NA,0,1,1,1,0.5,NA,0.666666666666667,0.5,0.5,NA,0.666666666666667,0.166666666666667,0.5,NA,NA,NA,0,0,0,0,0,NA,0,0,0,NA,0,0.333333333333333,0,NA,NA,NA,0.333333333333333,0,0,0,0.166666666666667,NA,0,0.166666666666667,0.166666666666667,NA,0,0,0,NA,NA,NA,0.666666666666667
"470",3,3,3,6,0,3,6,3,3,6,6,0,0,6,0,0,0,0,0,0,0,0,0,1,1,0,3,0,0,2,0,0,0,0,0,3,0,1,0,1,0,1,4,0,0,4,0,0,0.0625,0.0625,0.0625,0.125,0,0.0625,0.125,0.0625,0.0625,0.125,0.125,0,0,0.125,0,0,0,0,0,0,NA,0,0,0.333333333333333,0.333333333333333,0,0.5,NA,NA,0.333333333333333,NA,NA,0,0,0,0.5,NA,0.333333333333333,0,0.333333333333333,0,0.166666666666667,0.666666666666667,NA,NA,0.666666666666667,NA,NA,0,0,0,3,0,1,0,0,0,1,1,0,0,3,0,0,3,3,3,3,0,2,6,2,2,5,2,0,0,1,0,0,0,0,0,0,0,0,0,1,0,0,3,0,0,1,0,0,0,0,0,0,0,0,0,0,1,0,0,0,0,1,0,0,0,0,0,0.5,NA,0.333333333333333,0,0,0,0.166666666666667,0.166666666666667,NA,NA,0.5,NA,NA,1,1,1,0.5,NA,0.666666666666667,1,0.666666666666667,0.666666666666667,0.833333333333333,0.333333333333333,NA,NA,0.166666666666667,NA,NA,0,0,0,0,NA,0,0,0.333333333333333,0,0,0.5,NA,NA,0.166666666666667,NA,NA,0,0,0,0,NA,0,0,0,0.333333333333333,0,0,NA,NA,0.166666666666667,NA,NA
"471",6,6,6,6,0,0,6,3,0,6,6,0,0,0,3,0,0,1,0,1,0,0,0,3,0,1,2,0,0,0,2,0,0,2,1,1,0,0,1,1,0,5,4,0,0,0,2,0,0.125,0.125,0.125,0.125,0,0,0.125,0.0625,0,0.125,0.125,0,0,0,0.0625,0,0,0.166666666666667,0,0.166666666666667,NA,NA,0,1,NA,0.166666666666667,0.333333333333333,NA,NA,NA,0.666666666666667,NA,0,0.333333333333333,0.166666666666667,0.166666666666667,NA,NA,0.166666666666667,0.333333333333333,NA,0.833333333333333,0.666666666666667,NA,NA,NA,0.666666666666667,NA,0,2,1,1,0,0,1,0,0,4,2,0,0,0,0,0,6,3,5,4,0,0,5,0,0,1,2,0,0,0,1,0,0,0,0,0,0,0,0,1,0,1,2,0,0,0,2,0,0,1,0,1,0,0,0,2,0,0,0,0,0,0,0,0,0,0.333333333333333,0.166666666666667,0.166666666666667,NA,NA,0.166666666666667,0,NA,0.666666666666667,0.333333333333333,NA,NA,NA,0,NA,1,0.5,0.833333333333333,0.666666666666667,NA,NA,0.833333333333333,0,NA,0.166666666666667,0.333333333333333,NA,NA,NA,0.333333333333333,NA,0,0,0,0,NA,NA,0,0.333333333333333,NA,0.166666666666667,0.333333333333333,NA,NA,NA,0.666666666666667,NA,0,0.166666666666667,0,0.166666666666667,NA,NA,0,0.666666666666667,NA,0,0,NA,NA,NA,0,NA
"472",3,3,3,3,3,6,6,6,3,3,6,3,0,0,0,0,0,0,0,0,0,1,0,0,1,2,2,2,0,0,0,0,0,0,0,1,0,2,2,4,0,1,3,3,0,0,0,0,0.0625,0.0625,0.0625,0.0625,0.0625,0.125,0.125,0.125,0.0625,0.0625,0.125,0.0625,0,0,0,0,0,0,0,0,0,0.166666666666667,0,0,0.333333333333333,0.666666666666667,0.333333333333333,0.666666666666667,NA,NA,NA,NA,0,0,0,0.333333333333333,0,0.333333333333333,0.333333333333333,0.666666666666667,0,0.333333333333333,0.5,1,NA,NA,NA,NA,0,0,0,1,0,2,2,4,0,1,2,1,0,0,0,0,3,3,3,2,3,3,4,2,2,0,2,0,0,0,0,0,0,0,0,0,0,0,0,0,0,0,1,2,0,0,0,0,0,0,0,0,0,1,0,0,1,2,1,0,0,0,0,0,0,0,0,0.333333333333333,0,0.333333333333333,0.333333333333333,0.666666666666667,0,0.333333333333333,0.333333333333333,0.333333333333333,NA,NA,NA,NA,1,1,1,0.666666666666667,1,0.5,0.666666666666667,0.333333333333333,0.666666666666667,0,0.333333333333333,0,NA,NA,NA,NA,0,0,0,0,0,0,0,0,0,0,0.166666666666667,0.666666666666667,NA,NA,NA,NA,0,0,0,0,0,0.166666666666667,0,0,0.333333333333333,0.666666666666667,0.166666666666667,0,NA,NA,NA,NA
"473",3,3,3,3,0,3,6,6,3,6,0,0,6,6,0,0,0,0,0,0,0,0,2,1,0,0,0,0,0,4,0,0,1,1,0,0,0,1,2,5,0,0,0,0,3,3,0,0,0.0625,0.0625,0.0625,0.0625,0,0.0625,0.125,0.125,0.0625,0.125,0,0,0.125,0.125,0,0,0,0,0,0,NA,0,0.333333333333333,0.166666666666667,0,0,NA,NA,0,0.666666666666667,NA,NA,0.333333333333333,0.333333333333333,0,0,NA,0.333333333333333,0.333333333333333,0.833333333333333,0,0,NA,NA,0.5,0.5,NA,NA,1,1,0,0,0,1,2,4,0,0,0,0,3,1,0,0,2,2,3,3,0,2,2,1,3,6,0,0,3,1,0,0,0,0,0,0,0,0,0,1,0,0,0,0,0,2,0,0,0,0,0,0,0,0,2,0,0,0,0,0,0,2,0,0,0.333333333333333,0.333333333333333,0,0,NA,0.333333333333333,0.333333333333333,0.666666666666667,0,0,NA,NA,0.5,0.166666666666667,NA,NA,0.666666666666667,0.666666666666667,1,1,NA,0.666666666666667,0.333333333333333,0.166666666666667,1,1,NA,NA,0.5,0.166666666666667,NA,NA,0,0,0,0,NA,0,0,0.166666666666667,0,0,NA,NA,0,0.333333333333333,NA,NA,0,0,0,0,NA,0,0.333333333333333,0,0,0,NA,NA,0,0.333333333333333,NA,NA
"474",3,3,3,6,3,6,6,0,6,0,3,0,3,0,0,0,0,0,0,0,0,2,1,0,1,0,1,0,1,0,0,0,0,0,1,3,0,0,2,0,1,0,0,0,0,0,0,0,0.0714285714285714,0.0714285714285714,0.0714285714285714,0.142857142857143,0.0714285714285714,0.142857142857143,0.142857142857143,0,0.142857142857143,0,0.0714285714285714,0,0.0714285714285714,0,0,0,0,0,0,0,0,0.333333333333333,0.166666666666667,NA,0.166666666666667,NA,0.333333333333333,NA,0.333333333333333,NA,NA,NA,0,0,0.333333333333333,0.5,0,0,0.333333333333333,NA,0.166666666666667,NA,0,NA,0,NA,NA,NA,0,0,1,3,0,0,2,0,1,0,0,0,0,0,0,0,3,3,2,3,3,4,3,0,4,0,2,0,2,0,0,0,0,0,0,0,0,0,0,0,0,0,0,0,0,0,0,0,0,0,0,0,0,2,1,0,1,0,1,0,1,0,0,0,0,0,0.333333333333333,0.5,0,0,0.333333333333333,NA,0.166666666666667,NA,0,NA,0,NA,NA,NA,1,1,0.666666666666667,0.5,1,0.666666666666667,0.5,NA,0.666666666666667,NA,0.666666666666667,NA,0.666666666666667,NA,NA,NA,0,0,0,0,0,0,0,NA,0,NA,0,NA,0,NA,NA,NA,0,0,0,0,0,0.333333333333333,0.166666666666667,NA,0.166666666666667,NA,0.333333333333333,NA,0.333333333333333,NA,NA,NA
"475",3,3,3,6,0,6,6,3,3,6,3,0,0,6,0,0,0,0,0,0,0,1,0,2,0,1,3,0,0,2,0,0,1,0,0,3,0,1,0,1,0,0,2,0,0,3,0,0,0.0625,0.0625,0.0625,0.125,0,0.125,0.125,0.0625,0.0625,0.125,0.0625,0,0,0.125,0,0,0,0,0,0,NA,0.166666666666667,0,0.666666666666667,0,0.166666666666667,1,NA,NA,0.333333333333333,NA,NA,0.333333333333333,0,0,0.5,NA,0.166666666666667,0,0.333333333333333,0,0,0.666666666666667,NA,NA,0.5,NA,NA,1,0,0,3,0,1,0,0,0,0,0,0,0,1,0,0,2,3,3,3,0,4,6,1,3,5,0,0,0,3,0,0,0,0,0,0,0,0,0,1,0,0,2,0,0,2,0,0,0,0,0,0,0,1,0,1,0,1,1,0,0,0,0,0,0.333333333333333,0,0,0.5,NA,0.166666666666667,0,0,0,0,0,NA,NA,0.166666666666667,NA,NA,0.666666666666667,1,1,0.5,NA,0.666666666666667,1,0.333333333333333,1,0.833333333333333,0,NA,NA,0.5,NA,NA,0,0,0,0,NA,0,0,0.333333333333333,0,0,0.666666666666667,NA,NA,0.333333333333333,NA,NA,0,0,0,0,NA,0.166666666666667,0,0.333333333333333,0,0.166666666666667,0.333333333333333,NA,NA,0,NA,NA
"476",3,3,3,6,3,6,6,6,3,0,6,0,3,0,0,0,0,0,0,0,0,2,0,2,0,0,4,0,2,0,0,0,0,1,0,1,0,1,2,3,0,0,3,0,2,0,0,0,0.0625,0.0625,0.0625,0.125,0.0625,0.125,0.125,0.125,0.0625,0,0.125,0,0.0625,0,0,0,0,0,0,0,0,0.333333333333333,0,0.333333333333333,0,NA,0.666666666666667,NA,0.666666666666667,NA,NA,NA,0,0.333333333333333,0,0.166666666666667,0,0.166666666666667,0.333333333333333,0.5,0,NA,0.5,NA,0.666666666666667,NA,NA,NA,0,1,0,1,0,1,2,3,0,0,0,0,1,0,0,0,3,2,3,5,3,3,4,1,3,0,2,0,0,0,0,0,0,0,0,0,0,0,0,0,0,0,3,0,1,0,0,0,0,0,0,0,0,2,0,2,0,0,1,0,1,0,0,0,0,0.333333333333333,0,0.166666666666667,0,0.166666666666667,0.333333333333333,0.5,0,NA,0,NA,0.333333333333333,NA,NA,NA,1,0.666666666666667,1,0.833333333333333,1,0.5,0.666666666666667,0.166666666666667,1,NA,0.333333333333333,NA,0,NA,NA,NA,0,0,0,0,0,0,0,0,0,NA,0.5,NA,0.333333333333333,NA,NA,NA,0,0,0,0,0,0.333333333333333,0,0.333333333333333,0,NA,0.166666666666667,NA,0.333333333333333,NA,NA,NA
"477",6,3,3,3,0,3,6,6,0,6,6,0,0,6,0,0,1,0,0,0,0,0,0,0,0,0,2,0,0,0,0,0,1,0,0,0,0,0,1,4,0,2,4,0,0,4,0,0,0.125,0.0625,0.0625,0.0625,0,0.0625,0.125,0.125,0,0.125,0.125,0,0,0.125,0,0,0.166666666666667,0,0,0,NA,0,0,0,NA,0,0.333333333333333,NA,NA,0,NA,NA,0.166666666666667,0,0,0,NA,0,0.166666666666667,0.666666666666667,NA,0.333333333333333,0.666666666666667,NA,NA,0.666666666666667,NA,NA,1,0,0,0,0,0,1,4,0,2,3,0,0,4,0,0,4,3,3,3,0,3,5,2,0,4,1,0,0,2,0,0,0,0,0,0,0,0,0,0,0,0,1,0,0,0,0,0,1,0,0,0,0,0,0,0,0,0,1,0,0,0,0,0,0.166666666666667,0,0,0,NA,0,0.166666666666667,0.666666666666667,NA,0.333333333333333,0.5,NA,NA,0.666666666666667,NA,NA,0.666666666666667,1,1,1,NA,1,0.833333333333333,0.333333333333333,NA,0.666666666666667,0.166666666666667,NA,NA,0.333333333333333,NA,NA,0,0,0,0,NA,0,0,0,NA,0,0.166666666666667,NA,NA,0,NA,NA,0.166666666666667,0,0,0,NA,0,0,0,NA,0,0.166666666666667,NA,NA,0,NA,NA
"478",3,3,3,6,6,0,3,0,6,6,6,0,0,0,6,0,0,0,0,0,1,0,0,0,1,1,0,0,0,0,4,0,0,1,1,3,0,0,1,0,1,3,2,0,0,0,5,0,0.0625,0.0625,0.0625,0.125,0.125,0,0.0625,0,0.125,0.125,0.125,0,0,0,0.125,0,0,0,0,0,0.166666666666667,NA,0,NA,0.166666666666667,0.166666666666667,0,NA,NA,NA,0.666666666666667,NA,0,0.333333333333333,0.333333333333333,0.5,0,NA,0.333333333333333,NA,0.166666666666667,0.5,0.333333333333333,NA,NA,NA,0.833333333333333,NA,0,1,1,3,0,0,1,0,0,3,2,0,0,0,2,0,3,2,2,3,5,0,2,0,5,2,4,0,0,0,0,0,0,0,0,0,0,0,0,0,1,0,0,0,0,0,3,0,0,0,0,0,1,0,0,0,0,1,0,0,0,0,1,0,0,0.333333333333333,0.333333333333333,0.5,0,NA,0.333333333333333,NA,0,0.5,0.333333333333333,NA,NA,NA,0.333333333333333,NA,1,0.666666666666667,0.666666666666667,0.5,0.833333333333333,NA,0.666666666666667,NA,0.833333333333333,0.333333333333333,0.666666666666667,NA,NA,NA,0,NA,0,0,0,0,0,NA,0,NA,0.166666666666667,0,0,NA,NA,NA,0.5,NA,0,0,0,0,0.166666666666667,NA,0,NA,0,0.166666666666667,0,NA,NA,NA,0.166666666666667,NA
"479",6,3,3,6,3,6,6,6,0,3,6,0,0,0,0,0,1,0,0,0,0,1,0,1,0,1,3,0,0,0,0,0,0,0,0,1,0,1,1,4,0,0,5,0,0,0,0,0,0.125,0.0625,0.0625,0.125,0.0625,0.125,0.125,0.125,0,0.0625,0.125,0,0,0,0,0,0.166666666666667,0,0,0,0,0.166666666666667,0,0.166666666666667,NA,0.333333333333333,0.5,NA,NA,NA,NA,NA,0,0,0,0.166666666666667,0,0.166666666666667,0.166666666666667,0.666666666666667,NA,0,0.833333333333333,NA,NA,NA,NA,NA,0,0,0,1,0,1,1,3,0,0,2,0,0,0,0,0,5,3,3,5,3,4,5,2,0,2,1,0,0,0,0,0,0,0,0,0,0,0,0,1,0,0,3,0,0,0,0,0,1,0,0,0,0,1,0,0,0,1,0,0,0,0,0,0,0,0,0,0.166666666666667,0,0.166666666666667,0.166666666666667,0.5,NA,0,0.333333333333333,NA,NA,NA,NA,NA,0.833333333333333,1,1,0.833333333333333,1,0.666666666666667,0.833333333333333,0.333333333333333,NA,0.666666666666667,0.166666666666667,NA,NA,NA,NA,NA,0,0,0,0,0,0,0,0.166666666666667,NA,0,0.5,NA,NA,NA,NA,NA,0.166666666666667,0,0,0,0,0.166666666666667,0,0,NA,0.333333333333333,0,NA,NA,NA,NA,NA
"480",3,3,3,3,3,6,6,6,3,3,6,3,0,0,0,0,0,0,0,0,0,1,0,0,1,1,2,1,0,0,0,0,0,0,1,1,0,1,1,3,0,0,0,2,0,0,0,0,0.0625,0.0625,0.0625,0.0625,0.0625,0.125,0.125,0.125,0.0625,0.0625,0.125,0.0625,0,0,0,0,0,0,0,0,0,0.166666666666667,0,0,0.333333333333333,0.333333333333333,0.333333333333333,0.333333333333333,NA,NA,NA,NA,0,0,0.333333333333333,0.333333333333333,0,0.166666666666667,0.166666666666667,0.5,0,0,0,0.666666666666667,NA,NA,NA,NA,0,0,1,1,0,1,1,3,0,0,0,1,0,0,0,0,3,3,2,2,3,4,5,3,2,2,4,1,0,0,0,0,0,0,0,0,0,0,0,0,0,0,0,1,0,0,0,0,0,0,0,0,0,1,0,0,1,1,2,0,0,0,0,0,0,0,0.333333333333333,0.333333333333333,0,0.166666666666667,0.166666666666667,0.5,0,0,0,0.333333333333333,NA,NA,NA,NA,1,1,0.666666666666667,0.666666666666667,1,0.666666666666667,0.833333333333333,0.5,0.666666666666667,0.666666666666667,0.666666666666667,0.333333333333333,NA,NA,NA,NA,0,0,0,0,0,0,0,0,0,0,0,0.333333333333333,NA,NA,NA,NA,0,0,0,0,0,0.166666666666667,0,0,0.333333333333333,0.333333333333333,0.333333333333333,0,NA,NA,NA,NA
"481",3,3,6,3,3,3,0,0,6,6,0,0,3,6,0,0,0,0,1,1,0,0,0,0,1,0,0,0,1,4,0,0,0,0,3,0,1,1,0,0,0,1,0,0,1,4,0,0,0.0714285714285714,0.0714285714285714,0.142857142857143,0.0714285714285714,0.0714285714285714,0.0714285714285714,0,0,0.142857142857143,0.142857142857143,0,0,0.0714285714285714,0.142857142857143,0,0,0,0,0.166666666666667,0.333333333333333,0,0,NA,NA,0.166666666666667,0,NA,NA,0.333333333333333,0.666666666666667,NA,NA,0,0,0.5,0,0.333333333333333,0.333333333333333,NA,NA,0,0.166666666666667,NA,NA,0.333333333333333,0.666666666666667,NA,NA,0,0,2,0,1,1,0,0,0,1,0,0,0,2,0,0,3,3,3,2,2,2,0,0,5,5,0,0,2,0,0,0,0,0,1,0,0,0,0,0,0,0,0,0,1,2,0,0,0,0,0,1,0,0,0,0,1,0,0,0,0,2,0,0,0,0,0.333333333333333,0,0.333333333333333,0.333333333333333,NA,NA,0,0.166666666666667,NA,NA,0,0.333333333333333,NA,NA,1,1,0.5,0.666666666666667,0.666666666666667,0.666666666666667,NA,NA,0.833333333333333,0.833333333333333,NA,NA,0.666666666666667,0,NA,NA,0,0,0.166666666666667,0,0,0,NA,NA,0,0,NA,NA,0.333333333333333,0.333333333333333,NA,NA,0,0,0,0.333333333333333,0,0,NA,NA,0.166666666666667,0,NA,NA,0,0.333333333333333,NA,NA
"482",3,3,3,6,0,0,6,0,3,6,6,0,3,6,3,0,0,0,0,0,0,0,1,0,0,0,2,0,0,2,1,0,0,0,0,3,0,0,0,0,0,2,3,0,1,4,0,0,0.0625,0.0625,0.0625,0.125,0,0,0.125,0,0.0625,0.125,0.125,0,0.0625,0.125,0.0625,0,0,0,0,0,NA,NA,0.166666666666667,NA,0,0,0.333333333333333,NA,0,0.333333333333333,0.333333333333333,NA,0,0,0,0.5,NA,NA,0,NA,0,0.333333333333333,0.5,NA,0.333333333333333,0.666666666666667,0,NA,0,0,0,3,0,0,0,0,0,2,2,0,1,2,0,0,3,3,3,3,0,0,5,0,3,4,2,0,2,2,2,0,0,0,0,0,0,0,0,0,0,0,1,0,0,2,0,0,0,0,0,0,0,0,1,0,0,0,1,0,0,0,1,0,0,0,0,0.5,NA,NA,0,NA,0,0.333333333333333,0.333333333333333,NA,0.333333333333333,0.333333333333333,0,NA,1,1,1,0.5,NA,NA,0.833333333333333,NA,1,0.666666666666667,0.333333333333333,NA,0.666666666666667,0.333333333333333,0.666666666666667,NA,0,0,0,0,NA,NA,0,NA,0,0,0.166666666666667,NA,0,0.333333333333333,0,NA,0,0,0,0,NA,NA,0.166666666666667,NA,0,0,0.166666666666667,NA,0,0,0.333333333333333,NA
"483",3,3,3,3,3,6,6,6,6,0,6,3,0,0,0,0,0,0,0,0,0,2,1,0,1,0,2,2,0,0,0,0,1,0,1,1,1,0,1,2,3,0,5,3,0,0,0,0,0.0625,0.0625,0.0625,0.0625,0.0625,0.125,0.125,0.125,0.125,0,0.125,0.0625,0,0,0,0,0,0,0,0,0,0.333333333333333,0.166666666666667,0,0.166666666666667,NA,0.333333333333333,0.666666666666667,NA,NA,NA,NA,0.333333333333333,0,0.333333333333333,0.333333333333333,0.333333333333333,0,0.166666666666667,0.333333333333333,0.5,NA,0.833333333333333,1,NA,NA,NA,NA,1,0,1,1,1,0,1,2,2,0,3,1,0,0,0,0,2,3,2,2,2,4,4,4,3,0,1,0,0,0,0,0,0,0,0,0,0,0,0,0,1,0,2,2,0,0,0,0,0,0,0,0,0,2,1,0,0,0,0,0,0,0,0,0,0.333333333333333,0,0.333333333333333,0.333333333333333,0.333333333333333,0,0.166666666666667,0.333333333333333,0.333333333333333,NA,0.5,0.333333333333333,NA,NA,NA,NA,0.666666666666667,1,0.666666666666667,0.666666666666667,0.666666666666667,0.666666666666667,0.666666666666667,0.666666666666667,0.5,NA,0.166666666666667,0,NA,NA,NA,NA,0,0,0,0,0,0,0,0,0.166666666666667,NA,0.333333333333333,0.666666666666667,NA,NA,NA,NA,0,0,0,0,0,0.333333333333333,0.166666666666667,0,0,NA,0,0,NA,NA,NA,NA
"484",6,3,3,6,0,3,6,6,0,3,6,0,0,6,0,0,1,0,0,0,0,0,0,2,0,0,3,0,0,2,0,0,0,0,1,0,0,0,2,1,0,0,5,0,0,2,0,0,0.125,0.0625,0.0625,0.125,0,0.0625,0.125,0.125,0,0.0625,0.125,0,0,0.125,0,0,0.166666666666667,0,0,0,NA,0,0,0.333333333333333,NA,0,0.5,NA,NA,0.333333333333333,NA,NA,0,0,0.333333333333333,0,NA,0,0.333333333333333,0.166666666666667,NA,0,0.833333333333333,NA,NA,0.333333333333333,NA,NA,0,0,1,0,0,0,2,0,0,0,3,0,0,1,0,0,5,3,2,6,0,3,4,4,0,3,0,0,0,3,0,0,0,0,0,0,0,0,0,1,0,0,2,0,0,1,0,0,1,0,0,0,0,0,0,1,0,0,1,0,0,1,0,0,0,0,0.333333333333333,0,NA,0,0.333333333333333,0,NA,0,0.5,NA,NA,0.166666666666667,NA,NA,0.833333333333333,1,0.666666666666667,1,NA,1,0.666666666666667,0.666666666666667,NA,1,0,NA,NA,0.5,NA,NA,0,0,0,0,NA,0,0,0.166666666666667,NA,0,0.333333333333333,NA,NA,0.166666666666667,NA,NA,0.166666666666667,0,0,0,NA,0,0,0.166666666666667,NA,0,0.166666666666667,NA,NA,0.166666666666667,NA,NA
"485",6,6,3,3,3,6,6,6,3,6,0,0,0,0,0,0,1,1,0,0,0,1,1,1,1,1,0,0,0,0,0,0,0,1,0,1,0,0,4,3,1,3,0,0,0,0,0,0,0.125,0.125,0.0625,0.0625,0.0625,0.125,0.125,0.125,0.0625,0.125,0,0,0,0,0,0,0.166666666666667,0.166666666666667,0,0,0,0.166666666666667,0.166666666666667,0.166666666666667,0.333333333333333,0.166666666666667,NA,NA,NA,NA,NA,NA,0,0.166666666666667,0,0.333333333333333,0,0,0.666666666666667,0.5,0.333333333333333,0.5,NA,NA,NA,NA,NA,NA,0,1,0,1,0,0,3,2,1,3,0,0,0,0,0,0,5,4,3,2,3,5,2,3,1,2,0,0,0,0,0,0,0,0,0,0,0,0,1,1,0,0,0,0,0,0,0,0,1,1,0,0,0,1,0,0,1,1,0,0,0,0,0,0,0,0.166666666666667,0,0.333333333333333,0,0,0.5,0.333333333333333,0.333333333333333,0.5,NA,NA,NA,NA,NA,NA,0.833333333333333,0.666666666666667,1,0.666666666666667,1,0.833333333333333,0.333333333333333,0.5,0.333333333333333,0.333333333333333,NA,NA,NA,NA,NA,NA,0,0,0,0,0,0,0.166666666666667,0.166666666666667,0,0,NA,NA,NA,NA,NA,NA,0.166666666666667,0.166666666666667,0,0,0,0.166666666666667,0,0,0.333333333333333,0.166666666666667,NA,NA,NA,NA,NA,NA
"486",3,3,6,6,0,6,6,3,3,6,3,0,0,3,0,0,0,0,0,1,0,0,1,1,0,1,1,0,0,1,0,0,0,1,1,2,0,1,1,1,0,0,2,0,0,1,0,0,0.0625,0.0625,0.125,0.125,0,0.125,0.125,0.0625,0.0625,0.125,0.0625,0,0,0.0625,0,0,0,0,0,0.166666666666667,NA,0,0.166666666666667,0.333333333333333,0,0.166666666666667,0.333333333333333,NA,NA,0.333333333333333,NA,NA,0,0.333333333333333,0.166666666666667,0.333333333333333,NA,0.166666666666667,0.166666666666667,0.333333333333333,0,0,0.666666666666667,NA,NA,0.333333333333333,NA,NA,0,1,1,2,0,1,1,0,0,0,1,0,0,0,0,0,3,2,5,3,0,5,4,2,3,5,1,0,0,2,0,0,0,0,0,0,0,0,0,1,0,0,1,0,0,1,0,0,0,0,0,1,0,0,1,0,0,1,0,0,0,0,0,0,0,0.333333333333333,0.166666666666667,0.333333333333333,NA,0.166666666666667,0.166666666666667,0,0,0,0.333333333333333,NA,NA,0,NA,NA,1,0.666666666666667,0.833333333333333,0.5,NA,0.833333333333333,0.666666666666667,0.666666666666667,1,0.833333333333333,0.333333333333333,NA,NA,0.666666666666667,NA,NA,0,0,0,0,NA,0,0,0.333333333333333,0,0,0.333333333333333,NA,NA,0.333333333333333,NA,NA,0,0,0,0.166666666666667,NA,0,0.166666666666667,0,0,0.166666666666667,0,NA,NA,0,NA,NA
"487",3,3,6,6,0,0,3,6,3,6,6,0,6,0,0,0,0,0,0,1,0,0,0,0,0,0,1,0,2,0,0,0,0,0,1,2,0,0,0,6,0,3,3,0,4,0,0,0,0.0625,0.0625,0.125,0.125,0,0,0.0625,0.125,0.0625,0.125,0.125,0,0.125,0,0,0,0,0,0,0.166666666666667,NA,NA,0,0,0,0,0.166666666666667,NA,0.333333333333333,NA,NA,NA,0,0,0.166666666666667,0.333333333333333,NA,NA,0,1,0,0.5,0.5,NA,0.666666666666667,NA,NA,NA,0,0,1,1,0,0,0,6,0,3,3,0,3,0,0,0,3,3,5,4,0,0,3,0,3,3,2,0,1,0,0,0,0,0,0,1,0,0,0,0,0,0,0,0,1,0,0,0,0,0,0,0,0,0,0,0,0,0,1,0,1,0,0,0,0,0,0.166666666666667,0.166666666666667,NA,NA,0,1,0,0.5,0.5,NA,0.5,NA,NA,NA,1,1,0.833333333333333,0.666666666666667,NA,NA,1,0,1,0.5,0.333333333333333,NA,0.166666666666667,NA,NA,NA,0,0,0,0.166666666666667,NA,NA,0,0,0,0,0,NA,0.166666666666667,NA,NA,NA,0,0,0,0,NA,NA,0,0,0,0,0.166666666666667,NA,0.166666666666667,NA,NA,NA
"488",3,3,3,6,0,6,6,3,3,6,6,0,3,0,0,0,0,0,0,0,0,0,1,1,0,3,1,0,1,0,0,0,0,0,1,2,0,2,2,0,1,1,4,0,1,0,0,0,0.0625,0.0625,0.0625,0.125,0,0.125,0.125,0.0625,0.0625,0.125,0.125,0,0.0625,0,0,0,0,0,0,0,NA,0,0.166666666666667,0.333333333333333,0,0.5,0.166666666666667,NA,0.333333333333333,NA,NA,NA,0,0,0.333333333333333,0.333333333333333,NA,0.333333333333333,0.333333333333333,0,0.333333333333333,0.166666666666667,0.666666666666667,NA,0.333333333333333,NA,NA,NA,0,0,1,2,0,2,2,0,1,1,4,0,1,0,0,0,3,3,2,4,0,4,3,2,2,2,1,0,1,0,0,0,0,0,0,0,0,0,0,0,0,0,0,0,0,0,0,0,0,0,0,0,0,0,1,1,0,3,1,0,1,0,0,0,0,0,0.333333333333333,0.333333333333333,NA,0.333333333333333,0.333333333333333,0,0.333333333333333,0.166666666666667,0.666666666666667,NA,0.333333333333333,NA,NA,NA,1,1,0.666666666666667,0.666666666666667,NA,0.666666666666667,0.5,0.666666666666667,0.666666666666667,0.333333333333333,0.166666666666667,NA,0.333333333333333,NA,NA,NA,0,0,0,0,NA,0,0,0,0,0,0,NA,0,NA,NA,NA,0,0,0,0,NA,0,0.166666666666667,0.333333333333333,0,0.5,0.166666666666667,NA,0.333333333333333,NA,NA,NA
"489",3,3,3,6,0,3,6,0,0,3,0,0,6,6,0,0,0,0,0,0,0,0,1,0,0,0,0,0,0,0,0,0,0,0,1,3,0,1,3,0,0,1,0,0,2,4,0,0,0.0769230769230769,0.0769230769230769,0.0769230769230769,0.153846153846154,0,0.0769230769230769,0.153846153846154,0,0,0.0769230769230769,0,0,0.153846153846154,0.153846153846154,0,0,0,0,0,0,NA,0,0.166666666666667,NA,NA,0,NA,NA,0,0,NA,NA,0,0,0.333333333333333,0.5,NA,0.333333333333333,0.5,NA,NA,0.333333333333333,NA,NA,0.333333333333333,0.666666666666667,NA,NA,0,0,1,3,0,1,3,0,0,1,0,0,2,4,0,0,3,3,2,3,0,2,2,0,0,2,0,0,4,2,0,0,0,0,0,0,0,0,0,0,0,0,0,0,0,0,0,0,0,0,0,0,0,0,1,0,0,0,0,0,0,0,0,0,0,0,0.333333333333333,0.5,NA,0.333333333333333,0.5,NA,NA,0.333333333333333,NA,NA,0.333333333333333,0.666666666666667,NA,NA,1,1,0.666666666666667,0.5,NA,0.666666666666667,0.333333333333333,NA,NA,0.666666666666667,NA,NA,0.666666666666667,0.333333333333333,NA,NA,0,0,0,0,NA,0,0,NA,NA,0,NA,NA,0,0,NA,NA,0,0,0,0,NA,0,0.166666666666667,NA,NA,0,NA,NA,0,0,NA,NA
"490",3,3,6,6,0,3,6,3,3,6,6,0,3,0,0,0,0,0,0,1,0,0,1,1,0,1,0,0,2,0,0,0,0,0,0,2,0,1,2,1,0,3,5,0,0,0,0,0,0.0625,0.0625,0.125,0.125,0,0.0625,0.125,0.0625,0.0625,0.125,0.125,0,0.0625,0,0,0,0,0,0,0.166666666666667,NA,0,0.166666666666667,0.333333333333333,0,0.166666666666667,0,NA,0.666666666666667,NA,NA,NA,0,0,0,0.333333333333333,NA,0.333333333333333,0.333333333333333,0.333333333333333,0,0.5,0.833333333333333,NA,0,NA,NA,NA,0,0,0,2,0,1,2,0,0,3,5,0,0,0,0,0,3,3,6,3,0,2,3,2,3,2,1,0,1,0,0,0,0,0,0,0,0,0,0,1,0,0,0,0,0,0,0,0,0,0,0,1,0,0,1,0,0,1,0,0,2,0,0,0,0,0,0,0.333333333333333,NA,0.333333333333333,0.333333333333333,0,0,0.5,0.833333333333333,NA,0,NA,NA,NA,1,1,1,0.5,NA,0.666666666666667,0.5,0.666666666666667,1,0.333333333333333,0.166666666666667,NA,0.333333333333333,NA,NA,NA,0,0,0,0,NA,0,0,0.333333333333333,0,0,0,NA,0,NA,NA,NA,0,0,0,0.166666666666667,NA,0,0.166666666666667,0,0,0.166666666666667,0,NA,0.666666666666667,NA,NA,NA
"491",3,3,3,6,3,6,6,6,3,6,3,0,0,0,0,0,0,0,0,0,0,1,1,1,0,2,1,0,0,0,0,0,0,0,0,2,0,0,2,4,0,1,1,0,0,0,0,0,0.0625,0.0625,0.0625,0.125,0.0625,0.125,0.125,0.125,0.0625,0.125,0.0625,0,0,0,0,0,0,0,0,0,0,0.166666666666667,0.166666666666667,0.166666666666667,0,0.333333333333333,0.333333333333333,NA,NA,NA,NA,NA,0,0,0,0.333333333333333,0,0,0.333333333333333,0.666666666666667,0,0.166666666666667,0.333333333333333,NA,NA,NA,NA,NA,0,0,0,2,0,0,2,3,0,1,0,0,0,0,0,0,3,3,3,4,3,5,3,2,3,3,2,0,0,0,0,0,0,0,0,0,0,0,0,1,0,0,1,0,0,0,0,0,0,0,0,0,0,1,1,0,0,2,0,0,0,0,0,0,0,0,0,0.333333333333333,0,0,0.333333333333333,0.5,0,0.166666666666667,0,NA,NA,NA,NA,NA,1,1,1,0.666666666666667,1,0.833333333333333,0.5,0.333333333333333,1,0.5,0.666666666666667,NA,NA,NA,NA,NA,0,0,0,0,0,0,0,0.166666666666667,0,0,0.333333333333333,NA,NA,NA,NA,NA,0,0,0,0,0,0.166666666666667,0.166666666666667,0,0,0.333333333333333,0,NA,NA,NA,NA,NA
"492",3,6,6,3,0,6,6,6,0,6,6,0,0,0,0,0,0,0,1,0,0,0,0,1,0,1,4,0,0,0,0,0,0,2,1,0,0,0,1,4,0,1,4,0,0,0,0,0,0.0625,0.125,0.125,0.0625,0,0.125,0.125,0.125,0,0.125,0.125,0,0,0,0,0,0,0,0.166666666666667,0,NA,0,0,0.166666666666667,NA,0.166666666666667,0.666666666666667,NA,NA,NA,NA,NA,0,0.333333333333333,0.166666666666667,0,NA,0,0.166666666666667,0.666666666666667,NA,0.166666666666667,0.666666666666667,NA,NA,NA,NA,NA,0,2,1,0,0,0,1,3,0,1,0,0,0,0,0,0,3,4,4,3,0,6,5,2,0,4,2,0,0,0,0,0,0,0,0,0,0,0,0,1,0,0,4,0,0,0,0,0,0,0,1,0,0,0,0,0,0,1,0,0,0,0,0,0,0,0.333333333333333,0.166666666666667,0,NA,0,0.166666666666667,0.5,NA,0.166666666666667,0,NA,NA,NA,NA,NA,1,0.666666666666667,0.666666666666667,1,NA,1,0.833333333333333,0.333333333333333,NA,0.666666666666667,0.333333333333333,NA,NA,NA,NA,NA,0,0,0,0,NA,0,0,0.166666666666667,NA,0,0.666666666666667,NA,NA,NA,NA,NA,0,0,0.166666666666667,0,NA,0,0,0,NA,0.166666666666667,0,NA,NA,NA,NA,NA
"493",3,3,3,6,0,6,6,6,0,6,6,0,0,3,0,0,0,0,0,0,0,0,0,2,0,0,3,0,0,1,0,0,0,0,1,1,0,2,0,5,0,2,4,0,0,2,0,0,0.0625,0.0625,0.0625,0.125,0,0.125,0.125,0.125,0,0.125,0.125,0,0,0.0625,0,0,0,0,0,0,NA,0,0,0.333333333333333,NA,0,0.5,NA,NA,0.333333333333333,NA,NA,0,0,0.333333333333333,0.166666666666667,NA,0.333333333333333,0,0.833333333333333,NA,0.333333333333333,0.666666666666667,NA,NA,0.666666666666667,NA,NA,0,0,1,1,0,2,0,4,0,2,1,0,0,1,0,0,3,3,2,5,0,4,6,0,0,4,2,0,0,1,0,0,0,0,0,0,0,0,0,1,0,0,3,0,0,1,0,0,0,0,0,0,0,0,0,1,0,0,0,0,0,0,0,0,0,0,0.333333333333333,0.166666666666667,NA,0.333333333333333,0,0.666666666666667,NA,0.333333333333333,0.166666666666667,NA,NA,0.333333333333333,NA,NA,1,1,0.666666666666667,0.833333333333333,NA,0.666666666666667,1,0,NA,0.666666666666667,0.333333333333333,NA,NA,0.333333333333333,NA,NA,0,0,0,0,NA,0,0,0.166666666666667,NA,0,0.5,NA,NA,0.333333333333333,NA,NA,0,0,0,0,NA,0,0,0.166666666666667,NA,0,0,NA,NA,0,NA,NA
"494",3,3,3,6,6,6,6,6,3,3,3,0,0,0,0,0,0,0,0,0,1,1,0,3,0,1,2,0,0,0,0,0,0,1,0,2,0,0,2,4,0,1,1,0,0,0,0,0,0.0625,0.0625,0.0625,0.125,0.125,0.125,0.125,0.125,0.0625,0.0625,0.0625,0,0,0,0,0,0,0,0,0,0.166666666666667,0.166666666666667,0,0.5,0,0.333333333333333,0.666666666666667,NA,NA,NA,NA,NA,0,0.333333333333333,0,0.333333333333333,0,0,0.333333333333333,0.666666666666667,0,0.333333333333333,0.333333333333333,NA,NA,NA,NA,NA,0,1,0,2,0,0,2,2,0,1,0,0,0,0,0,0,3,2,3,4,5,5,4,1,3,1,1,0,0,0,0,0,0,0,0,0,0,0,0,2,0,0,1,0,0,0,0,0,0,0,0,0,1,1,0,1,0,1,1,0,0,0,0,0,0,0.333333333333333,0,0.333333333333333,0,0,0.333333333333333,0.333333333333333,0,0.333333333333333,0,NA,NA,NA,NA,NA,1,0.666666666666667,1,0.666666666666667,0.833333333333333,0.833333333333333,0.666666666666667,0.166666666666667,1,0.333333333333333,0.333333333333333,NA,NA,NA,NA,NA,0,0,0,0,0,0,0,0.333333333333333,0,0,0.333333333333333,NA,NA,NA,NA,NA,0,0,0,0,0.166666666666667,0.166666666666667,0,0.166666666666667,0,0.333333333333333,0.333333333333333,NA,NA,NA,NA,NA
"495",3,3,3,6,0,3,6,6,3,6,3,0,0,6,0,0,0,0,0,1,0,0,1,1,0,0,1,0,0,3,0,0,0,0,0,1,0,0,2,5,2,1,2,0,0,3,0,0,0.0625,0.0625,0.0625,0.125,0,0.0625,0.125,0.125,0.0625,0.125,0.0625,0,0,0.125,0,0,0,0,0,0.166666666666667,NA,0,0.166666666666667,0.166666666666667,0,0,0.333333333333333,NA,NA,0.5,NA,NA,0,0,0,0.166666666666667,NA,0,0.333333333333333,0.833333333333333,0.666666666666667,0.166666666666667,0.666666666666667,NA,NA,0.5,NA,NA,0,0,0,0,0,0,2,4,2,1,1,0,0,1,0,0,3,3,3,5,0,3,3,1,1,5,1,0,0,2,0,0,0,0,0,1,0,0,0,1,0,0,1,0,0,2,0,0,0,0,0,0,0,0,1,0,0,0,0,0,0,1,0,0,0,0,0,0,NA,0,0.333333333333333,0.666666666666667,0.666666666666667,0.166666666666667,0.333333333333333,NA,NA,0.166666666666667,NA,NA,1,1,1,0.833333333333333,NA,1,0.5,0.166666666666667,0.333333333333333,0.833333333333333,0.333333333333333,NA,NA,0.333333333333333,NA,NA,0,0,0,0.166666666666667,NA,0,0,0.166666666666667,0,0,0.333333333333333,NA,NA,0.333333333333333,NA,NA,0,0,0,0,NA,0,0.166666666666667,0,0,0,0,NA,NA,0.166666666666667,NA,NA
"496",3,6,0,0,3,0,0,0,6,0,0,0,3,0,0,0,0,0,0,0,0,0,0,0,0,0,0,0,1,0,0,0,0,3,0,0,0,0,0,0,2,0,0,0,0,0,0,0,0.142857142857143,0.285714285714286,0,0,0.142857142857143,0,0,0,0.285714285714286,0,0,0,0.142857142857143,0,0,0,0,0,NA,NA,0,NA,NA,NA,0,NA,NA,NA,0.333333333333333,NA,NA,NA,0,0.5,NA,NA,0,NA,NA,NA,0.333333333333333,NA,NA,NA,0,NA,NA,NA,0,3,0,0,0,0,0,0,2,0,0,0,0,0,0,0,3,3,0,0,3,0,0,0,4,0,0,0,2,0,0,0,0,0,0,0,0,0,0,0,0,0,0,0,0,0,0,0,0,0,0,0,0,0,0,0,0,0,0,0,1,0,0,0,0,0.5,NA,NA,0,NA,NA,NA,0.333333333333333,NA,NA,NA,0,NA,NA,NA,1,0.5,NA,NA,1,NA,NA,NA,0.666666666666667,NA,NA,NA,0.666666666666667,NA,NA,NA,0,0,NA,NA,0,NA,NA,NA,0,NA,NA,NA,0,NA,NA,NA,0,0,NA,NA,0,NA,NA,NA,0,NA,NA,NA,0.333333333333333,NA,NA,NA
"497",3,3,3,6,6,6,6,6,6,0,0,0,0,0,0,0,0,0,0,0,0,2,2,2,1,0,0,0,0,0,0,0,0,0,1,1,0,1,2,5,3,0,0,0,0,0,0,0,0.0666666666666667,0.0666666666666667,0.0666666666666667,0.133333333333333,0.133333333333333,0.133333333333333,0.133333333333333,0.133333333333333,0.133333333333333,0,0,0,0,0,0,0,0,0,0,0,0,0.333333333333333,0.333333333333333,0.333333333333333,0.166666666666667,NA,NA,NA,NA,NA,NA,NA,0,0,0.333333333333333,0.166666666666667,0,0.166666666666667,0.333333333333333,0.833333333333333,0.5,NA,NA,NA,NA,NA,NA,NA,0,0,1,1,0,1,2,3,2,0,0,0,0,0,0,0,3,3,2,5,6,3,2,1,3,0,0,0,0,0,0,0,0,0,0,0,0,0,0,2,1,0,0,0,0,0,0,0,0,0,0,0,0,2,2,0,0,0,0,0,0,0,0,0,0,0,0.333333333333333,0.166666666666667,0,0.166666666666667,0.333333333333333,0.5,0.333333333333333,NA,NA,NA,NA,NA,NA,NA,1,1,0.666666666666667,0.833333333333333,1,0.5,0.333333333333333,0.166666666666667,0.5,NA,NA,NA,NA,NA,NA,NA,0,0,0,0,0,0,0,0.333333333333333,0.166666666666667,NA,NA,NA,NA,NA,NA,NA,0,0,0,0,0,0.333333333333333,0.333333333333333,0,0,NA,NA,NA,NA,NA,NA,NA
"498",3,3,6,6,0,6,3,3,3,6,6,0,3,0,0,0,0,0,0,1,0,1,0,1,0,3,0,0,0,0,0,0,1,1,2,2,0,2,1,1,1,3,4,0,1,0,0,0,0.0625,0.0625,0.125,0.125,0,0.125,0.0625,0.0625,0.0625,0.125,0.125,0,0.0625,0,0,0,0,0,0,0.166666666666667,NA,0.166666666666667,0,0.333333333333333,0,0.5,0,NA,0,NA,NA,NA,0.333333333333333,0.333333333333333,0.333333333333333,0.333333333333333,NA,0.333333333333333,0.333333333333333,0.333333333333333,0.333333333333333,0.5,0.666666666666667,NA,0.333333333333333,NA,NA,NA,1,1,2,2,0,1,1,0,1,3,4,0,1,0,0,0,2,2,4,3,0,4,2,2,2,0,2,0,2,0,0,0,0,0,0,0,0,1,0,1,0,0,0,0,0,0,0,0,0,0,0,1,0,0,0,0,0,3,0,0,0,0,0,0,0.333333333333333,0.333333333333333,0.333333333333333,0.333333333333333,NA,0.166666666666667,0.333333333333333,0,0.333333333333333,0.5,0.666666666666667,NA,0.333333333333333,NA,NA,NA,0.666666666666667,0.666666666666667,0.666666666666667,0.5,NA,0.666666666666667,0.666666666666667,0.666666666666667,0.666666666666667,0,0.333333333333333,NA,0.666666666666667,NA,NA,NA,0,0,0,0,NA,0.166666666666667,0,0.333333333333333,0,0,0,NA,0,NA,NA,NA,0,0,0,0.166666666666667,NA,0,0,0,0,0.5,0,NA,0,NA,NA,NA
"499",6,6,6,3,6,6,0,0,6,0,0,0,3,0,0,0,1,0,1,1,1,2,0,0,1,0,0,0,2,0,0,0,0,2,2,0,0,2,0,0,0,0,0,0,2,0,0,0,0.142857142857143,0.142857142857143,0.142857142857143,0.0714285714285714,0.142857142857143,0.142857142857143,0,0,0.142857142857143,0,0,0,0.0714285714285714,0,0,0,0.166666666666667,0,0.166666666666667,0.333333333333333,0.166666666666667,0.333333333333333,NA,NA,0.166666666666667,NA,NA,NA,0.666666666666667,NA,NA,NA,0,0.333333333333333,0.333333333333333,0,0,0.333333333333333,NA,NA,0,NA,NA,NA,0.666666666666667,NA,NA,NA,0,2,1,0,0,2,0,0,0,0,0,0,0,0,0,0,5,4,4,2,5,2,0,0,5,0,0,0,1,0,0,0,0,0,1,0,0,0,0,0,0,0,0,0,2,0,0,0,1,0,0,1,1,2,0,0,1,0,0,0,0,0,0,0,0,0.333333333333333,0.166666666666667,0,0,0.333333333333333,NA,NA,0,NA,NA,NA,0,NA,NA,NA,0.833333333333333,0.666666666666667,0.666666666666667,0.666666666666667,0.833333333333333,0.333333333333333,NA,NA,0.833333333333333,NA,NA,NA,0.333333333333333,NA,NA,NA,0,0,0.166666666666667,0,0,0,NA,NA,0,NA,NA,NA,0.666666666666667,NA,NA,NA,0.166666666666667,0,0,0.333333333333333,0.166666666666667,0.333333333333333,NA,NA,0.166666666666667,NA,NA,NA,0,NA,NA,NA
"500",3,3,3,3,0,3,6,6,3,6,3,0,3,6,0,0,0,0,0,0,0,0,1,1,0,1,1,0,1,3,0,0,0,0,1,1,0,0,1,6,0,1,2,0,1,3,0,0,0.0625,0.0625,0.0625,0.0625,0,0.0625,0.125,0.125,0.0625,0.125,0.0625,0,0.0625,0.125,0,0,0,0,0,0,NA,0,0.166666666666667,0.166666666666667,0,0.166666666666667,0.333333333333333,NA,0.333333333333333,0.5,NA,NA,0,0,0.333333333333333,0.333333333333333,NA,0,0.166666666666667,1,0,0.166666666666667,0.666666666666667,NA,0.333333333333333,0.5,NA,NA,0,0,1,1,0,0,1,5,0,0,1,0,1,1,0,0,3,3,2,2,0,3,4,0,3,5,1,0,1,2,0,0,0,0,0,0,0,0,0,1,0,1,1,0,0,2,0,0,0,0,0,0,0,0,1,0,0,0,0,0,1,1,0,0,0,0,0.333333333333333,0.333333333333333,NA,0,0.166666666666667,0.833333333333333,0,0,0.333333333333333,NA,0.333333333333333,0.166666666666667,NA,NA,1,1,0.666666666666667,0.666666666666667,NA,1,0.666666666666667,0,1,0.833333333333333,0.333333333333333,NA,0.333333333333333,0.333333333333333,NA,NA,0,0,0,0,NA,0,0,0.166666666666667,0,0.166666666666667,0.333333333333333,NA,0,0.333333333333333,NA,NA,0,0,0,0,NA,0,0.166666666666667,0,0,0,0,NA,0.333333333333333,0.166666666666667,NA,NA
"501",3,3,6,6,6,3,0,0,6,3,0,0,6,6,0,0,0,0,0,2,0,0,0,0,1,0,0,0,1,0,0,0,0,0,1,1,0,1,0,0,2,1,0,0,2,2,0,0,0.0625,0.0625,0.125,0.125,0.125,0.0625,0,0,0.125,0.0625,0,0,0.125,0.125,0,0,0,0,0,0.333333333333333,0,0,NA,NA,0.166666666666667,0,NA,NA,0.166666666666667,0,NA,NA,0,0,0.166666666666667,0.166666666666667,0,0.333333333333333,NA,NA,0.333333333333333,0.333333333333333,NA,NA,0.333333333333333,0.333333333333333,NA,NA,0,0,1,1,0,1,0,0,2,1,0,0,2,2,0,0,3,3,5,3,6,2,0,0,3,2,0,0,3,4,0,0,0,0,0,0,0,0,0,0,0,0,0,0,0,0,0,0,0,0,0,2,0,0,0,0,1,0,0,0,1,0,0,0,0,0,0.166666666666667,0.166666666666667,0,0.333333333333333,NA,NA,0.333333333333333,0.333333333333333,NA,NA,0.333333333333333,0.333333333333333,NA,NA,1,1,0.833333333333333,0.5,1,0.666666666666667,NA,NA,0.5,0.666666666666667,NA,NA,0.5,0.666666666666667,NA,NA,0,0,0,0,0,0,NA,NA,0,0,NA,NA,0,0,NA,NA,0,0,0,0.333333333333333,0,0,NA,NA,0.166666666666667,0,NA,NA,0.166666666666667,0,NA,NA
"502",3,3,3,6,0,0,3,3,0,6,6,0,6,6,0,0,0,0,0,0,0,0,0,1,0,0,0,0,0,2,0,0,0,0,0,3,0,0,1,1,0,2,5,0,1,4,0,0,0.0666666666666667,0.0666666666666667,0.0666666666666667,0.133333333333333,0,0,0.0666666666666667,0.0666666666666667,0,0.133333333333333,0.133333333333333,0,0.133333333333333,0.133333333333333,0,0,0,0,0,0,NA,NA,0,0.333333333333333,NA,0,0,NA,0,0.333333333333333,NA,NA,0,0,0,0.5,NA,NA,0.333333333333333,0.333333333333333,NA,0.333333333333333,0.833333333333333,NA,0.166666666666667,0.666666666666667,NA,NA,0,0,0,3,0,0,1,0,0,2,5,0,1,2,0,0,3,3,3,3,0,0,2,2,0,4,1,0,5,2,0,0,0,0,0,0,0,0,0,1,0,0,0,0,0,2,0,0,0,0,0,0,0,0,0,0,0,0,0,0,0,0,0,0,0,0,0,0.5,NA,NA,0.333333333333333,0,NA,0.333333333333333,0.833333333333333,NA,0.166666666666667,0.333333333333333,NA,NA,1,1,1,0.5,NA,NA,0.666666666666667,0.666666666666667,NA,0.666666666666667,0.166666666666667,NA,0.833333333333333,0.333333333333333,NA,NA,0,0,0,0,NA,NA,0,0.333333333333333,NA,0,0,NA,0,0.333333333333333,NA,NA,0,0,0,0,NA,NA,0,0,NA,0,0,NA,0,0,NA,NA
"503",3,3,3,3,3,6,6,6,3,3,6,3,0,0,0,0,0,0,0,0,0,1,0,1,0,2,3,1,0,0,0,0,0,1,1,0,0,0,2,3,2,0,3,2,0,0,0,0,0.0625,0.0625,0.0625,0.0625,0.0625,0.125,0.125,0.125,0.0625,0.0625,0.125,0.0625,0,0,0,0,0,0,0,0,0,0.166666666666667,0,0.166666666666667,0,0.666666666666667,0.5,0.333333333333333,NA,NA,NA,NA,0,0.333333333333333,0.333333333333333,0,0,0,0.333333333333333,0.5,0.666666666666667,0,0.5,0.666666666666667,NA,NA,NA,NA,0,1,1,0,0,0,2,2,2,0,2,1,0,0,0,0,3,2,2,3,3,5,4,3,1,1,1,1,0,0,0,0,0,0,0,0,0,0,0,1,0,0,1,1,0,0,0,0,0,0,0,0,0,1,0,0,0,2,2,0,0,0,0,0,0,0.333333333333333,0.333333333333333,0,0,0,0.333333333333333,0.333333333333333,0.666666666666667,0,0.333333333333333,0.333333333333333,NA,NA,NA,NA,1,0.666666666666667,0.666666666666667,1,1,0.833333333333333,0.666666666666667,0.5,0.333333333333333,0.333333333333333,0.166666666666667,0.333333333333333,NA,NA,NA,NA,0,0,0,0,0,0,0,0.166666666666667,0,0,0.166666666666667,0.333333333333333,NA,NA,NA,NA,0,0,0,0,0,0.166666666666667,0,0,0,0.666666666666667,0.333333333333333,0,NA,NA,NA,NA
"504",3,3,3,6,3,6,6,3,3,3,0,0,6,0,0,0,0,0,0,1,0,1,1,2,0,1,0,0,0,0,0,0,0,0,0,2,0,2,3,1,1,1,0,0,2,0,0,0,0.0666666666666667,0.0666666666666667,0.0666666666666667,0.133333333333333,0.0666666666666667,0.133333333333333,0.133333333333333,0.0666666666666667,0.0666666666666667,0.0666666666666667,0,0,0.133333333333333,0,0,0,0,0,0,0.166666666666667,0,0.166666666666667,0.166666666666667,0.666666666666667,0,0.333333333333333,NA,NA,0,NA,NA,NA,0,0,0,0.333333333333333,0,0.333333333333333,0.5,0.333333333333333,0.333333333333333,0.333333333333333,NA,NA,0.333333333333333,NA,NA,NA,0,0,0,2,0,2,3,1,1,1,0,0,2,0,0,0,3,3,3,3,3,3,2,0,2,1,0,0,4,0,0,0,0,0,0,0,0,0,0,0,0,0,0,0,0,0,0,0,0,0,0,1,0,1,1,2,0,1,0,0,0,0,0,0,0,0,0,0.333333333333333,0,0.333333333333333,0.5,0.333333333333333,0.333333333333333,0.333333333333333,NA,NA,0.333333333333333,NA,NA,NA,1,1,1,0.5,1,0.5,0.333333333333333,0,0.666666666666667,0.333333333333333,NA,NA,0.666666666666667,NA,NA,NA,0,0,0,0,0,0,0,0,0,0,NA,NA,0,NA,NA,NA,0,0,0,0.166666666666667,0,0.166666666666667,0.166666666666667,0.666666666666667,0,0.333333333333333,NA,NA,0,NA,NA,NA
"505",3,3,3,6,3,3,6,3,6,6,6,0,0,0,0,0,0,0,0,0,0,0,0,1,3,0,3,0,0,0,0,0,0,0,1,2,0,1,1,1,0,3,4,0,0,0,0,0,0.0625,0.0625,0.0625,0.125,0.0625,0.0625,0.125,0.0625,0.125,0.125,0.125,0,0,0,0,0,0,0,0,0,0,0,0,0.333333333333333,0.5,0,0.5,NA,NA,NA,NA,NA,0,0,0.333333333333333,0.333333333333333,0,0.333333333333333,0.166666666666667,0.333333333333333,0,0.5,0.666666666666667,NA,NA,NA,NA,NA,0,0,1,2,0,1,1,1,0,3,2,0,0,0,0,0,3,3,2,4,3,2,5,1,3,3,1,0,0,0,0,0,0,0,0,0,0,0,0,0,0,0,2,0,0,0,0,0,0,0,0,0,0,0,0,1,3,0,1,0,0,0,0,0,0,0,0.333333333333333,0.333333333333333,0,0.333333333333333,0.166666666666667,0.333333333333333,0,0.5,0.333333333333333,NA,NA,NA,NA,NA,1,1,0.666666666666667,0.666666666666667,1,0.666666666666667,0.833333333333333,0.333333333333333,0.5,0.5,0.166666666666667,NA,NA,NA,NA,NA,0,0,0,0,0,0,0,0,0,0,0.333333333333333,NA,NA,NA,NA,NA,0,0,0,0,0,0,0,0.333333333333333,0.5,0,0.166666666666667,NA,NA,NA,NA,NA
"506",3,3,3,6,3,6,6,6,3,0,0,0,6,0,0,0,0,0,0,1,0,1,2,3,0,0,0,0,0,0,0,0,0,0,1,2,0,3,4,5,1,0,0,0,1,0,0,0,0.0666666666666667,0.0666666666666667,0.0666666666666667,0.133333333333333,0.0666666666666667,0.133333333333333,0.133333333333333,0.133333333333333,0.0666666666666667,0,0,0,0.133333333333333,0,0,0,0,0,0,0.166666666666667,0,0.166666666666667,0.333333333333333,0.5,0,NA,NA,NA,0,NA,NA,NA,0,0,0.333333333333333,0.333333333333333,0,0.5,0.666666666666667,0.833333333333333,0.333333333333333,NA,NA,NA,0.166666666666667,NA,NA,NA,0,0,1,1,0,3,2,2,1,0,0,0,1,0,0,0,3,3,2,4,3,2,2,1,2,0,0,0,5,0,0,0,0,0,0,1,0,0,2,3,0,0,0,0,0,0,0,0,0,0,0,0,0,1,0,0,0,0,0,0,0,0,0,0,0,0,0.333333333333333,0.166666666666667,0,0.5,0.333333333333333,0.333333333333333,0.333333333333333,NA,NA,NA,0.166666666666667,NA,NA,NA,1,1,0.666666666666667,0.666666666666667,1,0.333333333333333,0.333333333333333,0.166666666666667,0.666666666666667,NA,NA,NA,0.833333333333333,NA,NA,NA,0,0,0,0.166666666666667,0,0,0.333333333333333,0.5,0,NA,NA,NA,0,NA,NA,NA,0,0,0,0,0,0.166666666666667,0,0,0,NA,NA,NA,0,NA,NA,NA
"507",3,3,3,6,0,6,6,6,3,6,3,0,0,3,0,0,0,0,0,0,0,0,1,2,0,1,1,0,0,2,0,0,0,1,0,2,0,0,2,4,0,1,2,0,0,2,0,0,0.0625,0.0625,0.0625,0.125,0,0.125,0.125,0.125,0.0625,0.125,0.0625,0,0,0.0625,0,0,0,0,0,0,NA,0,0.166666666666667,0.333333333333333,0,0.166666666666667,0.333333333333333,NA,NA,0.666666666666667,NA,NA,0,0.333333333333333,0,0.333333333333333,NA,0,0.333333333333333,0.666666666666667,0,0.166666666666667,0.666666666666667,NA,NA,0.666666666666667,NA,NA,0,1,0,2,0,0,1,2,0,1,1,0,0,1,0,0,3,2,3,4,0,6,4,2,3,4,1,0,0,0,0,0,0,0,0,0,0,0,1,2,0,0,1,0,0,1,0,0,0,0,0,0,0,0,0,0,0,1,0,0,0,1,0,0,0,0.333333333333333,0,0.333333333333333,NA,0,0.166666666666667,0.333333333333333,0,0.166666666666667,0.333333333333333,NA,NA,0.333333333333333,NA,NA,1,0.666666666666667,1,0.666666666666667,NA,1,0.666666666666667,0.333333333333333,1,0.666666666666667,0.333333333333333,NA,NA,0,NA,NA,0,0,0,0,NA,0,0.166666666666667,0.333333333333333,0,0,0.333333333333333,NA,NA,0.333333333333333,NA,NA,0,0,0,0,NA,0,0,0,0,0.166666666666667,0,NA,NA,0.333333333333333,NA,NA
"508",3,3,6,6,0,6,6,3,0,6,3,0,0,6,0,0,0,0,0,1,0,0,0,1,0,1,1,0,0,0,0,0,0,0,1,1,0,1,2,1,0,1,0,0,0,3,0,0,0.0625,0.0625,0.125,0.125,0,0.125,0.125,0.0625,0,0.125,0.0625,0,0,0.125,0,0,0,0,0,0.166666666666667,NA,0,0,0.333333333333333,NA,0.166666666666667,0.333333333333333,NA,NA,0,NA,NA,0,0,0.166666666666667,0.166666666666667,NA,0.166666666666667,0.333333333333333,0.333333333333333,NA,0.166666666666667,0,NA,NA,0.5,NA,NA,0,0,1,1,0,1,2,1,0,1,0,0,0,3,0,0,3,3,5,4,0,5,4,1,0,4,2,0,0,3,0,0,0,0,0,0,0,0,0,0,0,0,0,0,0,0,0,0,0,0,0,1,0,0,0,1,0,1,1,0,0,0,0,0,0,0,0.166666666666667,0.166666666666667,NA,0.166666666666667,0.333333333333333,0.333333333333333,NA,0.166666666666667,0,NA,NA,0.5,NA,NA,1,1,0.833333333333333,0.666666666666667,NA,0.833333333333333,0.666666666666667,0.333333333333333,NA,0.666666666666667,0.666666666666667,NA,NA,0.5,NA,NA,0,0,0,0,NA,0,0,0,NA,0,0,NA,NA,0,NA,NA,0,0,0,0.166666666666667,NA,0,0,0.333333333333333,NA,0.166666666666667,0.333333333333333,NA,NA,0,NA,NA
"509",3,6,3,3,0,3,6,6,0,6,0,0,6,6,0,0,0,0,0,0,0,0,1,1,0,0,0,0,0,1,0,0,0,2,0,0,0,0,3,3,0,1,0,0,2,4,0,0,0.0625,0.125,0.0625,0.0625,0,0.0625,0.125,0.125,0,0.125,0,0,0.125,0.125,0,0,0,0,0,0,NA,0,0.166666666666667,0.166666666666667,NA,0,NA,NA,0,0.166666666666667,NA,NA,0,0.333333333333333,0,0,NA,0,0.5,0.5,NA,0.166666666666667,NA,NA,0.333333333333333,0.666666666666667,NA,NA,0,2,0,0,0,0,3,3,0,1,0,0,2,4,0,0,3,4,3,3,0,3,2,2,0,5,0,0,4,1,0,0,0,0,0,0,0,0,0,0,0,0,0,0,0,0,0,0,0,0,0,0,0,0,1,1,0,0,0,0,0,1,0,0,0,0.333333333333333,0,0,NA,0,0.5,0.5,NA,0.166666666666667,NA,NA,0.333333333333333,0.666666666666667,NA,NA,1,0.666666666666667,1,1,NA,1,0.333333333333333,0.333333333333333,NA,0.833333333333333,NA,NA,0.666666666666667,0.166666666666667,NA,NA,0,0,0,0,NA,0,0,0,NA,0,NA,NA,0,0,NA,NA,0,0,0,0,NA,0,0.166666666666667,0.166666666666667,NA,0,NA,NA,0,0.166666666666667,NA,NA
"510",3,3,6,6,3,6,0,0,3,3,0,0,6,0,0,0,0,0,0,2,0,0,0,0,0,1,0,0,0,0,0,0,0,0,2,1,0,3,0,0,1,0,0,0,3,0,0,0,0.0769230769230769,0.0769230769230769,0.153846153846154,0.153846153846154,0.0769230769230769,0.153846153846154,0,0,0.0769230769230769,0.0769230769230769,0,0,0.153846153846154,0,0,0,0,0,0,0.333333333333333,0,0,NA,NA,0,0.333333333333333,NA,NA,0,NA,NA,NA,0,0,0.333333333333333,0.166666666666667,0,0.5,NA,NA,0.333333333333333,0,NA,NA,0.5,NA,NA,NA,0,0,2,0,0,3,0,0,1,0,0,0,3,0,0,0,3,3,4,4,3,3,0,0,2,2,0,0,3,0,0,0,0,0,0,1,0,0,0,0,0,0,0,0,0,0,0,0,0,0,0,1,0,0,0,0,0,1,0,0,0,0,0,0,0,0,0.333333333333333,0,0,0.5,NA,NA,0.333333333333333,0,NA,NA,0.5,NA,NA,NA,1,1,0.666666666666667,0.666666666666667,1,0.5,NA,NA,0.666666666666667,0.666666666666667,NA,NA,0.5,NA,NA,NA,0,0,0,0.166666666666667,0,0,NA,NA,0,0,NA,NA,0,NA,NA,NA,0,0,0,0.166666666666667,0,0,NA,NA,0,0.333333333333333,NA,NA,0,NA,NA,NA
"511",3,3,3,6,0,6,6,6,0,3,6,0,0,6,0,0,0,0,0,0,0,1,0,2,0,0,2,0,0,1,0,0,0,1,0,2,0,2,2,2,0,0,4,0,0,3,0,0,0.0625,0.0625,0.0625,0.125,0,0.125,0.125,0.125,0,0.0625,0.125,0,0,0.125,0,0,0,0,0,0,NA,0.166666666666667,0,0.333333333333333,NA,0,0.333333333333333,NA,NA,0.166666666666667,NA,NA,0,0.333333333333333,0,0.333333333333333,NA,0.333333333333333,0.333333333333333,0.333333333333333,NA,0,0.666666666666667,NA,NA,0.5,NA,NA,0,1,0,2,0,1,2,2,0,0,2,0,0,2,0,0,3,2,3,4,0,4,4,2,0,3,2,0,0,3,0,0,0,0,0,0,0,1,0,0,0,0,2,0,0,1,0,0,0,0,0,0,0,0,0,2,0,0,0,0,0,0,0,0,0,0.333333333333333,0,0.333333333333333,NA,0.166666666666667,0.333333333333333,0.333333333333333,NA,0,0.333333333333333,NA,NA,0.333333333333333,NA,NA,1,0.666666666666667,1,0.666666666666667,NA,0.666666666666667,0.666666666666667,0.333333333333333,NA,1,0.333333333333333,NA,NA,0.5,NA,NA,0,0,0,0,NA,0.166666666666667,0,0,NA,0,0.333333333333333,NA,NA,0.166666666666667,NA,NA,0,0,0,0,NA,0,0,0.333333333333333,NA,0,0,NA,NA,0,NA,NA
"512",3,6,3,6,0,6,6,3,0,6,6,0,0,3,0,0,0,0,0,0,0,0,0,2,0,1,3,0,0,0,0,0,0,2,0,4,0,1,2,2,0,1,3,0,0,2,0,0,0.0625,0.125,0.0625,0.125,0,0.125,0.125,0.0625,0,0.125,0.125,0,0,0.0625,0,0,0,0,0,0,NA,0,0,0.666666666666667,NA,0.166666666666667,0.5,NA,NA,0,NA,NA,0,0.333333333333333,0,0.666666666666667,NA,0.166666666666667,0.333333333333333,0.666666666666667,NA,0.166666666666667,0.5,NA,NA,0.666666666666667,NA,NA,0,2,0,4,0,1,2,1,0,1,1,0,0,2,0,0,3,4,3,2,0,5,4,0,0,4,2,0,0,1,0,0,0,0,0,0,0,0,0,1,0,0,2,0,0,0,0,0,0,0,0,0,0,0,0,1,0,1,1,0,0,0,0,0,0,0.333333333333333,0,0.666666666666667,NA,0.166666666666667,0.333333333333333,0.333333333333333,NA,0.166666666666667,0.166666666666667,NA,NA,0.666666666666667,NA,NA,1,0.666666666666667,1,0.333333333333333,NA,0.833333333333333,0.666666666666667,0,NA,0.666666666666667,0.333333333333333,NA,NA,0.333333333333333,NA,NA,0,0,0,0,NA,0,0,0.333333333333333,NA,0,0.333333333333333,NA,NA,0,NA,NA,0,0,0,0,NA,0,0,0.333333333333333,NA,0.166666666666667,0.166666666666667,NA,NA,0,NA,NA
"513",3,3,3,3,6,3,6,6,6,6,0,0,3,0,0,0,0,0,0,0,1,0,0,0,2,0,0,0,2,0,0,0,1,0,0,1,0,1,4,6,1,3,0,0,0,0,0,0,0.0625,0.0625,0.0625,0.0625,0.125,0.0625,0.125,0.125,0.125,0.125,0,0,0.0625,0,0,0,0,0,0,0,0.166666666666667,0,0,0,0.333333333333333,0,NA,NA,0.666666666666667,NA,NA,NA,0.333333333333333,0,0,0.333333333333333,0,0.333333333333333,0.666666666666667,1,0.166666666666667,0.5,NA,NA,0,NA,NA,NA,1,0,0,1,0,1,4,6,1,3,0,0,0,0,0,0,2,3,3,2,5,2,2,0,3,3,0,0,1,0,0,0,0,0,0,0,0,0,0,0,0,0,0,0,0,0,0,0,0,0,0,0,1,0,0,0,2,0,0,0,2,0,0,0,0.333333333333333,0,0,0.333333333333333,0,0.333333333333333,0.666666666666667,1,0.166666666666667,0.5,NA,NA,0,NA,NA,NA,0.666666666666667,1,1,0.666666666666667,0.833333333333333,0.666666666666667,0.333333333333333,0,0.5,0.5,NA,NA,0.333333333333333,NA,NA,NA,0,0,0,0,0,0,0,0,0,0,NA,NA,0,NA,NA,NA,0,0,0,0,0.166666666666667,0,0,0,0.333333333333333,0,NA,NA,0.666666666666667,NA,NA,NA
"514",6,6,6,6,3,6,0,0,6,6,0,0,3,0,0,0,0,1,0,2,0,0,0,0,0,2,0,0,1,0,0,0,0,0,1,2,0,2,0,0,1,3,0,0,0,0,0,0,0.125,0.125,0.125,0.125,0.0625,0.125,0,0,0.125,0.125,0,0,0.0625,0,0,0,0,0.166666666666667,0,0.333333333333333,0,0,NA,NA,0,0.333333333333333,NA,NA,0.333333333333333,NA,NA,NA,0,0,0.166666666666667,0.333333333333333,0,0.333333333333333,NA,NA,0.166666666666667,0.5,NA,NA,0,NA,NA,NA,0,0,1,2,0,2,0,0,1,2,0,0,0,0,0,0,6,5,5,2,3,4,0,0,5,2,0,0,2,0,0,0,0,0,0,0,0,0,0,0,0,1,0,0,0,0,0,0,0,1,0,2,0,0,0,0,0,1,0,0,1,0,0,0,0,0,0.166666666666667,0.333333333333333,0,0.333333333333333,NA,NA,0.166666666666667,0.333333333333333,NA,NA,0,NA,NA,NA,1,0.833333333333333,0.833333333333333,0.333333333333333,1,0.666666666666667,NA,NA,0.833333333333333,0.333333333333333,NA,NA,0.666666666666667,NA,NA,NA,0,0,0,0,0,0,NA,NA,0,0.166666666666667,NA,NA,0,NA,NA,NA,0,0.166666666666667,0,0.333333333333333,0,0,NA,NA,0,0.166666666666667,NA,NA,0.333333333333333,NA,NA,NA
"515",3,3,3,6,0,3,6,6,3,6,0,0,3,6,0,0,0,0,0,0,0,0,0,2,0,0,0,0,0,2,0,0,0,0,0,1,0,1,3,3,1,0,0,0,2,4,0,0,0.0625,0.0625,0.0625,0.125,0,0.0625,0.125,0.125,0.0625,0.125,0,0,0.0625,0.125,0,0,0,0,0,0,NA,0,0,0.333333333333333,0,0,NA,NA,0,0.333333333333333,NA,NA,0,0,0,0.166666666666667,NA,0.333333333333333,0.5,0.5,0.333333333333333,0,NA,NA,0.666666666666667,0.666666666666667,NA,NA,0,0,0,1,0,1,3,2,1,0,0,0,2,4,0,0,3,3,3,5,0,2,3,2,2,6,0,0,1,0,0,0,0,0,0,0,0,0,0,1,0,0,0,0,0,0,0,0,0,0,0,0,0,0,0,1,0,0,0,0,0,2,0,0,0,0,0,0.166666666666667,NA,0.333333333333333,0.5,0.333333333333333,0.333333333333333,0,NA,NA,0.666666666666667,0.666666666666667,NA,NA,1,1,1,0.833333333333333,NA,0.666666666666667,0.5,0.333333333333333,0.666666666666667,1,NA,NA,0.333333333333333,0,NA,NA,0,0,0,0,NA,0,0,0.166666666666667,0,0,NA,NA,0,0,NA,NA,0,0,0,0,NA,0,0,0.166666666666667,0,0,NA,NA,0,0.333333333333333,NA,NA
"516",3,3,3,6,0,0,3,6,3,6,6,0,3,6,0,0,0,0,0,0,0,0,0,3,1,0,0,0,1,2,0,0,0,0,0,1,0,0,0,3,1,1,3,0,0,3,0,0,0.0625,0.0625,0.0625,0.125,0,0,0.0625,0.125,0.0625,0.125,0.125,0,0.0625,0.125,0,0,0,0,0,0,NA,NA,0,0.5,0.333333333333333,0,0,NA,0.333333333333333,0.333333333333333,NA,NA,0,0,0,0.166666666666667,NA,NA,0,0.5,0.333333333333333,0.166666666666667,0.5,NA,0,0.5,NA,NA,0,0,0,1,0,0,0,1,0,1,3,0,0,2,0,0,3,3,3,5,0,0,3,2,2,5,3,0,2,2,0,0,0,0,0,0,0,0,0,2,1,0,0,0,0,1,0,0,0,0,0,0,0,0,0,1,0,0,0,0,1,1,0,0,0,0,0,0.166666666666667,NA,NA,0,0.166666666666667,0,0.166666666666667,0.5,NA,0,0.333333333333333,NA,NA,1,1,1,0.833333333333333,NA,NA,1,0.333333333333333,0.666666666666667,0.833333333333333,0.5,NA,0.666666666666667,0.333333333333333,NA,NA,0,0,0,0,NA,NA,0,0.333333333333333,0.333333333333333,0,0,NA,0,0.166666666666667,NA,NA,0,0,0,0,NA,NA,0,0.166666666666667,0,0,0,NA,0.333333333333333,0.166666666666667,NA,NA
"517",3,3,3,6,3,6,6,6,3,6,0,0,3,0,0,0,0,0,0,0,0,0,1,2,0,2,0,0,0,0,0,0,0,0,0,1,0,1,3,3,0,1,0,0,2,0,0,0,0.0625,0.0625,0.0625,0.125,0.0625,0.125,0.125,0.125,0.0625,0.125,0,0,0.0625,0,0,0,0,0,0,0,0,0,0.166666666666667,0.333333333333333,0,0.333333333333333,NA,NA,0,NA,NA,NA,0,0,0,0.166666666666667,0,0.166666666666667,0.5,0.5,0,0.166666666666667,NA,NA,0.666666666666667,NA,NA,NA,0,0,0,1,0,1,3,1,0,1,0,0,2,0,0,0,3,3,3,5,3,5,2,3,3,3,0,0,1,0,0,0,0,0,0,0,0,0,0,2,0,0,0,0,0,0,0,0,0,0,0,0,0,0,1,0,0,2,0,0,0,0,0,0,0,0,0,0.166666666666667,0,0.166666666666667,0.5,0.166666666666667,0,0.166666666666667,NA,NA,0.666666666666667,NA,NA,NA,1,1,1,0.833333333333333,1,0.833333333333333,0.333333333333333,0.5,1,0.5,NA,NA,0.333333333333333,NA,NA,NA,0,0,0,0,0,0,0,0.333333333333333,0,0,NA,NA,0,NA,NA,NA,0,0,0,0,0,0,0.166666666666667,0,0,0.333333333333333,NA,NA,0,NA,NA,NA
"518",6,3,6,6,3,6,6,3,0,3,6,0,0,0,0,0,1,0,0,1,0,1,0,1,0,2,2,0,0,0,0,0,1,1,1,1,0,2,2,3,0,1,3,0,0,0,0,0,0.125,0.0625,0.125,0.125,0.0625,0.125,0.125,0.0625,0,0.0625,0.125,0,0,0,0,0,0.166666666666667,0,0,0.166666666666667,0,0.166666666666667,0,0.333333333333333,NA,0.666666666666667,0.333333333333333,NA,NA,NA,NA,NA,0.166666666666667,0.333333333333333,0.166666666666667,0.166666666666667,0,0.333333333333333,0.333333333333333,1,NA,0.333333333333333,0.5,NA,NA,NA,NA,NA,1,1,1,1,0,1,2,2,0,0,3,0,0,0,0,0,4,2,5,4,3,4,4,0,0,1,1,0,0,0,0,0,0,0,0,0,0,1,0,1,0,1,0,0,0,0,0,0,1,0,0,1,0,0,0,0,0,1,2,0,0,0,0,0,0.166666666666667,0.333333333333333,0.166666666666667,0.166666666666667,0,0.166666666666667,0.333333333333333,0.666666666666667,NA,0,0.5,NA,NA,NA,NA,NA,0.666666666666667,0.666666666666667,0.833333333333333,0.666666666666667,1,0.666666666666667,0.666666666666667,0,NA,0.333333333333333,0.166666666666667,NA,NA,NA,NA,NA,0,0,0,0,0,0.166666666666667,0,0.333333333333333,NA,0.333333333333333,0,NA,NA,NA,NA,NA,0.166666666666667,0,0,0.166666666666667,0,0,0,0,NA,0.333333333333333,0.333333333333333,NA,NA,NA,NA,NA
"519",3,6,6,0,6,6,0,0,3,0,0,0,6,0,0,0,0,0,1,0,1,2,0,0,0,0,0,0,0,0,0,0,1,0,3,0,0,1,0,0,1,0,0,0,3,0,0,0,0.0833333333333333,0.166666666666667,0.166666666666667,0,0.166666666666667,0.166666666666667,0,0,0.0833333333333333,0,0,0,0.166666666666667,0,0,0,0,0,0.166666666666667,NA,0.166666666666667,0.333333333333333,NA,NA,0,NA,NA,NA,0,NA,NA,NA,0.333333333333333,0,0.5,NA,0,0.166666666666667,NA,NA,0.333333333333333,NA,NA,NA,0.5,NA,NA,NA,1,0,2,0,0,1,0,0,1,0,0,0,3,0,0,0,2,6,3,0,5,3,0,0,2,0,0,0,3,0,0,0,0,0,1,0,0,0,0,0,0,0,0,0,0,0,0,0,0,0,0,0,1,2,0,0,0,0,0,0,0,0,0,0,0.333333333333333,0,0.333333333333333,NA,0,0.166666666666667,NA,NA,0.333333333333333,NA,NA,NA,0.5,NA,NA,NA,0.666666666666667,1,0.5,NA,0.833333333333333,0.5,NA,NA,0.666666666666667,NA,NA,NA,0.5,NA,NA,NA,0,0,0.166666666666667,NA,0,0,NA,NA,0,NA,NA,NA,0,NA,NA,NA,0,0,0,NA,0.166666666666667,0.333333333333333,NA,NA,0,NA,NA,NA,0,NA,NA,NA
"520",6,6,3,0,3,0,0,0,3,0,0,0,6,0,0,0,0,1,1,0,0,0,0,0,0,0,0,0,0,0,0,0,0,1,1,0,0,0,0,0,1,0,0,0,1,0,0,0,0.222222222222222,0.222222222222222,0.111111111111111,0,0.111111111111111,0,0,0,0.111111111111111,0,0,0,0.222222222222222,0,0,0,0,0.166666666666667,0.333333333333333,NA,0,NA,NA,NA,0,NA,NA,NA,0,NA,NA,NA,0,0.166666666666667,0.333333333333333,NA,0,NA,NA,NA,0.333333333333333,NA,NA,NA,0.166666666666667,NA,NA,NA,0,1,1,0,0,0,0,0,1,0,0,0,1,0,0,0,6,4,1,0,3,0,0,0,2,0,0,0,5,0,0,0,0,0,0,0,0,0,0,0,0,0,0,0,0,0,0,0,0,1,1,0,0,0,0,0,0,0,0,0,0,0,0,0,0,0.166666666666667,0.333333333333333,NA,0,NA,NA,NA,0.333333333333333,NA,NA,NA,0.166666666666667,NA,NA,NA,1,0.666666666666667,0.333333333333333,NA,1,NA,NA,NA,0.666666666666667,NA,NA,NA,0.833333333333333,NA,NA,NA,0,0,0,NA,0,NA,NA,NA,0,NA,NA,NA,0,NA,NA,NA,0,0.166666666666667,0.333333333333333,NA,0,NA,NA,NA,0,NA,NA,NA,0,NA,NA,NA
"521",3,3,3,6,3,6,6,6,3,0,6,3,0,0,0,0,0,0,0,0,0,2,1,2,0,0,3,3,0,0,0,0,0,0,1,2,1,0,1,3,1,0,2,1,0,0,0,0,0.0625,0.0625,0.0625,0.125,0.0625,0.125,0.125,0.125,0.0625,0,0.125,0.0625,0,0,0,0,0,0,0,0,0,0.333333333333333,0.166666666666667,0.333333333333333,0,NA,0.5,1,NA,NA,NA,NA,0,0,0.333333333333333,0.333333333333333,0.333333333333333,0,0.166666666666667,0.5,0.333333333333333,NA,0.333333333333333,0.333333333333333,NA,NA,NA,NA,0,0,1,2,1,0,1,2,1,0,1,0,0,0,0,0,3,3,2,4,2,4,4,2,2,0,2,0,0,0,0,0,0,0,0,0,0,0,0,1,0,0,1,1,0,0,0,0,0,0,0,0,0,2,1,1,0,0,2,2,0,0,0,0,0,0,0.333333333333333,0.333333333333333,0.333333333333333,0,0.166666666666667,0.333333333333333,0.333333333333333,NA,0.166666666666667,0,NA,NA,NA,NA,1,1,0.666666666666667,0.666666666666667,0.666666666666667,0.666666666666667,0.666666666666667,0.333333333333333,0.666666666666667,NA,0.333333333333333,0,NA,NA,NA,NA,0,0,0,0,0,0,0,0.166666666666667,0,NA,0.166666666666667,0.333333333333333,NA,NA,NA,NA,0,0,0,0,0,0.333333333333333,0.166666666666667,0.166666666666667,0,NA,0.333333333333333,0.666666666666667,NA,NA,NA,NA
"522",3,3,6,6,0,0,3,3,3,6,6,0,3,6,0,0,0,0,0,0,0,0,0,1,0,0,1,0,1,2,0,0,0,0,2,3,0,0,0,1,0,0,4,0,0,5,0,0,0.0625,0.0625,0.125,0.125,0,0,0.0625,0.0625,0.0625,0.125,0.125,0,0.0625,0.125,0,0,0,0,0,0,NA,NA,0,0.333333333333333,0,0,0.166666666666667,NA,0.333333333333333,0.333333333333333,NA,NA,0,0,0.333333333333333,0.5,NA,NA,0,0.333333333333333,0,0,0.666666666666667,NA,0,0.833333333333333,NA,NA,0,0,2,3,0,0,0,0,0,0,3,0,0,3,0,0,3,3,4,3,0,0,3,2,3,6,2,0,2,1,0,0,0,0,0,0,0,0,0,1,0,0,1,0,0,2,0,0,0,0,0,0,0,0,0,0,0,0,0,0,1,0,0,0,0,0,0.333333333333333,0.5,NA,NA,0,0,0,0,0.5,NA,0,0.5,NA,NA,1,1,0.666666666666667,0.5,NA,NA,1,0.666666666666667,1,1,0.333333333333333,NA,0.666666666666667,0.166666666666667,NA,NA,0,0,0,0,NA,NA,0,0.333333333333333,0,0,0.166666666666667,NA,0,0.333333333333333,NA,NA,0,0,0,0,NA,NA,0,0,0,0,0,NA,0.333333333333333,0,NA,NA
"523",3,3,6,0,3,6,0,0,6,6,0,0,6,6,0,0,0,0,0,0,0,0,0,0,1,1,0,0,2,1,0,0,0,0,3,0,1,0,0,0,2,1,0,0,1,4,0,0,0.0666666666666667,0.0666666666666667,0.133333333333333,0,0.0666666666666667,0.133333333333333,0,0,0.133333333333333,0.133333333333333,0,0,0.133333333333333,0.133333333333333,0,0,0,0,0,NA,0,0,NA,NA,0.166666666666667,0.166666666666667,NA,NA,0.333333333333333,0.166666666666667,NA,NA,0,0,0.5,NA,0.333333333333333,0,NA,NA,0.333333333333333,0.166666666666667,NA,NA,0.166666666666667,0.666666666666667,NA,NA,0,0,3,0,1,0,0,0,2,1,0,0,0,4,0,0,3,3,3,0,2,6,0,0,3,4,0,0,4,1,0,0,0,0,0,0,0,0,0,0,0,0,0,0,1,0,0,0,0,0,0,0,0,0,0,0,1,1,0,0,1,1,0,0,0,0,0.5,NA,0.333333333333333,0,NA,NA,0.333333333333333,0.166666666666667,NA,NA,0,0.666666666666667,NA,NA,1,1,0.5,NA,0.666666666666667,1,NA,NA,0.5,0.666666666666667,NA,NA,0.666666666666667,0.166666666666667,NA,NA,0,0,0,NA,0,0,NA,NA,0,0,NA,NA,0.166666666666667,0,NA,NA,0,0,0,NA,0,0,NA,NA,0.166666666666667,0.166666666666667,NA,NA,0.166666666666667,0.166666666666667,NA,NA
"524",6,3,6,6,0,0,6,3,0,6,6,0,0,6,0,0,1,0,0,1,0,0,1,2,0,0,2,0,0,1,0,0,0,1,1,2,0,0,2,2,0,1,3,0,0,3,0,0,0.125,0.0625,0.125,0.125,0,0,0.125,0.0625,0,0.125,0.125,0,0,0.125,0,0,0.166666666666667,0,0,0.166666666666667,NA,NA,0.166666666666667,0.666666666666667,NA,0,0.333333333333333,NA,NA,0.166666666666667,NA,NA,0,0.333333333333333,0.166666666666667,0.333333333333333,NA,NA,0.333333333333333,0.666666666666667,NA,0.166666666666667,0.5,NA,NA,0.5,NA,NA,0,1,1,2,0,0,1,1,0,1,3,0,0,3,0,0,5,2,5,3,0,0,4,0,0,5,1,0,0,2,0,0,0,0,0,0,0,0,1,1,0,0,0,0,0,0,0,0,1,0,0,1,0,0,0,1,0,0,2,0,0,1,0,0,0,0.333333333333333,0.166666666666667,0.333333333333333,NA,NA,0.166666666666667,0.333333333333333,NA,0.166666666666667,0.5,NA,NA,0.5,NA,NA,0.833333333333333,0.666666666666667,0.833333333333333,0.5,NA,NA,0.666666666666667,0,NA,0.833333333333333,0.166666666666667,NA,NA,0.333333333333333,NA,NA,0,0,0,0,NA,NA,0.166666666666667,0.333333333333333,NA,0,0,NA,NA,0,NA,NA,0.166666666666667,0,0,0.166666666666667,NA,NA,0,0.333333333333333,NA,0,0.333333333333333,NA,NA,0.166666666666667,NA,NA
"525",3,6,6,6,0,6,6,3,0,3,6,0,0,3,0,0,0,0,1,1,0,1,0,1,0,0,2,0,0,0,0,0,0,0,2,2,0,1,0,1,0,0,2,0,0,1,0,0,0.0625,0.125,0.125,0.125,0,0.125,0.125,0.0625,0,0.0625,0.125,0,0,0.0625,0,0,0,0,0.166666666666667,0.166666666666667,NA,0.166666666666667,0,0.333333333333333,NA,0,0.333333333333333,NA,NA,0,NA,NA,0,0,0.333333333333333,0.333333333333333,NA,0.166666666666667,0,0.333333333333333,NA,0,0.333333333333333,NA,NA,0.333333333333333,NA,NA,0,0,2,2,0,1,0,1,0,0,1,0,0,1,0,0,3,6,3,3,0,4,6,1,0,3,3,0,0,2,0,0,0,0,0,0,0,0,0,0,0,0,1,0,0,0,0,0,0,0,1,1,0,1,0,1,0,0,1,0,0,0,0,0,0,0,0.333333333333333,0.333333333333333,NA,0.166666666666667,0,0.333333333333333,NA,0,0.166666666666667,NA,NA,0.333333333333333,NA,NA,1,1,0.5,0.5,NA,0.666666666666667,1,0.333333333333333,NA,1,0.5,NA,NA,0.666666666666667,NA,NA,0,0,0,0,NA,0,0,0,NA,0,0.166666666666667,NA,NA,0,NA,NA,0,0,0.166666666666667,0.166666666666667,NA,0.166666666666667,0,0.333333333333333,NA,0,0.166666666666667,NA,NA,0,NA,NA
"526",3,3,6,6,0,6,0,0,6,6,0,0,6,3,0,0,0,0,0,3,0,1,0,0,0,2,0,0,2,2,0,0,0,0,0,2,0,1,0,0,1,3,0,0,2,2,0,0,0.0666666666666667,0.0666666666666667,0.133333333333333,0.133333333333333,0,0.133333333333333,0,0,0.133333333333333,0.133333333333333,0,0,0.133333333333333,0.0666666666666667,0,0,0,0,0,0.5,NA,0.166666666666667,NA,NA,0,0.333333333333333,NA,NA,0.333333333333333,0.666666666666667,NA,NA,0,0,0,0.333333333333333,NA,0.166666666666667,NA,NA,0.166666666666667,0.5,NA,NA,0.333333333333333,0.666666666666667,NA,NA,0,0,0,1,0,1,0,0,1,1,0,0,2,1,0,0,3,3,6,2,0,4,0,0,5,3,0,0,2,0,0,0,0,0,0,1,0,0,0,0,0,2,0,0,0,1,0,0,0,0,0,2,0,1,0,0,0,0,0,0,2,1,0,0,0,0,0,0.166666666666667,NA,0.166666666666667,NA,NA,0.166666666666667,0.166666666666667,NA,NA,0.333333333333333,0.333333333333333,NA,NA,1,1,1,0.333333333333333,NA,0.666666666666667,NA,NA,0.833333333333333,0.5,NA,NA,0.333333333333333,0,NA,NA,0,0,0,0.166666666666667,NA,0,NA,NA,0,0.333333333333333,NA,NA,0,0.333333333333333,NA,NA,0,0,0,0.333333333333333,NA,0.166666666666667,NA,NA,0,0,NA,NA,0.333333333333333,0.333333333333333,NA,NA
"527",3,3,3,6,0,3,6,6,0,3,0,0,6,6,0,0,0,0,0,0,0,0,0,2,0,0,0,0,0,1,0,0,0,1,1,2,0,0,3,5,0,0,0,0,0,3,0,0,0.0666666666666667,0.0666666666666667,0.0666666666666667,0.133333333333333,0,0.0666666666666667,0.133333333333333,0.133333333333333,0,0.0666666666666667,0,0,0.133333333333333,0.133333333333333,0,0,0,0,0,0,NA,0,0,0.333333333333333,NA,0,NA,NA,0,0.166666666666667,NA,NA,0,0.333333333333333,0.333333333333333,0.333333333333333,NA,0,0.5,0.833333333333333,NA,0,NA,NA,0,0.5,NA,NA,0,1,1,2,0,0,3,3,0,0,0,0,0,2,0,0,3,2,2,4,0,3,3,1,0,3,0,0,6,3,0,0,0,0,0,0,0,0,0,2,0,0,0,0,0,1,0,0,0,0,0,0,0,0,0,0,0,0,0,0,0,0,0,0,0,0.333333333333333,0.333333333333333,0.333333333333333,NA,0,0.5,0.5,NA,0,NA,NA,0,0.333333333333333,NA,NA,1,0.666666666666667,0.666666666666667,0.666666666666667,NA,1,0.5,0.166666666666667,NA,1,NA,NA,1,0.5,NA,NA,0,0,0,0,NA,0,0,0.333333333333333,NA,0,NA,NA,0,0.166666666666667,NA,NA,0,0,0,0,NA,0,0,0,NA,0,NA,NA,0,0,NA,NA
"528",6,3,6,0,0,6,0,0,6,6,0,0,6,6,0,0,1,0,0,0,0,1,0,0,0,1,0,0,2,1,0,0,1,0,3,0,0,1,0,0,2,1,0,0,3,3,0,0,0.133333333333333,0.0666666666666667,0.133333333333333,0,0,0.133333333333333,0,0,0.133333333333333,0.133333333333333,0,0,0.133333333333333,0.133333333333333,0,0,0.166666666666667,0,0,NA,NA,0.166666666666667,NA,NA,0,0.166666666666667,NA,NA,0.333333333333333,0.166666666666667,NA,NA,0.166666666666667,0,0.5,NA,NA,0.166666666666667,NA,NA,0.333333333333333,0.166666666666667,NA,NA,0.5,0.5,NA,NA,1,0,3,0,0,1,0,0,2,0,0,0,2,2,0,0,4,3,3,0,0,4,0,0,4,5,0,0,2,3,0,0,0,0,0,0,0,0,0,0,0,1,0,0,1,1,0,0,1,0,0,0,0,1,0,0,0,0,0,0,1,0,0,0,0.166666666666667,0,0.5,NA,NA,0.166666666666667,NA,NA,0.333333333333333,0,NA,NA,0.333333333333333,0.333333333333333,NA,NA,0.666666666666667,1,0.5,NA,NA,0.666666666666667,NA,NA,0.666666666666667,0.833333333333333,NA,NA,0.333333333333333,0.5,NA,NA,0,0,0,NA,NA,0,NA,NA,0,0.166666666666667,NA,NA,0.166666666666667,0.166666666666667,NA,NA,0.166666666666667,0,0,NA,NA,0.166666666666667,NA,NA,0,0,NA,NA,0.166666666666667,0,NA,NA
"529",6,6,3,6,3,6,6,3,6,0,0,0,3,0,0,0,0,1,0,0,0,4,1,2,0,0,0,0,1,0,0,0,0,1,0,2,0,0,3,3,1,0,0,0,1,0,0,0,0.125,0.125,0.0625,0.125,0.0625,0.125,0.125,0.0625,0.125,0,0,0,0.0625,0,0,0,0,0.166666666666667,0,0,0,0.666666666666667,0.166666666666667,0.666666666666667,0,NA,NA,NA,0.333333333333333,NA,NA,NA,0,0.166666666666667,0,0.333333333333333,0,0,0.5,1,0.166666666666667,NA,NA,NA,0.333333333333333,NA,NA,NA,0,1,0,2,0,0,3,1,1,0,0,0,0,0,0,0,6,4,3,4,3,2,2,0,5,0,0,0,2,0,0,0,0,0,0,0,0,0,0,2,0,0,0,0,1,0,0,0,0,1,0,0,0,4,1,0,0,0,0,0,0,0,0,0,0,0.166666666666667,0,0.333333333333333,0,0,0.5,0.333333333333333,0.166666666666667,NA,NA,NA,0,NA,NA,NA,1,0.666666666666667,1,0.666666666666667,1,0.333333333333333,0.333333333333333,0,0.833333333333333,NA,NA,NA,0.666666666666667,NA,NA,NA,0,0,0,0,0,0,0,0.666666666666667,0,NA,NA,NA,0.333333333333333,NA,NA,NA,0,0.166666666666667,0,0,0,0.666666666666667,0.166666666666667,0,0,NA,NA,NA,0,NA,NA,NA
"530",3,3,3,3,0,6,3,6,3,6,6,3,3,0,0,0,0,0,0,0,0,1,0,0,0,3,1,3,0,0,0,0,1,1,0,0,0,2,1,3,0,2,5,3,0,0,0,0,0.0625,0.0625,0.0625,0.0625,0,0.125,0.0625,0.125,0.0625,0.125,0.125,0.0625,0.0625,0,0,0,0,0,0,0,NA,0.166666666666667,0,0,0,0.5,0.166666666666667,1,0,NA,NA,NA,0.333333333333333,0.333333333333333,0,0,NA,0.333333333333333,0.333333333333333,0.5,0,0.333333333333333,0.833333333333333,1,0,NA,NA,NA,1,1,0,0,0,2,1,3,0,1,4,0,0,0,0,0,2,2,3,3,0,3,2,3,3,2,1,0,3,0,0,0,0,0,0,0,0,0,0,0,0,1,1,3,0,0,0,0,0,0,0,0,0,1,0,0,0,2,0,0,0,0,0,0,0.333333333333333,0.333333333333333,0,0,NA,0.333333333333333,0.333333333333333,0.5,0,0.166666666666667,0.666666666666667,0,0,NA,NA,NA,0.666666666666667,0.666666666666667,1,1,NA,0.5,0.666666666666667,0.5,1,0.333333333333333,0.166666666666667,0,1,NA,NA,NA,0,0,0,0,NA,0,0,0,0,0.166666666666667,0.166666666666667,1,0,NA,NA,NA,0,0,0,0,NA,0.166666666666667,0,0,0,0.333333333333333,0,0,0,NA,NA,NA
"531",3,3,3,6,3,6,6,6,3,6,0,0,0,3,0,0,0,0,0,0,0,0,2,3,1,1,0,0,0,1,0,0,0,1,0,1,0,1,1,2,0,0,0,0,0,0,0,0,0.0625,0.0625,0.0625,0.125,0.0625,0.125,0.125,0.125,0.0625,0.125,0,0,0,0.0625,0,0,0,0,0,0,0,0,0.333333333333333,0.5,0.333333333333333,0.166666666666667,NA,NA,NA,0.333333333333333,NA,NA,0,0.333333333333333,0,0.166666666666667,0,0.166666666666667,0.166666666666667,0.333333333333333,0,0,NA,NA,NA,0,NA,NA,0,1,0,1,0,1,0,1,0,0,0,0,0,0,0,0,3,2,3,5,3,5,4,2,2,5,0,0,0,2,0,0,0,0,0,0,0,0,1,1,0,0,0,0,0,0,0,0,0,0,0,0,0,0,1,2,1,1,0,0,0,1,0,0,0,0.333333333333333,0,0.166666666666667,0,0.166666666666667,0,0.166666666666667,0,0,NA,NA,NA,0,NA,NA,1,0.666666666666667,1,0.833333333333333,1,0.833333333333333,0.666666666666667,0.333333333333333,0.666666666666667,0.833333333333333,NA,NA,NA,0.666666666666667,NA,NA,0,0,0,0,0,0,0.166666666666667,0.166666666666667,0,0,NA,NA,NA,0,NA,NA,0,0,0,0,0,0,0.166666666666667,0.333333333333333,0.333333333333333,0.166666666666667,NA,NA,NA,0.333333333333333,NA,NA
"532",3,3,3,3,0,6,6,6,3,6,0,3,3,3,0,0,0,0,0,0,0,0,0,1,0,1,0,1,0,2,0,0,0,0,0,0,0,2,3,4,0,2,0,3,1,1,0,0,0.0625,0.0625,0.0625,0.0625,0,0.125,0.125,0.125,0.0625,0.125,0,0.0625,0.0625,0.0625,0,0,0,0,0,0,NA,0,0,0.166666666666667,0,0.166666666666667,NA,0.333333333333333,0,0.666666666666667,NA,NA,0,0,0,0,NA,0.333333333333333,0.5,0.666666666666667,0,0.333333333333333,NA,1,0.333333333333333,0.333333333333333,NA,NA,0,0,0,0,0,2,3,3,0,1,0,2,1,0,0,0,3,3,3,3,0,4,3,2,3,4,0,0,2,1,0,0,0,0,0,0,0,0,0,1,0,1,0,1,0,1,0,0,0,0,0,0,0,0,0,0,0,0,0,0,0,1,0,0,0,0,0,0,NA,0.333333333333333,0.5,0.5,0,0.166666666666667,NA,0.666666666666667,0.333333333333333,0,NA,NA,1,1,1,1,NA,0.666666666666667,0.5,0.333333333333333,1,0.666666666666667,NA,0,0.666666666666667,0.333333333333333,NA,NA,0,0,0,0,NA,0,0,0.166666666666667,0,0.166666666666667,NA,0.333333333333333,0,0.333333333333333,NA,NA,0,0,0,0,NA,0,0,0,0,0,NA,0,0,0.333333333333333,NA,NA
"533",3,3,6,3,3,6,6,6,3,3,3,0,3,0,0,0,0,0,0,0,0,1,1,1,0,1,1,0,1,0,0,0,0,1,2,1,0,3,2,6,0,2,0,0,1,0,0,0,0.0625,0.0625,0.125,0.0625,0.0625,0.125,0.125,0.125,0.0625,0.0625,0.0625,0,0.0625,0,0,0,0,0,0,0,0,0.166666666666667,0.166666666666667,0.166666666666667,0,0.333333333333333,0.333333333333333,NA,0.333333333333333,NA,NA,NA,0,0.333333333333333,0.333333333333333,0.333333333333333,0,0.5,0.333333333333333,1,0,0.666666666666667,0,NA,0.333333333333333,NA,NA,NA,0,1,2,1,0,3,1,5,0,2,0,0,1,0,0,0,3,2,4,2,3,2,4,0,3,0,2,0,1,0,0,0,0,0,0,0,0,0,1,1,0,0,0,0,0,0,0,0,0,0,0,0,0,1,0,0,0,1,1,0,1,0,0,0,0,0.333333333333333,0.333333333333333,0.333333333333333,0,0.5,0.166666666666667,0.833333333333333,0,0.666666666666667,0,NA,0.333333333333333,NA,NA,NA,1,0.666666666666667,0.666666666666667,0.666666666666667,1,0.333333333333333,0.666666666666667,0,1,0,0.666666666666667,NA,0.333333333333333,NA,NA,NA,0,0,0,0,0,0,0.166666666666667,0.166666666666667,0,0,0,NA,0,NA,NA,NA,0,0,0,0,0,0.166666666666667,0,0,0,0.333333333333333,0.333333333333333,NA,0.333333333333333,NA,NA,NA
"534",3,3,3,6,3,3,6,3,6,6,6,0,0,0,0,0,0,0,0,1,0,0,0,3,2,0,3,0,0,0,0,0,0,0,0,2,0,1,2,2,2,3,4,0,0,0,0,0,0.0625,0.0625,0.0625,0.125,0.0625,0.0625,0.125,0.0625,0.125,0.125,0.125,0,0,0,0,0,0,0,0,0.166666666666667,0,0,0,1,0.333333333333333,0,0.5,NA,NA,NA,NA,NA,0,0,0,0.333333333333333,0,0.333333333333333,0.333333333333333,0.666666666666667,0.333333333333333,0.5,0.666666666666667,NA,NA,NA,NA,NA,0,0,0,2,0,1,2,0,2,3,1,0,0,0,0,0,3,3,3,3,3,2,4,0,2,3,2,0,0,0,0,0,0,0,0,0,0,0,0,2,0,0,3,0,0,0,0,0,0,0,0,1,0,0,0,1,2,0,0,0,0,0,0,0,0,0,0,0.333333333333333,0,0.333333333333333,0.333333333333333,0,0.333333333333333,0.5,0.166666666666667,NA,NA,NA,NA,NA,1,1,1,0.5,1,0.666666666666667,0.666666666666667,0,0.333333333333333,0.5,0.333333333333333,NA,NA,NA,NA,NA,0,0,0,0,0,0,0,0.666666666666667,0,0,0.5,NA,NA,NA,NA,NA,0,0,0,0.166666666666667,0,0,0,0.333333333333333,0.333333333333333,0,0,NA,NA,NA,NA,NA
"535",3,6,6,3,6,6,0,0,6,0,0,0,3,0,0,0,0,0,1,1,0,2,0,0,1,0,0,0,1,0,0,0,0,1,2,2,2,0,0,0,0,0,0,0,0,0,0,0,0.0769230769230769,0.153846153846154,0.153846153846154,0.0769230769230769,0.153846153846154,0.153846153846154,0,0,0.153846153846154,0,0,0,0.0769230769230769,0,0,0,0,0,0.166666666666667,0.333333333333333,0,0.333333333333333,NA,NA,0.166666666666667,NA,NA,NA,0.333333333333333,NA,NA,NA,0,0.166666666666667,0.333333333333333,0.666666666666667,0.333333333333333,0,NA,NA,0,NA,NA,NA,0,NA,NA,NA,0,1,1,1,2,0,0,0,0,0,0,0,0,0,0,0,3,5,4,1,4,4,0,0,5,0,0,0,2,0,0,0,0,0,1,1,0,0,0,0,0,0,0,0,0,0,0,0,0,0,0,0,0,2,0,0,1,0,0,0,1,0,0,0,0,0.166666666666667,0.166666666666667,0.333333333333333,0.333333333333333,0,NA,NA,0,NA,NA,NA,0,NA,NA,NA,1,0.833333333333333,0.666666666666667,0.333333333333333,0.666666666666667,0.666666666666667,NA,NA,0.833333333333333,NA,NA,NA,0.666666666666667,NA,NA,NA,0,0,0.166666666666667,0.333333333333333,0,0,NA,NA,0,NA,NA,NA,0,NA,NA,NA,0,0,0,0,0,0.333333333333333,NA,NA,0.166666666666667,NA,NA,NA,0.333333333333333,NA,NA,NA
"536",3,3,6,6,6,6,0,3,3,0,0,0,0,0,0,0,0,0,0,1,1,3,0,1,1,0,0,0,0,0,0,0,1,1,2,1,1,1,0,0,0,0,0,0,0,0,0,0,0.0833333333333333,0.0833333333333333,0.166666666666667,0.166666666666667,0.166666666666667,0.166666666666667,0,0.0833333333333333,0.0833333333333333,0,0,0,0,0,0,0,0,0,0,0.166666666666667,0.166666666666667,0.5,NA,0.333333333333333,0.333333333333333,NA,NA,NA,NA,NA,NA,NA,0.333333333333333,0.333333333333333,0.333333333333333,0.166666666666667,0.166666666666667,0.166666666666667,NA,0,0,NA,NA,NA,NA,NA,NA,NA,1,1,2,1,0,0,0,0,0,0,0,0,0,0,0,0,2,2,4,4,5,3,0,2,2,0,0,0,0,0,0,0,0,0,0,0,1,1,0,0,0,0,0,0,0,0,0,0,0,0,0,1,0,2,0,1,1,0,0,0,0,0,0,0,0.333333333333333,0.333333333333333,0.333333333333333,0.166666666666667,0,0,NA,0,0,NA,NA,NA,NA,NA,NA,NA,0.666666666666667,0.666666666666667,0.666666666666667,0.666666666666667,0.833333333333333,0.5,NA,0.666666666666667,0.666666666666667,NA,NA,NA,NA,NA,NA,NA,0,0,0,0,0.166666666666667,0.166666666666667,NA,0,0,NA,NA,NA,NA,NA,NA,NA,0,0,0,0.166666666666667,0,0.333333333333333,NA,0.333333333333333,0.333333333333333,NA,NA,NA,NA,NA,NA,NA
"537",3,3,3,6,0,3,6,6,6,6,0,0,6,0,0,0,0,0,0,0,0,0,2,2,0,1,0,0,1,0,0,0,0,0,1,1,0,0,2,2,2,3,0,0,3,0,0,0,0.0625,0.0625,0.0625,0.125,0,0.0625,0.125,0.125,0.125,0.125,0,0,0.125,0,0,0,0,0,0,0,NA,0,0.333333333333333,0.333333333333333,0,0.166666666666667,NA,NA,0.166666666666667,NA,NA,NA,0,0,0.333333333333333,0.166666666666667,NA,0,0.333333333333333,0.333333333333333,0.333333333333333,0.5,NA,NA,0.5,NA,NA,NA,0,0,1,1,0,0,1,2,2,3,0,0,3,0,0,0,3,3,2,5,0,3,3,2,4,2,0,0,2,0,0,0,0,0,0,0,0,0,1,0,0,0,0,0,0,0,0,0,0,0,0,0,0,0,1,2,0,1,0,0,1,0,0,0,0,0,0.333333333333333,0.166666666666667,NA,0,0.166666666666667,0.333333333333333,0.333333333333333,0.5,NA,NA,0.5,NA,NA,NA,1,1,0.666666666666667,0.833333333333333,NA,1,0.5,0.333333333333333,0.666666666666667,0.333333333333333,NA,NA,0.333333333333333,NA,NA,NA,0,0,0,0,NA,0,0.166666666666667,0,0,0,NA,NA,0,NA,NA,NA,0,0,0,0,NA,0,0.166666666666667,0.333333333333333,0,0.166666666666667,NA,NA,0.166666666666667,NA,NA,NA
"538",3,3,3,6,0,3,6,3,0,3,0,0,6,6,0,0,0,0,0,0,0,0,1,1,0,0,0,0,0,1,0,0,1,0,1,2,0,0,3,1,0,1,0,0,1,2,0,0,0.0714285714285714,0.0714285714285714,0.0714285714285714,0.142857142857143,0,0.0714285714285714,0.142857142857143,0.0714285714285714,0,0.0714285714285714,0,0,0.142857142857143,0.142857142857143,0,0,0,0,0,0,NA,0,0.166666666666667,0.333333333333333,NA,0,NA,NA,0,0.166666666666667,NA,NA,0.333333333333333,0,0.333333333333333,0.333333333333333,NA,0,0.5,0.333333333333333,NA,0.333333333333333,NA,NA,0.166666666666667,0.333333333333333,NA,NA,1,0,1,2,0,0,2,1,0,1,0,0,1,2,0,0,2,3,2,4,0,3,3,1,0,2,0,0,5,3,0,0,0,0,0,0,0,0,1,0,0,0,0,0,0,0,0,0,0,0,0,0,0,0,0,1,0,0,0,0,0,1,0,0,0.333333333333333,0,0.333333333333333,0.333333333333333,NA,0,0.333333333333333,0.333333333333333,NA,0.333333333333333,NA,NA,0.166666666666667,0.333333333333333,NA,NA,0.666666666666667,1,0.666666666666667,0.666666666666667,NA,1,0.5,0.333333333333333,NA,0.666666666666667,NA,NA,0.833333333333333,0.5,NA,NA,0,0,0,0,NA,0,0.166666666666667,0,NA,0,NA,NA,0,0,NA,NA,0,0,0,0,NA,0,0,0.333333333333333,NA,0,NA,NA,0,0.166666666666667,NA,NA
"539",3,6,3,0,6,0,0,0,3,0,0,0,0,0,0,0,0,1,1,0,1,0,0,0,1,0,0,0,0,0,0,0,0,1,0,0,0,0,0,0,1,0,0,0,0,0,0,0,0.142857142857143,0.285714285714286,0.142857142857143,0,0.285714285714286,0,0,0,0.142857142857143,0,0,0,0,0,0,0,0,0.166666666666667,0.333333333333333,NA,0.166666666666667,NA,NA,NA,0.333333333333333,NA,NA,NA,NA,NA,NA,NA,0,0.166666666666667,0,NA,0,NA,NA,NA,0.333333333333333,NA,NA,NA,NA,NA,NA,NA,0,1,0,0,0,0,0,0,1,0,0,0,0,0,0,0,3,4,2,0,5,0,0,0,1,0,0,0,0,0,0,0,0,0,0,0,0,0,0,0,0,0,0,0,0,0,0,0,0,1,1,0,1,0,0,0,1,0,0,0,0,0,0,0,0,0.166666666666667,0,NA,0,NA,NA,NA,0.333333333333333,NA,NA,NA,NA,NA,NA,NA,1,0.666666666666667,0.666666666666667,NA,0.833333333333333,NA,NA,NA,0.333333333333333,NA,NA,NA,NA,NA,NA,NA,0,0,0,NA,0,NA,NA,NA,0,NA,NA,NA,NA,NA,NA,NA,0,0.166666666666667,0.333333333333333,NA,0.166666666666667,NA,NA,NA,0.333333333333333,NA,NA,NA,NA,NA,NA,NA
"540",3,3,3,6,0,6,6,6,0,6,6,0,0,3,0,0,0,0,0,1,0,0,0,2,0,1,3,0,0,1,0,0,0,0,1,1,0,0,2,5,0,1,4,0,0,3,0,0,0.0625,0.0625,0.0625,0.125,0,0.125,0.125,0.125,0,0.125,0.125,0,0,0.0625,0,0,0,0,0,0.166666666666667,NA,0,0,0.333333333333333,NA,0.166666666666667,0.5,NA,NA,0.333333333333333,NA,NA,0,0,0.333333333333333,0.166666666666667,NA,0,0.333333333333333,0.833333333333333,NA,0.166666666666667,0.666666666666667,NA,NA,1,NA,NA,0,0,1,1,0,0,2,3,0,1,1,0,0,2,0,0,3,3,2,4,0,6,4,1,0,4,2,0,0,0,0,0,0,0,0,0,0,0,0,2,0,0,3,0,0,1,0,0,0,0,0,1,0,0,0,0,0,1,0,0,0,0,0,0,0,0,0.333333333333333,0.166666666666667,NA,0,0.333333333333333,0.5,NA,0.166666666666667,0.166666666666667,NA,NA,0.666666666666667,NA,NA,1,1,0.666666666666667,0.666666666666667,NA,1,0.666666666666667,0.166666666666667,NA,0.666666666666667,0.333333333333333,NA,NA,0,NA,NA,0,0,0,0,NA,0,0,0.333333333333333,NA,0,0.5,NA,NA,0.333333333333333,NA,NA,0,0,0,0.166666666666667,NA,0,0,0,NA,0.166666666666667,0,NA,NA,0,NA,NA
"541",3,3,6,6,0,3,3,3,3,6,6,0,0,3,3,0,0,0,0,1,0,0,0,1,1,1,1,0,0,1,1,0,0,1,1,2,0,0,1,0,0,0,3,0,0,3,1,0,0.0625,0.0625,0.125,0.125,0,0.0625,0.0625,0.0625,0.0625,0.125,0.125,0,0,0.0625,0.0625,0,0,0,0,0.166666666666667,NA,0,0,0.333333333333333,0.333333333333333,0.166666666666667,0.166666666666667,NA,NA,0.333333333333333,0.333333333333333,NA,0,0.333333333333333,0.166666666666667,0.333333333333333,NA,0,0.333333333333333,0,0,0,0.5,NA,NA,1,0.333333333333333,NA,0,1,1,2,0,0,1,0,0,0,2,0,0,2,1,0,3,2,5,3,0,3,2,2,2,5,3,0,0,0,1,0,0,0,0,0,0,0,0,0,0,0,1,0,0,1,0,0,0,0,0,1,0,0,0,1,1,1,0,0,0,0,1,0,0,0.333333333333333,0.166666666666667,0.333333333333333,NA,0,0.333333333333333,0,0,0,0.333333333333333,NA,NA,0.666666666666667,0.333333333333333,NA,1,0.666666666666667,0.833333333333333,0.5,NA,1,0.666666666666667,0.666666666666667,0.666666666666667,0.833333333333333,0.5,NA,NA,0,0.333333333333333,NA,0,0,0,0,NA,0,0,0,0,0,0.166666666666667,NA,NA,0.333333333333333,0,NA,0,0,0,0.166666666666667,NA,0,0,0.333333333333333,0.333333333333333,0.166666666666667,0,NA,NA,0,0.333333333333333,NA
"542",3,3,3,6,0,6,6,3,3,3,0,0,6,6,0,0,0,0,0,1,0,0,3,2,0,0,0,0,2,0,0,0,0,0,1,0,0,2,1,1,1,1,0,0,2,2,0,0,0.0625,0.0625,0.0625,0.125,0,0.125,0.125,0.0625,0.0625,0.0625,0,0,0.125,0.125,0,0,0,0,0,0.166666666666667,NA,0,0.5,0.666666666666667,0,0,NA,NA,0.333333333333333,0,NA,NA,0,0,0.333333333333333,0,NA,0.333333333333333,0.166666666666667,0.333333333333333,0.333333333333333,0.333333333333333,NA,NA,0.333333333333333,0.333333333333333,NA,NA,0,0,1,0,0,2,0,0,1,1,0,0,0,2,0,0,3,3,2,5,0,4,3,1,2,2,0,0,4,4,0,0,0,0,0,0,0,0,1,1,0,0,0,0,2,0,0,0,0,0,0,1,0,0,2,1,0,0,0,0,0,0,0,0,0,0,0.333333333333333,0,NA,0.333333333333333,0,0,0.333333333333333,0.333333333333333,NA,NA,0,0.333333333333333,NA,NA,1,1,0.666666666666667,0.833333333333333,NA,0.666666666666667,0.5,0.333333333333333,0.666666666666667,0.666666666666667,NA,NA,0.666666666666667,0.666666666666667,NA,NA,0,0,0,0,NA,0,0.166666666666667,0.333333333333333,0,0,NA,NA,0.333333333333333,0,NA,NA,0,0,0,0.166666666666667,NA,0,0.333333333333333,0.333333333333333,0,0,NA,NA,0,0,NA,NA
"543",3,3,3,6,0,6,6,0,6,6,3,0,0,6,0,0,0,0,0,0,0,1,0,0,0,0,1,0,0,3,0,0,0,1,0,4,0,2,3,0,3,0,2,0,0,5,0,0,0.0625,0.0625,0.0625,0.125,0,0.125,0.125,0,0.125,0.125,0.0625,0,0,0.125,0,0,0,0,0,0,NA,0.166666666666667,0,NA,0,0,0.333333333333333,NA,NA,0.5,NA,NA,0,0.333333333333333,0,0.666666666666667,NA,0.333333333333333,0.5,NA,0.5,0,0.666666666666667,NA,NA,0.833333333333333,NA,NA,0,1,0,4,0,2,3,0,3,0,1,0,0,3,0,0,3,2,3,2,0,3,3,0,3,6,1,0,0,0,0,0,0,0,0,0,0,0,0,0,0,0,1,0,0,2,0,0,0,0,0,0,0,1,0,0,0,0,0,0,0,1,0,0,0,0.333333333333333,0,0.666666666666667,NA,0.333333333333333,0.5,NA,0.5,0,0.333333333333333,NA,NA,0.5,NA,NA,1,0.666666666666667,1,0.333333333333333,NA,0.5,0.5,NA,0.5,1,0.333333333333333,NA,NA,0,NA,NA,0,0,0,0,NA,0,0,NA,0,0,0.333333333333333,NA,NA,0.333333333333333,NA,NA,0,0,0,0,NA,0.166666666666667,0,NA,0,0,0,NA,NA,0.166666666666667,NA,NA
"544",3,6,6,6,0,3,6,6,0,3,0,0,3,6,0,0,0,0,1,0,0,0,2,3,0,0,0,0,1,0,0,0,0,1,1,3,0,0,2,5,0,1,0,0,0,4,0,0,0.0625,0.125,0.125,0.125,0,0.0625,0.125,0.125,0,0.0625,0,0,0.0625,0.125,0,0,0,0,0.166666666666667,0,NA,0,0.333333333333333,0.5,NA,0,NA,NA,0.333333333333333,0,NA,NA,0,0.166666666666667,0.166666666666667,0.5,NA,0,0.333333333333333,0.833333333333333,NA,0.333333333333333,NA,NA,0,0.666666666666667,NA,NA,0,1,1,3,0,0,2,3,0,1,0,0,0,4,0,0,3,5,4,3,0,3,2,0,0,2,0,0,2,2,0,0,0,0,0,0,0,0,0,2,0,0,0,0,0,0,0,0,0,0,1,0,0,0,2,1,0,0,0,0,1,0,0,0,0,0.166666666666667,0.166666666666667,0.5,NA,0,0.333333333333333,0.5,NA,0.333333333333333,NA,NA,0,0.666666666666667,NA,NA,1,0.833333333333333,0.666666666666667,0.5,NA,1,0.333333333333333,0,NA,0.666666666666667,NA,NA,0.666666666666667,0.333333333333333,NA,NA,0,0,0,0,NA,0,0,0.333333333333333,NA,0,NA,NA,0,0,NA,NA,0,0,0.166666666666667,0,NA,0,0.333333333333333,0.166666666666667,NA,0,NA,NA,0.333333333333333,0,NA,NA
"545",3,3,6,0,0,6,0,0,0,6,0,0,6,6,0,0,0,0,1,0,0,1,0,0,0,1,0,0,0,1,0,0,0,0,4,0,0,1,0,0,0,1,0,0,2,3,0,0,0.0833333333333333,0.0833333333333333,0.166666666666667,0,0,0.166666666666667,0,0,0,0.166666666666667,0,0,0.166666666666667,0.166666666666667,0,0,0,0,0.166666666666667,NA,NA,0.166666666666667,NA,NA,NA,0.166666666666667,NA,NA,0,0.166666666666667,NA,NA,0,0,0.666666666666667,NA,NA,0.166666666666667,NA,NA,NA,0.166666666666667,NA,NA,0.333333333333333,0.5,NA,NA,0,0,3,0,0,0,0,0,0,1,0,0,2,2,0,0,3,3,2,0,0,5,0,0,0,4,0,0,4,3,0,0,0,0,1,0,0,1,0,0,0,0,0,0,0,1,0,0,0,0,0,0,0,0,0,0,0,1,0,0,0,0,0,0,0,0,0.5,NA,NA,0,NA,NA,NA,0.166666666666667,NA,NA,0.333333333333333,0.333333333333333,NA,NA,1,1,0.333333333333333,NA,NA,0.833333333333333,NA,NA,NA,0.666666666666667,NA,NA,0.666666666666667,0.5,NA,NA,0,0,0.166666666666667,NA,NA,0.166666666666667,NA,NA,NA,0,NA,NA,0,0.166666666666667,NA,NA,0,0,0,NA,NA,0,NA,NA,NA,0.166666666666667,NA,NA,0,0,NA,NA
"546",3,3,3,3,0,0,0,3,3,6,6,6,6,3,3,0,0,0,0,0,0,0,0,0,0,0,1,1,0,3,2,0,0,0,1,1,0,0,0,1,0,0,4,5,2,2,1,0,0.0625,0.0625,0.0625,0.0625,0,0,0,0.0625,0.0625,0.125,0.125,0.125,0.125,0.0625,0.0625,0,0,0,0,0,NA,NA,NA,0,0,0,0.166666666666667,0.166666666666667,0,1,0.666666666666667,NA,0,0,0.333333333333333,0.333333333333333,NA,NA,NA,0.333333333333333,0,0,0.666666666666667,0.833333333333333,0.333333333333333,0.666666666666667,0.333333333333333,NA,0,0,1,1,0,0,0,1,0,0,3,4,2,0,0,0,3,3,2,2,0,0,0,2,3,6,2,1,4,0,1,0,0,0,0,0,0,0,0,0,0,0,1,1,0,2,1,0,0,0,0,0,0,0,0,0,0,0,0,0,0,1,1,0,0,0,0.333333333333333,0.333333333333333,NA,NA,NA,0.333333333333333,0,0,0.5,0.666666666666667,0.333333333333333,0,0,NA,1,1,0.666666666666667,0.666666666666667,NA,NA,NA,0.666666666666667,1,1,0.333333333333333,0.166666666666667,0.666666666666667,0,0.333333333333333,NA,0,0,0,0,NA,NA,NA,0,0,0,0.166666666666667,0.166666666666667,0,0.666666666666667,0.333333333333333,NA,0,0,0,0,NA,NA,NA,0,0,0,0,0,0,0.333333333333333,0.333333333333333,NA
"547",3,6,6,3,6,6,0,0,6,6,0,0,6,0,0,0,0,0,1,1,0,0,0,0,1,3,0,0,0,0,0,0,0,0,1,1,1,2,0,0,1,3,0,0,2,0,0,0,0.0625,0.125,0.125,0.0625,0.125,0.125,0,0,0.125,0.125,0,0,0.125,0,0,0,0,0,0.166666666666667,0.333333333333333,0,0,NA,NA,0.166666666666667,0.5,NA,NA,0,NA,NA,NA,0,0,0.166666666666667,0.333333333333333,0.166666666666667,0.333333333333333,NA,NA,0.166666666666667,0.5,NA,NA,0.333333333333333,NA,NA,NA,0,0,1,1,1,2,0,0,1,2,0,0,2,0,0,0,3,6,4,1,5,4,0,0,4,1,0,0,4,0,0,0,0,0,0,0,0,0,0,0,0,1,0,0,0,0,0,0,0,0,1,1,0,0,0,0,1,2,0,0,0,0,0,0,0,0,0.166666666666667,0.333333333333333,0.166666666666667,0.333333333333333,NA,NA,0.166666666666667,0.333333333333333,NA,NA,0.333333333333333,NA,NA,NA,1,1,0.666666666666667,0.333333333333333,0.833333333333333,0.666666666666667,NA,NA,0.666666666666667,0.166666666666667,NA,NA,0.666666666666667,NA,NA,NA,0,0,0,0,0,0,NA,NA,0,0.166666666666667,NA,NA,0,NA,NA,NA,0,0,0.166666666666667,0.333333333333333,0,0,NA,NA,0.166666666666667,0.333333333333333,NA,NA,0,NA,NA,NA
"548",3,3,6,6,0,3,6,0,3,6,6,0,0,6,0,0,0,0,0,1,0,0,0,0,1,0,3,0,0,3,0,0,0,0,0,3,0,0,1,0,1,2,4,0,0,5,0,0,0.0625,0.0625,0.125,0.125,0,0.0625,0.125,0,0.0625,0.125,0.125,0,0,0.125,0,0,0,0,0,0.166666666666667,NA,0,0,NA,0.333333333333333,0,0.5,NA,NA,0.5,NA,NA,0,0,0,0.5,NA,0,0.166666666666667,NA,0.333333333333333,0.333333333333333,0.666666666666667,NA,NA,0.833333333333333,NA,NA,0,0,0,3,0,0,1,0,0,2,3,0,0,3,0,0,3,3,6,2,0,3,5,0,2,4,0,0,0,0,0,0,0,0,0,0,0,0,0,0,1,0,1,0,0,2,0,0,0,0,0,1,0,0,0,0,0,0,2,0,0,1,0,0,0,0,0,0.5,NA,0,0.166666666666667,NA,0,0.333333333333333,0.5,NA,NA,0.5,NA,NA,1,1,1,0.333333333333333,NA,1,0.833333333333333,NA,0.666666666666667,0.666666666666667,0,NA,NA,0,NA,NA,0,0,0,0,NA,0,0,NA,0.333333333333333,0,0.166666666666667,NA,NA,0.333333333333333,NA,NA,0,0,0,0.166666666666667,NA,0,0,NA,0,0,0.333333333333333,NA,NA,0.166666666666667,NA,NA
"549",3,3,3,6,6,6,6,0,6,0,6,0,3,0,0,0,0,0,0,0,1,2,0,0,1,0,3,0,1,0,0,0,0,0,0,3,0,0,1,0,2,0,4,0,0,0,0,0,0.0625,0.0625,0.0625,0.125,0.125,0.125,0.125,0,0.125,0,0.125,0,0.0625,0,0,0,0,0,0,0,0.166666666666667,0.333333333333333,0,NA,0.166666666666667,NA,0.5,NA,0.333333333333333,NA,NA,NA,0,0,0,0.5,0,0,0.166666666666667,NA,0.333333333333333,NA,0.666666666666667,NA,0,NA,NA,NA,0,0,0,3,0,0,1,0,2,0,2,0,0,0,0,0,3,3,3,3,5,4,5,0,3,0,1,0,2,0,0,0,0,0,0,0,0,0,0,0,0,0,2,0,0,0,0,0,0,0,0,0,1,2,0,0,1,0,1,0,1,0,0,0,0,0,0,0.5,0,0,0.166666666666667,NA,0.333333333333333,NA,0.333333333333333,NA,0,NA,NA,NA,1,1,1,0.5,0.833333333333333,0.666666666666667,0.833333333333333,NA,0.5,NA,0.166666666666667,NA,0.666666666666667,NA,NA,NA,0,0,0,0,0,0,0,NA,0,NA,0.333333333333333,NA,0,NA,NA,NA,0,0,0,0,0.166666666666667,0.333333333333333,0,NA,0.166666666666667,NA,0.166666666666667,NA,0.333333333333333,NA,NA,NA
"550",3,3,3,6,3,6,6,0,6,6,3,0,3,0,0,0,0,0,0,0,0,1,1,0,0,2,1,0,1,0,0,0,1,0,1,4,0,1,3,0,2,2,1,0,2,0,0,0,0.0625,0.0625,0.0625,0.125,0.0625,0.125,0.125,0,0.125,0.125,0.0625,0,0.0625,0,0,0,0,0,0,0,0,0.166666666666667,0.166666666666667,NA,0,0.333333333333333,0.333333333333333,NA,0.333333333333333,NA,NA,NA,0.333333333333333,0,0.333333333333333,0.666666666666667,0,0.166666666666667,0.5,NA,0.333333333333333,0.333333333333333,0.333333333333333,NA,0.666666666666667,NA,NA,NA,1,0,1,4,0,1,2,0,2,1,1,0,1,0,0,0,2,3,2,2,3,4,3,0,4,3,1,0,1,0,0,0,0,0,0,0,0,0,1,0,0,1,0,0,1,0,0,0,0,0,0,0,0,1,0,0,0,1,1,0,0,0,0,0,0.333333333333333,0,0.333333333333333,0.666666666666667,0,0.166666666666667,0.333333333333333,NA,0.333333333333333,0.166666666666667,0.333333333333333,NA,0.333333333333333,NA,NA,NA,0.666666666666667,1,0.666666666666667,0.333333333333333,1,0.666666666666667,0.5,NA,0.666666666666667,0.5,0.333333333333333,NA,0.333333333333333,NA,NA,NA,0,0,0,0,0,0,0.166666666666667,NA,0,0.166666666666667,0,NA,0.333333333333333,NA,NA,NA,0,0,0,0,0,0.166666666666667,0,NA,0,0.166666666666667,0.333333333333333,NA,0,NA,NA,NA
"551",3,3,3,6,0,3,6,6,3,6,3,0,3,3,0,0,0,0,0,1,0,0,1,2,0,0,2,0,1,1,0,0,0,0,1,1,0,1,2,3,0,3,2,0,0,2,0,0,0.0625,0.0625,0.0625,0.125,0,0.0625,0.125,0.125,0.0625,0.125,0.0625,0,0.0625,0.0625,0,0,0,0,0,0.166666666666667,NA,0,0.166666666666667,0.333333333333333,0,0,0.666666666666667,NA,0.333333333333333,0.333333333333333,NA,NA,0,0,0.333333333333333,0.166666666666667,NA,0.333333333333333,0.333333333333333,0.5,0,0.5,0.666666666666667,NA,0,0.666666666666667,NA,NA,0,0,1,1,0,1,2,2,0,3,1,0,0,1,0,0,3,3,2,4,0,2,3,2,3,3,0,0,2,1,0,0,0,0,0,0,0,0,0,1,0,0,1,0,0,1,0,0,0,0,0,1,0,0,1,1,0,0,1,0,1,0,0,0,0,0,0.333333333333333,0.166666666666667,NA,0.333333333333333,0.333333333333333,0.333333333333333,0,0.5,0.333333333333333,NA,0,0.333333333333333,NA,NA,1,1,0.666666666666667,0.666666666666667,NA,0.666666666666667,0.5,0.333333333333333,1,0.5,0,NA,0.666666666666667,0.333333333333333,NA,NA,0,0,0,0,NA,0,0,0.166666666666667,0,0,0.333333333333333,NA,0,0.333333333333333,NA,NA,0,0,0,0.166666666666667,NA,0,0.166666666666667,0.166666666666667,0,0,0.333333333333333,NA,0.333333333333333,0,NA,NA
"552",3,3,3,6,0,6,6,6,3,6,0,0,3,3,0,0,0,0,0,0,0,0,0,2,0,1,0,0,1,1,0,0,1,0,1,1,0,0,3,2,1,2,0,0,2,1,0,0,0.0625,0.0625,0.0625,0.125,0,0.125,0.125,0.125,0.0625,0.125,0,0,0.0625,0.0625,0,0,0,0,0,0,NA,0,0,0.333333333333333,0,0.166666666666667,NA,NA,0.333333333333333,0.333333333333333,NA,NA,0.333333333333333,0,0.333333333333333,0.166666666666667,NA,0,0.5,0.333333333333333,0.333333333333333,0.333333333333333,NA,NA,0.666666666666667,0.333333333333333,NA,NA,1,0,1,1,0,0,3,1,1,2,0,0,1,1,0,0,2,3,2,5,0,6,3,3,2,3,0,0,1,1,0,0,0,0,0,0,0,0,0,1,0,0,0,0,1,0,0,0,0,0,0,0,0,0,0,1,0,1,0,0,0,1,0,0,0.333333333333333,0,0.333333333333333,0.166666666666667,NA,0,0.5,0.166666666666667,0.333333333333333,0.333333333333333,NA,NA,0.333333333333333,0.333333333333333,NA,NA,0.666666666666667,1,0.666666666666667,0.833333333333333,NA,1,0.5,0.5,0.666666666666667,0.5,NA,NA,0.333333333333333,0.333333333333333,NA,NA,0,0,0,0,NA,0,0,0.166666666666667,0,0,NA,NA,0.333333333333333,0,NA,NA,0,0,0,0,NA,0,0,0.166666666666667,0,0.166666666666667,NA,NA,0,0.333333333333333,NA,NA
"553",6,6,6,0,3,0,0,0,3,0,0,0,6,0,0,0,1,0,2,0,0,0,0,0,0,0,0,0,0,0,0,0,0,1,2,0,0,0,0,0,1,0,0,0,0,0,0,0,0.2,0.2,0.2,0,0.1,0,0,0,0.1,0,0,0,0.2,0,0,0,0.166666666666667,0,0.333333333333333,NA,0,NA,NA,NA,0,NA,NA,NA,0,NA,NA,NA,0,0.166666666666667,0.333333333333333,NA,0,NA,NA,NA,0.333333333333333,NA,NA,NA,0,NA,NA,NA,0,1,2,0,0,0,0,0,1,0,0,0,0,0,0,0,5,5,2,0,3,0,0,0,2,0,0,0,6,0,0,0,0,0,0,0,0,0,0,0,0,0,0,0,0,0,0,0,1,0,2,0,0,0,0,0,0,0,0,0,0,0,0,0,0,0.166666666666667,0.333333333333333,NA,0,NA,NA,NA,0.333333333333333,NA,NA,NA,0,NA,NA,NA,0.833333333333333,0.833333333333333,0.333333333333333,NA,1,NA,NA,NA,0.666666666666667,NA,NA,NA,1,NA,NA,NA,0,0,0,NA,0,NA,NA,NA,0,NA,NA,NA,0,NA,NA,NA,0.166666666666667,0,0.333333333333333,NA,0,NA,NA,NA,0,NA,NA,NA,0,NA,NA,NA
"554",6,3,3,6,3,6,6,0,3,6,3,0,0,3,0,0,0,0,0,0,0,1,0,0,1,1,2,0,0,2,0,0,2,0,1,4,1,2,2,0,2,0,2,0,0,1,0,0,0.125,0.0625,0.0625,0.125,0.0625,0.125,0.125,0,0.0625,0.125,0.0625,0,0,0.0625,0,0,0,0,0,0,0,0.166666666666667,0,NA,0.333333333333333,0.166666666666667,0.666666666666667,NA,NA,0.666666666666667,NA,NA,0.333333333333333,0,0.333333333333333,0.666666666666667,0.333333333333333,0.333333333333333,0.333333333333333,NA,0.666666666666667,0,0.666666666666667,NA,NA,0.333333333333333,NA,NA,2,0,1,4,1,2,2,0,2,0,1,0,0,1,0,0,4,3,2,2,2,3,4,0,0,5,0,0,0,0,0,0,0,0,0,0,0,0,0,0,0,0,1,0,0,0,0,0,0,0,0,0,0,1,0,0,1,1,1,0,0,2,0,0,0.333333333333333,0,0.333333333333333,0.666666666666667,0.333333333333333,0.333333333333333,0.333333333333333,NA,0.666666666666667,0,0.333333333333333,NA,NA,0.333333333333333,NA,NA,0.666666666666667,1,0.666666666666667,0.333333333333333,0.666666666666667,0.5,0.666666666666667,NA,0,0.833333333333333,0,NA,NA,0,NA,NA,0,0,0,0,0,0,0,NA,0,0,0.333333333333333,NA,NA,0,NA,NA,0,0,0,0,0,0.166666666666667,0,NA,0.333333333333333,0.166666666666667,0.333333333333333,NA,NA,0.666666666666667,NA,NA
"555",3,3,6,6,3,6,6,3,3,6,3,0,0,0,0,0,0,0,0,1,0,0,1,2,0,2,1,0,0,0,0,0,0,0,0,2,0,0,2,1,2,3,0,0,0,0,0,0,0.0625,0.0625,0.125,0.125,0.0625,0.125,0.125,0.0625,0.0625,0.125,0.0625,0,0,0,0,0,0,0,0,0.166666666666667,0,0,0.166666666666667,0.666666666666667,0,0.333333333333333,0.333333333333333,NA,NA,NA,NA,NA,0,0,0,0.333333333333333,0,0,0.333333333333333,0.333333333333333,0.666666666666667,0.5,0,NA,NA,NA,NA,NA,0,0,0,1,0,0,2,0,2,3,0,0,0,0,0,0,3,3,6,4,3,6,3,1,1,1,2,0,0,0,0,0,0,0,0,1,0,0,0,1,0,0,0,0,0,0,0,0,0,0,0,0,0,0,1,1,0,2,1,0,0,0,0,0,0,0,0,0.166666666666667,0,0,0.333333333333333,0,0.666666666666667,0.5,0,NA,NA,NA,NA,NA,1,1,1,0.666666666666667,1,1,0.5,0.333333333333333,0.333333333333333,0.166666666666667,0.666666666666667,NA,NA,NA,NA,NA,0,0,0,0.166666666666667,0,0,0,0.333333333333333,0,0,0,NA,NA,NA,NA,NA,0,0,0,0,0,0,0.166666666666667,0.333333333333333,0,0.333333333333333,0.333333333333333,NA,NA,NA,NA,NA
"556",3,3,6,6,3,3,0,0,6,6,0,0,6,6,0,0,0,0,0,2,0,0,0,0,3,0,0,0,1,2,0,0,0,0,2,1,0,1,0,0,2,2,0,0,2,3,0,0,0.0625,0.0625,0.125,0.125,0.0625,0.0625,0,0,0.125,0.125,0,0,0.125,0.125,0,0,0,0,0,0.333333333333333,0,0,NA,NA,0.5,0,NA,NA,0.166666666666667,0.333333333333333,NA,NA,0,0,0.333333333333333,0.166666666666667,0,0.333333333333333,NA,NA,0.333333333333333,0.333333333333333,NA,NA,0.333333333333333,0.5,NA,NA,0,0,2,0,0,1,0,0,1,2,0,0,2,3,0,0,3,3,4,4,3,2,0,0,2,4,0,0,3,1,0,0,0,0,0,1,0,0,0,0,1,0,0,0,0,0,0,0,0,0,0,1,0,0,0,0,2,0,0,0,1,2,0,0,0,0,0.333333333333333,0,0,0.333333333333333,NA,NA,0.166666666666667,0.333333333333333,NA,NA,0.333333333333333,0.5,NA,NA,1,1,0.666666666666667,0.666666666666667,1,0.666666666666667,NA,NA,0.333333333333333,0.666666666666667,NA,NA,0.5,0.166666666666667,NA,NA,0,0,0,0.166666666666667,0,0,NA,NA,0.166666666666667,0,NA,NA,0,0,NA,NA,0,0,0,0.166666666666667,0,0,NA,NA,0.333333333333333,0,NA,NA,0.166666666666667,0.333333333333333,NA,NA
"557",3,3,6,6,0,0,3,0,3,6,6,0,6,3,3,0,0,0,0,1,0,0,0,0,0,1,1,0,1,1,1,0,0,1,0,3,0,0,1,0,1,2,4,0,4,1,3,0,0.0625,0.0625,0.125,0.125,0,0,0.0625,0,0.0625,0.125,0.125,0,0.125,0.0625,0.0625,0,0,0,0,0.166666666666667,NA,NA,0,NA,0,0.166666666666667,0.166666666666667,NA,0.166666666666667,0.333333333333333,0.333333333333333,NA,0,0.333333333333333,0,0.5,NA,NA,0.333333333333333,NA,0.333333333333333,0.333333333333333,0.666666666666667,NA,0.666666666666667,0.333333333333333,1,NA,0,1,0,3,0,0,1,0,1,2,3,0,3,1,2,0,3,2,6,2,0,0,2,0,2,3,2,0,2,1,0,0,0,0,0,0,0,0,0,0,0,0,1,0,1,0,1,0,0,0,0,1,0,0,0,0,0,1,0,0,0,1,0,0,0,0.333333333333333,0,0.5,NA,NA,0.333333333333333,NA,0.333333333333333,0.333333333333333,0.5,NA,0.5,0.333333333333333,0.666666666666667,NA,1,0.666666666666667,1,0.333333333333333,NA,NA,0.666666666666667,NA,0.666666666666667,0.5,0.333333333333333,NA,0.333333333333333,0.333333333333333,0,NA,0,0,0,0,NA,NA,0,NA,0,0,0.166666666666667,NA,0.166666666666667,0,0.333333333333333,NA,0,0,0,0.166666666666667,NA,NA,0,NA,0,0.166666666666667,0,NA,0,0.333333333333333,0,NA
"558",3,6,6,3,0,3,0,0,0,6,0,0,6,6,0,0,0,0,1,1,0,0,0,0,0,1,0,0,0,1,0,0,0,0,1,0,0,1,0,0,0,2,0,0,2,2,0,0,0.0769230769230769,0.153846153846154,0.153846153846154,0.0769230769230769,0,0.0769230769230769,0,0,0,0.153846153846154,0,0,0.153846153846154,0.153846153846154,0,0,0,0,0.166666666666667,0.333333333333333,NA,0,NA,NA,NA,0.166666666666667,NA,NA,0,0.166666666666667,NA,NA,0,0,0.166666666666667,0,NA,0.333333333333333,NA,NA,NA,0.333333333333333,NA,NA,0.333333333333333,0.333333333333333,NA,NA,0,0,1,0,0,1,0,0,0,2,0,0,2,2,0,0,3,6,4,2,0,2,0,0,0,3,0,0,4,3,0,0,0,0,0,0,0,0,0,0,0,0,0,0,0,0,0,0,0,0,1,1,0,0,0,0,0,1,0,0,0,1,0,0,0,0,0.166666666666667,0,NA,0.333333333333333,NA,NA,NA,0.333333333333333,NA,NA,0.333333333333333,0.333333333333333,NA,NA,1,1,0.666666666666667,0.666666666666667,NA,0.666666666666667,NA,NA,NA,0.5,NA,NA,0.666666666666667,0.5,NA,NA,0,0,0,0,NA,0,NA,NA,NA,0,NA,NA,0,0,NA,NA,0,0,0.166666666666667,0.333333333333333,NA,0,NA,NA,NA,0.166666666666667,NA,NA,0,0.166666666666667,NA,NA
"559",3,3,6,6,0,3,0,0,3,3,0,0,6,6,0,0,0,0,0,2,0,0,0,0,0,0,0,0,2,1,0,0,0,0,2,1,0,1,0,0,1,0,0,0,1,4,0,0,0.0769230769230769,0.0769230769230769,0.153846153846154,0.153846153846154,0,0.0769230769230769,0,0,0.0769230769230769,0.0769230769230769,0,0,0.153846153846154,0.153846153846154,0,0,0,0,0,0.333333333333333,NA,0,NA,NA,0,0,NA,NA,0.333333333333333,0.166666666666667,NA,NA,0,0,0.333333333333333,0.166666666666667,NA,0.333333333333333,NA,NA,0.333333333333333,0,NA,NA,0.166666666666667,0.666666666666667,NA,NA,0,0,2,1,0,1,0,0,1,0,0,0,1,3,0,0,3,3,4,3,0,2,0,0,2,3,0,0,3,2,0,0,0,0,0,0,0,0,0,0,0,0,0,0,0,1,0,0,0,0,0,2,0,0,0,0,0,0,0,0,2,0,0,0,0,0,0.333333333333333,0.166666666666667,NA,0.333333333333333,NA,NA,0.333333333333333,0,NA,NA,0.166666666666667,0.5,NA,NA,1,1,0.666666666666667,0.5,NA,0.666666666666667,NA,NA,0.666666666666667,1,NA,NA,0.5,0.333333333333333,NA,NA,0,0,0,0,NA,0,NA,NA,0,0,NA,NA,0,0.166666666666667,NA,NA,0,0,0,0.333333333333333,NA,0,NA,NA,0,0,NA,NA,0.333333333333333,0,NA,NA
"560",6,6,3,6,0,3,6,0,6,6,0,0,3,3,0,0,1,1,0,0,0,0,1,0,0,0,0,0,1,2,0,0,0,0,1,3,0,0,3,0,0,2,0,0,0,1,0,0,0.125,0.125,0.0625,0.125,0,0.0625,0.125,0,0.125,0.125,0,0,0.0625,0.0625,0,0,0.166666666666667,0.166666666666667,0,0,NA,0,0.166666666666667,NA,0,0,NA,NA,0.333333333333333,0.666666666666667,NA,NA,0,0,0.333333333333333,0.5,NA,0,0.5,NA,0,0.333333333333333,NA,NA,0,0.333333333333333,NA,NA,0,0,1,3,0,0,2,0,0,2,0,0,0,1,0,0,5,5,2,3,0,3,3,0,6,4,0,0,2,0,0,0,0,0,0,0,0,0,1,0,0,0,0,0,0,0,0,0,1,1,0,0,0,0,0,0,0,0,0,0,1,2,0,0,0,0,0.333333333333333,0.5,NA,0,0.333333333333333,NA,0,0.333333333333333,NA,NA,0,0.333333333333333,NA,NA,0.833333333333333,0.833333333333333,0.666666666666667,0.5,NA,1,0.5,NA,1,0.666666666666667,NA,NA,0.666666666666667,0,NA,NA,0,0,0,0,NA,0,0.166666666666667,NA,0,0,NA,NA,0,0,NA,NA,0.166666666666667,0.166666666666667,0,0,NA,0,0,NA,0,0,NA,NA,0.333333333333333,0.666666666666667,NA,NA
"561",3,3,6,3,3,6,0,0,6,6,0,0,6,0,0,0,0,0,1,1,0,0,0,0,1,3,0,0,1,0,0,0,0,0,0,0,0,1,0,0,1,2,0,0,3,0,0,0,0.0714285714285714,0.0714285714285714,0.142857142857143,0.0714285714285714,0.0714285714285714,0.142857142857143,0,0,0.142857142857143,0.142857142857143,0,0,0.142857142857143,0,0,0,0,0,0.166666666666667,0.333333333333333,0,0,NA,NA,0.166666666666667,0.5,NA,NA,0.166666666666667,NA,NA,NA,0,0,0,0,0,0.166666666666667,NA,NA,0.166666666666667,0.333333333333333,NA,NA,0.5,NA,NA,NA,0,0,0,0,0,1,0,0,1,1,0,0,2,0,0,0,3,3,5,2,3,5,0,0,4,2,0,0,3,0,0,0,0,0,0,0,0,0,0,0,0,1,0,0,1,0,0,0,0,0,1,1,0,0,0,0,1,2,0,0,0,0,0,0,0,0,0,0,0,0.166666666666667,NA,NA,0.166666666666667,0.166666666666667,NA,NA,0.333333333333333,NA,NA,NA,1,1,0.833333333333333,0.666666666666667,1,0.833333333333333,NA,NA,0.666666666666667,0.333333333333333,NA,NA,0.5,NA,NA,NA,0,0,0,0,0,0,NA,NA,0,0.166666666666667,NA,NA,0.166666666666667,NA,NA,NA,0,0,0.166666666666667,0.333333333333333,0,0,NA,NA,0.166666666666667,0.333333333333333,NA,NA,0,NA,NA,NA
"562",3,6,3,0,6,0,0,0,6,0,0,0,0,0,0,0,0,1,1,0,1,0,0,0,1,0,0,0,0,0,0,0,0,1,0,0,2,0,0,0,3,0,0,0,0,0,0,0,0.125,0.25,0.125,0,0.25,0,0,0,0.25,0,0,0,0,0,0,0,0,0.166666666666667,0.333333333333333,NA,0.166666666666667,NA,NA,NA,0.166666666666667,NA,NA,NA,NA,NA,NA,NA,0,0.166666666666667,0,NA,0.333333333333333,NA,NA,NA,0.5,NA,NA,NA,NA,NA,NA,NA,0,1,0,0,2,0,0,0,2,0,0,0,0,0,0,0,3,4,2,0,3,0,0,0,3,0,0,0,0,0,0,0,0,0,0,0,0,0,0,0,1,0,0,0,0,0,0,0,0,1,1,0,1,0,0,0,0,0,0,0,0,0,0,0,0,0.166666666666667,0,NA,0.333333333333333,NA,NA,NA,0.333333333333333,NA,NA,NA,NA,NA,NA,NA,1,0.666666666666667,0.666666666666667,NA,0.5,NA,NA,NA,0.5,NA,NA,NA,NA,NA,NA,NA,0,0,0,NA,0,NA,NA,NA,0.166666666666667,NA,NA,NA,NA,NA,NA,NA,0,0.166666666666667,0.333333333333333,NA,0.166666666666667,NA,NA,NA,0,NA,NA,NA,NA,NA,NA,NA
"563",3,3,3,6,3,6,6,6,6,3,0,0,3,0,0,0,0,0,0,0,0,1,2,4,1,1,0,0,1,0,0,0,1,0,1,1,0,1,2,3,1,1,0,0,1,0,0,0,0.0625,0.0625,0.0625,0.125,0.0625,0.125,0.125,0.125,0.125,0.0625,0,0,0.0625,0,0,0,0,0,0,0,0,0.166666666666667,0.333333333333333,0.666666666666667,0.166666666666667,0.333333333333333,NA,NA,0.333333333333333,NA,NA,NA,0.333333333333333,0,0.333333333333333,0.166666666666667,0,0.166666666666667,0.333333333333333,0.5,0.166666666666667,0.333333333333333,NA,NA,0.333333333333333,NA,NA,NA,1,0,1,1,0,1,1,1,1,1,0,0,1,0,0,0,2,3,2,5,3,4,3,1,4,1,0,0,1,0,0,0,0,0,0,0,0,0,1,2,0,0,0,0,0,0,0,0,0,0,0,0,0,1,1,2,1,1,0,0,1,0,0,0,0.333333333333333,0,0.333333333333333,0.166666666666667,0,0.166666666666667,0.166666666666667,0.166666666666667,0.166666666666667,0.333333333333333,NA,NA,0.333333333333333,NA,NA,NA,0.666666666666667,1,0.666666666666667,0.833333333333333,1,0.666666666666667,0.5,0.166666666666667,0.666666666666667,0.333333333333333,NA,NA,0.333333333333333,NA,NA,NA,0,0,0,0,0,0,0.166666666666667,0.333333333333333,0,0,NA,NA,0,NA,NA,NA,0,0,0,0,0,0.166666666666667,0.166666666666667,0.333333333333333,0.166666666666667,0.333333333333333,NA,NA,0.333333333333333,NA,NA,NA
"564",3,3,3,6,0,3,6,6,3,3,0,0,6,6,0,0,0,0,0,0,0,0,2,2,0,0,0,0,1,1,0,0,0,1,0,0,0,1,1,5,0,1,0,0,0,4,0,0,0.0625,0.0625,0.0625,0.125,0,0.0625,0.125,0.125,0.0625,0.0625,0,0,0.125,0.125,0,0,0,0,0,0,NA,0,0.333333333333333,0.333333333333333,0,0,NA,NA,0.166666666666667,0.166666666666667,NA,NA,0,0.333333333333333,0,0,NA,0.333333333333333,0.166666666666667,0.833333333333333,0,0.333333333333333,NA,NA,0,0.666666666666667,NA,NA,0,1,0,0,0,1,0,3,0,1,0,0,0,3,0,0,3,2,3,6,0,2,4,1,3,2,0,0,5,2,0,0,0,0,0,0,0,0,1,2,0,0,0,0,0,1,0,0,0,0,0,0,0,0,1,0,0,0,0,0,1,0,0,0,0,0.333333333333333,0,0,NA,0.333333333333333,0,0.5,0,0.333333333333333,NA,NA,0,0.5,NA,NA,1,0.666666666666667,1,1,NA,0.666666666666667,0.666666666666667,0.166666666666667,1,0.666666666666667,NA,NA,0.833333333333333,0.333333333333333,NA,NA,0,0,0,0,NA,0,0.166666666666667,0.333333333333333,0,0,NA,NA,0,0.166666666666667,NA,NA,0,0,0,0,NA,0,0.166666666666667,0,0,0,NA,NA,0.166666666666667,0,NA,NA
"565",3,6,6,3,0,0,3,6,0,6,6,3,0,6,0,0,0,0,1,0,0,0,0,0,0,0,1,1,0,1,0,0,0,0,2,0,0,0,1,3,0,1,4,3,0,1,0,0,0.0625,0.125,0.125,0.0625,0,0,0.0625,0.125,0,0.125,0.125,0.0625,0,0.125,0,0,0,0,0.166666666666667,0,NA,NA,0,0,NA,0,0.166666666666667,0.333333333333333,NA,0.166666666666667,NA,NA,0,0,0.333333333333333,0,NA,NA,0.333333333333333,0.5,NA,0.166666666666667,0.666666666666667,1,NA,0.166666666666667,NA,NA,0,0,2,0,0,0,1,3,0,1,3,2,0,1,0,0,3,6,3,3,0,0,2,3,0,5,2,0,0,4,0,0,0,0,0,0,0,0,0,0,0,0,1,1,0,0,0,0,0,0,1,0,0,0,0,0,0,0,0,0,0,1,0,0,0,0,0.333333333333333,0,NA,NA,0.333333333333333,0.5,NA,0.166666666666667,0.5,0.666666666666667,NA,0.166666666666667,NA,NA,1,1,0.5,1,NA,NA,0.666666666666667,0.5,NA,0.833333333333333,0.333333333333333,0,NA,0.666666666666667,NA,NA,0,0,0,0,NA,NA,0,0,NA,0,0.166666666666667,0.333333333333333,NA,0,NA,NA,0,0,0.166666666666667,0,NA,NA,0,0,NA,0,0,0,NA,0.166666666666667,NA,NA
"566",3,3,3,6,0,3,6,6,0,6,6,3,0,3,0,0,0,0,0,0,0,0,0,2,0,0,2,1,0,2,0,0,0,1,1,4,0,0,1,2,0,1,2,2,0,3,0,0,0.0625,0.0625,0.0625,0.125,0,0.0625,0.125,0.125,0,0.125,0.125,0.0625,0,0.0625,0,0,0,0,0,0,NA,0,0,0.333333333333333,NA,0,0.333333333333333,0.333333333333333,NA,0.666666666666667,NA,NA,0,0.333333333333333,0.333333333333333,0.666666666666667,NA,0,0.166666666666667,0.333333333333333,NA,0.166666666666667,0.333333333333333,0.666666666666667,NA,1,NA,NA,0,1,1,4,0,0,1,1,0,1,2,1,0,1,0,0,3,2,2,2,0,3,5,3,0,5,2,1,0,0,0,0,0,0,0,0,0,0,0,1,0,0,0,1,0,2,0,0,0,0,0,0,0,0,0,1,0,0,2,0,0,0,0,0,0,0.333333333333333,0.333333333333333,0.666666666666667,NA,0,0.166666666666667,0.166666666666667,NA,0.166666666666667,0.333333333333333,0.333333333333333,NA,0.333333333333333,NA,NA,1,0.666666666666667,0.666666666666667,0.333333333333333,NA,1,0.833333333333333,0.5,NA,0.833333333333333,0.333333333333333,0.333333333333333,NA,0,NA,NA,0,0,0,0,NA,0,0,0.166666666666667,NA,0,0,0.333333333333333,NA,0.666666666666667,NA,NA,0,0,0,0,NA,0,0,0.166666666666667,NA,0,0.333333333333333,0,NA,0,NA,NA
"567",3,3,3,6,0,0,3,6,6,6,6,0,6,0,0,0,0,0,0,1,0,0,0,2,0,1,1,0,2,0,0,0,0,0,0,1,0,0,0,6,1,4,4,0,4,0,0,0,0.0625,0.0625,0.0625,0.125,0,0,0.0625,0.125,0.125,0.125,0.125,0,0.125,0,0,0,0,0,0,0.166666666666667,NA,NA,0,0.333333333333333,0,0.166666666666667,0.166666666666667,NA,0.333333333333333,NA,NA,NA,0,0,0,0.166666666666667,NA,NA,0,1,0.166666666666667,0.666666666666667,0.666666666666667,NA,0.666666666666667,NA,NA,NA,0,0,0,1,0,0,0,4,1,4,3,0,2,0,0,0,3,3,3,4,0,0,3,0,5,1,2,0,2,0,0,0,0,0,0,0,0,0,0,2,0,0,1,0,2,0,0,0,0,0,0,1,0,0,0,0,0,1,0,0,0,0,0,0,0,0,0,0.166666666666667,NA,NA,0,0.666666666666667,0.166666666666667,0.666666666666667,0.5,NA,0.333333333333333,NA,NA,NA,1,1,1,0.666666666666667,NA,NA,1,0,0.833333333333333,0.166666666666667,0.333333333333333,NA,0.333333333333333,NA,NA,NA,0,0,0,0,NA,NA,0,0.333333333333333,0,0,0.166666666666667,NA,0.333333333333333,NA,NA,NA,0,0,0,0.166666666666667,NA,NA,0,0,0,0.166666666666667,0,NA,0,NA,NA,NA
"568",3,3,3,6,3,6,6,0,3,3,6,0,6,0,0,0,0,0,0,0,0,0,0,0,0,1,2,0,1,0,0,0,0,1,0,3,0,4,1,0,0,0,2,0,0,0,0,0,0.0625,0.0625,0.0625,0.125,0.0625,0.125,0.125,0,0.0625,0.0625,0.125,0,0.125,0,0,0,0,0,0,0,0,0,0,NA,0,0.333333333333333,0.333333333333333,NA,0.166666666666667,NA,NA,NA,0,0.333333333333333,0,0.5,0,0.666666666666667,0.166666666666667,NA,0,0,0.333333333333333,NA,0,NA,NA,NA,0,1,0,3,0,4,1,0,0,0,2,0,0,0,0,0,3,2,3,3,3,2,5,0,3,2,2,0,5,0,0,0,0,0,0,0,0,0,0,0,0,0,0,0,0,0,0,0,0,0,0,0,0,0,0,0,0,1,2,0,1,0,0,0,0,0.333333333333333,0,0.5,0,0.666666666666667,0.166666666666667,NA,0,0,0.333333333333333,NA,0,NA,NA,NA,1,0.666666666666667,1,0.5,1,0.333333333333333,0.833333333333333,NA,1,0.666666666666667,0.333333333333333,NA,0.833333333333333,NA,NA,NA,0,0,0,0,0,0,0,NA,0,0,0,NA,0,NA,NA,NA,0,0,0,0,0,0,0,NA,0,0.333333333333333,0.333333333333333,NA,0.166666666666667,NA,NA,NA
"569",3,6,6,0,6,0,0,0,6,0,0,0,0,0,0,0,0,0,2,0,0,0,0,0,2,0,0,0,0,0,0,0,0,1,2,0,0,0,0,0,1,0,0,0,0,0,0,0,0.111111111111111,0.222222222222222,0.222222222222222,0,0.222222222222222,0,0,0,0.222222222222222,0,0,0,0,0,0,0,0,0,0.333333333333333,NA,0,NA,NA,NA,0.333333333333333,NA,NA,NA,NA,NA,NA,NA,0,0.166666666666667,0.333333333333333,NA,0,NA,NA,NA,0.166666666666667,NA,NA,NA,NA,NA,NA,NA,0,1,2,0,0,0,0,0,1,0,0,0,0,0,0,0,3,5,2,0,6,0,0,0,3,0,0,0,0,0,0,0,0,0,0,0,0,0,0,0,0,0,0,0,0,0,0,0,0,0,2,0,0,0,0,0,2,0,0,0,0,0,0,0,0,0.166666666666667,0.333333333333333,NA,0,NA,NA,NA,0.166666666666667,NA,NA,NA,NA,NA,NA,NA,1,0.833333333333333,0.333333333333333,NA,1,NA,NA,NA,0.5,NA,NA,NA,NA,NA,NA,NA,0,0,0,NA,0,NA,NA,NA,0,NA,NA,NA,NA,NA,NA,NA,0,0,0.333333333333333,NA,0,NA,NA,NA,0.333333333333333,NA,NA,NA,NA,NA,NA,NA
"570",6,6,3,3,0,6,6,6,0,3,6,0,0,3,0,0,0,1,0,0,0,1,1,0,0,0,3,0,0,0,0,0,0,1,0,1,0,0,2,4,0,1,4,0,0,1,0,0,0.125,0.125,0.0625,0.0625,0,0.125,0.125,0.125,0,0.0625,0.125,0,0,0.0625,0,0,0,0.166666666666667,0,0,NA,0.166666666666667,0.166666666666667,0,NA,0,0.5,NA,NA,0,NA,NA,0,0.166666666666667,0,0.333333333333333,NA,0,0.333333333333333,0.666666666666667,NA,0.333333333333333,0.666666666666667,NA,NA,0.333333333333333,NA,NA,0,1,0,1,0,0,1,4,0,1,3,0,0,1,0,0,6,4,3,2,0,5,4,2,0,2,0,0,0,2,0,0,0,0,0,0,0,0,1,0,0,0,1,0,0,0,0,0,0,1,0,0,0,1,0,0,0,0,2,0,0,0,0,0,0,0.166666666666667,0,0.333333333333333,NA,0,0.166666666666667,0.666666666666667,NA,0.333333333333333,0.5,NA,NA,0.333333333333333,NA,NA,1,0.666666666666667,1,0.666666666666667,NA,0.833333333333333,0.666666666666667,0.333333333333333,NA,0.666666666666667,0,NA,NA,0.666666666666667,NA,NA,0,0,0,0,NA,0,0.166666666666667,0,NA,0,0.166666666666667,NA,NA,0,NA,NA,0,0.166666666666667,0,0,NA,0.166666666666667,0,0,NA,0,0.333333333333333,NA,NA,0,NA,NA
"571",3,3,6,6,3,3,6,3,3,6,3,0,0,3,0,0,0,0,0,1,0,0,2,1,1,0,2,0,0,2,0,0,0,1,2,1,1,1,1,1,1,2,2,0,0,2,0,0,0.0625,0.0625,0.125,0.125,0.0625,0.0625,0.125,0.0625,0.0625,0.125,0.0625,0,0,0.0625,0,0,0,0,0,0.166666666666667,0,0,0.333333333333333,0.333333333333333,0.333333333333333,0,0.666666666666667,NA,NA,0.666666666666667,NA,NA,0,0.333333333333333,0.333333333333333,0.166666666666667,0.333333333333333,0.333333333333333,0.166666666666667,0.333333333333333,0.333333333333333,0.333333333333333,0.666666666666667,NA,NA,0.666666666666667,NA,NA,0,1,2,1,1,1,0,1,1,2,1,0,0,1,0,0,3,2,4,4,2,2,4,1,1,4,0,0,0,0,0,0,0,0,0,0,0,0,1,0,0,0,1,0,0,1,0,0,0,0,0,1,0,0,1,1,1,0,1,0,0,1,0,0,0,0.333333333333333,0.333333333333333,0.166666666666667,0.333333333333333,0.333333333333333,0,0.333333333333333,0.333333333333333,0.333333333333333,0.333333333333333,NA,NA,0.333333333333333,NA,NA,1,0.666666666666667,0.666666666666667,0.666666666666667,0.666666666666667,0.666666666666667,0.666666666666667,0.333333333333333,0.333333333333333,0.666666666666667,0,NA,NA,0,NA,NA,0,0,0,0,0,0,0.166666666666667,0,0,0,0.333333333333333,NA,NA,0.333333333333333,NA,NA,0,0,0,0.166666666666667,0,0,0.166666666666667,0.333333333333333,0.333333333333333,0,0.333333333333333,NA,NA,0.333333333333333,NA,NA
"572",6,6,3,3,0,0,6,6,0,3,6,6,0,3,0,0,0,1,0,0,0,0,1,0,0,0,1,3,0,2,0,0,0,2,1,1,0,0,1,2,0,1,5,5,0,1,0,0,0.125,0.125,0.0625,0.0625,0,0,0.125,0.125,0,0.0625,0.125,0.125,0,0.0625,0,0,0,0.166666666666667,0,0,NA,NA,0.166666666666667,0,NA,0,0.166666666666667,0.5,NA,0.666666666666667,NA,NA,0,0.333333333333333,0.333333333333333,0.333333333333333,NA,NA,0.166666666666667,0.333333333333333,NA,0.333333333333333,0.833333333333333,0.833333333333333,NA,0.333333333333333,NA,NA,0,1,1,1,0,0,1,2,0,1,5,3,0,0,0,0,6,4,2,2,0,0,4,4,0,2,0,0,0,1,0,0,0,1,0,0,0,0,0,0,0,0,0,2,0,1,0,0,0,0,0,0,0,0,1,0,0,0,1,1,0,1,0,0,0,0.166666666666667,0.333333333333333,0.333333333333333,NA,NA,0.166666666666667,0.333333333333333,NA,0.333333333333333,0.833333333333333,0.5,NA,0,NA,NA,1,0.666666666666667,0.666666666666667,0.666666666666667,NA,NA,0.666666666666667,0.666666666666667,NA,0.666666666666667,0,0,NA,0.333333333333333,NA,NA,0,0.166666666666667,0,0,NA,NA,0,0,NA,0,0,0.333333333333333,NA,0.333333333333333,NA,NA,0,0,0,0,NA,NA,0.166666666666667,0,NA,0,0.166666666666667,0.166666666666667,NA,0.333333333333333,NA,NA
"573",3,6,6,6,3,6,6,6,0,0,6,0,0,0,0,0,0,0,1,1,0,3,0,3,0,0,2,0,0,0,0,0,1,0,0,0,0,2,2,6,0,0,3,0,0,0,0,0,0.0625,0.125,0.125,0.125,0.0625,0.125,0.125,0.125,0,0,0.125,0,0,0,0,0,0,0,0.166666666666667,0.166666666666667,0,0.5,0,0.5,NA,NA,0.333333333333333,NA,NA,NA,NA,NA,0.333333333333333,0,0,0,0,0.333333333333333,0.333333333333333,1,NA,NA,0.5,NA,NA,NA,NA,NA,1,0,0,0,0,2,2,3,0,0,2,0,0,0,0,0,2,6,5,5,3,1,4,0,0,0,2,0,0,0,0,0,0,0,0,0,0,0,0,3,0,0,1,0,0,0,0,0,0,0,1,1,0,3,0,0,0,0,1,0,0,0,0,0,0.333333333333333,0,0,0,0,0.333333333333333,0.333333333333333,0.5,NA,NA,0.333333333333333,NA,NA,NA,NA,NA,0.666666666666667,1,0.833333333333333,0.833333333333333,1,0.166666666666667,0.666666666666667,0,NA,NA,0.333333333333333,NA,NA,NA,NA,NA,0,0,0,0,0,0,0,0.5,NA,NA,0.166666666666667,NA,NA,NA,NA,NA,0,0,0.166666666666667,0.166666666666667,0,0.5,0,0,NA,NA,0.166666666666667,NA,NA,NA,NA,NA
"574",6,6,3,0,6,0,0,0,6,0,0,0,0,0,0,0,0,1,1,0,0,0,0,0,2,0,0,0,0,0,0,0,2,0,1,0,0,0,0,0,2,0,0,0,0,0,0,0,0.222222222222222,0.222222222222222,0.111111111111111,0,0.222222222222222,0,0,0,0.222222222222222,0,0,0,0,0,0,0,0,0.166666666666667,0.333333333333333,NA,0,NA,NA,NA,0.333333333333333,NA,NA,NA,NA,NA,NA,NA,0.333333333333333,0,0.333333333333333,NA,0,NA,NA,NA,0.333333333333333,NA,NA,NA,NA,NA,NA,NA,2,0,0,0,0,0,0,0,2,0,0,0,0,0,0,0,4,5,2,0,6,0,0,0,2,0,0,0,0,0,0,0,0,0,1,0,0,0,0,0,0,0,0,0,0,0,0,0,0,1,0,0,0,0,0,0,2,0,0,0,0,0,0,0,0.333333333333333,0,0,NA,0,NA,NA,NA,0.333333333333333,NA,NA,NA,NA,NA,NA,NA,0.666666666666667,0.833333333333333,0.666666666666667,NA,1,NA,NA,NA,0.333333333333333,NA,NA,NA,NA,NA,NA,NA,0,0,0.333333333333333,NA,0,NA,NA,NA,0,NA,NA,NA,NA,NA,NA,NA,0,0.166666666666667,0,NA,0,NA,NA,NA,0.333333333333333,NA,NA,NA,NA,NA,NA,NA
"575",6,3,3,6,0,0,6,3,3,6,6,0,6,0,0,0,1,0,0,1,0,0,1,1,0,1,1,0,0,0,0,0,0,0,1,1,0,0,0,1,1,3,4,0,0,0,0,0,0.125,0.0625,0.0625,0.125,0,0,0.125,0.0625,0.0625,0.125,0.125,0,0.125,0,0,0,0.166666666666667,0,0,0.166666666666667,NA,NA,0.166666666666667,0.333333333333333,0,0.166666666666667,0.166666666666667,NA,0,NA,NA,NA,0,0,0.333333333333333,0.166666666666667,NA,NA,0,0.333333333333333,0.333333333333333,0.5,0.666666666666667,NA,0,NA,NA,NA,0,0,1,1,0,0,0,1,1,2,3,0,0,0,0,0,5,3,2,4,0,0,5,1,2,3,2,0,6,0,0,0,0,0,0,0,0,0,0,0,0,1,1,0,0,0,0,0,1,0,0,1,0,0,1,1,0,0,0,0,0,0,0,0,0,0,0.333333333333333,0.166666666666667,NA,NA,0,0.333333333333333,0.333333333333333,0.333333333333333,0.5,NA,0,NA,NA,NA,0.833333333333333,1,0.666666666666667,0.666666666666667,NA,NA,0.833333333333333,0.333333333333333,0.666666666666667,0.5,0.333333333333333,NA,1,NA,NA,NA,0,0,0,0,NA,NA,0,0,0,0.166666666666667,0.166666666666667,NA,0,NA,NA,NA,0.166666666666667,0,0,0.166666666666667,NA,NA,0.166666666666667,0.333333333333333,0,0,0,NA,0,NA,NA,NA
"576",6,3,6,6,0,6,6,0,3,6,0,0,0,6,0,0,1,0,0,1,0,0,0,0,0,1,0,0,0,3,0,0,0,1,0,4,0,2,3,0,0,2,0,0,0,3,0,0,0.125,0.0625,0.125,0.125,0,0.125,0.125,0,0.0625,0.125,0,0,0,0.125,0,0,0.166666666666667,0,0,0.166666666666667,NA,0,0,NA,0,0.166666666666667,NA,NA,NA,0.5,NA,NA,0,0.333333333333333,0,0.666666666666667,NA,0.333333333333333,0.5,NA,0,0.333333333333333,NA,NA,NA,0.5,NA,NA,0,1,0,3,0,2,3,0,0,2,0,0,0,1,0,0,5,2,6,2,0,4,3,0,3,3,0,0,0,2,0,0,0,0,0,1,0,0,0,0,0,0,0,0,0,2,0,0,1,0,0,0,0,0,0,0,0,1,0,0,0,1,0,0,0,0.333333333333333,0,0.5,NA,0.333333333333333,0.5,NA,0,0.333333333333333,NA,NA,NA,0.166666666666667,NA,NA,0.833333333333333,0.666666666666667,1,0.333333333333333,NA,0.666666666666667,0.5,NA,1,0.5,NA,NA,NA,0.333333333333333,NA,NA,0,0,0,0.166666666666667,NA,0,0,NA,0,0,NA,NA,NA,0.333333333333333,NA,NA,0.166666666666667,0,0,0,NA,0,0,NA,0,0.166666666666667,NA,NA,NA,0.166666666666667,NA,NA
"577",3,6,0,0,3,0,0,0,6,0,0,0,6,0,0,0,0,0,0,0,0,0,0,0,1,0,0,0,2,0,0,0,0,3,0,0,0,0,0,0,1,0,0,0,1,0,0,0,0.125,0.25,0,0,0.125,0,0,0,0.25,0,0,0,0.25,0,0,0,0,0,NA,NA,0,NA,NA,NA,0.166666666666667,NA,NA,NA,0.333333333333333,NA,NA,NA,0,0.5,NA,NA,0,NA,NA,NA,0.166666666666667,NA,NA,NA,0.166666666666667,NA,NA,NA,0,3,0,0,0,0,0,0,1,0,0,0,0,0,0,0,3,3,0,0,3,0,0,0,4,0,0,0,4,0,0,0,0,0,0,0,0,0,0,0,0,0,0,0,1,0,0,0,0,0,0,0,0,0,0,0,1,0,0,0,1,0,0,0,0,0.5,NA,NA,0,NA,NA,NA,0.166666666666667,NA,NA,NA,0,NA,NA,NA,1,0.5,NA,NA,1,NA,NA,NA,0.666666666666667,NA,NA,NA,0.666666666666667,NA,NA,NA,0,0,NA,NA,0,NA,NA,NA,0,NA,NA,NA,0.166666666666667,NA,NA,NA,0,0,NA,NA,0,NA,NA,NA,0.166666666666667,NA,NA,NA,0.166666666666667,NA,NA,NA
"578",6,6,3,6,3,6,6,3,0,6,3,0,0,0,0,0,0,1,0,0,0,1,0,3,0,2,1,0,0,0,0,0,0,2,1,3,0,1,3,3,0,2,1,0,0,0,0,0,0.125,0.125,0.0625,0.125,0.0625,0.125,0.125,0.0625,0,0.125,0.0625,0,0,0,0,0,0,0.166666666666667,0,0,0,0.166666666666667,0,1,NA,0.333333333333333,0.333333333333333,NA,NA,NA,NA,NA,0,0.333333333333333,0.333333333333333,0.5,0,0.166666666666667,0.5,1,NA,0.333333333333333,0.333333333333333,NA,NA,NA,NA,NA,0,2,1,3,0,1,3,0,0,1,0,0,0,0,0,0,6,3,2,3,3,4,3,0,0,3,2,0,0,0,0,0,0,0,0,0,0,0,0,3,0,1,1,0,0,0,0,0,0,1,0,0,0,1,0,0,0,1,0,0,0,0,0,0,0,0.333333333333333,0.333333333333333,0.5,0,0.166666666666667,0.5,0,NA,0.166666666666667,0,NA,NA,NA,NA,NA,1,0.5,0.666666666666667,0.5,1,0.666666666666667,0.5,0,NA,0.5,0.666666666666667,NA,NA,NA,NA,NA,0,0,0,0,0,0,0,1,NA,0.166666666666667,0.333333333333333,NA,NA,NA,NA,NA,0,0.166666666666667,0,0,0,0.166666666666667,0,0,NA,0.166666666666667,0,NA,NA,NA,NA,NA
"579",6,6,3,6,0,3,6,3,0,6,3,0,0,6,0,0,0,1,0,0,0,0,1,1,0,0,1,0,0,2,0,0,0,2,0,3,0,0,1,2,0,3,1,0,0,2,0,0,0.125,0.125,0.0625,0.125,0,0.0625,0.125,0.0625,0,0.125,0.0625,0,0,0.125,0,0,0,0.166666666666667,0,0,NA,0,0.166666666666667,0.333333333333333,NA,0,0.333333333333333,NA,NA,0.333333333333333,NA,NA,0,0.333333333333333,0,0.5,NA,0,0.166666666666667,0.666666666666667,NA,0.5,0.333333333333333,NA,NA,0.333333333333333,NA,NA,0,1,0,3,0,0,1,1,0,3,0,0,0,1,0,0,6,4,3,3,0,3,4,1,0,3,2,0,0,3,0,0,0,1,0,0,0,0,0,1,0,0,1,0,0,1,0,0,0,0,0,0,0,0,1,0,0,0,0,0,0,1,0,0,0,0.166666666666667,0,0.5,NA,0,0.166666666666667,0.333333333333333,NA,0.5,0,NA,NA,0.166666666666667,NA,NA,1,0.666666666666667,1,0.5,NA,1,0.666666666666667,0.333333333333333,NA,0.5,0.666666666666667,NA,NA,0.5,NA,NA,0,0.166666666666667,0,0,NA,0,0,0.333333333333333,NA,0,0.333333333333333,NA,NA,0.166666666666667,NA,NA,0,0,0,0,NA,0,0.166666666666667,0,NA,0,0,NA,NA,0.166666666666667,NA,NA
"580",3,6,3,0,6,0,0,0,0,0,0,0,0,0,0,0,0,1,1,0,2,0,0,0,0,0,0,0,0,0,0,0,0,0,0,0,0,0,0,0,0,0,0,0,0,0,0,0,0.166666666666667,0.333333333333333,0.166666666666667,0,0.333333333333333,0,0,0,0,0,0,0,0,0,0,0,0,0.166666666666667,0.333333333333333,NA,0.333333333333333,NA,NA,NA,NA,NA,NA,NA,NA,NA,NA,NA,0,0,0,NA,0,NA,NA,NA,NA,NA,NA,NA,NA,NA,NA,NA,0,0,0,0,0,0,0,0,0,0,0,0,0,0,0,0,3,5,2,0,4,0,0,0,0,0,0,0,0,0,0,0,0,0,0,0,0,0,0,0,0,0,0,0,0,0,0,0,0,1,1,0,2,0,0,0,0,0,0,0,0,0,0,0,0,0,0,NA,0,NA,NA,NA,NA,NA,NA,NA,NA,NA,NA,NA,1,0.833333333333333,0.666666666666667,NA,0.666666666666667,NA,NA,NA,NA,NA,NA,NA,NA,NA,NA,NA,0,0,0,NA,0,NA,NA,NA,NA,NA,NA,NA,NA,NA,NA,NA,0,0.166666666666667,0.333333333333333,NA,0.333333333333333,NA,NA,NA,NA,NA,NA,NA,NA,NA,NA,NA
"581",3,3,3,3,0,0,3,6,3,6,6,0,6,3,0,0,0,0,0,0,0,0,0,1,0,0,1,0,1,2,0,0,0,0,0,1,0,0,0,4,0,2,4,0,1,3,0,0,0.0666666666666667,0.0666666666666667,0.0666666666666667,0.0666666666666667,0,0,0.0666666666666667,0.133333333333333,0.0666666666666667,0.133333333333333,0.133333333333333,0,0.133333333333333,0.0666666666666667,0,0,0,0,0,0,NA,NA,0,0.166666666666667,0,0,0.166666666666667,NA,0.166666666666667,0.666666666666667,NA,NA,0,0,0,0.333333333333333,NA,NA,0,0.666666666666667,0,0.333333333333333,0.666666666666667,NA,0.166666666666667,1,NA,NA,0,0,0,1,0,0,0,4,0,2,4,0,1,1,0,0,3,3,3,2,0,0,3,1,3,4,1,0,4,0,0,0,0,0,0,0,0,0,0,0,0,0,0,0,0,2,0,0,0,0,0,0,0,0,0,1,0,0,1,0,1,0,0,0,0,0,0,0.333333333333333,NA,NA,0,0.666666666666667,0,0.333333333333333,0.666666666666667,NA,0.166666666666667,0.333333333333333,NA,NA,1,1,1,0.666666666666667,NA,NA,1,0.166666666666667,1,0.666666666666667,0.166666666666667,NA,0.666666666666667,0,NA,NA,0,0,0,0,NA,NA,0,0,0,0,0,NA,0,0.666666666666667,NA,NA,0,0,0,0,NA,NA,0,0.166666666666667,0,0,0.166666666666667,NA,0.166666666666667,0,NA,NA
"582",3,6,6,0,0,6,0,0,0,6,0,0,6,6,0,0,0,1,1,0,0,1,0,0,0,0,0,0,0,1,0,0,0,0,3,0,0,0,0,0,0,2,0,0,4,3,0,0,0.0769230769230769,0.153846153846154,0.153846153846154,0,0,0.153846153846154,0,0,0,0.153846153846154,0,0,0.153846153846154,0.153846153846154,0,0,0,0.166666666666667,0.166666666666667,NA,NA,0.166666666666667,NA,NA,NA,0,NA,NA,0,0.166666666666667,NA,NA,0,0,0.5,NA,NA,0,NA,NA,NA,0.333333333333333,NA,NA,0.666666666666667,0.5,NA,NA,0,0,2,0,0,0,0,0,0,2,0,0,4,3,0,0,3,5,3,0,0,5,0,0,0,4,0,0,2,2,0,0,0,0,1,0,0,0,0,0,0,0,0,0,0,0,0,0,0,1,0,0,0,1,0,0,0,0,0,0,0,1,0,0,0,0,0.333333333333333,NA,NA,0,NA,NA,NA,0.333333333333333,NA,NA,0.666666666666667,0.5,NA,NA,1,0.833333333333333,0.5,NA,NA,0.833333333333333,NA,NA,NA,0.666666666666667,NA,NA,0.333333333333333,0.333333333333333,NA,NA,0,0,0.166666666666667,NA,NA,0,NA,NA,NA,0,NA,NA,0,0,NA,NA,0,0.166666666666667,0,NA,NA,0.166666666666667,NA,NA,NA,0,NA,NA,0,0.166666666666667,NA,NA
"583",3,6,6,6,3,6,6,3,3,0,6,0,0,0,0,0,0,0,0,1,0,1,1,1,1,0,2,0,0,0,0,0,0,2,1,0,0,4,1,2,1,0,2,0,0,0,0,0,0.0625,0.125,0.125,0.125,0.0625,0.125,0.125,0.0625,0.0625,0,0.125,0,0,0,0,0,0,0,0,0.166666666666667,0,0.166666666666667,0.166666666666667,0.333333333333333,0.333333333333333,NA,0.333333333333333,NA,NA,NA,NA,NA,0,0.333333333333333,0.166666666666667,0,0,0.666666666666667,0.166666666666667,0.666666666666667,0.333333333333333,NA,0.333333333333333,NA,NA,NA,NA,NA,0,2,1,0,0,3,1,1,1,0,1,0,0,0,0,0,3,4,5,5,3,2,4,1,1,0,3,0,0,0,0,0,0,0,0,0,0,1,0,1,0,0,1,0,0,0,0,0,0,0,0,1,0,0,1,0,1,0,1,0,0,0,0,0,0,0.333333333333333,0.166666666666667,0,0,0.5,0.166666666666667,0.333333333333333,0.333333333333333,NA,0.166666666666667,NA,NA,NA,NA,NA,1,0.666666666666667,0.833333333333333,0.833333333333333,1,0.333333333333333,0.666666666666667,0.333333333333333,0.333333333333333,NA,0.5,NA,NA,NA,NA,NA,0,0,0,0,0,0.166666666666667,0,0.333333333333333,0,NA,0.166666666666667,NA,NA,NA,NA,NA,0,0,0,0.166666666666667,0,0,0.166666666666667,0,0.333333333333333,NA,0.166666666666667,NA,NA,NA,NA,NA
"584",3,3,3,6,0,0,6,0,3,3,6,0,6,6,0,0,0,0,0,0,0,0,0,0,0,0,1,0,1,0,0,0,0,0,0,3,0,0,1,0,0,0,4,0,2,5,0,0,0.0666666666666667,0.0666666666666667,0.0666666666666667,0.133333333333333,0,0,0.133333333333333,0,0.0666666666666667,0.0666666666666667,0.133333333333333,0,0.133333333333333,0.133333333333333,0,0,0,0,0,0,NA,NA,0,NA,0,0,0.166666666666667,NA,0.166666666666667,0,NA,NA,0,0,0,0.5,NA,NA,0.166666666666667,NA,0,0,0.666666666666667,NA,0.333333333333333,0.833333333333333,NA,NA,0,0,0,3,0,0,1,0,0,0,3,0,1,5,0,0,3,3,3,3,0,0,5,0,3,3,2,0,4,1,0,0,0,0,0,0,0,0,0,0,0,0,1,0,1,0,0,0,0,0,0,0,0,0,0,0,0,0,0,0,0,0,0,0,0,0,0,0.5,NA,NA,0.166666666666667,NA,0,0,0.5,NA,0.166666666666667,0.833333333333333,NA,NA,1,1,1,0.5,NA,NA,0.833333333333333,NA,1,1,0.333333333333333,NA,0.666666666666667,0.166666666666667,NA,NA,0,0,0,0,NA,NA,0,NA,0,0,0.166666666666667,NA,0.166666666666667,0,NA,NA,0,0,0,0,NA,NA,0,NA,0,0,0,NA,0,0,NA,NA
"585",3,6,6,3,0,6,0,0,6,6,0,0,3,0,0,0,0,0,1,1,0,1,0,0,1,0,0,0,1,0,0,0,0,1,0,1,0,0,0,0,0,4,0,0,1,0,0,0,0.0769230769230769,0.153846153846154,0.153846153846154,0.0769230769230769,0,0.153846153846154,0,0,0.153846153846154,0.153846153846154,0,0,0.0769230769230769,0,0,0,0,0,0.166666666666667,0.333333333333333,NA,0.166666666666667,NA,NA,0.166666666666667,0,NA,NA,0.333333333333333,NA,NA,NA,0,0.166666666666667,0,0.333333333333333,NA,0,NA,NA,0,0.666666666666667,NA,NA,0.333333333333333,NA,NA,NA,0,1,0,0,0,0,0,0,0,4,0,0,0,0,0,0,3,5,5,2,0,5,0,0,5,2,0,0,2,0,0,0,0,0,0,1,0,0,0,0,0,0,0,0,1,0,0,0,0,0,1,0,0,1,0,0,1,0,0,0,0,0,0,0,0,0.166666666666667,0,0,NA,0,NA,NA,0,0.666666666666667,NA,NA,0,NA,NA,NA,1,0.833333333333333,0.833333333333333,0.666666666666667,NA,0.833333333333333,NA,NA,0.833333333333333,0.333333333333333,NA,NA,0.666666666666667,NA,NA,NA,0,0,0,0.333333333333333,NA,0,NA,NA,0,0,NA,NA,0.333333333333333,NA,NA,NA,0,0,0.166666666666667,0,NA,0.166666666666667,NA,NA,0.166666666666667,0,NA,NA,0,NA,NA,NA
"586",3,3,3,6,6,6,6,6,3,3,0,0,3,0,0,0,0,0,0,0,1,1,1,2,0,1,0,0,1,0,0,0,0,0,0,1,1,1,3,4,0,0,0,0,1,0,0,0,0.0625,0.0625,0.0625,0.125,0.125,0.125,0.125,0.125,0.0625,0.0625,0,0,0.0625,0,0,0,0,0,0,0,0.166666666666667,0.166666666666667,0.166666666666667,0.333333333333333,0,0.333333333333333,NA,NA,0.333333333333333,NA,NA,NA,0,0,0,0.166666666666667,0.166666666666667,0.166666666666667,0.5,0.666666666666667,0,0,NA,NA,0.333333333333333,NA,NA,NA,0,0,0,1,1,1,2,2,0,0,0,0,1,0,0,0,3,3,3,5,4,4,3,2,3,2,0,0,1,0,0,0,0,0,0,0,0,0,1,2,0,0,0,0,0,0,0,0,0,0,0,0,1,1,0,0,0,1,0,0,1,0,0,0,0,0,0,0.166666666666667,0.166666666666667,0.166666666666667,0.333333333333333,0.333333333333333,0,0,NA,NA,0.333333333333333,NA,NA,NA,1,1,1,0.833333333333333,0.666666666666667,0.666666666666667,0.5,0.333333333333333,1,0.666666666666667,NA,NA,0.333333333333333,NA,NA,NA,0,0,0,0,0,0,0.166666666666667,0.333333333333333,0,0,NA,NA,0,NA,NA,NA,0,0,0,0,0.166666666666667,0.166666666666667,0,0,0,0.333333333333333,NA,NA,0.333333333333333,NA,NA,NA
"587",3,6,6,3,3,6,0,0,3,6,0,0,6,0,0,0,0,0,1,1,0,0,0,0,0,3,0,0,1,0,0,0,0,0,1,1,1,1,0,0,0,1,0,0,2,0,0,0,0.0714285714285714,0.142857142857143,0.142857142857143,0.0714285714285714,0.0714285714285714,0.142857142857143,0,0,0.0714285714285714,0.142857142857143,0,0,0.142857142857143,0,0,0,0,0,0.166666666666667,0.333333333333333,0,0,NA,NA,0,0.5,NA,NA,0.166666666666667,NA,NA,NA,0,0,0.166666666666667,0.333333333333333,0.333333333333333,0.166666666666667,NA,NA,0,0.166666666666667,NA,NA,0.333333333333333,NA,NA,NA,0,0,1,0,1,1,0,0,0,1,0,0,2,0,0,0,3,6,4,2,2,5,0,0,3,2,0,0,3,0,0,0,0,0,0,1,0,0,0,0,0,0,0,0,0,0,0,0,0,0,1,0,0,0,0,0,0,3,0,0,1,0,0,0,0,0,0.166666666666667,0,0.333333333333333,0.166666666666667,NA,NA,0,0.166666666666667,NA,NA,0.333333333333333,NA,NA,NA,1,1,0.666666666666667,0.666666666666667,0.666666666666667,0.833333333333333,NA,NA,1,0.333333333333333,NA,NA,0.5,NA,NA,NA,0,0,0,0.333333333333333,0,0,NA,NA,0,0,NA,NA,0,NA,NA,NA,0,0,0.166666666666667,0,0,0,NA,NA,0,0.5,NA,NA,0.166666666666667,NA,NA,NA
"588",3,3,6,6,0,6,6,3,3,6,0,0,0,6,0,0,0,0,0,1,0,1,2,3,0,0,0,0,0,4,0,0,1,0,0,2,0,2,2,1,1,0,0,0,0,2,0,0,0.0625,0.0625,0.125,0.125,0,0.125,0.125,0.0625,0.0625,0.125,0,0,0,0.125,0,0,0,0,0,0.166666666666667,NA,0.166666666666667,0.333333333333333,1,0,0,NA,NA,NA,0.666666666666667,NA,NA,0.333333333333333,0,0,0.333333333333333,NA,0.333333333333333,0.333333333333333,0.333333333333333,0.333333333333333,0,NA,NA,NA,0.333333333333333,NA,NA,1,0,0,1,0,2,1,0,1,0,0,0,0,1,0,0,2,3,6,4,0,3,3,0,2,6,0,0,0,1,0,0,0,0,0,1,0,0,1,1,0,0,0,0,0,1,0,0,0,0,0,0,0,1,1,2,0,0,0,0,0,3,0,0,0.333333333333333,0,0,0.166666666666667,NA,0.333333333333333,0.166666666666667,0,0.333333333333333,0,NA,NA,NA,0.166666666666667,NA,NA,0.666666666666667,1,1,0.666666666666667,NA,0.5,0.5,0,0.666666666666667,1,NA,NA,NA,0.166666666666667,NA,NA,0,0,0,0.166666666666667,NA,0,0.166666666666667,0.333333333333333,0,0,NA,NA,NA,0.166666666666667,NA,NA,0,0,0,0,NA,0.166666666666667,0.166666666666667,0.666666666666667,0,0,NA,NA,NA,0.5,NA,NA
"589",3,3,3,3,0,3,6,6,0,6,6,3,0,6,0,0,0,0,0,0,0,0,0,1,0,0,3,2,0,2,0,0,0,0,1,0,0,0,1,4,0,0,4,2,0,4,0,0,0.0625,0.0625,0.0625,0.0625,0,0.0625,0.125,0.125,0,0.125,0.125,0.0625,0,0.125,0,0,0,0,0,0,NA,0,0,0.166666666666667,NA,0,0.5,0.666666666666667,NA,0.333333333333333,NA,NA,0,0,0.333333333333333,0,NA,0,0.166666666666667,0.666666666666667,NA,0,0.666666666666667,0.666666666666667,NA,0.666666666666667,NA,NA,0,0,1,0,0,0,1,3,0,0,2,0,0,3,0,0,3,3,2,3,0,3,5,2,0,6,1,1,0,1,0,0,0,0,0,0,0,0,0,1,0,0,2,2,0,1,0,0,0,0,0,0,0,0,0,0,0,0,1,0,0,1,0,0,0,0,0.333333333333333,0,NA,0,0.166666666666667,0.5,NA,0,0.333333333333333,0,NA,0.5,NA,NA,1,1,0.666666666666667,1,NA,1,0.833333333333333,0.333333333333333,NA,1,0.166666666666667,0.333333333333333,NA,0.166666666666667,NA,NA,0,0,0,0,NA,0,0,0.166666666666667,NA,0,0.333333333333333,0.666666666666667,NA,0.166666666666667,NA,NA,0,0,0,0,NA,0,0,0,NA,0,0.166666666666667,0,NA,0.166666666666667,NA,NA
"590",3,3,3,3,0,6,6,6,0,6,6,3,0,3,0,0,0,0,0,0,0,1,0,1,0,1,3,2,0,1,0,0,0,0,1,1,0,0,2,3,0,2,4,2,0,1,0,0,0.0625,0.0625,0.0625,0.0625,0,0.125,0.125,0.125,0,0.125,0.125,0.0625,0,0.0625,0,0,0,0,0,0,NA,0.166666666666667,0,0.166666666666667,NA,0.166666666666667,0.5,0.666666666666667,NA,0.333333333333333,NA,NA,0,0,0.333333333333333,0.333333333333333,NA,0,0.333333333333333,0.5,NA,0.333333333333333,0.666666666666667,0.666666666666667,NA,0.333333333333333,NA,NA,0,0,1,1,0,0,2,3,0,1,3,1,0,1,0,0,3,3,2,2,0,5,4,2,0,4,0,0,0,1,0,0,0,0,0,0,0,0,0,0,0,1,1,1,0,0,0,0,0,0,0,0,0,1,0,1,0,0,2,1,0,1,0,0,0,0,0.333333333333333,0.333333333333333,NA,0,0.333333333333333,0.5,NA,0.166666666666667,0.5,0.333333333333333,NA,0.333333333333333,NA,NA,1,1,0.666666666666667,0.666666666666667,NA,0.833333333333333,0.666666666666667,0.333333333333333,NA,0.666666666666667,0,0,NA,0.333333333333333,NA,NA,0,0,0,0,NA,0,0,0,NA,0.166666666666667,0.166666666666667,0.333333333333333,NA,0,NA,NA,0,0,0,0,NA,0.166666666666667,0,0.166666666666667,NA,0,0.333333333333333,0.333333333333333,NA,0.333333333333333,NA,NA
"591",3,3,6,6,6,6,0,0,6,6,0,0,0,0,0,0,0,0,0,2,0,0,0,0,2,2,0,0,0,0,0,0,1,0,1,1,1,0,0,0,1,3,0,0,0,0,0,0,0.0714285714285714,0.0714285714285714,0.142857142857143,0.142857142857143,0.142857142857143,0.142857142857143,0,0,0.142857142857143,0.142857142857143,0,0,0,0,0,0,0,0,0,0.333333333333333,0,0,NA,NA,0.333333333333333,0.333333333333333,NA,NA,NA,NA,NA,NA,0.333333333333333,0,0.166666666666667,0.166666666666667,0.166666666666667,0,NA,NA,0.166666666666667,0.5,NA,NA,NA,NA,NA,NA,1,0,1,1,1,0,0,0,1,1,0,0,0,0,0,0,2,3,5,3,5,6,0,0,3,3,0,0,0,0,0,0,0,0,0,0,0,0,0,0,0,2,0,0,0,0,0,0,0,0,0,2,0,0,0,0,2,0,0,0,0,0,0,0,0.333333333333333,0,0.166666666666667,0.166666666666667,0.166666666666667,0,NA,NA,0.166666666666667,0.166666666666667,NA,NA,NA,NA,NA,NA,0.666666666666667,1,0.833333333333333,0.5,0.833333333333333,1,NA,NA,0.5,0.5,NA,NA,NA,NA,NA,NA,0,0,0,0,0,0,NA,NA,0,0.333333333333333,NA,NA,NA,NA,NA,NA,0,0,0,0.333333333333333,0,0,NA,NA,0.333333333333333,0,NA,NA,NA,NA,NA,NA
"592",6,6,3,0,3,0,0,0,3,0,0,0,6,0,0,0,0,1,1,0,0,0,0,0,0,0,0,0,1,0,0,0,0,1,1,0,0,0,0,0,0,0,0,0,2,0,0,0,0.222222222222222,0.222222222222222,0.111111111111111,0,0.111111111111111,0,0,0,0.111111111111111,0,0,0,0.222222222222222,0,0,0,0,0.166666666666667,0.333333333333333,NA,0,NA,NA,NA,0,NA,NA,NA,0.166666666666667,NA,NA,NA,0,0.166666666666667,0.333333333333333,NA,0,NA,NA,NA,0,NA,NA,NA,0.333333333333333,NA,NA,NA,0,1,0,0,0,0,0,0,0,0,0,0,2,0,0,0,6,4,2,0,3,0,0,0,3,0,0,0,3,0,0,0,0,0,1,0,0,0,0,0,0,0,0,0,0,0,0,0,0,1,0,0,0,0,0,0,0,0,0,0,1,0,0,0,0,0.166666666666667,0,NA,0,NA,NA,NA,0,NA,NA,NA,0.333333333333333,NA,NA,NA,1,0.666666666666667,0.666666666666667,NA,1,NA,NA,NA,1,NA,NA,NA,0.5,NA,NA,NA,0,0,0.333333333333333,NA,0,NA,NA,NA,0,NA,NA,NA,0,NA,NA,NA,0,0.166666666666667,0,NA,0,NA,NA,NA,0,NA,NA,NA,0.166666666666667,NA,NA,NA
"593",3,3,3,6,3,0,3,6,3,6,6,0,0,6,0,0,0,0,0,0,0,0,0,2,2,0,1,0,0,4,0,0,1,0,0,2,0,0,1,4,1,2,4,0,0,4,0,0,0.0625,0.0625,0.0625,0.125,0.0625,0,0.0625,0.125,0.0625,0.125,0.125,0,0,0.125,0,0,0,0,0,0,0,NA,0,0.333333333333333,0.666666666666667,0,0.166666666666667,NA,NA,0.666666666666667,NA,NA,0.333333333333333,0,0,0.333333333333333,0,NA,0.333333333333333,0.666666666666667,0.333333333333333,0.333333333333333,0.666666666666667,NA,NA,0.666666666666667,NA,NA,1,0,0,2,0,0,1,3,0,2,4,0,0,0,0,0,2,3,3,4,3,0,2,1,1,4,1,0,0,2,0,0,0,0,0,0,0,0,0,1,1,0,0,0,0,4,0,0,0,0,0,0,0,0,0,1,1,0,1,0,0,0,0,0,0.333333333333333,0,0,0.333333333333333,0,NA,0.333333333333333,0.5,0,0.333333333333333,0.666666666666667,NA,NA,0,NA,NA,0.666666666666667,1,1,0.666666666666667,1,NA,0.666666666666667,0.166666666666667,0.333333333333333,0.666666666666667,0.166666666666667,NA,NA,0.333333333333333,NA,NA,0,0,0,0,0,NA,0,0.166666666666667,0.333333333333333,0,0,NA,NA,0.666666666666667,NA,NA,0,0,0,0,0,NA,0,0.166666666666667,0.333333333333333,0,0.166666666666667,NA,NA,0,NA,NA
"594",3,3,6,6,3,3,6,3,3,6,0,0,0,6,0,0,0,0,0,1,0,0,2,2,1,0,0,0,0,2,0,0,0,0,0,2,1,0,1,1,0,0,0,0,0,4,0,0,0.0625,0.0625,0.125,0.125,0.0625,0.0625,0.125,0.0625,0.0625,0.125,0,0,0,0.125,0,0,0,0,0,0.166666666666667,0,0,0.333333333333333,0.666666666666667,0.333333333333333,0,NA,NA,NA,0.333333333333333,NA,NA,0,0,0,0.333333333333333,0.333333333333333,0,0.166666666666667,0.333333333333333,0,0,NA,NA,NA,0.666666666666667,NA,NA,0,0,0,2,1,0,0,0,0,0,0,0,0,3,0,0,3,3,6,3,2,3,4,1,2,6,0,0,0,1,0,0,0,0,0,0,0,0,1,1,0,0,0,0,0,1,0,0,0,0,0,1,0,0,1,1,1,0,0,0,0,1,0,0,0,0,0,0.333333333333333,0.333333333333333,0,0,0,0,0,NA,NA,NA,0.5,NA,NA,1,1,1,0.5,0.666666666666667,1,0.666666666666667,0.333333333333333,0.666666666666667,1,NA,NA,NA,0.166666666666667,NA,NA,0,0,0,0,0,0,0.166666666666667,0.333333333333333,0,0,NA,NA,NA,0.166666666666667,NA,NA,0,0,0,0.166666666666667,0,0,0.166666666666667,0.333333333333333,0.333333333333333,0,NA,NA,NA,0.166666666666667,NA,NA
"595",3,6,3,6,3,6,6,6,3,0,6,0,0,0,0,0,0,0,0,0,0,0,0,2,2,0,3,0,0,0,0,0,0,2,1,1,0,3,1,3,1,0,3,0,0,0,0,0,0.0625,0.125,0.0625,0.125,0.0625,0.125,0.125,0.125,0.0625,0,0.125,0,0,0,0,0,0,0,0,0,0,0,0,0.333333333333333,0.666666666666667,NA,0.5,NA,NA,NA,NA,NA,0,0.333333333333333,0.333333333333333,0.166666666666667,0,0.5,0.166666666666667,0.5,0.333333333333333,NA,0.5,NA,NA,NA,NA,NA,0,2,1,1,0,3,1,1,0,0,3,0,0,0,0,0,3,4,2,5,3,3,5,3,1,0,0,0,0,0,0,0,0,0,0,0,0,0,0,2,1,0,0,0,0,0,0,0,0,0,0,0,0,0,0,0,1,0,3,0,0,0,0,0,0,0.333333333333333,0.333333333333333,0.166666666666667,0,0.5,0.166666666666667,0.166666666666667,0,NA,0.5,NA,NA,NA,NA,NA,1,0.666666666666667,0.666666666666667,0.833333333333333,1,0.5,0.833333333333333,0.5,0.333333333333333,NA,0,NA,NA,NA,NA,NA,0,0,0,0,0,0,0,0.333333333333333,0.333333333333333,NA,0,NA,NA,NA,NA,NA,0,0,0,0,0,0,0,0,0.333333333333333,NA,0.5,NA,NA,NA,NA,NA
"596",3,3,3,6,6,6,6,0,3,6,6,0,0,0,0,0,0,0,0,1,0,0,0,0,1,2,3,0,0,0,0,0,0,0,0,3,1,1,1,0,1,3,5,0,0,0,0,0,0.0625,0.0625,0.0625,0.125,0.125,0.125,0.125,0,0.0625,0.125,0.125,0,0,0,0,0,0,0,0,0.166666666666667,0,0,0,NA,0.333333333333333,0.333333333333333,0.5,NA,NA,NA,NA,NA,0,0,0,0.5,0.166666666666667,0.166666666666667,0.166666666666667,NA,0.333333333333333,0.5,0.833333333333333,NA,NA,NA,NA,NA,0,0,0,2,1,1,1,0,1,2,3,0,0,0,0,0,3,3,3,3,5,5,5,0,1,2,0,0,0,0,0,0,0,0,0,1,0,0,0,0,0,1,2,0,0,0,0,0,0,0,0,0,0,0,0,0,1,1,1,0,0,0,0,0,0,0,0,0.333333333333333,0.166666666666667,0.166666666666667,0.166666666666667,NA,0.333333333333333,0.333333333333333,0.5,NA,NA,NA,NA,NA,1,1,1,0.5,0.833333333333333,0.833333333333333,0.833333333333333,NA,0.333333333333333,0.333333333333333,0,NA,NA,NA,NA,NA,0,0,0,0.166666666666667,0,0,0,NA,0,0.166666666666667,0.333333333333333,NA,NA,NA,NA,NA,0,0,0,0,0,0,0,NA,0.333333333333333,0.166666666666667,0.166666666666667,NA,NA,NA,NA,NA
"597",6,6,3,6,3,6,6,3,3,0,3,0,3,0,0,0,0,1,0,1,0,2,2,2,0,0,2,0,0,0,0,0,1,0,1,2,1,0,2,0,0,0,3,0,2,0,0,0,0.125,0.125,0.0625,0.125,0.0625,0.125,0.125,0.0625,0.0625,0,0.0625,0,0.0625,0,0,0,0,0.166666666666667,0,0.166666666666667,0,0.333333333333333,0.333333333333333,0.666666666666667,0,NA,0.666666666666667,NA,0,NA,NA,NA,0.166666666666667,0,0.333333333333333,0.333333333333333,0.333333333333333,0,0.333333333333333,0,0,NA,1,NA,0.666666666666667,NA,NA,NA,1,0,1,1,1,0,1,0,0,0,1,0,2,0,0,0,5,5,2,4,2,4,3,1,3,0,0,0,1,0,0,0,0,0,0,1,0,0,1,0,0,0,2,0,0,0,0,0,0,1,0,0,0,2,1,2,0,0,0,0,0,0,0,0,0.166666666666667,0,0.333333333333333,0.166666666666667,0.333333333333333,0,0.166666666666667,0,0,NA,0.333333333333333,NA,0.666666666666667,NA,NA,NA,0.833333333333333,0.833333333333333,0.666666666666667,0.666666666666667,0.666666666666667,0.666666666666667,0.5,0.333333333333333,1,NA,0,NA,0.333333333333333,NA,NA,NA,0,0,0,0.166666666666667,0,0,0.166666666666667,0,0,NA,0.666666666666667,NA,0,NA,NA,NA,0,0.166666666666667,0,0,0,0.333333333333333,0.166666666666667,0.666666666666667,0,NA,0,NA,0,NA,NA,NA
"598",3,3,3,3,0,0,6,6,0,6,6,3,0,3,6,0,0,0,0,0,0,0,0,1,0,0,0,3,0,1,2,0,0,0,0,0,0,0,2,2,0,2,2,1,0,1,5,0,0.0625,0.0625,0.0625,0.0625,0,0,0.125,0.125,0,0.125,0.125,0.0625,0,0.0625,0.125,0,0,0,0,0,NA,NA,0,0.166666666666667,NA,0,0,1,NA,0.333333333333333,0.333333333333333,NA,0,0,0,0,NA,NA,0.333333333333333,0.333333333333333,NA,0.333333333333333,0.333333333333333,0.333333333333333,NA,0.333333333333333,0.833333333333333,NA,0,0,0,0,0,0,2,2,0,2,2,0,0,0,3,0,3,3,3,3,0,0,4,3,0,4,4,0,0,2,1,0,0,0,0,0,0,0,0,0,0,0,0,1,0,1,2,0,0,0,0,0,0,0,0,1,0,0,0,2,0,0,0,0,0,0,0,0,NA,NA,0.333333333333333,0.333333333333333,NA,0.333333333333333,0.333333333333333,0,NA,0,0.5,NA,1,1,1,1,NA,NA,0.666666666666667,0.5,NA,0.666666666666667,0.666666666666667,0,NA,0.666666666666667,0.166666666666667,NA,0,0,0,0,NA,NA,0,0,NA,0,0,0.333333333333333,NA,0.333333333333333,0.333333333333333,NA,0,0,0,0,NA,NA,0,0.166666666666667,NA,0,0,0.666666666666667,NA,0,0,NA
"599",6,6,0,0,3,0,0,0,6,0,0,0,6,0,0,0,0,1,0,0,0,0,0,0,0,0,0,0,4,0,0,0,1,3,0,0,0,0,0,0,1,0,0,0,1,0,0,0,0.222222222222222,0.222222222222222,0,0,0.111111111111111,0,0,0,0.222222222222222,0,0,0,0.222222222222222,0,0,0,0,0.166666666666667,NA,NA,0,NA,NA,NA,0,NA,NA,NA,0.666666666666667,NA,NA,NA,0.166666666666667,0.5,NA,NA,0,NA,NA,NA,0.166666666666667,NA,NA,NA,0.166666666666667,NA,NA,NA,1,2,0,0,0,0,0,0,1,0,0,0,0,0,0,0,5,3,0,0,3,0,0,0,5,0,0,0,2,0,0,0,0,1,0,0,0,0,0,0,0,0,0,0,1,0,0,0,0,0,0,0,0,0,0,0,0,0,0,0,3,0,0,0,0.166666666666667,0.333333333333333,NA,NA,0,NA,NA,NA,0.166666666666667,NA,NA,NA,0,NA,NA,NA,0.833333333333333,0.5,NA,NA,1,NA,NA,NA,0.833333333333333,NA,NA,NA,0.333333333333333,NA,NA,NA,0,0.166666666666667,NA,NA,0,NA,NA,NA,0,NA,NA,NA,0.166666666666667,NA,NA,NA,0,0,NA,NA,0,NA,NA,NA,0,NA,NA,NA,0.5,NA,NA,NA
"600",3,3,3,6,0,0,6,6,0,6,6,0,0,6,3,0,0,0,0,0,0,0,0,2,0,0,2,0,0,2,1,0,0,1,0,1,0,0,2,5,0,0,2,0,0,4,3,0,0.0625,0.0625,0.0625,0.125,0,0,0.125,0.125,0,0.125,0.125,0,0,0.125,0.0625,0,0,0,0,0,NA,NA,0,0.333333333333333,NA,0,0.333333333333333,NA,NA,0.333333333333333,0.333333333333333,NA,0,0.333333333333333,0,0.166666666666667,NA,NA,0.333333333333333,0.833333333333333,NA,0,0.333333333333333,NA,NA,0.666666666666667,1,NA,0,1,0,1,0,0,2,4,0,0,1,0,0,3,2,0,3,2,3,5,0,0,4,0,0,6,3,0,0,1,0,0,0,0,0,0,0,0,0,1,0,0,1,0,0,1,1,0,0,0,0,0,0,0,0,1,0,0,1,0,0,1,0,0,0,0.333333333333333,0,0.166666666666667,NA,NA,0.333333333333333,0.666666666666667,NA,0,0.166666666666667,NA,NA,0.5,0.666666666666667,NA,1,0.666666666666667,1,0.833333333333333,NA,NA,0.666666666666667,0,NA,1,0.5,NA,NA,0.166666666666667,0,NA,0,0,0,0,NA,NA,0,0.166666666666667,NA,0,0.166666666666667,NA,NA,0.166666666666667,0.333333333333333,NA,0,0,0,0,NA,NA,0,0.166666666666667,NA,0,0.166666666666667,NA,NA,0.166666666666667,0,NA
"601",3,6,6,6,6,6,6,3,0,0,6,0,0,0,0,0,0,0,1,1,1,2,0,1,0,0,4,0,0,0,0,0,0,1,2,2,1,3,1,3,0,0,4,0,0,0,0,0,0.0625,0.125,0.125,0.125,0.125,0.125,0.125,0.0625,0,0,0.125,0,0,0,0,0,0,0,0.166666666666667,0.166666666666667,0.166666666666667,0.333333333333333,0,0.333333333333333,NA,NA,0.666666666666667,NA,NA,NA,NA,NA,0,0.166666666666667,0.333333333333333,0.333333333333333,0.166666666666667,0.5,0.166666666666667,1,NA,NA,0.666666666666667,NA,NA,NA,NA,NA,0,1,1,2,1,2,1,2,0,0,2,0,0,0,0,0,3,5,4,3,4,2,5,0,0,0,0,0,0,0,0,0,0,0,1,0,0,1,0,1,0,0,2,0,0,0,0,0,0,0,0,1,1,1,0,0,0,0,2,0,0,0,0,0,0,0.166666666666667,0.166666666666667,0.333333333333333,0.166666666666667,0.333333333333333,0.166666666666667,0.666666666666667,NA,NA,0.333333333333333,NA,NA,NA,NA,NA,1,0.833333333333333,0.666666666666667,0.5,0.666666666666667,0.333333333333333,0.833333333333333,0,NA,NA,0,NA,NA,NA,NA,NA,0,0,0.166666666666667,0,0,0.166666666666667,0,0.333333333333333,NA,NA,0.333333333333333,NA,NA,NA,NA,NA,0,0,0,0.166666666666667,0.166666666666667,0.166666666666667,0,0,NA,NA,0.333333333333333,NA,NA,NA,NA,NA
"602",3,3,6,6,6,6,6,0,3,6,0,0,3,0,0,0,0,0,0,1,0,0,1,0,0,2,0,0,0,0,0,0,0,0,2,4,2,1,4,0,1,0,0,0,1,0,0,0,0.0625,0.0625,0.125,0.125,0.125,0.125,0.125,0,0.0625,0.125,0,0,0.0625,0,0,0,0,0,0,0.166666666666667,0,0,0.166666666666667,NA,0,0.333333333333333,NA,NA,0,NA,NA,NA,0,0,0.333333333333333,0.666666666666667,0.333333333333333,0.166666666666667,0.666666666666667,NA,0.333333333333333,0,NA,NA,0.333333333333333,NA,NA,NA,0,0,2,3,2,1,4,0,1,0,0,0,1,0,0,0,3,3,4,2,4,5,1,0,2,4,0,0,2,0,0,0,0,0,0,1,0,0,0,0,0,0,0,0,0,0,0,0,0,0,0,0,0,0,1,0,0,2,0,0,0,0,0,0,0,0,0.333333333333333,0.5,0.333333333333333,0.166666666666667,0.666666666666667,NA,0.333333333333333,0,NA,NA,0.333333333333333,NA,NA,NA,1,1,0.666666666666667,0.333333333333333,0.666666666666667,0.833333333333333,0.166666666666667,NA,0.666666666666667,0.666666666666667,NA,NA,0.666666666666667,NA,NA,NA,0,0,0,0.166666666666667,0,0,0,NA,0,0,NA,NA,0,NA,NA,NA,0,0,0,0,0,0,0.166666666666667,NA,0,0.333333333333333,NA,NA,0,NA,NA,NA
"603",3,3,6,6,3,3,0,0,6,3,0,0,6,6,0,0,0,0,0,2,0,0,0,0,1,0,0,0,2,1,0,0,0,0,1,1,0,1,0,0,1,1,0,0,2,3,0,0,0.0666666666666667,0.0666666666666667,0.133333333333333,0.133333333333333,0.0666666666666667,0.0666666666666667,0,0,0.133333333333333,0.0666666666666667,0,0,0.133333333333333,0.133333333333333,0,0,0,0,0,0.333333333333333,0,0,NA,NA,0.166666666666667,0,NA,NA,0.333333333333333,0.166666666666667,NA,NA,0,0,0.166666666666667,0.166666666666667,0,0.333333333333333,NA,NA,0.166666666666667,0.333333333333333,NA,NA,0.333333333333333,0.5,NA,NA,0,0,1,1,0,1,0,0,1,1,0,0,1,3,0,0,3,3,5,3,3,2,0,0,4,2,0,0,3,2,0,0,0,0,0,0,0,0,0,0,0,0,0,0,1,0,0,0,0,0,0,2,0,0,0,0,1,0,0,0,1,1,0,0,0,0,0.166666666666667,0.166666666666667,0,0.333333333333333,NA,NA,0.166666666666667,0.333333333333333,NA,NA,0.166666666666667,0.5,NA,NA,1,1,0.833333333333333,0.5,1,0.666666666666667,NA,NA,0.666666666666667,0.666666666666667,NA,NA,0.5,0.333333333333333,NA,NA,0,0,0,0,0,0,NA,NA,0,0,NA,NA,0.166666666666667,0,NA,NA,0,0,0,0.333333333333333,0,0,NA,NA,0.166666666666667,0,NA,NA,0.166666666666667,0.166666666666667,NA,NA
"604",3,3,6,6,6,6,0,0,6,6,0,0,0,6,0,0,0,0,0,3,0,1,0,0,2,0,0,0,0,2,0,0,1,0,1,2,0,1,0,0,0,1,0,0,0,3,0,0,0.0625,0.0625,0.125,0.125,0.125,0.125,0,0,0.125,0.125,0,0,0,0.125,0,0,0,0,0,0.5,0,0.166666666666667,NA,NA,0.333333333333333,0,NA,NA,NA,0.333333333333333,NA,NA,0.333333333333333,0,0.166666666666667,0.333333333333333,0,0.166666666666667,NA,NA,0,0.166666666666667,NA,NA,NA,0.5,NA,NA,1,0,1,1,0,0,0,0,0,1,0,0,0,2,0,0,2,3,5,2,6,5,0,0,4,5,0,0,0,2,0,0,0,0,0,1,0,1,0,0,0,0,0,0,0,1,0,0,0,0,0,2,0,0,0,0,2,0,0,0,0,1,0,0,0.333333333333333,0,0.166666666666667,0.166666666666667,0,0,NA,NA,0,0.166666666666667,NA,NA,NA,0.333333333333333,NA,NA,0.666666666666667,1,0.833333333333333,0.333333333333333,1,0.833333333333333,NA,NA,0.666666666666667,0.833333333333333,NA,NA,NA,0.333333333333333,NA,NA,0,0,0,0.166666666666667,0,0.166666666666667,NA,NA,0,0,NA,NA,NA,0.166666666666667,NA,NA,0,0,0,0.333333333333333,0,0,NA,NA,0.333333333333333,0,NA,NA,NA,0.166666666666667,NA,NA
"605",3,3,3,3,3,6,6,6,3,0,6,0,6,0,0,0,0,0,0,0,0,0,0,0,0,0,3,0,1,0,0,0,0,0,0,1,0,3,1,4,1,0,4,0,2,0,0,0,0.0625,0.0625,0.0625,0.0625,0.0625,0.125,0.125,0.125,0.0625,0,0.125,0,0.125,0,0,0,0,0,0,0,0,0,0,0,0,NA,0.5,NA,0.166666666666667,NA,NA,NA,0,0,0,0.333333333333333,0,0.5,0.166666666666667,0.666666666666667,0.333333333333333,NA,0.666666666666667,NA,0.333333333333333,NA,NA,NA,0,0,0,1,0,3,1,4,1,0,2,0,2,0,0,0,3,3,3,2,3,3,5,2,2,0,1,0,3,0,0,0,0,0,0,0,0,0,0,0,0,0,2,0,0,0,0,0,0,0,0,0,0,0,0,0,0,0,1,0,1,0,0,0,0,0,0,0.333333333333333,0,0.5,0.166666666666667,0.666666666666667,0.333333333333333,NA,0.333333333333333,NA,0.333333333333333,NA,NA,NA,1,1,1,0.666666666666667,1,0.5,0.833333333333333,0.333333333333333,0.666666666666667,NA,0.166666666666667,NA,0.5,NA,NA,NA,0,0,0,0,0,0,0,0,0,NA,0.333333333333333,NA,0,NA,NA,NA,0,0,0,0,0,0,0,0,0,NA,0.166666666666667,NA,0.166666666666667,NA,NA,NA
"606",3,3,3,6,0,3,6,6,3,6,0,0,3,6,0,0,0,0,0,0,0,0,2,2,0,1,0,0,0,3,0,0,0,0,0,2,0,0,2,4,1,0,0,0,0,4,0,0,0.0625,0.0625,0.0625,0.125,0,0.0625,0.125,0.125,0.0625,0.125,0,0,0.0625,0.125,0,0,0,0,0,0,NA,0,0.333333333333333,0.333333333333333,0,0.166666666666667,NA,NA,0,0.5,NA,NA,0,0,0,0.333333333333333,NA,0,0.333333333333333,0.666666666666667,0.333333333333333,0,NA,NA,0,0.666666666666667,NA,NA,0,0,0,2,0,0,1,3,1,0,0,0,0,1,0,0,3,3,3,4,0,3,3,1,2,5,0,0,3,2,0,0,0,0,0,0,0,0,1,1,0,0,0,0,0,3,0,0,0,0,0,0,0,0,1,1,0,1,0,0,0,0,0,0,0,0,0,0.333333333333333,NA,0,0.166666666666667,0.5,0.333333333333333,0,NA,NA,0,0.166666666666667,NA,NA,1,1,1,0.666666666666667,NA,1,0.5,0.166666666666667,0.666666666666667,0.833333333333333,NA,NA,1,0.333333333333333,NA,NA,0,0,0,0,NA,0,0.166666666666667,0.166666666666667,0,0,NA,NA,0,0.5,NA,NA,0,0,0,0,NA,0,0.166666666666667,0.166666666666667,0,0.166666666666667,NA,NA,0,0,NA,NA
"607",3,3,6,6,3,6,6,3,3,0,6,0,0,0,3,0,0,0,0,1,0,2,1,1,1,0,1,0,0,0,3,0,1,0,2,0,1,1,2,2,2,0,2,0,0,0,2,0,0.0625,0.0625,0.125,0.125,0.0625,0.125,0.125,0.0625,0.0625,0,0.125,0,0,0,0.0625,0,0,0,0,0.166666666666667,0,0.333333333333333,0.166666666666667,0.333333333333333,0.333333333333333,NA,0.166666666666667,NA,NA,NA,1,NA,0.333333333333333,0,0.333333333333333,0,0.333333333333333,0.166666666666667,0.333333333333333,0.666666666666667,0.666666666666667,NA,0.333333333333333,NA,NA,NA,0.666666666666667,NA,1,0,2,0,1,1,2,1,1,0,1,0,0,0,0,0,2,3,4,5,2,3,3,1,1,0,4,0,0,0,0,0,0,0,0,0,0,0,0,1,1,0,1,0,0,0,2,0,0,0,0,1,0,2,1,0,0,0,0,0,0,0,1,0,0.333333333333333,0,0.333333333333333,0,0.333333333333333,0.166666666666667,0.333333333333333,0.333333333333333,0.333333333333333,NA,0.166666666666667,NA,NA,NA,0,NA,0.666666666666667,1,0.666666666666667,0.833333333333333,0.666666666666667,0.5,0.5,0.333333333333333,0.333333333333333,NA,0.666666666666667,NA,NA,NA,0,NA,0,0,0,0,0,0,0,0.333333333333333,0.333333333333333,NA,0.166666666666667,NA,NA,NA,0.666666666666667,NA,0,0,0,0.166666666666667,0,0.333333333333333,0.166666666666667,0,0,NA,0,NA,NA,NA,0.333333333333333,NA
"608",3,6,3,0,3,0,0,0,3,0,0,0,6,0,0,0,0,1,1,0,0,0,0,0,0,0,0,0,1,0,0,0,0,0,0,0,0,0,0,0,0,0,0,0,4,0,0,0,0.125,0.25,0.125,0,0.125,0,0,0,0.125,0,0,0,0.25,0,0,0,0,0.166666666666667,0.333333333333333,NA,0,NA,NA,NA,0,NA,NA,NA,0.166666666666667,NA,NA,NA,0,0,0,NA,0,NA,NA,NA,0,NA,NA,NA,0.666666666666667,NA,NA,NA,0,0,0,0,0,0,0,0,0,0,0,0,3,0,0,0,3,5,2,0,3,0,0,0,3,0,0,0,2,0,0,0,0,0,0,0,0,0,0,0,0,0,0,0,1,0,0,0,0,1,1,0,0,0,0,0,0,0,0,0,0,0,0,0,0,0,0,NA,0,NA,NA,NA,0,NA,NA,NA,0.5,NA,NA,NA,1,0.833333333333333,0.666666666666667,NA,1,NA,NA,NA,1,NA,NA,NA,0.333333333333333,NA,NA,NA,0,0,0,NA,0,NA,NA,NA,0,NA,NA,NA,0.166666666666667,NA,NA,NA,0,0.166666666666667,0.333333333333333,NA,0,NA,NA,NA,0,NA,NA,NA,0,NA,NA,NA
"609",6,6,3,6,0,3,6,6,0,3,6,0,0,0,3,0,0,1,0,0,0,1,1,1,0,2,1,0,0,0,1,0,0,0,1,0,0,0,1,3,0,0,2,0,0,0,2,0,0.125,0.125,0.0625,0.125,0,0.0625,0.125,0.125,0,0.0625,0.125,0,0,0,0.0625,0,0,0.166666666666667,0,0,NA,0.333333333333333,0.166666666666667,0.166666666666667,NA,0.666666666666667,0.166666666666667,NA,NA,NA,0.333333333333333,NA,0,0,0.333333333333333,0,NA,0,0.166666666666667,0.5,NA,0,0.333333333333333,NA,NA,NA,0.666666666666667,NA,0,0,1,0,0,0,0,3,0,0,2,0,0,0,1,0,6,5,2,6,0,2,5,2,0,1,3,0,0,0,1,0,0,0,0,0,0,0,1,0,0,0,0,0,0,0,1,0,0,1,0,0,0,1,0,1,0,2,1,0,0,0,0,0,0,0,0.333333333333333,0,NA,0,0,0.5,NA,0,0.333333333333333,NA,NA,NA,0.333333333333333,NA,1,0.833333333333333,0.666666666666667,1,NA,0.666666666666667,0.833333333333333,0.333333333333333,NA,0.333333333333333,0.5,NA,NA,NA,0.333333333333333,NA,0,0,0,0,NA,0,0.166666666666667,0,NA,0,0,NA,NA,NA,0.333333333333333,NA,0,0.166666666666667,0,0,NA,0.333333333333333,0,0.166666666666667,NA,0.666666666666667,0.166666666666667,NA,NA,NA,0,NA
"610",3,3,6,3,6,3,0,0,6,3,0,0,3,6,0,0,0,0,0,1,0,0,0,0,2,0,0,0,1,1,0,0,0,0,3,0,0,1,0,0,1,1,0,0,0,2,0,0,0.0714285714285714,0.0714285714285714,0.142857142857143,0.0714285714285714,0.142857142857143,0.0714285714285714,0,0,0.142857142857143,0.0714285714285714,0,0,0.0714285714285714,0.142857142857143,0,0,0,0,0,0.333333333333333,0,0,NA,NA,0.333333333333333,0,NA,NA,0.333333333333333,0.166666666666667,NA,NA,0,0,0.5,0,0,0.333333333333333,NA,NA,0.166666666666667,0.333333333333333,NA,NA,0,0.333333333333333,NA,NA,0,0,3,0,0,1,0,0,0,1,0,0,0,1,0,0,3,3,3,2,6,2,0,0,4,2,0,0,2,4,0,0,0,0,0,0,0,0,0,0,1,0,0,0,0,1,0,0,0,0,0,1,0,0,0,0,1,0,0,0,1,0,0,0,0,0,0.5,0,0,0.333333333333333,NA,NA,0,0.333333333333333,NA,NA,0,0.166666666666667,NA,NA,1,1,0.5,0.666666666666667,1,0.666666666666667,NA,NA,0.666666666666667,0.666666666666667,NA,NA,0.666666666666667,0.666666666666667,NA,NA,0,0,0,0,0,0,NA,NA,0.166666666666667,0,NA,NA,0,0.166666666666667,NA,NA,0,0,0,0.333333333333333,0,0,NA,NA,0.166666666666667,0,NA,NA,0.333333333333333,0,NA,NA
"611",6,6,3,0,3,0,0,0,6,0,0,0,6,0,0,0,0,1,1,0,0,0,0,0,0,0,0,0,1,0,0,0,0,0,1,0,0,0,0,0,1,0,0,0,1,0,0,0,0.2,0.2,0.1,0,0.1,0,0,0,0.2,0,0,0,0.2,0,0,0,0,0.166666666666667,0.333333333333333,NA,0,NA,NA,NA,0,NA,NA,NA,0.166666666666667,NA,NA,NA,0,0,0.333333333333333,NA,0,NA,NA,NA,0.166666666666667,NA,NA,NA,0.166666666666667,NA,NA,NA,0,0,0,0,0,0,0,0,1,0,0,0,1,0,0,0,6,5,2,0,3,0,0,0,5,0,0,0,4,0,0,0,0,0,1,0,0,0,0,0,0,0,0,0,0,0,0,0,0,1,0,0,0,0,0,0,0,0,0,0,1,0,0,0,0,0,0,NA,0,NA,NA,NA,0.166666666666667,NA,NA,NA,0.166666666666667,NA,NA,NA,1,0.833333333333333,0.666666666666667,NA,1,NA,NA,NA,0.833333333333333,NA,NA,NA,0.666666666666667,NA,NA,NA,0,0,0.333333333333333,NA,0,NA,NA,NA,0,NA,NA,NA,0,NA,NA,NA,0,0.166666666666667,0,NA,0,NA,NA,NA,0,NA,NA,NA,0.166666666666667,NA,NA,NA
"612",3,3,3,6,3,6,6,0,3,6,0,0,6,0,0,0,0,0,0,1,0,1,0,0,0,2,0,0,0,0,0,0,0,0,1,4,1,0,4,0,1,3,0,0,2,0,0,0,0.0666666666666667,0.0666666666666667,0.0666666666666667,0.133333333333333,0.0666666666666667,0.133333333333333,0.133333333333333,0,0.0666666666666667,0.133333333333333,0,0,0.133333333333333,0,0,0,0,0,0,0.166666666666667,0,0.166666666666667,0,NA,0,0.333333333333333,NA,NA,0,NA,NA,NA,0,0,0.333333333333333,0.666666666666667,0.333333333333333,0,0.666666666666667,NA,0.333333333333333,0.5,NA,NA,0.333333333333333,NA,NA,NA,0,0,1,4,1,0,4,0,1,2,0,0,2,0,0,0,3,3,2,1,2,5,2,0,2,2,0,0,4,0,0,0,0,0,0,0,0,0,0,0,0,1,0,0,0,0,0,0,0,0,0,1,0,1,0,0,0,1,0,0,0,0,0,0,0,0,0.333333333333333,0.666666666666667,0.333333333333333,0,0.666666666666667,NA,0.333333333333333,0.333333333333333,NA,NA,0.333333333333333,NA,NA,NA,1,1,0.666666666666667,0.166666666666667,0.666666666666667,0.833333333333333,0.333333333333333,NA,0.666666666666667,0.333333333333333,NA,NA,0.666666666666667,NA,NA,NA,0,0,0,0,0,0,0,NA,0,0.166666666666667,NA,NA,0,NA,NA,NA,0,0,0,0.166666666666667,0,0.166666666666667,0,NA,0,0.166666666666667,NA,NA,0,NA,NA,NA
"613",3,3,3,6,0,6,6,3,3,6,3,0,0,6,0,0,0,0,0,0,0,1,0,1,0,0,1,0,0,2,0,0,0,0,0,3,0,1,2,2,0,1,2,0,0,5,0,0,0.0625,0.0625,0.0625,0.125,0,0.125,0.125,0.0625,0.0625,0.125,0.0625,0,0,0.125,0,0,0,0,0,0,NA,0.166666666666667,0,0.333333333333333,0,0,0.333333333333333,NA,NA,0.333333333333333,NA,NA,0,0,0,0.5,NA,0.166666666666667,0.333333333333333,0.666666666666667,0,0.166666666666667,0.666666666666667,NA,NA,0.833333333333333,NA,NA,0,0,0,3,0,1,2,2,0,1,2,0,0,3,0,0,3,3,3,3,0,4,4,0,3,5,0,0,0,1,0,0,0,0,0,0,0,0,0,0,0,0,0,0,0,2,0,0,0,0,0,0,0,1,0,1,0,0,1,0,0,0,0,0,0,0,0,0.5,NA,0.166666666666667,0.333333333333333,0.666666666666667,0,0.166666666666667,0.666666666666667,NA,NA,0.5,NA,NA,1,1,1,0.5,NA,0.666666666666667,0.666666666666667,0,1,0.833333333333333,0,NA,NA,0.166666666666667,NA,NA,0,0,0,0,NA,0,0,0,0,0,0,NA,NA,0.333333333333333,NA,NA,0,0,0,0,NA,0.166666666666667,0,0.333333333333333,0,0,0.333333333333333,NA,NA,0,NA,NA
"614",3,3,6,6,6,6,0,0,6,6,0,0,3,0,0,0,0,0,0,2,0,0,0,0,2,2,0,0,2,0,0,0,0,0,1,3,0,1,0,0,3,2,0,0,0,0,0,0,0.0666666666666667,0.0666666666666667,0.133333333333333,0.133333333333333,0.133333333333333,0.133333333333333,0,0,0.133333333333333,0.133333333333333,0,0,0.0666666666666667,0,0,0,0,0,0,0.333333333333333,0,0,NA,NA,0.333333333333333,0.333333333333333,NA,NA,0.666666666666667,NA,NA,NA,0,0,0.166666666666667,0.5,0,0.166666666666667,NA,NA,0.5,0.333333333333333,NA,NA,0,NA,NA,NA,0,0,1,2,0,1,0,0,2,2,0,0,0,0,0,0,3,3,5,2,6,5,0,0,2,2,0,0,1,0,0,0,0,0,0,1,0,0,0,0,1,0,0,0,0,0,0,0,0,0,0,1,0,0,0,0,1,2,0,0,2,0,0,0,0,0,0.166666666666667,0.333333333333333,0,0.166666666666667,NA,NA,0.333333333333333,0.333333333333333,NA,NA,0,NA,NA,NA,1,1,0.833333333333333,0.333333333333333,1,0.833333333333333,NA,NA,0.333333333333333,0.333333333333333,NA,NA,0.333333333333333,NA,NA,NA,0,0,0,0.166666666666667,0,0,NA,NA,0.166666666666667,0,NA,NA,0,NA,NA,NA,0,0,0,0.166666666666667,0,0,NA,NA,0.166666666666667,0.333333333333333,NA,NA,0.666666666666667,NA,NA,NA
"615",6,3,3,6,3,6,6,6,3,3,0,0,3,0,0,0,1,0,0,0,0,1,2,2,0,1,0,0,0,0,0,0,0,1,0,2,0,1,2,5,1,0,0,0,0,0,0,0,0.125,0.0625,0.0625,0.125,0.0625,0.125,0.125,0.125,0.0625,0.0625,0,0,0.0625,0,0,0,0.166666666666667,0,0,0,0,0.166666666666667,0.333333333333333,0.333333333333333,0,0.333333333333333,NA,NA,0,NA,NA,NA,0,0.333333333333333,0,0.333333333333333,0,0.166666666666667,0.333333333333333,0.833333333333333,0.333333333333333,0,NA,NA,0,NA,NA,NA,0,1,0,2,0,1,1,3,1,0,0,0,0,0,0,0,5,2,3,4,3,4,3,1,2,2,0,0,3,0,0,0,0,0,0,0,0,0,1,2,0,0,0,0,0,0,0,0,1,0,0,0,0,1,1,0,0,1,0,0,0,0,0,0,0,0.333333333333333,0,0.333333333333333,0,0.166666666666667,0.166666666666667,0.5,0.333333333333333,0,NA,NA,0,NA,NA,NA,0.833333333333333,0.666666666666667,1,0.666666666666667,1,0.666666666666667,0.5,0.166666666666667,0.666666666666667,0.666666666666667,NA,NA,1,NA,NA,NA,0,0,0,0,0,0,0.166666666666667,0.333333333333333,0,0,NA,NA,0,NA,NA,NA,0.166666666666667,0,0,0,0,0.166666666666667,0.166666666666667,0,0,0.333333333333333,NA,NA,0,NA,NA,NA
"616",3,3,3,6,0,3,6,6,3,6,0,0,3,6,0,0,0,0,0,1,0,0,0,0,0,1,0,0,2,3,0,0,0,0,0,2,0,1,3,4,0,0,0,0,1,4,0,0,0.0625,0.0625,0.0625,0.125,0,0.0625,0.125,0.125,0.0625,0.125,0,0,0.0625,0.125,0,0,0,0,0,0.166666666666667,NA,0,0,0,0,0.166666666666667,NA,NA,0.666666666666667,0.5,NA,NA,0,0,0,0.333333333333333,NA,0.333333333333333,0.5,0.666666666666667,0,0,NA,NA,0.333333333333333,0.666666666666667,NA,NA,0,0,0,2,0,1,3,4,0,0,0,0,1,3,0,0,3,3,3,3,0,2,3,2,3,5,0,0,0,0,0,0,0,0,0,0,0,0,0,0,0,0,0,0,0,1,0,0,0,0,0,1,0,0,0,0,0,1,0,0,2,2,0,0,0,0,0,0.333333333333333,NA,0.333333333333333,0.5,0.666666666666667,0,0,NA,NA,0.333333333333333,0.5,NA,NA,1,1,1,0.5,NA,0.666666666666667,0.5,0.333333333333333,1,0.833333333333333,NA,NA,0,0,NA,NA,0,0,0,0,NA,0,0,0,0,0,NA,NA,0,0.166666666666667,NA,NA,0,0,0,0.166666666666667,NA,0,0,0,0,0.166666666666667,NA,NA,0.666666666666667,0.333333333333333,NA,NA
"617",3,3,3,6,3,6,6,6,0,3,6,0,0,0,3,0,0,0,0,0,0,2,0,2,0,1,1,0,0,0,1,0,1,0,0,2,0,0,1,1,0,0,2,0,0,0,0,0,0.0625,0.0625,0.0625,0.125,0.0625,0.125,0.125,0.125,0,0.0625,0.125,0,0,0,0.0625,0,0,0,0,0,0,0.333333333333333,0,0.333333333333333,NA,0.333333333333333,0.166666666666667,NA,NA,NA,0.333333333333333,NA,0.333333333333333,0,0,0.333333333333333,0,0,0.166666666666667,0.166666666666667,NA,0,0.333333333333333,NA,NA,NA,0,NA,1,0,0,2,0,0,1,0,0,0,2,0,0,0,0,0,2,3,3,4,3,4,5,4,0,2,3,0,0,0,2,0,0,0,0,0,0,0,0,1,0,0,0,0,0,0,0,0,0,0,0,0,0,2,0,1,0,1,1,0,0,0,1,0,0.333333333333333,0,0,0.333333333333333,0,0,0.166666666666667,0,NA,0,0.333333333333333,NA,NA,NA,0,NA,0.666666666666667,1,1,0.666666666666667,1,0.666666666666667,0.833333333333333,0.666666666666667,NA,0.666666666666667,0.5,NA,NA,NA,0.666666666666667,NA,0,0,0,0,0,0,0,0.166666666666667,NA,0,0,NA,NA,NA,0,NA,0,0,0,0,0,0.333333333333333,0,0.166666666666667,NA,0.333333333333333,0.166666666666667,NA,NA,NA,0.333333333333333,NA
"618",6,6,6,6,0,0,3,6,0,6,6,0,0,3,0,0,0,1,0,0,0,0,0,3,0,1,0,0,0,1,0,0,0,1,2,1,0,0,0,2,0,2,3,0,0,2,0,0,0.125,0.125,0.125,0.125,0,0,0.0625,0.125,0,0.125,0.125,0,0,0.0625,0,0,0,0.166666666666667,0,0,NA,NA,0,0.5,NA,0.166666666666667,0,NA,NA,0.333333333333333,NA,NA,0,0.166666666666667,0.333333333333333,0.166666666666667,NA,NA,0,0.333333333333333,NA,0.333333333333333,0.5,NA,NA,0.666666666666667,NA,NA,0,0,2,1,0,0,0,2,0,2,3,0,0,1,0,0,6,5,4,5,0,0,3,1,0,3,3,0,0,1,0,0,0,1,0,0,0,0,0,0,0,0,0,0,0,1,0,0,0,0,0,0,0,0,0,3,0,1,0,0,0,0,0,0,0,0,0.333333333333333,0.166666666666667,NA,NA,0,0.333333333333333,NA,0.333333333333333,0.5,NA,NA,0.333333333333333,NA,NA,1,0.833333333333333,0.666666666666667,0.833333333333333,NA,NA,1,0.166666666666667,NA,0.5,0.5,NA,NA,0.333333333333333,NA,NA,0,0.166666666666667,0,0,NA,NA,0,0,NA,0,0,NA,NA,0.333333333333333,NA,NA,0,0,0,0,NA,NA,0,0.5,NA,0.166666666666667,0,NA,NA,0,NA,NA
"619",3,3,3,6,0,3,6,6,3,6,6,0,0,3,0,0,0,0,0,0,0,0,0,2,1,0,3,0,0,1,0,0,0,0,1,2,0,0,1,6,0,3,3,0,0,1,0,0,0.0625,0.0625,0.0625,0.125,0,0.0625,0.125,0.125,0.0625,0.125,0.125,0,0,0.0625,0,0,0,0,0,0,NA,0,0,0.333333333333333,0.333333333333333,0,0.5,NA,NA,0.333333333333333,NA,NA,0,0,0.333333333333333,0.333333333333333,NA,0,0.166666666666667,1,0,0.5,0.5,NA,NA,0.333333333333333,NA,NA,0,0,1,2,0,0,1,4,0,3,2,0,0,1,0,0,3,3,2,4,0,3,5,0,2,3,1,0,0,1,0,0,0,0,0,0,0,0,0,2,0,0,1,0,0,0,0,0,0,0,0,0,0,0,0,0,1,0,2,0,0,1,0,0,0,0,0.333333333333333,0.333333333333333,NA,0,0.166666666666667,0.666666666666667,0,0.5,0.333333333333333,NA,NA,0.333333333333333,NA,NA,1,1,0.666666666666667,0.666666666666667,NA,1,0.833333333333333,0,0.666666666666667,0.5,0.166666666666667,NA,NA,0.333333333333333,NA,NA,0,0,0,0,NA,0,0,0.333333333333333,0,0,0.166666666666667,NA,NA,0,NA,NA,0,0,0,0,NA,0,0,0,0.333333333333333,0,0.333333333333333,NA,NA,0.333333333333333,NA,NA
"620",3,3,6,6,0,6,0,0,6,6,0,0,6,3,0,0,0,0,0,2,0,1,0,0,0,1,0,0,2,2,0,0,0,0,0,1,0,2,0,0,2,2,0,0,2,1,0,0,0.0666666666666667,0.0666666666666667,0.133333333333333,0.133333333333333,0,0.133333333333333,0,0,0.133333333333333,0.133333333333333,0,0,0.133333333333333,0.0666666666666667,0,0,0,0,0,0.333333333333333,NA,0.166666666666667,NA,NA,0,0.166666666666667,NA,NA,0.333333333333333,0.666666666666667,NA,NA,0,0,0,0.166666666666667,NA,0.333333333333333,NA,NA,0.333333333333333,0.333333333333333,NA,NA,0.333333333333333,0.333333333333333,NA,NA,0,0,0,0,0,1,0,0,2,1,0,0,1,0,0,0,3,3,6,4,0,4,0,0,4,4,0,0,3,1,0,0,0,0,0,1,0,1,0,0,0,1,0,0,1,1,0,0,0,0,0,1,0,0,0,0,0,0,0,0,1,1,0,0,0,0,0,0,NA,0.166666666666667,NA,NA,0.333333333333333,0.166666666666667,NA,NA,0.166666666666667,0,NA,NA,1,1,1,0.666666666666667,NA,0.666666666666667,NA,NA,0.666666666666667,0.666666666666667,NA,NA,0.5,0.333333333333333,NA,NA,0,0,0,0.166666666666667,NA,0.166666666666667,NA,NA,0,0.166666666666667,NA,NA,0.166666666666667,0.333333333333333,NA,NA,0,0,0,0.166666666666667,NA,0,NA,NA,0,0,NA,NA,0.166666666666667,0.333333333333333,NA,NA
"621",3,6,3,6,0,0,3,6,0,6,6,0,0,3,6,0,0,0,0,0,0,0,0,2,0,1,1,0,0,2,1,0,0,2,0,1,0,0,0,4,0,2,1,0,0,0,3,0,0.0625,0.125,0.0625,0.125,0,0,0.0625,0.125,0,0.125,0.125,0,0,0.0625,0.125,0,0,0,0,0,NA,NA,0,0.333333333333333,NA,0.166666666666667,0.166666666666667,NA,NA,0.666666666666667,0.166666666666667,NA,0,0.333333333333333,0,0.166666666666667,NA,NA,0,0.666666666666667,NA,0.333333333333333,0.166666666666667,NA,NA,0,0.5,NA,0,2,0,1,0,0,0,2,0,2,0,0,0,0,3,0,3,4,3,5,0,0,3,2,0,3,5,0,0,1,2,0,0,0,0,0,0,0,0,2,0,0,1,0,0,0,0,0,0,0,0,0,0,0,0,0,0,1,0,0,0,2,1,0,0,0.333333333333333,0,0.166666666666667,NA,NA,0,0.333333333333333,NA,0.333333333333333,0,NA,NA,0,0.5,NA,1,0.666666666666667,1,0.833333333333333,NA,NA,1,0.333333333333333,NA,0.5,0.833333333333333,NA,NA,0.333333333333333,0.333333333333333,NA,0,0,0,0,NA,NA,0,0.333333333333333,NA,0,0.166666666666667,NA,NA,0,0,NA,0,0,0,0,NA,NA,0,0,NA,0.166666666666667,0,NA,NA,0.666666666666667,0.166666666666667,NA
"622",3,3,3,6,0,6,6,3,3,6,6,0,0,3,0,0,0,0,0,0,0,1,0,1,0,1,2,0,0,1,0,0,0,0,1,4,0,2,2,2,0,1,4,0,0,1,0,0,0.0625,0.0625,0.0625,0.125,0,0.125,0.125,0.0625,0.0625,0.125,0.125,0,0,0.0625,0,0,0,0,0,0,NA,0.166666666666667,0,0.333333333333333,0,0.166666666666667,0.333333333333333,NA,NA,0.333333333333333,NA,NA,0,0,0.333333333333333,0.666666666666667,NA,0.333333333333333,0.333333333333333,0.666666666666667,0,0.166666666666667,0.666666666666667,NA,NA,0.333333333333333,NA,NA,0,0,1,4,0,2,2,2,0,1,4,0,0,0,0,0,3,3,2,2,0,3,4,0,3,4,0,0,0,2,0,0,0,0,0,0,0,0,0,0,0,0,0,0,0,1,0,0,0,0,0,0,0,1,0,1,0,1,2,0,0,0,0,0,0,0,0.333333333333333,0.666666666666667,NA,0.333333333333333,0.333333333333333,0.666666666666667,0,0.166666666666667,0.666666666666667,NA,NA,0,NA,NA,1,1,0.666666666666667,0.333333333333333,NA,0.5,0.666666666666667,0,1,0.666666666666667,0,NA,NA,0.666666666666667,NA,NA,0,0,0,0,NA,0,0,0,0,0,0,NA,NA,0.333333333333333,NA,NA,0,0,0,0,NA,0.166666666666667,0,0.333333333333333,0,0.166666666666667,0.333333333333333,NA,NA,0,NA,NA
"623",3,3,6,0,3,6,0,0,6,0,0,0,6,0,0,0,0,0,0,0,0,2,0,0,0,0,0,0,1,0,0,0,1,0,4,0,0,1,0,0,0,0,0,0,3,0,0,0,0.0909090909090909,0.0909090909090909,0.181818181818182,0,0.0909090909090909,0.181818181818182,0,0,0.181818181818182,0,0,0,0.181818181818182,0,0,0,0,0,0,NA,0,0.333333333333333,NA,NA,0,NA,NA,NA,0.166666666666667,NA,NA,NA,0.333333333333333,0,0.666666666666667,NA,0,0.166666666666667,NA,NA,0,NA,NA,NA,0.5,NA,NA,NA,1,0,4,0,0,1,0,0,0,0,0,0,3,0,0,0,2,3,2,0,3,3,0,0,6,0,0,0,2,0,0,0,0,0,0,0,0,0,0,0,0,0,0,0,0,0,0,0,0,0,0,0,0,2,0,0,0,0,0,0,1,0,0,0,0.333333333333333,0,0.666666666666667,NA,0,0.166666666666667,NA,NA,0,NA,NA,NA,0.5,NA,NA,NA,0.666666666666667,1,0.333333333333333,NA,1,0.5,NA,NA,1,NA,NA,NA,0.333333333333333,NA,NA,NA,0,0,0,NA,0,0,NA,NA,0,NA,NA,NA,0,NA,NA,NA,0,0,0,NA,0,0.333333333333333,NA,NA,0,NA,NA,NA,0.166666666666667,NA,NA,NA
"624",3,3,6,6,6,3,6,0,6,6,0,0,0,0,0,0,0,0,0,1,0,0,1,0,2,0,0,0,0,0,0,0,0,0,2,3,1,1,3,0,2,3,0,0,0,0,0,0,0.0666666666666667,0.0666666666666667,0.133333333333333,0.133333333333333,0.133333333333333,0.0666666666666667,0.133333333333333,0,0.133333333333333,0.133333333333333,0,0,0,0,0,0,0,0,0,0.166666666666667,0,0,0.166666666666667,NA,0.333333333333333,0,NA,NA,NA,NA,NA,NA,0,0,0.333333333333333,0.5,0.166666666666667,0.333333333333333,0.5,NA,0.333333333333333,0.5,NA,NA,NA,NA,NA,NA,0,0,2,3,1,1,3,0,1,3,0,0,0,0,0,0,3,3,4,2,5,2,2,0,3,3,0,0,0,0,0,0,0,0,0,0,0,0,0,0,1,0,0,0,0,0,0,0,0,0,0,1,0,0,1,0,1,0,0,0,0,0,0,0,0,0,0.333333333333333,0.5,0.166666666666667,0.333333333333333,0.5,NA,0.166666666666667,0.5,NA,NA,NA,NA,NA,NA,1,1,0.666666666666667,0.333333333333333,0.833333333333333,0.666666666666667,0.333333333333333,NA,0.5,0.5,NA,NA,NA,NA,NA,NA,0,0,0,0,0,0,0,NA,0.166666666666667,0,NA,NA,NA,NA,NA,NA,0,0,0,0.166666666666667,0,0,0.166666666666667,NA,0.166666666666667,0,NA,NA,NA,NA,NA,NA
"625",3,3,3,6,3,6,6,3,6,3,0,0,6,0,0,0,0,0,0,0,0,0,1,3,0,2,0,0,4,0,0,0,0,0,0,2,0,2,3,1,0,0,0,0,2,0,0,0,0.0625,0.0625,0.0625,0.125,0.0625,0.125,0.125,0.0625,0.125,0.0625,0,0,0.125,0,0,0,0,0,0,0,0,0,0.166666666666667,1,0,0.666666666666667,NA,NA,0.666666666666667,NA,NA,NA,0,0,0,0.333333333333333,0,0.333333333333333,0.5,0.333333333333333,0,0,NA,NA,0.333333333333333,NA,NA,NA,0,0,0,2,0,2,2,0,0,0,0,0,1,0,0,0,3,3,3,4,3,4,3,0,6,1,0,0,1,0,0,0,0,0,0,0,0,0,1,1,0,0,0,0,1,0,0,0,0,0,0,0,0,0,0,2,0,2,0,0,3,0,0,0,0,0,0,0.333333333333333,0,0.333333333333333,0.333333333333333,0,0,0,NA,NA,0.166666666666667,NA,NA,NA,1,1,1,0.666666666666667,1,0.666666666666667,0.5,0,1,0.333333333333333,NA,NA,0.166666666666667,NA,NA,NA,0,0,0,0,0,0,0.166666666666667,0.333333333333333,0,0,NA,NA,0.166666666666667,NA,NA,NA,0,0,0,0,0,0,0,0.666666666666667,0,0.666666666666667,NA,NA,0.5,NA,NA,NA
"626",3,3,6,3,6,6,0,0,6,3,0,0,3,0,0,0,0,0,0,1,1,1,0,0,1,1,0,0,1,0,0,0,0,0,4,1,1,1,0,0,1,2,0,0,0,0,0,0,0.0769230769230769,0.0769230769230769,0.153846153846154,0.0769230769230769,0.153846153846154,0.153846153846154,0,0,0.153846153846154,0.0769230769230769,0,0,0.0769230769230769,0,0,0,0,0,0,0.333333333333333,0.166666666666667,0.166666666666667,NA,NA,0.166666666666667,0.333333333333333,NA,NA,0.333333333333333,NA,NA,NA,0,0,0.666666666666667,0.333333333333333,0.166666666666667,0.166666666666667,NA,NA,0.166666666666667,0.666666666666667,NA,NA,0,NA,NA,NA,0,0,4,1,1,1,0,0,1,1,0,0,0,0,0,0,3,3,2,1,4,4,0,0,4,1,0,0,2,0,0,0,0,0,0,0,0,0,0,0,0,1,0,0,0,0,0,0,0,0,0,1,1,1,0,0,1,0,0,0,1,0,0,0,0,0,0.666666666666667,0.333333333333333,0.166666666666667,0.166666666666667,NA,NA,0.166666666666667,0.333333333333333,NA,NA,0,NA,NA,NA,1,1,0.333333333333333,0.333333333333333,0.666666666666667,0.666666666666667,NA,NA,0.666666666666667,0.333333333333333,NA,NA,0.666666666666667,NA,NA,NA,0,0,0,0,0,0,NA,NA,0,0.333333333333333,NA,NA,0,NA,NA,NA,0,0,0,0.333333333333333,0.166666666666667,0.166666666666667,NA,NA,0.166666666666667,0,NA,NA,0.333333333333333,NA,NA,NA
"627",3,6,6,0,3,0,0,0,3,0,0,0,6,0,0,0,0,0,2,0,0,0,0,0,0,0,0,0,1,0,0,0,0,0,1,0,1,0,0,0,1,0,0,0,2,0,0,0,0.111111111111111,0.222222222222222,0.222222222222222,0,0.111111111111111,0,0,0,0.111111111111111,0,0,0,0.222222222222222,0,0,0,0,0,0.333333333333333,NA,0,NA,NA,NA,0,NA,NA,NA,0.166666666666667,NA,NA,NA,0,0,0.166666666666667,NA,0.333333333333333,NA,NA,NA,0.333333333333333,NA,NA,NA,0.333333333333333,NA,NA,NA,0,0,1,0,1,0,0,0,1,0,0,0,2,0,0,0,3,6,3,0,2,0,0,0,2,0,0,0,3,0,0,0,0,0,0,0,0,0,0,0,0,0,0,0,0,0,0,0,0,0,2,0,0,0,0,0,0,0,0,0,1,0,0,0,0,0,0.166666666666667,NA,0.333333333333333,NA,NA,NA,0.333333333333333,NA,NA,NA,0.333333333333333,NA,NA,NA,1,1,0.5,NA,0.666666666666667,NA,NA,NA,0.666666666666667,NA,NA,NA,0.5,NA,NA,NA,0,0,0,NA,0,NA,NA,NA,0,NA,NA,NA,0,NA,NA,NA,0,0,0.333333333333333,NA,0,NA,NA,NA,0,NA,NA,NA,0.166666666666667,NA,NA,NA
"628",3,6,6,6,0,0,6,6,0,6,6,0,0,3,0,0,0,0,1,0,0,0,0,1,0,0,1,0,0,1,0,0,0,0,0,2,0,0,0,3,0,3,4,0,0,3,0,0,0.0625,0.125,0.125,0.125,0,0,0.125,0.125,0,0.125,0.125,0,0,0.0625,0,0,0,0,0.166666666666667,0,NA,NA,0,0.166666666666667,NA,0,0.166666666666667,NA,NA,0.333333333333333,NA,NA,0,0,0,0.333333333333333,NA,NA,0,0.5,NA,0.5,0.666666666666667,NA,NA,1,NA,NA,0,0,0,2,0,0,0,3,0,3,4,0,0,2,0,0,3,6,5,4,0,0,6,2,0,3,1,0,0,0,0,0,0,0,0,0,0,0,0,0,0,0,0,0,0,1,0,0,0,0,1,0,0,0,0,1,0,0,1,0,0,0,0,0,0,0,0,0.333333333333333,NA,NA,0,0.5,NA,0.5,0.666666666666667,NA,NA,0.666666666666667,NA,NA,1,1,0.833333333333333,0.666666666666667,NA,NA,1,0.333333333333333,NA,0.5,0.166666666666667,NA,NA,0,NA,NA,0,0,0,0,NA,NA,0,0,NA,0,0,NA,NA,0.333333333333333,NA,NA,0,0,0.166666666666667,0,NA,NA,0,0.166666666666667,NA,0,0.166666666666667,NA,NA,0,NA,NA
"629",3,6,6,3,0,6,0,0,0,6,0,0,6,6,0,0,0,0,1,1,0,0,0,0,0,1,0,0,1,0,0,0,0,1,2,1,0,1,0,0,0,1,0,0,3,2,0,0,0.0714285714285714,0.142857142857143,0.142857142857143,0.0714285714285714,0,0.142857142857143,0,0,0,0.142857142857143,0,0,0.142857142857143,0.142857142857143,0,0,0,0,0.166666666666667,0.333333333333333,NA,0,NA,NA,NA,0.166666666666667,NA,NA,0.166666666666667,0,NA,NA,0,0.166666666666667,0.333333333333333,0.333333333333333,NA,0.166666666666667,NA,NA,NA,0.166666666666667,NA,NA,0.5,0.333333333333333,NA,NA,0,1,1,1,0,1,0,0,0,0,0,0,2,2,0,0,3,5,4,1,0,5,0,0,0,5,0,0,3,4,0,0,0,0,1,0,0,0,0,0,0,1,0,0,1,0,0,0,0,0,0,1,0,0,0,0,0,0,0,0,0,0,0,0,0,0.166666666666667,0.166666666666667,0.333333333333333,NA,0.166666666666667,NA,NA,NA,0,NA,NA,0.333333333333333,0.333333333333333,NA,NA,1,0.833333333333333,0.666666666666667,0.333333333333333,NA,0.833333333333333,NA,NA,NA,0.833333333333333,NA,NA,0.5,0.666666666666667,NA,NA,0,0,0.166666666666667,0,NA,0,NA,NA,NA,0.166666666666667,NA,NA,0.166666666666667,0,NA,NA,0,0,0,0.333333333333333,NA,0,NA,NA,NA,0,NA,NA,0,0,NA,NA
"630",3,3,3,6,0,6,6,6,0,6,0,0,3,6,0,0,0,0,0,0,0,1,1,2,0,0,0,0,0,2,0,0,0,0,0,2,0,1,3,4,0,1,0,0,0,2,0,0,0.0625,0.0625,0.0625,0.125,0,0.125,0.125,0.125,0,0.125,0,0,0.0625,0.125,0,0,0,0,0,0,NA,0.166666666666667,0.166666666666667,0.333333333333333,NA,0,NA,NA,0,0.333333333333333,NA,NA,0,0,0,0.333333333333333,NA,0.166666666666667,0.5,0.666666666666667,NA,0.166666666666667,NA,NA,0,0.333333333333333,NA,NA,0,0,0,2,0,1,3,2,0,1,0,0,0,1,0,0,3,3,3,4,0,4,2,2,0,5,0,0,3,3,0,0,0,0,0,0,0,0,0,2,0,0,0,0,0,1,0,0,0,0,0,0,0,1,1,0,0,0,0,0,0,1,0,0,0,0,0,0.333333333333333,NA,0.166666666666667,0.5,0.333333333333333,NA,0.166666666666667,NA,NA,0,0.166666666666667,NA,NA,1,1,1,0.666666666666667,NA,0.666666666666667,0.333333333333333,0.333333333333333,NA,0.833333333333333,NA,NA,1,0.5,NA,NA,0,0,0,0,NA,0,0,0.333333333333333,NA,0,NA,NA,0,0.166666666666667,NA,NA,0,0,0,0,NA,0.166666666666667,0.166666666666667,0,NA,0,NA,NA,0,0.166666666666667,NA,NA
"631",6,6,6,0,6,6,0,0,6,3,0,0,0,0,0,0,0,1,0,0,1,0,0,0,1,1,0,0,0,0,0,0,0,1,4,0,1,3,0,0,3,1,0,0,0,0,0,0,0.153846153846154,0.153846153846154,0.153846153846154,0,0.153846153846154,0.153846153846154,0,0,0.153846153846154,0.0769230769230769,0,0,0,0,0,0,0,0.166666666666667,0,NA,0.166666666666667,0,NA,NA,0.166666666666667,0.333333333333333,NA,NA,NA,NA,NA,NA,0,0.166666666666667,0.666666666666667,NA,0.166666666666667,0.5,NA,NA,0.5,0.333333333333333,NA,NA,NA,NA,NA,NA,0,1,4,0,0,3,0,0,2,1,0,0,0,0,0,0,6,4,2,0,5,3,0,0,3,1,0,0,0,0,0,0,0,0,0,0,1,0,0,0,1,0,0,0,0,0,0,0,0,1,0,0,0,0,0,0,0,1,0,0,0,0,0,0,0,0.166666666666667,0.666666666666667,NA,0,0.5,NA,NA,0.333333333333333,0.333333333333333,NA,NA,NA,NA,NA,NA,1,0.666666666666667,0.333333333333333,NA,0.833333333333333,0.5,NA,NA,0.5,0.333333333333333,NA,NA,NA,NA,NA,NA,0,0,0,NA,0.166666666666667,0,NA,NA,0.166666666666667,0,NA,NA,NA,NA,NA,NA,0,0.166666666666667,0,NA,0,0,NA,NA,0,0.333333333333333,NA,NA,NA,NA,NA,NA
"632",3,3,6,6,3,6,0,0,6,3,0,0,3,0,0,0,0,0,0,3,0,1,0,0,1,1,0,0,1,0,0,0,0,0,0,2,0,1,0,0,1,1,0,0,0,0,0,0,0.0769230769230769,0.0769230769230769,0.153846153846154,0.153846153846154,0.0769230769230769,0.153846153846154,0,0,0.153846153846154,0.0769230769230769,0,0,0.0769230769230769,0,0,0,0,0,0,0.5,0,0.166666666666667,NA,NA,0.166666666666667,0.333333333333333,NA,NA,0.333333333333333,NA,NA,NA,0,0,0,0.333333333333333,0,0.166666666666667,NA,NA,0.166666666666667,0.333333333333333,NA,NA,0,NA,NA,NA,0,0,0,1,0,1,0,0,1,1,0,0,0,0,0,0,3,3,6,2,3,4,0,0,4,1,0,0,2,0,0,0,0,0,0,1,0,0,0,0,0,0,0,0,0,0,0,0,0,0,0,2,0,1,0,0,1,1,0,0,1,0,0,0,0,0,0,0.166666666666667,0,0.166666666666667,NA,NA,0.166666666666667,0.333333333333333,NA,NA,0,NA,NA,NA,1,1,1,0.333333333333333,1,0.666666666666667,NA,NA,0.666666666666667,0.333333333333333,NA,NA,0.666666666666667,NA,NA,NA,0,0,0,0.166666666666667,0,0,NA,NA,0,0,NA,NA,0,NA,NA,NA,0,0,0,0.333333333333333,0,0.166666666666667,NA,NA,0.166666666666667,0.333333333333333,NA,NA,0.333333333333333,NA,NA,NA
"633",3,3,3,6,0,6,6,6,3,6,3,0,0,3,0,0,0,0,0,1,0,0,2,3,0,1,1,0,0,1,0,0,0,0,1,2,0,1,2,6,0,2,2,0,0,2,0,0,0.0625,0.0625,0.0625,0.125,0,0.125,0.125,0.125,0.0625,0.125,0.0625,0,0,0.0625,0,0,0,0,0,0.166666666666667,NA,0,0.333333333333333,0.5,0,0.166666666666667,0.333333333333333,NA,NA,0.333333333333333,NA,NA,0,0,0.333333333333333,0.333333333333333,NA,0.166666666666667,0.333333333333333,1,0,0.333333333333333,0.666666666666667,NA,NA,0.666666666666667,NA,NA,0,0,1,2,0,1,0,3,0,1,1,0,0,2,0,0,3,3,2,3,0,5,4,0,3,4,1,0,0,0,0,0,0,0,0,0,0,0,2,3,0,1,1,0,0,0,0,0,0,0,0,1,0,0,0,0,0,0,0,0,0,1,0,0,0,0,0.333333333333333,0.333333333333333,NA,0.166666666666667,0,0.5,0,0.166666666666667,0.333333333333333,NA,NA,0.666666666666667,NA,NA,1,1,0.666666666666667,0.5,NA,0.833333333333333,0.666666666666667,0,1,0.666666666666667,0.333333333333333,NA,NA,0,NA,NA,0,0,0,0,NA,0,0.333333333333333,0.5,0,0.166666666666667,0.333333333333333,NA,NA,0,NA,NA,0,0,0,0.166666666666667,NA,0,0,0,0,0,0,NA,NA,0.333333333333333,NA,NA
"634",3,3,3,6,0,3,6,0,3,6,6,0,6,0,0,0,0,0,0,1,0,0,1,0,0,0,2,0,0,0,0,0,0,0,1,4,0,0,2,0,0,5,4,0,3,0,0,0,0.0666666666666667,0.0666666666666667,0.0666666666666667,0.133333333333333,0,0.0666666666666667,0.133333333333333,0,0.0666666666666667,0.133333333333333,0.133333333333333,0,0.133333333333333,0,0,0,0,0,0,0.166666666666667,NA,0,0.166666666666667,NA,0,0,0.333333333333333,NA,0,NA,NA,NA,0,0,0.333333333333333,0.666666666666667,NA,0,0.333333333333333,NA,0,0.833333333333333,0.666666666666667,NA,0.5,NA,NA,NA,0,0,1,4,0,0,1,0,0,5,4,0,3,0,0,0,3,3,2,1,0,3,4,0,3,1,0,0,3,0,0,0,0,0,0,0,0,0,1,0,0,0,0,0,0,0,0,0,0,0,0,1,0,0,0,0,0,0,2,0,0,0,0,0,0,0,0.333333333333333,0.666666666666667,NA,0,0.166666666666667,NA,0,0.833333333333333,0.666666666666667,NA,0.5,NA,NA,NA,1,1,0.666666666666667,0.166666666666667,NA,1,0.666666666666667,NA,1,0.166666666666667,0,NA,0.5,NA,NA,NA,0,0,0,0,NA,0,0.166666666666667,NA,0,0,0,NA,0,NA,NA,NA,0,0,0,0.166666666666667,NA,0,0,NA,0,0,0.333333333333333,NA,0,NA,NA,NA
"635",3,3,6,6,0,3,6,6,0,6,6,0,0,3,0,0,0,0,0,1,0,0,0,0,0,0,2,0,0,1,0,0,0,1,0,2,0,0,0,4,0,1,5,0,0,1,0,0,0.0625,0.0625,0.125,0.125,0,0.0625,0.125,0.125,0,0.125,0.125,0,0,0.0625,0,0,0,0,0,0.166666666666667,NA,0,0,0,NA,0,0.333333333333333,NA,NA,0.333333333333333,NA,NA,0,0.333333333333333,0,0.333333333333333,NA,0,0,0.666666666666667,NA,0.166666666666667,0.833333333333333,NA,NA,0.333333333333333,NA,NA,0,1,0,2,0,0,0,4,0,1,4,0,0,1,0,0,3,2,6,3,0,3,6,2,0,5,0,0,0,1,0,0,0,0,0,0,0,0,0,0,0,0,1,0,0,0,0,0,0,0,0,1,0,0,0,0,0,0,1,0,0,1,0,0,0,0.333333333333333,0,0.333333333333333,NA,0,0,0.666666666666667,NA,0.166666666666667,0.666666666666667,NA,NA,0.333333333333333,NA,NA,1,0.666666666666667,1,0.5,NA,1,1,0.333333333333333,NA,0.833333333333333,0,NA,NA,0.333333333333333,NA,NA,0,0,0,0,NA,0,0,0,NA,0,0.166666666666667,NA,NA,0,NA,NA,0,0,0,0.166666666666667,NA,0,0,0,NA,0,0.166666666666667,NA,NA,0.333333333333333,NA,NA
"636",3,3,3,6,6,6,6,0,3,3,3,0,6,0,0,0,0,0,0,1,1,1,1,0,0,1,1,0,0,0,0,0,0,0,0,4,0,2,2,0,1,1,2,0,3,0,0,0,0.0625,0.0625,0.0625,0.125,0.125,0.125,0.125,0,0.0625,0.0625,0.0625,0,0.125,0,0,0,0,0,0,0.166666666666667,0.166666666666667,0.166666666666667,0.166666666666667,NA,0,0.333333333333333,0.333333333333333,NA,0,NA,NA,NA,0,0,0,0.666666666666667,0,0.333333333333333,0.333333333333333,NA,0.333333333333333,0.333333333333333,0.666666666666667,NA,0.5,NA,NA,NA,0,0,0,4,0,1,2,0,1,0,1,0,3,0,0,0,3,3,3,1,5,4,3,0,2,2,1,0,3,0,0,0,0,0,0,0,0,1,0,0,0,1,1,0,0,0,0,0,0,0,0,1,1,0,1,0,0,0,0,0,0,0,0,0,0,0,0,0.666666666666667,0,0.166666666666667,0.333333333333333,NA,0.333333333333333,0,0.333333333333333,NA,0.5,NA,NA,NA,1,1,1,0.166666666666667,0.833333333333333,0.666666666666667,0.5,NA,0.666666666666667,0.666666666666667,0.333333333333333,NA,0.5,NA,NA,NA,0,0,0,0,0,0.166666666666667,0,NA,0,0.333333333333333,0.333333333333333,NA,0,NA,NA,NA,0,0,0,0.166666666666667,0.166666666666667,0,0.166666666666667,NA,0,0,0,NA,0,NA,NA,NA
"637",3,6,6,3,0,3,0,0,6,6,0,0,6,3,0,0,0,0,1,1,0,0,0,0,0,1,0,0,1,1,0,0,0,0,1,2,0,1,0,0,0,2,0,0,3,3,0,0,0.0714285714285714,0.142857142857143,0.142857142857143,0.0714285714285714,0,0.0714285714285714,0,0,0.142857142857143,0.142857142857143,0,0,0.142857142857143,0.0714285714285714,0,0,0,0,0.166666666666667,0.333333333333333,NA,0,NA,NA,0,0.166666666666667,NA,NA,0.166666666666667,0.333333333333333,NA,NA,0,0,0.166666666666667,0.666666666666667,NA,0.333333333333333,NA,NA,0,0.333333333333333,NA,NA,0.5,1,NA,NA,0,0,1,1,0,1,0,0,0,2,0,0,2,2,0,0,3,6,4,1,0,2,0,0,6,3,0,0,3,0,0,0,0,0,0,1,0,0,0,0,0,0,0,0,1,1,0,0,0,0,1,0,0,0,0,0,0,1,0,0,0,0,0,0,0,0,0.166666666666667,0.333333333333333,NA,0.333333333333333,NA,NA,0,0.333333333333333,NA,NA,0.333333333333333,0.666666666666667,NA,NA,1,1,0.666666666666667,0.333333333333333,NA,0.666666666666667,NA,NA,1,0.5,NA,NA,0.5,0,NA,NA,0,0,0,0.333333333333333,NA,0,NA,NA,0,0,NA,NA,0.166666666666667,0.333333333333333,NA,NA,0,0,0.166666666666667,0,NA,0,NA,NA,0,0.166666666666667,NA,NA,0,0,NA,NA
"638",6,3,3,3,0,6,6,6,0,3,0,6,0,3,0,3,1,0,0,0,0,1,2,0,0,0,0,2,0,0,0,2,1,1,0,1,0,2,1,3,0,0,0,3,0,1,0,2,0.125,0.0625,0.0625,0.0625,0,0.125,0.125,0.125,0,0.0625,0,0.125,0,0.0625,0,0.0625,0.166666666666667,0,0,0,NA,0.166666666666667,0.333333333333333,0,NA,0,NA,0.333333333333333,NA,0,NA,0.666666666666667,0.166666666666667,0.333333333333333,0,0.333333333333333,NA,0.333333333333333,0.166666666666667,0.5,NA,0,NA,0.5,NA,0.333333333333333,NA,0.666666666666667,1,1,0,1,0,2,1,3,0,0,0,2,0,1,0,1,4,2,3,2,0,3,3,3,0,3,0,2,0,2,0,0,0,0,0,0,0,0,0,0,0,0,0,1,0,0,0,1,1,0,0,0,0,1,2,0,0,0,0,1,0,0,0,1,0.166666666666667,0.333333333333333,0,0.333333333333333,NA,0.333333333333333,0.166666666666667,0.5,NA,0,NA,0.333333333333333,NA,0.333333333333333,NA,0.333333333333333,0.666666666666667,0.666666666666667,1,0.666666666666667,NA,0.5,0.5,0.5,NA,1,NA,0.333333333333333,NA,0.666666666666667,NA,0,0,0,0,0,NA,0,0,0,NA,0,NA,0.166666666666667,NA,0,NA,0.333333333333333,0.166666666666667,0,0,0,NA,0.166666666666667,0.333333333333333,0,NA,0,NA,0.166666666666667,NA,0,NA,0.333333333333333
"639",6,6,3,0,3,0,0,0,6,0,0,0,6,0,0,0,0,1,1,0,0,0,0,0,0,0,0,0,1,0,0,0,2,1,0,0,1,0,0,0,2,0,0,0,1,0,0,0,0.2,0.2,0.1,0,0.1,0,0,0,0.2,0,0,0,0.2,0,0,0,0,0.166666666666667,0.333333333333333,NA,0,NA,NA,NA,0,NA,NA,NA,0.166666666666667,NA,NA,NA,0.333333333333333,0.166666666666667,0,NA,0.333333333333333,NA,NA,NA,0.333333333333333,NA,NA,NA,0.166666666666667,NA,NA,NA,2,0,0,0,1,0,0,0,2,0,0,0,1,0,0,0,4,5,2,0,2,0,0,0,4,0,0,0,4,0,0,0,0,1,0,0,0,0,0,0,0,0,0,0,0,0,0,0,0,0,1,0,0,0,0,0,0,0,0,0,1,0,0,0,0.333333333333333,0,0,NA,0.333333333333333,NA,NA,NA,0.333333333333333,NA,NA,NA,0.166666666666667,NA,NA,NA,0.666666666666667,0.833333333333333,0.666666666666667,NA,0.666666666666667,NA,NA,NA,0.666666666666667,NA,NA,NA,0.666666666666667,NA,NA,NA,0,0.166666666666667,0,NA,0,NA,NA,NA,0,NA,NA,NA,0,NA,NA,NA,0,0,0.333333333333333,NA,0,NA,NA,NA,0,NA,NA,NA,0.166666666666667,NA,NA,NA
"640",3,3,6,6,6,6,6,3,3,0,3,0,3,0,0,0,0,0,0,1,1,3,1,1,0,0,2,0,1,0,0,0,0,0,1,1,0,1,1,1,0,0,3,0,1,0,0,0,0.0625,0.0625,0.125,0.125,0.125,0.125,0.125,0.0625,0.0625,0,0.0625,0,0.0625,0,0,0,0,0,0,0.166666666666667,0.166666666666667,0.5,0.166666666666667,0.333333333333333,0,NA,0.666666666666667,NA,0.333333333333333,NA,NA,NA,0,0,0.166666666666667,0.166666666666667,0,0.166666666666667,0.166666666666667,0.333333333333333,0,NA,1,NA,0.333333333333333,NA,NA,NA,0,0,1,1,0,1,1,0,0,0,1,0,1,0,0,0,3,3,5,4,5,2,4,2,3,0,0,0,1,0,0,0,0,0,0,0,0,0,0,1,0,0,2,0,0,0,0,0,0,0,0,1,1,3,1,0,0,0,0,0,1,0,0,0,0,0,0.166666666666667,0.166666666666667,0,0.166666666666667,0.166666666666667,0,0,NA,0.333333333333333,NA,0.333333333333333,NA,NA,NA,1,1,0.833333333333333,0.666666666666667,0.833333333333333,0.333333333333333,0.666666666666667,0.666666666666667,1,NA,0,NA,0.333333333333333,NA,NA,NA,0,0,0,0,0,0,0,0.333333333333333,0,NA,0.666666666666667,NA,0,NA,NA,NA,0,0,0,0.166666666666667,0.166666666666667,0.5,0.166666666666667,0,0,NA,0,NA,0.333333333333333,NA,NA,NA
"641",6,6,0,0,6,0,0,0,6,0,0,0,3,0,0,0,0,2,0,0,0,0,0,0,1,0,0,0,1,0,0,0,0,4,0,0,0,0,0,0,2,0,0,0,0,0,0,0,0.222222222222222,0.222222222222222,0,0,0.222222222222222,0,0,0,0.222222222222222,0,0,0,0.111111111111111,0,0,0,0,0.333333333333333,NA,NA,0,NA,NA,NA,0.166666666666667,NA,NA,NA,0.333333333333333,NA,NA,NA,0,0.666666666666667,NA,NA,0,NA,NA,NA,0.333333333333333,NA,NA,NA,0,NA,NA,NA,0,2,0,0,0,0,0,0,2,0,0,0,0,0,0,0,6,2,0,0,6,0,0,0,3,0,0,0,2,0,0,0,0,2,0,0,0,0,0,0,0,0,0,0,0,0,0,0,0,0,0,0,0,0,0,0,1,0,0,0,1,0,0,0,0,0.333333333333333,NA,NA,0,NA,NA,NA,0.333333333333333,NA,NA,NA,0,NA,NA,NA,1,0.333333333333333,NA,NA,1,NA,NA,NA,0.5,NA,NA,NA,0.666666666666667,NA,NA,NA,0,0.333333333333333,NA,NA,0,NA,NA,NA,0,NA,NA,NA,0,NA,NA,NA,0,0,NA,NA,0,NA,NA,NA,0.166666666666667,NA,NA,NA,0.333333333333333,NA,NA,NA
"642",3,6,6,3,0,6,0,0,3,6,0,0,6,0,0,0,0,0,1,1,0,0,0,0,0,0,0,0,0,0,0,0,0,1,2,1,0,2,0,0,1,3,0,0,0,0,0,0,0.0769230769230769,0.153846153846154,0.153846153846154,0.0769230769230769,0,0.153846153846154,0,0,0.0769230769230769,0.153846153846154,0,0,0.153846153846154,0,0,0,0,0,0.166666666666667,0.333333333333333,NA,0,NA,NA,0,0,NA,NA,0,NA,NA,NA,0,0.166666666666667,0.333333333333333,0.333333333333333,NA,0.333333333333333,NA,NA,0.333333333333333,0.5,NA,NA,0,NA,NA,NA,0,1,2,1,0,2,0,0,1,3,0,0,0,0,0,0,3,5,3,1,0,4,0,0,2,3,0,0,6,0,0,0,0,0,0,0,0,0,0,0,0,0,0,0,0,0,0,0,0,0,1,1,0,0,0,0,0,0,0,0,0,0,0,0,0,0.166666666666667,0.333333333333333,0.333333333333333,NA,0.333333333333333,NA,NA,0.333333333333333,0.5,NA,NA,0,NA,NA,NA,1,0.833333333333333,0.5,0.333333333333333,NA,0.666666666666667,NA,NA,0.666666666666667,0.5,NA,NA,1,NA,NA,NA,0,0,0,0,NA,0,NA,NA,0,0,NA,NA,0,NA,NA,NA,0,0,0.166666666666667,0.333333333333333,NA,0,NA,NA,0,0,NA,NA,0,NA,NA,NA
"643",3,3,3,6,0,3,6,6,3,6,3,0,0,6,0,0,0,0,0,0,0,0,1,2,1,0,1,0,0,2,0,0,0,1,0,2,0,0,2,4,1,0,3,0,0,3,0,0,0.0625,0.0625,0.0625,0.125,0,0.0625,0.125,0.125,0.0625,0.125,0.0625,0,0,0.125,0,0,0,0,0,0,NA,0,0.166666666666667,0.333333333333333,0.333333333333333,0,0.333333333333333,NA,NA,0.333333333333333,NA,NA,0,0.333333333333333,0,0.333333333333333,NA,0,0.333333333333333,0.666666666666667,0.333333333333333,0,1,NA,NA,0.5,NA,NA,0,1,0,2,0,0,1,2,0,0,2,0,0,2,0,0,3,2,3,4,0,3,4,2,2,6,0,0,0,2,0,0,0,0,0,0,0,0,1,2,1,0,1,0,0,1,0,0,0,0,0,0,0,0,0,0,0,0,0,0,0,1,0,0,0,0.333333333333333,0,0.333333333333333,NA,0,0.166666666666667,0.333333333333333,0,0,0.666666666666667,NA,NA,0.333333333333333,NA,NA,1,0.666666666666667,1,0.666666666666667,NA,1,0.666666666666667,0.333333333333333,0.666666666666667,1,0,NA,NA,0.333333333333333,NA,NA,0,0,0,0,NA,0,0.166666666666667,0.333333333333333,0.333333333333333,0,0.333333333333333,NA,NA,0.166666666666667,NA,NA,0,0,0,0,NA,0,0,0,0,0,0,NA,NA,0.166666666666667,NA,NA
"644",6,3,3,6,6,6,6,3,3,6,0,0,0,0,0,0,1,0,0,0,2,0,2,1,1,2,0,0,0,0,0,0,0,0,0,3,0,2,2,2,0,3,0,0,0,0,0,0,0.125,0.0625,0.0625,0.125,0.125,0.125,0.125,0.0625,0.0625,0.125,0,0,0,0,0,0,0.166666666666667,0,0,0,0.333333333333333,0,0.333333333333333,0.333333333333333,0.333333333333333,0.333333333333333,NA,NA,NA,NA,NA,NA,0,0,0,0.5,0,0.333333333333333,0.333333333333333,0.666666666666667,0,0.5,NA,NA,NA,NA,NA,NA,0,0,0,3,0,2,2,1,0,2,0,0,0,0,0,0,5,3,3,3,4,4,2,1,2,2,0,0,0,0,0,0,0,0,0,0,0,0,0,1,0,1,0,0,0,0,0,0,1,0,0,0,2,0,2,0,1,1,0,0,0,0,0,0,0,0,0,0.5,0,0.333333333333333,0.333333333333333,0.333333333333333,0,0.333333333333333,NA,NA,NA,NA,NA,NA,0.833333333333333,1,1,0.5,0.666666666666667,0.666666666666667,0.333333333333333,0.333333333333333,0.666666666666667,0.333333333333333,NA,NA,NA,NA,NA,NA,0,0,0,0,0,0,0,0.333333333333333,0,0.166666666666667,NA,NA,NA,NA,NA,NA,0.166666666666667,0,0,0,0.333333333333333,0,0.333333333333333,0,0.333333333333333,0.166666666666667,NA,NA,NA,NA,NA,NA
"645",6,6,6,6,0,6,6,0,0,3,6,0,0,3,0,0,0,1,0,0,0,1,0,0,0,0,3,0,0,1,0,0,0,1,2,3,0,2,2,0,0,1,4,0,0,1,0,0,0.125,0.125,0.125,0.125,0,0.125,0.125,0,0,0.0625,0.125,0,0,0.0625,0,0,0,0.166666666666667,0,0,NA,0.166666666666667,0,NA,NA,0,0.5,NA,NA,0.333333333333333,NA,NA,0,0.166666666666667,0.333333333333333,0.5,NA,0.333333333333333,0.333333333333333,NA,NA,0.333333333333333,0.666666666666667,NA,NA,0.333333333333333,NA,NA,0,1,2,3,0,2,2,0,0,1,3,0,0,1,0,0,6,4,4,3,0,3,4,0,0,2,0,0,0,1,0,0,0,0,0,0,0,0,0,0,0,0,1,0,0,0,0,0,0,1,0,0,0,1,0,0,0,0,2,0,0,1,0,0,0,0.166666666666667,0.333333333333333,0.5,NA,0.333333333333333,0.333333333333333,NA,NA,0.333333333333333,0.5,NA,NA,0.333333333333333,NA,NA,1,0.666666666666667,0.666666666666667,0.5,NA,0.5,0.666666666666667,NA,NA,0.666666666666667,0,NA,NA,0.333333333333333,NA,NA,0,0,0,0,NA,0,0,NA,NA,0,0.166666666666667,NA,NA,0,NA,NA,0,0.166666666666667,0,0,NA,0.166666666666667,0,NA,NA,0,0.333333333333333,NA,NA,0.333333333333333,NA,NA
"646",3,3,3,6,6,6,6,0,3,3,6,0,3,0,0,0,0,0,0,0,1,0,1,0,0,1,0,0,2,0,0,0,0,1,1,3,0,3,2,0,0,1,3,0,0,0,0,0,0.0625,0.0625,0.0625,0.125,0.125,0.125,0.125,0,0.0625,0.0625,0.125,0,0.0625,0,0,0,0,0,0,0,0.166666666666667,0,0.166666666666667,NA,0,0.333333333333333,0,NA,0.666666666666667,NA,NA,NA,0,0.333333333333333,0.333333333333333,0.5,0,0.5,0.333333333333333,NA,0,0.333333333333333,0.5,NA,0,NA,NA,NA,0,1,1,3,0,3,1,0,0,1,3,0,0,0,0,0,3,2,2,3,5,3,4,0,3,1,3,0,1,0,0,0,0,0,0,0,0,0,1,0,0,0,0,0,0,0,0,0,0,0,0,0,1,0,0,0,0,1,0,0,2,0,0,0,0,0.333333333333333,0.333333333333333,0.5,0,0.5,0.166666666666667,NA,0,0.333333333333333,0.5,NA,0,NA,NA,NA,1,0.666666666666667,0.666666666666667,0.5,0.833333333333333,0.5,0.666666666666667,NA,1,0.333333333333333,0.5,NA,0.333333333333333,NA,NA,NA,0,0,0,0,0,0,0.166666666666667,NA,0,0,0,NA,0,NA,NA,NA,0,0,0,0,0.166666666666667,0,0,NA,0,0.333333333333333,0,NA,0.666666666666667,NA,NA,NA
"647",6,6,3,0,6,0,0,0,6,0,0,0,6,0,0,0,0,1,1,0,1,0,0,0,0,0,0,0,1,0,0,0,1,1,0,0,2,0,0,0,1,0,0,0,1,0,0,0,0.181818181818182,0.181818181818182,0.0909090909090909,0,0.181818181818182,0,0,0,0.181818181818182,0,0,0,0.181818181818182,0,0,0,0,0.166666666666667,0.333333333333333,NA,0.166666666666667,NA,NA,NA,0,NA,NA,NA,0.166666666666667,NA,NA,NA,0.166666666666667,0.166666666666667,0,NA,0.333333333333333,NA,NA,NA,0.166666666666667,NA,NA,NA,0.166666666666667,NA,NA,NA,1,1,0,0,2,0,0,0,1,0,0,0,1,0,0,0,5,4,2,0,3,0,0,0,5,0,0,0,4,0,0,0,0,0,0,0,0,0,0,0,0,0,0,0,0,0,0,0,0,1,1,0,1,0,0,0,0,0,0,0,1,0,0,0,0.166666666666667,0.166666666666667,0,NA,0.333333333333333,NA,NA,NA,0.166666666666667,NA,NA,NA,0.166666666666667,NA,NA,NA,0.833333333333333,0.666666666666667,0.666666666666667,NA,0.5,NA,NA,NA,0.833333333333333,NA,NA,NA,0.666666666666667,NA,NA,NA,0,0,0,NA,0,NA,NA,NA,0,NA,NA,NA,0,NA,NA,NA,0,0.166666666666667,0.333333333333333,NA,0.166666666666667,NA,NA,NA,0,NA,NA,NA,0.166666666666667,NA,NA,NA
"648",3,3,6,6,6,6,6,0,6,3,3,0,0,0,0,0,0,0,0,1,0,1,1,0,2,1,1,0,0,0,0,0,0,1,2,3,0,0,2,0,3,0,2,0,0,0,0,0,0.0625,0.0625,0.125,0.125,0.125,0.125,0.125,0,0.125,0.0625,0.0625,0,0,0,0,0,0,0,0,0.166666666666667,0,0.166666666666667,0.166666666666667,NA,0.333333333333333,0.333333333333333,0.333333333333333,NA,NA,NA,NA,NA,0,0.333333333333333,0.333333333333333,0.5,0,0,0.333333333333333,NA,0.5,0,0.666666666666667,NA,NA,NA,NA,NA,0,1,2,3,0,0,2,0,1,0,1,0,0,0,0,0,3,2,4,2,6,5,3,0,3,2,1,0,0,0,0,0,0,0,0,0,0,0,0,0,2,0,1,0,0,0,0,0,0,0,0,1,0,1,1,0,0,1,0,0,0,0,0,0,0,0.333333333333333,0.333333333333333,0.5,0,0,0.333333333333333,NA,0.166666666666667,0,0.333333333333333,NA,NA,NA,NA,NA,1,0.666666666666667,0.666666666666667,0.333333333333333,1,0.833333333333333,0.5,NA,0.5,0.666666666666667,0.333333333333333,NA,NA,NA,NA,NA,0,0,0,0,0,0,0,NA,0.333333333333333,0,0.333333333333333,NA,NA,NA,NA,NA,0,0,0,0.166666666666667,0,0.166666666666667,0.166666666666667,NA,0,0.333333333333333,0,NA,NA,NA,NA,NA
"649",3,3,3,6,0,3,6,3,6,3,0,0,6,6,0,0,0,0,0,0,0,0,2,3,1,0,0,0,1,1,0,0,0,0,0,0,0,1,1,2,4,1,0,0,0,6,0,0,0.0625,0.0625,0.0625,0.125,0,0.0625,0.125,0.0625,0.125,0.0625,0,0,0.125,0.125,0,0,0,0,0,0,NA,0,0.333333333333333,1,0.166666666666667,0,NA,NA,0.166666666666667,0.166666666666667,NA,NA,0,0,0,0,NA,0.333333333333333,0.166666666666667,0.666666666666667,0.666666666666667,0.333333333333333,NA,NA,0,1,NA,NA,0,0,0,0,0,1,1,0,4,1,0,0,0,5,0,0,3,3,3,6,0,2,3,0,1,2,0,0,5,0,0,0,0,0,0,0,0,0,0,2,0,0,0,0,0,1,0,0,0,0,0,0,0,0,2,1,1,0,0,0,1,0,0,0,0,0,0,0,NA,0.333333333333333,0.166666666666667,0,0.666666666666667,0.333333333333333,NA,NA,0,0.833333333333333,NA,NA,1,1,1,1,NA,0.666666666666667,0.5,0,0.166666666666667,0.666666666666667,NA,NA,0.833333333333333,0,NA,NA,0,0,0,0,NA,0,0,0.666666666666667,0,0,NA,NA,0,0.166666666666667,NA,NA,0,0,0,0,NA,0,0.333333333333333,0.333333333333333,0.166666666666667,0,NA,NA,0.166666666666667,0,NA,NA
"650",3,3,3,3,3,6,6,6,3,6,6,0,0,0,0,0,0,0,0,0,0,0,1,1,1,2,1,0,0,0,0,0,0,0,1,1,0,1,2,4,0,2,4,0,0,0,0,0,0.0625,0.0625,0.0625,0.0625,0.0625,0.125,0.125,0.125,0.0625,0.125,0.125,0,0,0,0,0,0,0,0,0,0,0,0.166666666666667,0.166666666666667,0.333333333333333,0.333333333333333,0.166666666666667,NA,NA,NA,NA,NA,0,0,0.333333333333333,0.333333333333333,0,0.166666666666667,0.333333333333333,0.666666666666667,0,0.333333333333333,0.666666666666667,NA,NA,NA,NA,NA,0,0,1,1,0,1,1,4,0,1,4,0,0,0,0,0,3,3,2,2,3,5,4,1,2,3,1,0,0,0,0,0,0,0,0,0,0,0,1,0,0,1,0,0,0,0,0,0,0,0,0,0,0,0,0,1,1,1,1,0,0,0,0,0,0,0,0.333333333333333,0.333333333333333,0,0.166666666666667,0.166666666666667,0.666666666666667,0,0.166666666666667,0.666666666666667,NA,NA,NA,NA,NA,1,1,0.666666666666667,0.666666666666667,1,0.833333333333333,0.666666666666667,0.166666666666667,0.666666666666667,0.5,0.166666666666667,NA,NA,NA,NA,NA,0,0,0,0,0,0,0.166666666666667,0,0,0.166666666666667,0,NA,NA,NA,NA,NA,0,0,0,0,0,0,0,0.166666666666667,0.333333333333333,0.166666666666667,0.166666666666667,NA,NA,NA,NA,NA
"651",3,3,3,6,0,3,6,3,3,6,6,0,0,3,3,0,0,0,0,0,0,0,1,1,1,1,1,0,0,1,2,0,1,0,1,2,0,0,2,2,1,2,2,0,0,1,1,0,0.0625,0.0625,0.0625,0.125,0,0.0625,0.125,0.0625,0.0625,0.125,0.125,0,0,0.0625,0.0625,0,0,0,0,0,NA,0,0.166666666666667,0.333333333333333,0.333333333333333,0.166666666666667,0.166666666666667,NA,NA,0.333333333333333,0.666666666666667,NA,0.333333333333333,0,0.333333333333333,0.333333333333333,NA,0,0.333333333333333,0.666666666666667,0.333333333333333,0.333333333333333,0.333333333333333,NA,NA,0.333333333333333,0.333333333333333,NA,1,0,1,2,0,0,2,2,1,2,2,0,0,1,0,0,2,3,2,4,0,3,3,0,1,3,3,0,0,1,1,0,0,0,0,0,0,0,0,0,0,0,0,0,0,0,1,0,0,0,0,0,0,0,1,1,1,1,1,0,0,1,1,0,0.333333333333333,0,0.333333333333333,0.333333333333333,NA,0,0.333333333333333,0.666666666666667,0.333333333333333,0.333333333333333,0.333333333333333,NA,NA,0.333333333333333,0,NA,0.666666666666667,1,0.666666666666667,0.666666666666667,NA,1,0.5,0,0.333333333333333,0.5,0.5,NA,NA,0.333333333333333,0.333333333333333,NA,0,0,0,0,NA,0,0,0,0,0,0,NA,NA,0,0.333333333333333,NA,0,0,0,0,NA,0,0.166666666666667,0.333333333333333,0.333333333333333,0.166666666666667,0.166666666666667,NA,NA,0.333333333333333,0.333333333333333,NA
"652",6,6,6,6,0,3,6,6,0,3,6,0,0,0,0,0,1,1,0,1,0,0,0,1,0,1,3,0,0,0,0,0,0,0,0,2,0,0,2,5,0,1,4,0,0,0,0,0,0.125,0.125,0.125,0.125,0,0.0625,0.125,0.125,0,0.0625,0.125,0,0,0,0,0,0.166666666666667,0.166666666666667,0,0.166666666666667,NA,0,0,0.166666666666667,NA,0.333333333333333,0.5,NA,NA,NA,NA,NA,0,0,0,0.333333333333333,NA,0,0.333333333333333,0.833333333333333,NA,0.333333333333333,0.666666666666667,NA,NA,NA,NA,NA,0,0,0,2,0,0,2,5,0,1,3,0,0,0,0,0,5,5,6,3,0,3,4,0,0,1,0,0,0,0,0,0,0,0,0,0,0,0,0,0,0,0,1,0,0,0,0,0,1,1,0,1,0,0,0,1,0,1,2,0,0,0,0,0,0,0,0,0.333333333333333,NA,0,0.333333333333333,0.833333333333333,NA,0.333333333333333,0.5,NA,NA,NA,NA,NA,0.833333333333333,0.833333333333333,1,0.5,NA,1,0.666666666666667,0,NA,0.333333333333333,0,NA,NA,NA,NA,NA,0,0,0,0,NA,0,0,0,NA,0,0.166666666666667,NA,NA,NA,NA,NA,0.166666666666667,0.166666666666667,0,0.166666666666667,NA,0,0,0.166666666666667,NA,0.333333333333333,0.333333333333333,NA,NA,NA,NA,NA
"653",3,3,3,6,6,6,6,0,6,3,0,0,3,0,0,0,0,0,0,0,0,0,2,0,3,1,0,0,1,0,0,0,0,0,1,3,2,2,1,0,1,1,0,0,2,0,0,0,0.0666666666666667,0.0666666666666667,0.0666666666666667,0.133333333333333,0.133333333333333,0.133333333333333,0.133333333333333,0,0.133333333333333,0.0666666666666667,0,0,0.0666666666666667,0,0,0,0,0,0,0,0,0,0.333333333333333,NA,0.5,0.333333333333333,NA,NA,0.333333333333333,NA,NA,NA,0,0,0.333333333333333,0.5,0.333333333333333,0.333333333333333,0.166666666666667,NA,0.166666666666667,0.333333333333333,NA,NA,0.666666666666667,NA,NA,NA,0,0,1,3,2,2,0,0,1,1,0,0,1,0,0,0,3,3,2,3,4,4,4,0,2,1,0,0,1,0,0,0,0,0,0,0,0,0,1,0,0,0,0,0,1,0,0,0,0,0,0,0,0,0,1,0,3,1,0,0,0,0,0,0,0,0,0.333333333333333,0.5,0.333333333333333,0.333333333333333,0,NA,0.166666666666667,0.333333333333333,NA,NA,0.333333333333333,NA,NA,NA,1,1,0.666666666666667,0.5,0.666666666666667,0.666666666666667,0.666666666666667,NA,0.333333333333333,0.333333333333333,NA,NA,0.333333333333333,NA,NA,NA,0,0,0,0,0,0,0.166666666666667,NA,0,0,NA,NA,0.333333333333333,NA,NA,NA,0,0,0,0,0,0,0.166666666666667,NA,0.5,0.333333333333333,NA,NA,0,NA,NA,NA
"654",6,6,3,6,0,6,6,3,0,6,6,0,0,0,0,0,0,1,0,1,0,0,1,3,0,2,1,0,0,0,0,0,0,0,0,2,0,1,1,1,0,2,4,0,0,0,0,0,0.125,0.125,0.0625,0.125,0,0.125,0.125,0.0625,0,0.125,0.125,0,0,0,0,0,0,0.166666666666667,0,0.166666666666667,NA,0,0.166666666666667,1,NA,0.333333333333333,0.166666666666667,NA,NA,NA,NA,NA,0,0,0,0.333333333333333,NA,0.166666666666667,0.166666666666667,0.333333333333333,NA,0.333333333333333,0.666666666666667,NA,NA,NA,NA,NA,0,0,0,2,0,1,1,0,0,1,4,0,0,0,0,0,6,5,3,3,0,5,4,0,0,3,1,0,0,0,0,0,0,0,0,0,0,0,0,1,0,1,0,0,0,0,0,0,0,1,0,1,0,0,1,2,0,1,1,0,0,0,0,0,0,0,0,0.333333333333333,NA,0.166666666666667,0.166666666666667,0,NA,0.166666666666667,0.666666666666667,NA,NA,NA,NA,NA,1,0.833333333333333,1,0.5,NA,0.833333333333333,0.666666666666667,0,NA,0.5,0.166666666666667,NA,NA,NA,NA,NA,0,0,0,0,NA,0,0,0.333333333333333,NA,0.166666666666667,0,NA,NA,NA,NA,NA,0,0.166666666666667,0,0.166666666666667,NA,0,0.166666666666667,0.666666666666667,NA,0.166666666666667,0.166666666666667,NA,NA,NA,NA,NA
"655",3,3,6,3,6,6,0,0,6,6,0,0,0,6,0,0,0,0,0,1,0,0,0,0,3,0,0,0,0,2,0,0,1,0,3,1,0,2,0,0,1,2,0,0,0,5,0,0,0.0666666666666667,0.0666666666666667,0.133333333333333,0.0666666666666667,0.133333333333333,0.133333333333333,0,0,0.133333333333333,0.133333333333333,0,0,0,0.133333333333333,0,0,0,0,0,0.333333333333333,0,0,NA,NA,0.5,0,NA,NA,NA,0.333333333333333,NA,NA,0.333333333333333,0,0.5,0.333333333333333,0,0.333333333333333,NA,NA,0.166666666666667,0.333333333333333,NA,NA,NA,0.833333333333333,NA,NA,1,0,3,0,0,2,0,0,1,2,0,0,0,3,0,0,2,3,3,2,6,4,0,0,2,4,0,0,0,1,0,0,0,0,0,1,0,0,0,0,0,0,0,0,0,2,0,0,0,0,0,0,0,0,0,0,3,0,0,0,0,0,0,0,0.333333333333333,0,0.5,0,0,0.333333333333333,NA,NA,0.166666666666667,0.333333333333333,NA,NA,NA,0.5,NA,NA,0.666666666666667,1,0.5,0.666666666666667,1,0.666666666666667,NA,NA,0.333333333333333,0.666666666666667,NA,NA,NA,0.166666666666667,NA,NA,0,0,0,0.333333333333333,0,0,NA,NA,0,0,NA,NA,NA,0.333333333333333,NA,NA,0,0,0,0,0,0,NA,NA,0.5,0,NA,NA,NA,0,NA,NA
"656",3,3,3,6,0,0,3,6,6,6,6,0,3,3,0,0,0,0,0,0,0,0,0,2,0,1,0,0,1,1,0,0,0,1,0,1,0,0,1,3,1,2,3,0,0,2,0,0,0.0625,0.0625,0.0625,0.125,0,0,0.0625,0.125,0.125,0.125,0.125,0,0.0625,0.0625,0,0,0,0,0,0,NA,NA,0,0.333333333333333,0,0.166666666666667,0,NA,0.333333333333333,0.333333333333333,NA,NA,0,0.333333333333333,0,0.166666666666667,NA,NA,0.333333333333333,0.5,0.166666666666667,0.333333333333333,0.5,NA,0,0.666666666666667,NA,NA,0,1,0,1,0,0,1,2,1,1,3,0,0,1,0,0,3,2,3,5,0,0,2,2,5,4,3,0,2,1,0,0,0,0,0,0,0,0,0,1,0,1,0,0,0,1,0,0,0,0,0,0,0,0,0,1,0,0,0,0,1,0,0,0,0,0.333333333333333,0,0.166666666666667,NA,NA,0.333333333333333,0.333333333333333,0.166666666666667,0.166666666666667,0.5,NA,0,0.333333333333333,NA,NA,1,0.666666666666667,1,0.833333333333333,NA,NA,0.666666666666667,0.333333333333333,0.833333333333333,0.666666666666667,0.5,NA,0.666666666666667,0.333333333333333,NA,NA,0,0,0,0,NA,NA,0,0.166666666666667,0,0.166666666666667,0,NA,0,0.333333333333333,NA,NA,0,0,0,0,NA,NA,0,0.166666666666667,0,0,0,NA,0.333333333333333,0,NA,NA
"657",3,3,6,6,0,3,6,3,6,6,0,0,3,3,0,0,0,0,0,1,0,0,3,1,0,0,0,0,1,2,0,0,1,0,1,2,0,0,2,1,1,3,0,0,0,2,0,0,0.0625,0.0625,0.125,0.125,0,0.0625,0.125,0.0625,0.125,0.125,0,0,0.0625,0.0625,0,0,0,0,0,0.166666666666667,NA,0,0.5,0.333333333333333,0,0,NA,NA,0.333333333333333,0.666666666666667,NA,NA,0.333333333333333,0,0.166666666666667,0.333333333333333,NA,0,0.333333333333333,0.333333333333333,0.166666666666667,0.5,NA,NA,0,0.666666666666667,NA,NA,1,0,1,1,0,0,2,1,1,3,0,0,0,1,0,0,2,3,5,4,0,3,1,1,5,3,0,0,2,0,0,0,0,0,0,1,0,0,0,0,0,0,0,0,0,1,0,0,0,0,0,0,0,0,3,1,0,0,0,0,1,1,0,0,0.333333333333333,0,0.166666666666667,0.166666666666667,NA,0,0.333333333333333,0.333333333333333,0.166666666666667,0.5,NA,NA,0,0.333333333333333,NA,NA,0.666666666666667,1,0.833333333333333,0.666666666666667,NA,1,0.166666666666667,0.333333333333333,0.833333333333333,0.5,NA,NA,0.666666666666667,0,NA,NA,0,0,0,0.166666666666667,NA,0,0,0,0,0,NA,NA,0,0.333333333333333,NA,NA,0,0,0,0,NA,0,0.5,0.333333333333333,0,0,NA,NA,0.333333333333333,0.333333333333333,NA,NA
"658",3,3,6,0,6,6,0,0,6,6,0,0,3,0,0,0,0,0,0,0,0,0,0,0,1,3,0,0,1,0,0,0,0,1,3,0,0,0,0,0,0,3,0,0,0,0,0,0,0.0769230769230769,0.0769230769230769,0.153846153846154,0,0.153846153846154,0.153846153846154,0,0,0.153846153846154,0.153846153846154,0,0,0.0769230769230769,0,0,0,0,0,0,NA,0,0,NA,NA,0.166666666666667,0.5,NA,NA,0.333333333333333,NA,NA,NA,0,0.333333333333333,0.5,NA,0,0,NA,NA,0,0.5,NA,NA,0,NA,NA,NA,0,1,3,0,0,0,0,0,0,2,0,0,0,0,0,0,3,2,3,0,6,6,0,0,5,1,0,0,2,0,0,0,0,0,0,0,0,0,0,0,0,1,0,0,0,0,0,0,0,0,0,0,0,0,0,0,1,2,0,0,1,0,0,0,0,0.333333333333333,0.5,NA,0,0,NA,NA,0,0.333333333333333,NA,NA,0,NA,NA,NA,1,0.666666666666667,0.5,NA,1,1,NA,NA,0.833333333333333,0.166666666666667,NA,NA,0.666666666666667,NA,NA,NA,0,0,0,NA,0,0,NA,NA,0,0.166666666666667,NA,NA,0,NA,NA,NA,0,0,0,NA,0,0,NA,NA,0.166666666666667,0.333333333333333,NA,NA,0.333333333333333,NA,NA,NA
"659",3,3,6,0,0,6,0,0,3,6,0,0,6,0,0,0,0,0,0,0,0,1,0,0,0,1,0,0,0,0,0,0,1,0,3,0,0,1,0,0,0,3,0,0,2,0,0,0,0.0909090909090909,0.0909090909090909,0.181818181818182,0,0,0.181818181818182,0,0,0.0909090909090909,0.181818181818182,0,0,0.181818181818182,0,0,0,0,0,0,NA,NA,0.166666666666667,NA,NA,0,0.166666666666667,NA,NA,0,NA,NA,NA,0.333333333333333,0,0.5,NA,NA,0.166666666666667,NA,NA,0,0.5,NA,NA,0.333333333333333,NA,NA,NA,1,0,3,0,0,1,0,0,0,3,0,0,2,0,0,0,2,3,3,0,0,4,0,0,3,2,0,0,4,0,0,0,0,0,0,0,0,0,0,0,0,0,0,0,0,0,0,0,0,0,0,0,0,1,0,0,0,1,0,0,0,0,0,0,0.333333333333333,0,0.5,NA,NA,0.166666666666667,NA,NA,0,0.5,NA,NA,0.333333333333333,NA,NA,NA,0.666666666666667,1,0.5,NA,NA,0.666666666666667,NA,NA,1,0.333333333333333,NA,NA,0.666666666666667,NA,NA,NA,0,0,0,NA,NA,0,NA,NA,0,0,NA,NA,0,NA,NA,NA,0,0,0,NA,NA,0.166666666666667,NA,NA,0,0.166666666666667,NA,NA,0,NA,NA,NA
"660",3,3,3,3,0,3,6,6,3,6,3,0,3,6,0,0,0,0,0,0,0,0,1,1,1,0,2,0,1,2,0,0,0,0,0,0,0,1,3,4,1,2,2,0,0,3,0,0,0.0625,0.0625,0.0625,0.0625,0,0.0625,0.125,0.125,0.0625,0.125,0.0625,0,0.0625,0.125,0,0,0,0,0,0,NA,0,0.166666666666667,0.166666666666667,0.333333333333333,0,0.666666666666667,NA,0.333333333333333,0.333333333333333,NA,NA,0,0,0,0,NA,0.333333333333333,0.5,0.666666666666667,0.333333333333333,0.333333333333333,0.666666666666667,NA,0,0.5,NA,NA,0,0,0,0,0,1,2,4,0,2,0,0,0,2,0,0,3,3,3,3,0,2,3,1,2,4,1,0,2,2,0,0,0,0,0,0,0,0,1,0,1,0,2,0,0,1,0,0,0,0,0,0,0,0,0,1,0,0,0,0,1,1,0,0,0,0,0,0,NA,0.333333333333333,0.333333333333333,0.666666666666667,0,0.333333333333333,0,NA,0,0.333333333333333,NA,NA,1,1,1,1,NA,0.666666666666667,0.5,0.166666666666667,0.666666666666667,0.666666666666667,0.333333333333333,NA,0.666666666666667,0.333333333333333,NA,NA,0,0,0,0,NA,0,0.166666666666667,0,0.333333333333333,0,0.666666666666667,NA,0,0.166666666666667,NA,NA,0,0,0,0,NA,0,0,0.166666666666667,0,0,0,NA,0.333333333333333,0.166666666666667,NA,NA
"661",3,3,3,3,0,3,6,6,3,6,6,3,3,0,0,0,0,0,0,0,0,0,1,1,0,0,2,3,0,0,0,0,0,1,1,0,0,0,2,2,0,4,4,2,0,0,0,0,0.0625,0.0625,0.0625,0.0625,0,0.0625,0.125,0.125,0.0625,0.125,0.125,0.0625,0.0625,0,0,0,0,0,0,0,NA,0,0.166666666666667,0.166666666666667,0,0,0.333333333333333,1,0,NA,NA,NA,0,0.333333333333333,0.333333333333333,0,NA,0,0.333333333333333,0.333333333333333,0,0.666666666666667,0.666666666666667,0.666666666666667,0,NA,NA,NA,0,1,1,0,0,0,2,2,0,4,3,0,0,0,0,0,3,2,2,3,0,3,3,3,3,2,1,0,3,0,0,0,0,0,0,0,0,0,0,0,0,0,1,2,0,0,0,0,0,0,0,0,0,0,1,1,0,0,1,1,0,0,0,0,0,0.333333333333333,0.333333333333333,0,NA,0,0.333333333333333,0.333333333333333,0,0.666666666666667,0.5,0,0,NA,NA,NA,1,0.666666666666667,0.666666666666667,1,NA,1,0.5,0.5,1,0.333333333333333,0.166666666666667,0,1,NA,NA,NA,0,0,0,0,NA,0,0,0,0,0,0.166666666666667,0.666666666666667,0,NA,NA,NA,0,0,0,0,NA,0,0.166666666666667,0.166666666666667,0,0,0.166666666666667,0.333333333333333,0,NA,NA,NA
"662",3,6,6,6,0,6,6,6,0,6,0,0,0,3,0,0,0,0,1,1,0,0,0,3,0,1,0,0,0,0,0,0,0,1,0,1,0,2,4,4,0,2,0,0,0,2,0,0,0.0625,0.125,0.125,0.125,0,0.125,0.125,0.125,0,0.125,0,0,0,0.0625,0,0,0,0,0.166666666666667,0.166666666666667,NA,0,0,0.5,NA,0.166666666666667,NA,NA,NA,0,NA,NA,0,0.166666666666667,0,0.166666666666667,NA,0.333333333333333,0.666666666666667,0.666666666666667,NA,0.333333333333333,NA,NA,NA,0.666666666666667,NA,NA,0,1,0,1,0,2,4,3,0,2,0,0,0,2,0,0,3,5,5,4,0,4,2,0,0,3,0,0,0,1,0,0,0,0,0,0,0,0,0,1,0,0,0,0,0,0,0,0,0,0,1,1,0,0,0,2,0,1,0,0,0,0,0,0,0,0.166666666666667,0,0.166666666666667,NA,0.333333333333333,0.666666666666667,0.5,NA,0.333333333333333,NA,NA,NA,0.666666666666667,NA,NA,1,0.833333333333333,0.833333333333333,0.666666666666667,NA,0.666666666666667,0.333333333333333,0,NA,0.5,NA,NA,NA,0.333333333333333,NA,NA,0,0,0,0,NA,0,0,0.166666666666667,NA,0,NA,NA,NA,0,NA,NA,0,0,0.166666666666667,0.166666666666667,NA,0,0,0.333333333333333,NA,0.166666666666667,NA,NA,NA,0,NA,NA
"663",3,3,3,3,6,6,6,6,6,0,0,0,0,0,0,0,0,0,0,0,0,0,1,1,2,0,0,0,0,0,0,0,0,0,1,0,2,3,3,4,0,0,0,0,0,0,0,0,0.0714285714285714,0.0714285714285714,0.0714285714285714,0.0714285714285714,0.142857142857143,0.142857142857143,0.142857142857143,0.142857142857143,0.142857142857143,0,0,0,0,0,0,0,0,0,0,0,0,0,0.166666666666667,0.166666666666667,0.333333333333333,NA,NA,NA,NA,NA,NA,NA,0,0,0.333333333333333,0,0.333333333333333,0.5,0.5,0.666666666666667,0,NA,NA,NA,NA,NA,NA,NA,0,0,1,0,2,3,3,4,0,0,0,0,0,0,0,0,3,3,2,3,4,3,2,1,4,0,0,0,0,0,0,0,0,0,0,0,0,0,0,0,0,0,0,0,0,0,0,0,0,0,0,0,0,0,1,1,2,0,0,0,0,0,0,0,0,0,0.333333333333333,0,0.333333333333333,0.5,0.5,0.666666666666667,0,NA,NA,NA,NA,NA,NA,NA,1,1,0.666666666666667,1,0.666666666666667,0.5,0.333333333333333,0.166666666666667,0.666666666666667,NA,NA,NA,NA,NA,NA,NA,0,0,0,0,0,0,0,0,0,NA,NA,NA,NA,NA,NA,NA,0,0,0,0,0,0,0.166666666666667,0.166666666666667,0.333333333333333,NA,NA,NA,NA,NA,NA,NA
"664",3,3,6,6,6,6,0,0,6,0,0,0,6,0,0,0,0,0,0,2,0,2,0,0,1,0,0,0,0,0,0,0,0,0,1,4,0,0,0,0,1,0,0,0,2,0,0,0,0.0714285714285714,0.0714285714285714,0.142857142857143,0.142857142857143,0.142857142857143,0.142857142857143,0,0,0.142857142857143,0,0,0,0.142857142857143,0,0,0,0,0,0,0.333333333333333,0,0.333333333333333,NA,NA,0.166666666666667,NA,NA,NA,0,NA,NA,NA,0,0,0.166666666666667,0.666666666666667,0,0,NA,NA,0.166666666666667,NA,NA,NA,0.333333333333333,NA,NA,NA,0,0,1,4,0,0,0,0,1,0,0,0,2,0,0,0,3,3,5,0,6,4,0,0,4,0,0,0,4,0,0,0,0,0,0,0,0,0,0,0,0,0,0,0,0,0,0,0,0,0,0,2,0,2,0,0,1,0,0,0,0,0,0,0,0,0,0.166666666666667,0.666666666666667,0,0,NA,NA,0.166666666666667,NA,NA,NA,0.333333333333333,NA,NA,NA,1,1,0.833333333333333,0,1,0.666666666666667,NA,NA,0.666666666666667,NA,NA,NA,0.666666666666667,NA,NA,NA,0,0,0,0,0,0,NA,NA,0,NA,NA,NA,0,NA,NA,NA,0,0,0,0.333333333333333,0,0.333333333333333,NA,NA,0.166666666666667,NA,NA,NA,0,NA,NA,NA
"665",3,3,3,3,3,3,6,6,6,6,6,0,0,0,0,0,0,0,0,0,0,0,0,1,1,0,2,0,0,0,0,0,1,1,0,1,0,0,1,5,1,3,6,0,0,0,0,0,0.0625,0.0625,0.0625,0.0625,0.0625,0.0625,0.125,0.125,0.125,0.125,0.125,0,0,0,0,0,0,0,0,0,0,0,0,0.166666666666667,0.166666666666667,0,0.333333333333333,NA,NA,NA,NA,NA,0.333333333333333,0.333333333333333,0,0.333333333333333,0,0,0.166666666666667,0.833333333333333,0.166666666666667,0.5,1,NA,NA,NA,NA,NA,1,1,0,1,0,0,1,5,1,3,4,0,0,0,0,0,2,2,3,2,3,3,5,0,4,3,0,0,0,0,0,0,0,0,0,0,0,0,0,0,0,0,2,0,0,0,0,0,0,0,0,0,0,0,0,1,1,0,0,0,0,0,0,0,0.333333333333333,0.333333333333333,0,0.333333333333333,0,0,0.166666666666667,0.833333333333333,0.166666666666667,0.5,0.666666666666667,NA,NA,NA,NA,NA,0.666666666666667,0.666666666666667,1,0.666666666666667,1,1,0.833333333333333,0,0.666666666666667,0.5,0,NA,NA,NA,NA,NA,0,0,0,0,0,0,0,0,0,0,0.333333333333333,NA,NA,NA,NA,NA,0,0,0,0,0,0,0,0.166666666666667,0.166666666666667,0,0,NA,NA,NA,NA,NA
"666",3,3,6,0,6,3,0,0,6,6,0,0,3,6,0,0,0,0,0,0,0,0,0,0,2,0,0,0,1,1,0,0,0,0,4,0,0,0,0,0,1,2,0,0,1,3,0,0,0.0714285714285714,0.0714285714285714,0.142857142857143,0,0.142857142857143,0.0714285714285714,0,0,0.142857142857143,0.142857142857143,0,0,0.0714285714285714,0.142857142857143,0,0,0,0,0,NA,0,0,NA,NA,0.333333333333333,0,NA,NA,0.333333333333333,0.166666666666667,NA,NA,0,0,0.666666666666667,NA,0,0,NA,NA,0.166666666666667,0.333333333333333,NA,NA,0.333333333333333,0.5,NA,NA,0,0,4,0,0,0,0,0,1,2,0,0,1,3,0,0,3,3,2,0,6,3,0,0,3,4,0,0,1,2,0,0,0,0,0,0,0,0,0,0,0,0,0,0,0,0,0,0,0,0,0,0,0,0,0,0,2,0,0,0,1,1,0,0,0,0,0.666666666666667,NA,0,0,NA,NA,0.166666666666667,0.333333333333333,NA,NA,0.333333333333333,0.5,NA,NA,1,1,0.333333333333333,NA,1,1,NA,NA,0.5,0.666666666666667,NA,NA,0.333333333333333,0.333333333333333,NA,NA,0,0,0,NA,0,0,NA,NA,0,0,NA,NA,0,0,NA,NA,0,0,0,NA,0,0,NA,NA,0.333333333333333,0,NA,NA,0.333333333333333,0.166666666666667,NA,NA
"667",3,3,3,3,0,3,6,6,3,3,0,0,6,6,0,0,0,0,0,0,0,0,3,0,0,0,0,0,1,0,0,0,0,0,0,1,0,0,3,4,0,1,0,0,2,4,0,0,0.0666666666666667,0.0666666666666667,0.0666666666666667,0.0666666666666667,0,0.0666666666666667,0.133333333333333,0.133333333333333,0.0666666666666667,0.0666666666666667,0,0,0.133333333333333,0.133333333333333,0,0,0,0,0,0,NA,0,0.5,0,0,0,NA,NA,0.166666666666667,0,NA,NA,0,0,0,0.333333333333333,NA,0,0.5,0.666666666666667,0,0.333333333333333,NA,NA,0.333333333333333,0.666666666666667,NA,NA,0,0,0,1,0,0,1,4,0,1,0,0,1,4,0,0,3,3,3,2,0,3,2,2,3,2,0,0,4,2,0,0,0,0,0,0,0,0,2,0,0,0,0,0,1,0,0,0,0,0,0,0,0,0,1,0,0,0,0,0,0,0,0,0,0,0,0,0.333333333333333,NA,0,0.166666666666667,0.666666666666667,0,0.333333333333333,NA,NA,0.166666666666667,0.666666666666667,NA,NA,1,1,1,0.666666666666667,NA,1,0.333333333333333,0.333333333333333,1,0.666666666666667,NA,NA,0.666666666666667,0.333333333333333,NA,NA,0,0,0,0,NA,0,0.333333333333333,0,0,0,NA,NA,0.166666666666667,0,NA,NA,0,0,0,0,NA,0,0.166666666666667,0,0,0,NA,NA,0,0,NA,NA
"668",3,3,3,3,3,6,6,3,3,3,6,6,0,0,0,0,0,0,0,0,0,1,0,0,0,2,3,1,0,0,0,0,0,1,0,0,0,2,1,1,1,0,2,5,0,0,0,0,0.0625,0.0625,0.0625,0.0625,0.0625,0.125,0.125,0.0625,0.0625,0.0625,0.125,0.125,0,0,0,0,0,0,0,0,0,0.166666666666667,0,0,0,0.666666666666667,0.5,0.166666666666667,NA,NA,NA,NA,0,0.333333333333333,0,0,0,0.333333333333333,0.166666666666667,0.333333333333333,0.333333333333333,0,0.333333333333333,0.833333333333333,NA,NA,NA,NA,0,1,0,0,0,2,1,1,1,0,1,4,0,0,0,0,3,2,3,3,3,3,5,2,2,1,2,1,0,0,0,0,0,0,0,0,0,0,0,0,0,0,1,1,0,0,0,0,0,0,0,0,0,1,0,0,0,2,2,0,0,0,0,0,0,0.333333333333333,0,0,0,0.333333333333333,0.166666666666667,0.333333333333333,0.333333333333333,0,0.166666666666667,0.666666666666667,NA,NA,NA,NA,1,0.666666666666667,1,1,1,0.5,0.833333333333333,0.666666666666667,0.666666666666667,0.333333333333333,0.333333333333333,0.166666666666667,NA,NA,NA,NA,0,0,0,0,0,0,0,0,0,0,0.166666666666667,0.166666666666667,NA,NA,NA,NA,0,0,0,0,0,0.166666666666667,0,0,0,0.666666666666667,0.333333333333333,0,NA,NA,NA,NA
"669",6,6,3,6,0,6,6,6,0,6,3,0,0,0,0,0,0,1,0,0,0,1,0,1,0,1,1,0,0,0,0,0,0,1,1,2,0,1,3,4,0,1,0,0,0,0,0,0,0.125,0.125,0.0625,0.125,0,0.125,0.125,0.125,0,0.125,0.0625,0,0,0,0,0,0,0.166666666666667,0,0,NA,0.166666666666667,0,0.166666666666667,NA,0.166666666666667,0.333333333333333,NA,NA,NA,NA,NA,0,0.166666666666667,0.333333333333333,0.333333333333333,NA,0.166666666666667,0.5,0.666666666666667,NA,0.166666666666667,0,NA,NA,NA,NA,NA,0,0,1,2,0,1,3,4,0,0,0,0,0,0,0,0,6,5,2,4,0,4,3,1,0,5,2,0,0,0,0,0,0,1,0,0,0,0,0,0,0,1,0,0,0,0,0,0,0,0,0,0,0,1,0,1,0,0,1,0,0,0,0,0,0,0,0.333333333333333,0.333333333333333,NA,0.166666666666667,0.5,0.666666666666667,NA,0,0,NA,NA,NA,NA,NA,1,0.833333333333333,0.666666666666667,0.666666666666667,NA,0.666666666666667,0.5,0.166666666666667,NA,0.833333333333333,0.666666666666667,NA,NA,NA,NA,NA,0,0.166666666666667,0,0,NA,0,0,0,NA,0.166666666666667,0,NA,NA,NA,NA,NA,0,0,0,0,NA,0.166666666666667,0,0.166666666666667,NA,0,0.333333333333333,NA,NA,NA,NA,NA
"670",6,6,3,6,3,6,6,6,0,0,6,0,0,0,0,0,0,1,0,0,0,2,0,2,0,0,3,0,0,0,0,0,1,1,0,2,0,3,2,2,0,0,3,0,0,0,0,0,0.125,0.125,0.0625,0.125,0.0625,0.125,0.125,0.125,0,0,0.125,0,0,0,0,0,0,0.166666666666667,0,0,0,0.333333333333333,0,0.333333333333333,NA,NA,0.5,NA,NA,NA,NA,NA,0.166666666666667,0.166666666666667,0,0.333333333333333,0,0.5,0.333333333333333,0.333333333333333,NA,NA,0.5,NA,NA,NA,NA,NA,1,0,0,2,0,2,2,2,0,0,1,0,0,0,0,0,5,5,3,4,3,2,4,2,0,0,2,0,0,0,0,0,0,1,0,0,0,1,0,0,0,0,2,0,0,0,0,0,0,0,0,0,0,1,0,2,0,0,1,0,0,0,0,0,0.166666666666667,0,0,0.333333333333333,0,0.333333333333333,0.333333333333333,0.333333333333333,NA,NA,0.166666666666667,NA,NA,NA,NA,NA,0.833333333333333,0.833333333333333,1,0.666666666666667,1,0.333333333333333,0.666666666666667,0.333333333333333,NA,NA,0.333333333333333,NA,NA,NA,NA,NA,0,0.166666666666667,0,0,0,0.166666666666667,0,0,NA,NA,0.333333333333333,NA,NA,NA,NA,NA,0,0,0,0,0,0.166666666666667,0,0.333333333333333,NA,NA,0.166666666666667,NA,NA,NA,NA,NA
"671",3,3,3,6,0,3,6,6,0,6,0,0,6,6,0,0,0,0,0,1,0,0,2,2,0,1,0,0,0,3,0,0,0,0,0,2,0,1,2,4,0,1,0,0,1,3,0,0,0.0625,0.0625,0.0625,0.125,0,0.0625,0.125,0.125,0,0.125,0,0,0.125,0.125,0,0,0,0,0,0.166666666666667,NA,0,0.333333333333333,0.333333333333333,NA,0.166666666666667,NA,NA,0,0.5,NA,NA,0,0,0,0.333333333333333,NA,0.333333333333333,0.333333333333333,0.666666666666667,NA,0.166666666666667,NA,NA,0.166666666666667,0.5,NA,NA,0,0,0,2,0,1,1,2,0,0,0,0,1,2,0,0,3,3,3,3,0,2,3,2,0,5,0,0,5,1,0,0,0,0,0,0,0,0,1,2,0,1,0,0,0,1,0,0,0,0,0,1,0,0,1,0,0,0,0,0,0,2,0,0,0,0,0,0.333333333333333,NA,0.333333333333333,0.166666666666667,0.333333333333333,NA,0,NA,NA,0.166666666666667,0.333333333333333,NA,NA,1,1,1,0.5,NA,0.666666666666667,0.5,0.333333333333333,NA,0.833333333333333,NA,NA,0.833333333333333,0.166666666666667,NA,NA,0,0,0,0,NA,0,0.166666666666667,0.333333333333333,NA,0.166666666666667,NA,NA,0,0.166666666666667,NA,NA,0,0,0,0.166666666666667,NA,0,0.166666666666667,0,NA,0,NA,NA,0,0.333333333333333,NA,NA
"672",3,6,6,3,0,0,6,6,0,3,6,6,0,0,3,0,0,0,1,0,0,0,0,1,0,0,1,4,0,0,2,0,1,1,0,1,0,0,0,1,0,1,2,6,0,0,1,0,0.0625,0.125,0.125,0.0625,0,0,0.125,0.125,0,0.0625,0.125,0.125,0,0,0.0625,0,0,0,0.166666666666667,0,NA,NA,0,0.166666666666667,NA,0,0.166666666666667,0.666666666666667,NA,NA,0.666666666666667,NA,0.333333333333333,0.166666666666667,0,0.333333333333333,NA,NA,0,0.166666666666667,NA,0.333333333333333,0.333333333333333,1,NA,NA,0.333333333333333,NA,1,1,0,1,0,0,0,1,0,1,2,2,0,0,1,0,2,5,5,2,0,0,6,4,0,2,3,0,0,0,0,0,0,0,0,0,0,0,0,0,0,0,0,4,0,0,0,0,0,0,1,0,0,0,0,1,0,0,1,0,0,0,2,0,0.333333333333333,0.166666666666667,0,0.333333333333333,NA,NA,0,0.166666666666667,NA,0.333333333333333,0.333333333333333,0.333333333333333,NA,NA,0.333333333333333,NA,0.666666666666667,0.833333333333333,0.833333333333333,0.666666666666667,NA,NA,1,0.666666666666667,NA,0.666666666666667,0.5,0,NA,NA,0,NA,0,0,0,0,NA,NA,0,0,NA,0,0,0.666666666666667,NA,NA,0,NA,0,0,0.166666666666667,0,NA,NA,0,0.166666666666667,NA,0,0.166666666666667,0,NA,NA,0.666666666666667,NA
"673",6,6,0,0,6,0,0,0,6,0,0,0,6,0,0,0,0,2,0,0,0,0,0,0,1,0,0,0,0,0,0,0,0,1,0,0,0,0,0,0,1,0,0,0,5,0,0,0,0.2,0.2,0,0,0.2,0,0,0,0.2,0,0,0,0.2,0,0,0,0,0.333333333333333,NA,NA,0,NA,NA,NA,0.166666666666667,NA,NA,NA,0,NA,NA,NA,0,0.166666666666667,NA,NA,0,NA,NA,NA,0.166666666666667,NA,NA,NA,0.833333333333333,NA,NA,NA,0,1,0,0,0,0,0,0,1,0,0,0,5,0,0,0,6,3,0,0,6,0,0,0,4,0,0,0,1,0,0,0,0,0,0,0,0,0,0,0,0,0,0,0,0,0,0,0,0,2,0,0,0,0,0,0,1,0,0,0,0,0,0,0,0,0.166666666666667,NA,NA,0,NA,NA,NA,0.166666666666667,NA,NA,NA,0.833333333333333,NA,NA,NA,1,0.5,NA,NA,1,NA,NA,NA,0.666666666666667,NA,NA,NA,0.166666666666667,NA,NA,NA,0,0,NA,NA,0,NA,NA,NA,0,NA,NA,NA,0,NA,NA,NA,0,0.333333333333333,NA,NA,0,NA,NA,NA,0.166666666666667,NA,NA,NA,0,NA,NA,NA
"674",3,3,3,6,3,0,6,6,3,6,6,0,0,3,0,0,0,0,0,0,0,0,0,2,1,1,2,0,0,1,0,0,0,0,0,1,0,0,2,5,0,2,3,0,0,1,0,0,0.0625,0.0625,0.0625,0.125,0.0625,0,0.125,0.125,0.0625,0.125,0.125,0,0,0.0625,0,0,0,0,0,0,0,NA,0,0.333333333333333,0.333333333333333,0.166666666666667,0.333333333333333,NA,NA,0.333333333333333,NA,NA,0,0,0,0.166666666666667,0,NA,0.333333333333333,0.833333333333333,0,0.333333333333333,0.5,NA,NA,0.333333333333333,NA,NA,0,0,0,1,0,0,2,4,0,2,3,0,0,0,0,0,3,3,3,5,3,0,4,0,2,3,1,0,0,2,0,0,0,0,0,0,0,0,0,1,0,0,0,0,0,1,0,0,0,0,0,0,0,0,0,1,1,1,2,0,0,0,0,0,0,0,0,0.166666666666667,0,NA,0.333333333333333,0.666666666666667,0,0.333333333333333,0.5,NA,NA,0,NA,NA,1,1,1,0.833333333333333,1,NA,0.666666666666667,0,0.666666666666667,0.5,0.166666666666667,NA,NA,0.666666666666667,NA,NA,0,0,0,0,0,NA,0,0.166666666666667,0,0,0,NA,NA,0.333333333333333,NA,NA,0,0,0,0,0,NA,0,0.166666666666667,0.333333333333333,0.166666666666667,0.333333333333333,NA,NA,0,NA,NA
"675",3,3,6,6,0,0,6,6,0,3,6,0,3,6,0,0,0,0,0,1,0,0,1,0,0,0,0,0,1,1,0,0,0,0,1,1,0,0,2,4,0,1,5,0,2,4,0,0,0.0625,0.0625,0.125,0.125,0,0,0.125,0.125,0,0.0625,0.125,0,0.0625,0.125,0,0,0,0,0,0.166666666666667,NA,NA,0.166666666666667,0,NA,0,0,NA,0.333333333333333,0.166666666666667,NA,NA,0,0,0.166666666666667,0.166666666666667,NA,NA,0.333333333333333,0.666666666666667,NA,0.333333333333333,0.833333333333333,NA,0.666666666666667,0.666666666666667,NA,NA,0,0,1,0,0,0,2,4,0,1,5,0,1,4,0,0,3,3,5,5,0,0,3,2,0,2,1,0,1,1,0,0,0,0,0,1,0,0,0,0,0,0,0,0,1,0,0,0,0,0,0,0,0,0,1,0,0,0,0,0,0,1,0,0,0,0,0.166666666666667,0,NA,NA,0.333333333333333,0.666666666666667,NA,0.333333333333333,0.833333333333333,NA,0.333333333333333,0.666666666666667,NA,NA,1,1,0.833333333333333,0.833333333333333,NA,NA,0.5,0.333333333333333,NA,0.666666666666667,0.166666666666667,NA,0.333333333333333,0.166666666666667,NA,NA,0,0,0,0.166666666666667,NA,NA,0,0,NA,0,0,NA,0.333333333333333,0,NA,NA,0,0,0,0,NA,NA,0.166666666666667,0,NA,0,0,NA,0,0.166666666666667,NA,NA
"676",6,6,6,3,6,6,0,0,6,3,0,0,0,0,0,0,0,1,1,1,0,1,0,0,2,1,0,0,0,0,0,0,0,0,1,0,0,0,0,0,0,0,0,0,0,0,0,0,0.142857142857143,0.142857142857143,0.142857142857143,0.0714285714285714,0.142857142857143,0.142857142857143,0,0,0.142857142857143,0.0714285714285714,0,0,0,0,0,0,0,0.166666666666667,0.166666666666667,0.333333333333333,0,0.166666666666667,NA,NA,0.333333333333333,0.333333333333333,NA,NA,NA,NA,NA,NA,0,0,0.166666666666667,0,0,0,NA,NA,0,0,NA,NA,NA,NA,NA,NA,0,0,1,0,0,0,0,0,0,0,0,0,0,0,0,0,6,5,4,2,6,5,0,0,4,2,0,0,0,0,0,0,0,0,0,0,0,0,0,0,0,0,0,0,0,0,0,0,0,1,1,1,0,1,0,0,2,1,0,0,0,0,0,0,0,0,0.166666666666667,0,0,0,NA,NA,0,0,NA,NA,NA,NA,NA,NA,1,0.833333333333333,0.666666666666667,0.666666666666667,1,0.833333333333333,NA,NA,0.666666666666667,0.666666666666667,NA,NA,NA,NA,NA,NA,0,0,0,0,0,0,NA,NA,0,0,NA,NA,NA,NA,NA,NA,0,0.166666666666667,0.166666666666667,0.333333333333333,0,0.166666666666667,NA,NA,0.333333333333333,0.333333333333333,NA,NA,NA,NA,NA,NA
"677",3,3,3,6,0,3,6,6,3,6,6,0,3,0,0,0,0,0,0,0,0,0,1,4,0,1,0,0,0,0,0,0,0,0,0,1,0,0,1,2,1,3,5,0,1,0,0,0,0.0625,0.0625,0.0625,0.125,0,0.0625,0.125,0.125,0.0625,0.125,0.125,0,0.0625,0,0,0,0,0,0,0,NA,0,0.166666666666667,0.666666666666667,0,0.166666666666667,0,NA,0,NA,NA,NA,0,0,0,0.166666666666667,NA,0,0.166666666666667,0.333333333333333,0.333333333333333,0.5,0.833333333333333,NA,0.333333333333333,NA,NA,NA,0,0,0,1,0,0,1,0,1,2,5,0,1,0,0,0,3,3,3,5,0,3,4,2,2,3,1,0,2,0,0,0,0,0,0,0,0,0,0,2,0,1,0,0,0,0,0,0,0,0,0,0,0,0,1,2,0,0,0,0,0,0,0,0,0,0,0,0.166666666666667,NA,0,0.166666666666667,0,0.333333333333333,0.333333333333333,0.833333333333333,NA,0.333333333333333,NA,NA,NA,1,1,1,0.833333333333333,NA,1,0.666666666666667,0.333333333333333,0.666666666666667,0.5,0.166666666666667,NA,0.666666666666667,NA,NA,NA,0,0,0,0,NA,0,0,0.333333333333333,0,0.166666666666667,0,NA,0,NA,NA,NA,0,0,0,0,NA,0,0.166666666666667,0.333333333333333,0,0,0,NA,0,NA,NA,NA
"678",3,3,3,3,3,6,6,6,3,3,6,3,0,0,0,0,0,0,0,0,0,0,1,0,0,1,1,2,0,0,0,0,0,1,0,0,0,4,1,3,0,2,5,2,0,0,0,0,0.0625,0.0625,0.0625,0.0625,0.0625,0.125,0.125,0.125,0.0625,0.0625,0.125,0.0625,0,0,0,0,0,0,0,0,0,0,0.166666666666667,0,0,0.333333333333333,0.166666666666667,0.666666666666667,NA,NA,NA,NA,0,0.333333333333333,0,0,0,0.666666666666667,0.166666666666667,0.5,0,0.666666666666667,0.833333333333333,0.666666666666667,NA,NA,NA,NA,0,1,0,0,0,4,1,3,0,2,5,1,0,0,0,0,3,2,3,3,3,2,4,3,3,0,0,0,0,0,0,0,0,0,0,0,0,0,0,0,0,0,0,1,0,0,0,0,0,0,0,0,0,0,1,0,0,1,1,1,0,0,0,0,0,0.333333333333333,0,0,0,0.666666666666667,0.166666666666667,0.5,0,0.666666666666667,0.833333333333333,0.333333333333333,NA,NA,NA,NA,1,0.666666666666667,1,1,1,0.333333333333333,0.666666666666667,0.5,1,0,0,0,NA,NA,NA,NA,0,0,0,0,0,0,0,0,0,0,0,0.333333333333333,NA,NA,NA,NA,0,0,0,0,0,0,0.166666666666667,0,0,0.333333333333333,0.166666666666667,0.333333333333333,NA,NA,NA,NA
"679",3,3,3,6,0,6,6,3,6,6,0,0,3,0,0,0,0,0,0,1,0,1,2,2,1,0,0,0,2,0,0,0,0,0,1,2,0,2,3,1,0,4,0,0,0,0,0,0,0.0666666666666667,0.0666666666666667,0.0666666666666667,0.133333333333333,0,0.133333333333333,0.133333333333333,0.0666666666666667,0.133333333333333,0.133333333333333,0,0,0.0666666666666667,0,0,0,0,0,0,0.166666666666667,NA,0.166666666666667,0.333333333333333,0.666666666666667,0.166666666666667,0,NA,NA,0.666666666666667,NA,NA,NA,0,0,0.333333333333333,0.333333333333333,NA,0.333333333333333,0.5,0.333333333333333,0,0.666666666666667,NA,NA,0,NA,NA,NA,0,0,1,2,0,2,3,0,0,4,0,0,0,0,0,0,3,3,2,3,0,3,1,1,5,2,0,0,1,0,0,0,0,0,0,0,0,0,0,1,0,0,0,0,0,0,0,0,0,0,0,1,0,1,2,1,1,0,0,0,2,0,0,0,0,0,0.333333333333333,0.333333333333333,NA,0.333333333333333,0.5,0,0,0.666666666666667,NA,NA,0,NA,NA,NA,1,1,0.666666666666667,0.5,NA,0.5,0.166666666666667,0.333333333333333,0.833333333333333,0.333333333333333,NA,NA,0.333333333333333,NA,NA,NA,0,0,0,0,NA,0,0,0.333333333333333,0,0,NA,NA,0,NA,NA,NA,0,0,0,0.166666666666667,NA,0.166666666666667,0.333333333333333,0.333333333333333,0.166666666666667,0,NA,NA,0.666666666666667,NA,NA,NA
"680",3,3,3,3,0,6,6,6,0,6,0,0,6,6,0,0,0,0,0,0,0,0,0,1,0,0,0,0,1,1,0,0,0,0,0,1,0,2,4,5,0,2,0,0,3,2,0,0,0.0625,0.0625,0.0625,0.0625,0,0.125,0.125,0.125,0,0.125,0,0,0.125,0.125,0,0,0,0,0,0,NA,0,0,0.166666666666667,NA,0,NA,NA,0.166666666666667,0.166666666666667,NA,NA,0,0,0,0.333333333333333,NA,0.333333333333333,0.666666666666667,0.833333333333333,NA,0.333333333333333,NA,NA,0.5,0.333333333333333,NA,NA,0,0,0,1,0,2,4,4,0,2,0,0,2,1,0,0,3,3,3,2,0,4,2,1,0,4,0,0,3,4,0,0,0,0,0,0,0,0,0,1,0,0,0,0,1,1,0,0,0,0,0,0,0,0,0,0,0,0,0,0,0,0,0,0,0,0,0,0.333333333333333,NA,0.333333333333333,0.666666666666667,0.666666666666667,NA,0.333333333333333,NA,NA,0.333333333333333,0.166666666666667,NA,NA,1,1,1,0.666666666666667,NA,0.666666666666667,0.333333333333333,0.166666666666667,NA,0.666666666666667,NA,NA,0.5,0.666666666666667,NA,NA,0,0,0,0,NA,0,0,0.166666666666667,NA,0,NA,NA,0.166666666666667,0.166666666666667,NA,NA,0,0,0,0,NA,0,0,0,NA,0,NA,NA,0,0,NA,NA
"681",3,3,3,6,3,6,6,6,3,6,3,0,0,0,0,0,0,0,0,1,0,0,1,2,0,2,1,0,0,0,0,0,0,0,1,2,1,0,0,3,2,1,2,0,0,0,0,0,0.0625,0.0625,0.0625,0.125,0.0625,0.125,0.125,0.125,0.0625,0.125,0.0625,0,0,0,0,0,0,0,0,0.166666666666667,0,0,0.166666666666667,0.333333333333333,0,0.333333333333333,0.333333333333333,NA,NA,NA,NA,NA,0,0,0.333333333333333,0.333333333333333,0.333333333333333,0,0,0.5,0.666666666666667,0.166666666666667,0.666666666666667,NA,NA,NA,NA,NA,0,0,1,2,1,0,0,2,2,1,1,0,0,0,0,0,3,3,2,3,2,6,5,2,1,3,1,0,0,0,0,0,0,0,0,0,0,0,0,1,0,0,1,0,0,0,0,0,0,0,0,1,0,0,1,1,0,2,0,0,0,0,0,0,0,0,0.333333333333333,0.333333333333333,0.333333333333333,0,0,0.333333333333333,0.666666666666667,0.166666666666667,0.333333333333333,NA,NA,NA,NA,NA,1,1,0.666666666666667,0.5,0.666666666666667,1,0.833333333333333,0.333333333333333,0.333333333333333,0.5,0.333333333333333,NA,NA,NA,NA,NA,0,0,0,0,0,0,0,0.166666666666667,0,0,0.333333333333333,NA,NA,NA,NA,NA,0,0,0,0.166666666666667,0,0,0.166666666666667,0.166666666666667,0,0.333333333333333,0,NA,NA,NA,NA,NA
"682",3,3,6,0,0,3,0,0,3,3,0,0,6,6,0,0,0,0,0,0,0,0,0,0,0,0,0,0,1,1,0,0,0,1,3,0,0,0,0,0,1,0,0,0,4,5,0,0,0.0909090909090909,0.0909090909090909,0.181818181818182,0,0,0.0909090909090909,0,0,0.0909090909090909,0.0909090909090909,0,0,0.181818181818182,0.181818181818182,0,0,0,0,0,NA,NA,0,NA,NA,0,0,NA,NA,0.166666666666667,0.166666666666667,NA,NA,0,0.333333333333333,0.5,NA,NA,0,NA,NA,0.333333333333333,0,NA,NA,0.666666666666667,0.833333333333333,NA,NA,0,1,3,0,0,0,0,0,1,0,0,0,4,4,0,0,3,2,3,0,0,3,0,0,2,3,0,0,1,1,0,0,0,0,0,0,0,0,0,0,0,0,0,0,0,1,0,0,0,0,0,0,0,0,0,0,0,0,0,0,1,0,0,0,0,0.333333333333333,0.5,NA,NA,0,NA,NA,0.333333333333333,0,NA,NA,0.666666666666667,0.666666666666667,NA,NA,1,0.666666666666667,0.5,NA,NA,1,NA,NA,0.666666666666667,1,NA,NA,0.166666666666667,0.166666666666667,NA,NA,0,0,0,NA,NA,0,NA,NA,0,0,NA,NA,0,0.166666666666667,NA,NA,0,0,0,NA,NA,0,NA,NA,0,0,NA,NA,0.166666666666667,0,NA,NA
"683",3,3,6,6,3,3,6,3,6,6,0,0,0,3,0,0,0,0,0,1,0,0,1,2,2,0,0,0,0,1,0,0,0,0,1,1,0,0,3,0,1,3,0,0,0,1,0,0,0.0625,0.0625,0.125,0.125,0.0625,0.0625,0.125,0.0625,0.125,0.125,0,0,0,0.0625,0,0,0,0,0,0.166666666666667,0,0,0.166666666666667,0.666666666666667,0.333333333333333,0,NA,NA,NA,0.333333333333333,NA,NA,0,0,0.166666666666667,0.166666666666667,0,0,0.5,0,0.166666666666667,0.5,NA,NA,NA,0.333333333333333,NA,NA,0,0,1,0,0,0,3,0,1,3,0,0,0,1,0,0,3,3,5,5,3,3,2,1,3,3,0,0,0,1,0,0,0,0,0,1,0,0,0,0,0,0,0,0,0,0,0,0,0,0,0,0,0,0,1,2,2,0,0,0,0,1,0,0,0,0,0.166666666666667,0,0,0,0.5,0,0.166666666666667,0.5,NA,NA,NA,0.333333333333333,NA,NA,1,1,0.833333333333333,0.833333333333333,1,1,0.333333333333333,0.333333333333333,0.5,0.5,NA,NA,NA,0.333333333333333,NA,NA,0,0,0,0.166666666666667,0,0,0,0,0,0,NA,NA,NA,0,NA,NA,0,0,0,0,0,0,0.166666666666667,0.666666666666667,0.333333333333333,0,NA,NA,NA,0.333333333333333,NA,NA
"684",6,6,3,6,0,0,6,6,0,6,6,0,0,3,0,0,1,1,0,0,0,0,1,3,0,0,1,0,0,1,0,0,0,1,1,1,0,0,0,5,0,1,5,0,0,1,0,0,0.125,0.125,0.0625,0.125,0,0,0.125,0.125,0,0.125,0.125,0,0,0.0625,0,0,0.166666666666667,0.166666666666667,0,0,NA,NA,0.166666666666667,0.5,NA,0,0.166666666666667,NA,NA,0.333333333333333,NA,NA,0,0.166666666666667,0.333333333333333,0.166666666666667,NA,NA,0,0.833333333333333,NA,0.166666666666667,0.833333333333333,NA,NA,0.333333333333333,NA,NA,0,1,1,1,0,0,0,3,0,1,4,0,0,1,0,0,5,4,2,5,0,0,5,0,0,5,1,0,0,1,0,0,0,0,0,0,0,0,0,2,0,0,1,0,0,0,0,0,1,1,0,0,0,0,1,1,0,0,0,0,0,1,0,0,0,0.166666666666667,0.333333333333333,0.166666666666667,NA,NA,0,0.5,NA,0.166666666666667,0.666666666666667,NA,NA,0.333333333333333,NA,NA,0.833333333333333,0.666666666666667,0.666666666666667,0.833333333333333,NA,NA,0.833333333333333,0,NA,0.833333333333333,0.166666666666667,NA,NA,0.333333333333333,NA,NA,0,0,0,0,NA,NA,0,0.333333333333333,NA,0,0.166666666666667,NA,NA,0,NA,NA,0.166666666666667,0.166666666666667,0,0,NA,NA,0.166666666666667,0.166666666666667,NA,0,0,NA,NA,0.333333333333333,NA,NA
"685",3,6,6,6,0,3,6,6,0,3,6,0,0,3,0,0,0,1,1,1,0,0,0,1,0,0,2,0,0,1,0,0,0,1,1,1,0,1,1,5,0,1,4,0,0,3,0,0,0.0625,0.125,0.125,0.125,0,0.0625,0.125,0.125,0,0.0625,0.125,0,0,0.0625,0,0,0,0.166666666666667,0.166666666666667,0.166666666666667,NA,0,0,0.166666666666667,NA,0,0.333333333333333,NA,NA,0.333333333333333,NA,NA,0,0.166666666666667,0.166666666666667,0.166666666666667,NA,0.333333333333333,0.166666666666667,0.833333333333333,NA,0.333333333333333,0.666666666666667,NA,NA,1,NA,NA,0,1,1,1,0,1,1,4,0,1,2,0,0,2,0,0,3,4,4,4,0,2,5,1,0,2,2,0,0,0,0,0,0,0,0,0,0,0,0,1,0,0,2,0,0,1,0,0,0,1,1,1,0,0,0,0,0,0,0,0,0,0,0,0,0,0.166666666666667,0.166666666666667,0.166666666666667,NA,0.333333333333333,0.166666666666667,0.666666666666667,NA,0.333333333333333,0.333333333333333,NA,NA,0.666666666666667,NA,NA,1,0.666666666666667,0.666666666666667,0.666666666666667,NA,0.666666666666667,0.833333333333333,0.166666666666667,NA,0.666666666666667,0.333333333333333,NA,NA,0,NA,NA,0,0,0,0,NA,0,0,0.166666666666667,NA,0,0.333333333333333,NA,NA,0.333333333333333,NA,NA,0,0.166666666666667,0.166666666666667,0.166666666666667,NA,0,0,0,NA,0,0,NA,NA,0,NA,NA
"686",3,6,6,6,0,0,3,6,0,6,6,0,0,6,0,0,0,0,1,0,0,0,0,2,0,0,0,0,0,0,0,0,0,2,2,1,0,0,0,2,0,2,5,0,0,6,0,0,0.0625,0.125,0.125,0.125,0,0,0.0625,0.125,0,0.125,0.125,0,0,0.125,0,0,0,0,0.166666666666667,0,NA,NA,0,0.333333333333333,NA,0,0,NA,NA,0,NA,NA,0,0.333333333333333,0.333333333333333,0.166666666666667,NA,NA,0,0.333333333333333,NA,0.333333333333333,0.833333333333333,NA,NA,1,NA,NA,0,2,2,1,0,0,0,1,0,2,5,0,0,6,0,0,3,4,3,5,0,0,3,3,0,4,1,0,0,0,0,0,0,0,0,0,0,0,0,1,0,0,0,0,0,0,0,0,0,0,1,0,0,0,0,1,0,0,0,0,0,0,0,0,0,0.333333333333333,0.333333333333333,0.166666666666667,NA,NA,0,0.166666666666667,NA,0.333333333333333,0.833333333333333,NA,NA,1,NA,NA,1,0.666666666666667,0.5,0.833333333333333,NA,NA,1,0.5,NA,0.666666666666667,0.166666666666667,NA,NA,0,NA,NA,0,0,0,0,NA,NA,0,0.166666666666667,NA,0,0,NA,NA,0,NA,NA,0,0,0.166666666666667,0,NA,NA,0,0.166666666666667,NA,0,0,NA,NA,0,NA,NA
"687",6,0,0,0,6,0,0,0,6,0,0,0,6,0,0,0,2,0,0,0,0,0,0,0,1,0,0,0,0,0,0,0,0,0,0,0,0,0,0,0,0,0,0,0,0,0,0,0,0.25,0,0,0,0.25,0,0,0,0.25,0,0,0,0.25,0,0,0,0.333333333333333,NA,NA,NA,0,NA,NA,NA,0.166666666666667,NA,NA,NA,0,NA,NA,NA,0,NA,NA,NA,0,NA,NA,NA,0,NA,NA,NA,0,NA,NA,NA,0,0,0,0,0,0,0,0,0,0,0,0,0,0,0,0,4,0,0,0,6,0,0,0,5,0,0,0,6,0,0,0,0,0,0,0,0,0,0,0,0,0,0,0,0,0,0,0,2,0,0,0,0,0,0,0,1,0,0,0,0,0,0,0,0,NA,NA,NA,0,NA,NA,NA,0,NA,NA,NA,0,NA,NA,NA,0.666666666666667,NA,NA,NA,1,NA,NA,NA,0.833333333333333,NA,NA,NA,1,NA,NA,NA,0,NA,NA,NA,0,NA,NA,NA,0,NA,NA,NA,0,NA,NA,NA,0.333333333333333,NA,NA,NA,0,NA,NA,NA,0.166666666666667,NA,NA,NA,0,NA,NA,NA
"688",3,6,6,0,6,6,0,0,6,0,0,0,3,0,0,0,0,0,1,0,1,2,0,0,0,0,0,0,1,0,0,0,0,1,4,0,0,1,0,0,3,0,0,0,1,0,0,0,0.0833333333333333,0.166666666666667,0.166666666666667,0,0.166666666666667,0.166666666666667,0,0,0.166666666666667,0,0,0,0.0833333333333333,0,0,0,0,0,0.166666666666667,NA,0.166666666666667,0.333333333333333,NA,NA,0,NA,NA,NA,0.333333333333333,NA,NA,NA,0,0.166666666666667,0.666666666666667,NA,0,0.166666666666667,NA,NA,0.5,NA,NA,NA,0.333333333333333,NA,NA,NA,0,1,3,0,0,0,0,0,3,0,0,0,1,0,0,0,3,5,2,0,5,4,0,0,3,0,0,0,1,0,0,0,0,0,1,0,0,1,0,0,0,0,0,0,0,0,0,0,0,0,0,0,1,1,0,0,0,0,0,0,1,0,0,0,0,0.166666666666667,0.5,NA,0,0,NA,NA,0.5,NA,NA,NA,0.333333333333333,NA,NA,NA,1,0.833333333333333,0.333333333333333,NA,0.833333333333333,0.666666666666667,NA,NA,0.5,NA,NA,NA,0.333333333333333,NA,NA,NA,0,0,0.166666666666667,NA,0,0.166666666666667,NA,NA,0,NA,NA,NA,0,NA,NA,NA,0,0,0,NA,0.166666666666667,0.166666666666667,NA,NA,0,NA,NA,NA,0.333333333333333,NA,NA,NA
"689",3,3,3,6,3,3,6,6,3,6,6,0,0,0,0,0,0,0,0,0,1,0,0,1,1,1,2,0,0,0,0,0,0,0,1,1,0,1,2,5,0,3,4,0,0,0,0,0,0.0625,0.0625,0.0625,0.125,0.0625,0.0625,0.125,0.125,0.0625,0.125,0.125,0,0,0,0,0,0,0,0,0,0.333333333333333,0,0,0.166666666666667,0.333333333333333,0.166666666666667,0.333333333333333,NA,NA,NA,NA,NA,0,0,0.333333333333333,0.166666666666667,0,0.333333333333333,0.333333333333333,0.833333333333333,0,0.5,0.666666666666667,NA,NA,NA,NA,NA,0,0,1,1,0,1,2,4,0,2,3,0,0,0,0,0,3,3,2,5,2,2,4,1,2,3,1,0,0,0,0,0,0,0,0,0,0,0,0,1,0,1,1,0,0,0,0,0,0,0,0,0,1,0,0,0,1,0,1,0,0,0,0,0,0,0,0.333333333333333,0.166666666666667,0,0.333333333333333,0.333333333333333,0.666666666666667,0,0.333333333333333,0.5,NA,NA,NA,NA,NA,1,1,0.666666666666667,0.833333333333333,0.666666666666667,0.666666666666667,0.666666666666667,0.166666666666667,0.666666666666667,0.5,0.166666666666667,NA,NA,NA,NA,NA,0,0,0,0,0,0,0,0.166666666666667,0,0.166666666666667,0.166666666666667,NA,NA,NA,NA,NA,0,0,0,0,0.333333333333333,0,0,0,0.333333333333333,0,0.166666666666667,NA,NA,NA,NA,NA
"690",3,3,3,3,0,0,3,6,3,6,6,0,6,0,6,0,0,0,0,0,0,0,0,0,0,0,1,0,0,0,3,0,0,0,0,0,0,0,1,5,1,3,2,0,1,0,4,0,0.0625,0.0625,0.0625,0.0625,0,0,0.0625,0.125,0.0625,0.125,0.125,0,0.125,0,0.125,0,0,0,0,0,NA,NA,0,0,0,0,0.166666666666667,NA,0,NA,0.5,NA,0,0,0,0,NA,NA,0.333333333333333,0.833333333333333,0.333333333333333,0.5,0.333333333333333,NA,0.166666666666667,NA,0.666666666666667,NA,0,0,0,0,0,0,1,5,1,3,2,0,1,0,1,0,3,3,3,3,0,0,2,1,2,3,3,0,5,0,2,0,0,0,0,0,0,0,0,0,0,0,0,0,0,0,3,0,0,0,0,0,0,0,0,0,0,0,1,0,0,0,0,0,0,0,0,0,NA,NA,0.333333333333333,0.833333333333333,0.333333333333333,0.5,0.333333333333333,NA,0.166666666666667,NA,0.166666666666667,NA,1,1,1,1,NA,NA,0.666666666666667,0.166666666666667,0.666666666666667,0.5,0.5,NA,0.833333333333333,NA,0.333333333333333,NA,0,0,0,0,NA,NA,0,0,0,0,0,NA,0,NA,0.5,NA,0,0,0,0,NA,NA,0,0,0,0,0.166666666666667,NA,0,NA,0,NA
"691",3,3,3,6,6,6,6,6,3,6,0,0,0,0,0,0,0,0,0,0,0,0,2,3,1,2,0,0,0,0,0,0,0,0,1,1,1,1,1,5,0,0,0,0,0,0,0,0,0.0625,0.0625,0.0625,0.125,0.125,0.125,0.125,0.125,0.0625,0.125,0,0,0,0,0,0,0,0,0,0,0,0,0.333333333333333,0.5,0.333333333333333,0.333333333333333,NA,NA,NA,NA,NA,NA,0,0,0.333333333333333,0.166666666666667,0.166666666666667,0.166666666666667,0.166666666666667,0.833333333333333,0,0,NA,NA,NA,NA,NA,NA,0,0,1,1,1,1,0,3,0,0,0,0,0,0,0,0,3,3,2,5,5,5,4,0,2,4,0,0,0,0,0,0,0,0,0,0,0,0,1,2,0,0,0,0,0,0,0,0,0,0,0,0,0,0,1,1,1,2,0,0,0,0,0,0,0,0,0.333333333333333,0.166666666666667,0.166666666666667,0.166666666666667,0,0.5,0,0,NA,NA,NA,NA,NA,NA,1,1,0.666666666666667,0.833333333333333,0.833333333333333,0.833333333333333,0.666666666666667,0,0.666666666666667,0.666666666666667,NA,NA,NA,NA,NA,NA,0,0,0,0,0,0,0.166666666666667,0.333333333333333,0,0,NA,NA,NA,NA,NA,NA,0,0,0,0,0,0,0.166666666666667,0.166666666666667,0.333333333333333,0.333333333333333,NA,NA,NA,NA,NA,NA
"692",3,6,6,6,3,6,0,0,6,3,0,0,3,6,0,0,0,0,0,2,0,1,0,0,1,0,0,0,2,1,0,0,0,2,2,3,0,1,0,0,0,1,0,0,2,4,0,0,0.0625,0.125,0.125,0.125,0.0625,0.125,0,0,0.125,0.0625,0,0,0.0625,0.125,0,0,0,0,0,0.333333333333333,0,0.166666666666667,NA,NA,0.166666666666667,0,NA,NA,0.666666666666667,0.166666666666667,NA,NA,0,0.333333333333333,0.333333333333333,0.5,0,0.166666666666667,NA,NA,0,0.333333333333333,NA,NA,0.666666666666667,0.666666666666667,NA,NA,0,2,2,2,0,0,0,0,0,1,0,0,1,4,0,0,3,4,4,2,3,5,0,0,5,2,0,0,0,1,0,0,0,0,0,1,0,1,0,0,0,0,0,0,1,0,0,0,0,0,0,1,0,0,0,0,1,0,0,0,1,1,0,0,0,0.333333333333333,0.333333333333333,0.333333333333333,0,0,NA,NA,0,0.333333333333333,NA,NA,0.333333333333333,0.666666666666667,NA,NA,1,0.666666666666667,0.666666666666667,0.333333333333333,1,0.833333333333333,NA,NA,0.833333333333333,0.666666666666667,NA,NA,0,0.166666666666667,NA,NA,0,0,0,0.166666666666667,0,0.166666666666667,NA,NA,0,0,NA,NA,0.333333333333333,0,NA,NA,0,0,0,0.166666666666667,0,0,NA,NA,0.166666666666667,0,NA,NA,0.333333333333333,0.166666666666667,NA,NA
"693",3,3,3,6,0,3,6,6,0,3,0,0,6,6,0,0,0,0,0,0,0,0,2,3,0,0,0,0,0,0,0,0,0,0,0,1,0,1,4,5,0,1,0,0,2,4,0,0,0.0666666666666667,0.0666666666666667,0.0666666666666667,0.133333333333333,0,0.0666666666666667,0.133333333333333,0.133333333333333,0,0.0666666666666667,0,0,0.133333333333333,0.133333333333333,0,0,0,0,0,0,NA,0,0.333333333333333,0.5,NA,0,NA,NA,0,0,NA,NA,0,0,0,0.166666666666667,NA,0.333333333333333,0.666666666666667,0.833333333333333,NA,0.333333333333333,NA,NA,0.333333333333333,0.666666666666667,NA,NA,0,0,0,1,0,1,3,2,0,1,0,0,2,4,0,0,3,3,3,5,0,2,1,1,0,2,0,0,4,2,0,0,0,0,0,0,0,0,1,3,0,0,0,0,0,0,0,0,0,0,0,0,0,0,1,0,0,0,0,0,0,0,0,0,0,0,0,0.166666666666667,NA,0.333333333333333,0.5,0.333333333333333,NA,0.333333333333333,NA,NA,0.333333333333333,0.666666666666667,NA,NA,1,1,1,0.833333333333333,NA,0.666666666666667,0.166666666666667,0.166666666666667,NA,0.666666666666667,NA,NA,0.666666666666667,0.333333333333333,NA,NA,0,0,0,0,NA,0,0.166666666666667,0.5,NA,0,NA,NA,0,0,NA,NA,0,0,0,0,NA,0,0.166666666666667,0,NA,0,NA,NA,0,0,NA,NA
"694",3,3,3,6,0,6,6,6,0,6,3,3,0,3,0,0,0,0,0,0,0,1,2,2,0,1,2,3,0,1,0,0,1,0,1,1,0,1,3,1,0,1,3,2,0,1,0,0,0.0625,0.0625,0.0625,0.125,0,0.125,0.125,0.125,0,0.125,0.0625,0.0625,0,0.0625,0,0,0,0,0,0,NA,0.166666666666667,0.333333333333333,0.333333333333333,NA,0.166666666666667,0.666666666666667,1,NA,0.333333333333333,NA,NA,0.333333333333333,0,0.333333333333333,0.166666666666667,NA,0.166666666666667,0.5,0.166666666666667,NA,0.166666666666667,1,0.666666666666667,NA,0.333333333333333,NA,NA,1,0,1,1,0,1,2,0,0,1,1,0,0,1,0,0,2,3,2,5,0,4,2,4,0,4,0,0,0,1,0,0,0,0,0,0,0,0,1,1,0,0,2,2,0,0,0,0,0,0,0,0,0,1,1,1,0,1,0,1,0,1,0,0,0.333333333333333,0,0.333333333333333,0.166666666666667,NA,0.166666666666667,0.333333333333333,0,NA,0.166666666666667,0.333333333333333,0,NA,0.333333333333333,NA,NA,0.666666666666667,1,0.666666666666667,0.833333333333333,NA,0.666666666666667,0.333333333333333,0.666666666666667,NA,0.666666666666667,0,0,NA,0.333333333333333,NA,NA,0,0,0,0,NA,0,0.166666666666667,0.166666666666667,NA,0,0.666666666666667,0.666666666666667,NA,0,NA,NA,0,0,0,0,NA,0.166666666666667,0.166666666666667,0.166666666666667,NA,0.166666666666667,0,0.333333333333333,NA,0.333333333333333,NA,NA
"695",3,3,6,6,6,6,0,0,6,6,0,0,3,0,0,0,0,0,0,2,0,0,0,0,2,2,0,0,1,0,0,0,0,0,2,2,1,1,0,0,0,1,0,0,2,0,0,0,0.0666666666666667,0.0666666666666667,0.133333333333333,0.133333333333333,0.133333333333333,0.133333333333333,0,0,0.133333333333333,0.133333333333333,0,0,0.0666666666666667,0,0,0,0,0,0,0.333333333333333,0,0,NA,NA,0.333333333333333,0.333333333333333,NA,NA,0.333333333333333,NA,NA,NA,0,0,0.333333333333333,0.333333333333333,0.166666666666667,0.166666666666667,NA,NA,0,0.166666666666667,NA,NA,0.666666666666667,NA,NA,NA,0,0,2,1,1,1,0,0,0,1,0,0,1,0,0,0,3,3,4,3,5,5,0,0,4,3,0,0,1,0,0,0,0,0,0,1,0,0,0,0,0,0,0,0,1,0,0,0,0,0,0,1,0,0,0,0,2,2,0,0,0,0,0,0,0,0,0.333333333333333,0.166666666666667,0.166666666666667,0.166666666666667,NA,NA,0,0.166666666666667,NA,NA,0.333333333333333,NA,NA,NA,1,1,0.666666666666667,0.5,0.833333333333333,0.833333333333333,NA,NA,0.666666666666667,0.5,NA,NA,0.333333333333333,NA,NA,NA,0,0,0,0.166666666666667,0,0,NA,NA,0,0,NA,NA,0.333333333333333,NA,NA,NA,0,0,0,0.166666666666667,0,0,NA,NA,0.333333333333333,0.333333333333333,NA,NA,0,NA,NA,NA
"696",6,6,6,3,3,6,0,0,6,3,0,0,6,0,0,0,0,1,1,1,0,1,0,0,1,1,0,0,2,0,0,0,1,0,2,1,0,1,0,0,1,0,0,0,2,0,0,0,0.133333333333333,0.133333333333333,0.133333333333333,0.0666666666666667,0.0666666666666667,0.133333333333333,0,0,0.133333333333333,0.0666666666666667,0,0,0.133333333333333,0,0,0,0,0.166666666666667,0.166666666666667,0.333333333333333,0,0.166666666666667,NA,NA,0.166666666666667,0.333333333333333,NA,NA,0.333333333333333,NA,NA,NA,0.166666666666667,0,0.333333333333333,0.333333333333333,0,0.166666666666667,NA,NA,0.166666666666667,0,NA,NA,0.333333333333333,NA,NA,NA,1,0,2,0,0,0,0,0,0,0,0,0,1,0,0,0,5,5,3,2,3,5,0,0,5,2,0,0,3,0,0,0,0,0,0,1,0,1,0,0,1,0,0,0,1,0,0,0,0,1,1,0,0,0,0,0,0,1,0,0,1,0,0,0,0.166666666666667,0,0.333333333333333,0,0,0,NA,NA,0,0,NA,NA,0.166666666666667,NA,NA,NA,0.833333333333333,0.833333333333333,0.5,0.666666666666667,1,0.833333333333333,NA,NA,0.833333333333333,0.666666666666667,NA,NA,0.5,NA,NA,NA,0,0,0,0.333333333333333,0,0.166666666666667,NA,NA,0.166666666666667,0,NA,NA,0.166666666666667,NA,NA,NA,0,0.166666666666667,0.166666666666667,0,0,0,NA,NA,0,0.333333333333333,NA,NA,0.166666666666667,NA,NA,NA
"697",3,3,6,6,6,6,6,6,3,3,0,0,0,0,0,0,0,0,0,0,1,1,2,2,0,1,0,0,0,0,0,0,0,0,2,2,0,1,3,4,0,0,0,0,0,0,0,0,0.0625,0.0625,0.125,0.125,0.125,0.125,0.125,0.125,0.0625,0.0625,0,0,0,0,0,0,0,0,0,0,0.166666666666667,0.166666666666667,0.333333333333333,0.333333333333333,0,0.333333333333333,NA,NA,NA,NA,NA,NA,0,0,0.333333333333333,0.333333333333333,0,0.166666666666667,0.5,0.666666666666667,0,0,NA,NA,NA,NA,NA,NA,0,0,2,2,0,1,2,3,0,0,0,0,0,0,0,0,3,3,4,4,5,4,2,1,3,2,0,0,0,0,0,0,0,0,0,0,0,0,1,1,0,0,0,0,0,0,0,0,0,0,0,0,1,1,1,1,0,1,0,0,0,0,0,0,0,0,0.333333333333333,0.333333333333333,0,0.166666666666667,0.333333333333333,0.5,0,0,NA,NA,NA,NA,NA,NA,1,1,0.666666666666667,0.666666666666667,0.833333333333333,0.666666666666667,0.333333333333333,0.166666666666667,1,0.666666666666667,NA,NA,NA,NA,NA,NA,0,0,0,0,0,0,0.166666666666667,0.166666666666667,0,0,NA,NA,NA,NA,NA,NA,0,0,0,0,0.166666666666667,0.166666666666667,0.166666666666667,0.166666666666667,0,0.333333333333333,NA,NA,NA,NA,NA,NA
"698",3,6,6,3,6,6,0,0,6,6,0,0,0,3,0,0,0,0,1,1,1,0,0,0,2,1,0,0,0,1,0,0,0,1,2,1,0,2,0,0,1,1,0,0,0,2,0,0,0.0666666666666667,0.133333333333333,0.133333333333333,0.0666666666666667,0.133333333333333,0.133333333333333,0,0,0.133333333333333,0.133333333333333,0,0,0,0.0666666666666667,0,0,0,0,0.166666666666667,0.333333333333333,0.166666666666667,0,NA,NA,0.333333333333333,0.166666666666667,NA,NA,NA,0.333333333333333,NA,NA,0,0.166666666666667,0.333333333333333,0.333333333333333,0,0.333333333333333,NA,NA,0.166666666666667,0.166666666666667,NA,NA,NA,0.666666666666667,NA,NA,0,1,2,1,0,2,0,0,1,1,0,0,0,2,0,0,3,5,3,1,5,4,0,0,3,4,0,0,0,0,0,0,0,0,0,0,0,0,0,0,0,0,0,0,0,0,0,0,0,0,1,1,1,0,0,0,2,1,0,0,0,1,0,0,0,0.166666666666667,0.333333333333333,0.333333333333333,0,0.333333333333333,NA,NA,0.166666666666667,0.166666666666667,NA,NA,NA,0.666666666666667,NA,NA,1,0.833333333333333,0.5,0.333333333333333,0.833333333333333,0.666666666666667,NA,NA,0.5,0.666666666666667,NA,NA,NA,0,NA,NA,0,0,0,0,0,0,NA,NA,0,0,NA,NA,NA,0,NA,NA,0,0,0.166666666666667,0.333333333333333,0.166666666666667,0,NA,NA,0.333333333333333,0.166666666666667,NA,NA,NA,0.333333333333333,NA,NA
"699",3,3,3,6,0,0,6,3,3,3,6,0,6,6,0,0,0,0,0,0,0,0,1,1,1,0,2,0,1,1,0,0,0,0,0,2,0,0,2,1,0,0,4,0,2,2,0,0,0.0625,0.0625,0.0625,0.125,0,0,0.125,0.0625,0.0625,0.0625,0.125,0,0.125,0.125,0,0,0,0,0,0,NA,NA,0.166666666666667,0.333333333333333,0.333333333333333,0,0.333333333333333,NA,0.166666666666667,0.166666666666667,NA,NA,0,0,0,0.333333333333333,NA,NA,0.333333333333333,0.333333333333333,0,0,0.666666666666667,NA,0.333333333333333,0.333333333333333,NA,NA,0,0,0,2,0,0,1,1,0,0,3,0,1,2,0,0,3,3,3,4,0,0,4,1,2,3,1,0,4,3,0,0,0,0,0,0,0,0,1,0,0,0,1,0,1,0,0,0,0,0,0,0,0,0,0,1,1,0,1,0,0,1,0,0,0,0,0,0.333333333333333,NA,NA,0.166666666666667,0.333333333333333,0,0,0.5,NA,0.166666666666667,0.333333333333333,NA,NA,1,1,1,0.666666666666667,NA,NA,0.666666666666667,0.333333333333333,0.666666666666667,1,0.166666666666667,NA,0.666666666666667,0.5,NA,NA,0,0,0,0,NA,NA,0.166666666666667,0,0,0,0.166666666666667,NA,0.166666666666667,0,NA,NA,0,0,0,0,NA,NA,0,0.333333333333333,0.333333333333333,0,0.166666666666667,NA,0,0.166666666666667,NA,NA
"700",3,6,6,0,6,0,0,0,0,0,0,0,0,0,0,0,0,0,2,0,2,0,0,0,0,0,0,0,0,0,0,0,0,1,0,0,2,0,0,0,0,0,0,0,0,0,0,0,0.142857142857143,0.285714285714286,0.285714285714286,0,0.285714285714286,0,0,0,0,0,0,0,0,0,0,0,0,0,0.333333333333333,NA,0.333333333333333,NA,NA,NA,NA,NA,NA,NA,NA,NA,NA,NA,0,0.166666666666667,0,NA,0.333333333333333,NA,NA,NA,NA,NA,NA,NA,NA,NA,NA,NA,0,1,0,0,2,0,0,0,0,0,0,0,0,0,0,0,3,5,4,0,2,0,0,0,0,0,0,0,0,0,0,0,0,0,0,0,0,0,0,0,0,0,0,0,0,0,0,0,0,0,2,0,2,0,0,0,0,0,0,0,0,0,0,0,0,0.166666666666667,0,NA,0.333333333333333,NA,NA,NA,NA,NA,NA,NA,NA,NA,NA,NA,1,0.833333333333333,0.666666666666667,NA,0.333333333333333,NA,NA,NA,NA,NA,NA,NA,NA,NA,NA,NA,0,0,0,NA,0,NA,NA,NA,NA,NA,NA,NA,NA,NA,NA,NA,0,0,0.333333333333333,NA,0.333333333333333,NA,NA,NA,NA,NA,NA,NA,NA,NA,NA,NA
"701",3,6,6,6,3,6,6,6,0,0,6,0,0,0,0,0,0,0,1,0,0,1,0,3,0,0,3,0,0,0,0,0,1,0,2,1,1,4,2,4,0,0,3,0,0,0,0,0,0.0625,0.125,0.125,0.125,0.0625,0.125,0.125,0.125,0,0,0.125,0,0,0,0,0,0,0,0.166666666666667,0,0,0.166666666666667,0,0.5,NA,NA,0.5,NA,NA,NA,NA,NA,0.333333333333333,0,0.333333333333333,0.166666666666667,0.333333333333333,0.666666666666667,0.333333333333333,0.666666666666667,NA,NA,0.5,NA,NA,NA,NA,NA,1,0,1,1,1,3,2,2,0,0,1,0,0,0,0,0,2,6,4,5,2,2,4,1,0,0,2,0,0,0,0,0,0,0,1,0,0,1,0,2,0,0,2,0,0,0,0,0,0,0,0,0,0,0,0,1,0,0,1,0,0,0,0,0,0.333333333333333,0,0.166666666666667,0.166666666666667,0.333333333333333,0.5,0.333333333333333,0.333333333333333,NA,NA,0.166666666666667,NA,NA,NA,NA,NA,0.666666666666667,1,0.666666666666667,0.833333333333333,0.666666666666667,0.333333333333333,0.666666666666667,0.166666666666667,NA,NA,0.333333333333333,NA,NA,NA,NA,NA,0,0,0.166666666666667,0,0,0.166666666666667,0,0.333333333333333,NA,NA,0.333333333333333,NA,NA,NA,NA,NA,0,0,0,0,0,0,0,0.166666666666667,NA,NA,0.166666666666667,NA,NA,NA,NA,NA
"702",3,3,3,6,0,0,3,0,6,6,6,0,6,6,0,0,0,0,0,0,0,0,0,0,0,0,1,0,2,2,0,0,0,0,1,3,0,0,1,0,1,2,4,0,1,3,0,0,0.0625,0.0625,0.0625,0.125,0,0,0.0625,0,0.125,0.125,0.125,0,0.125,0.125,0,0,0,0,0,0,NA,NA,0,NA,0,0,0.166666666666667,NA,0.333333333333333,0.333333333333333,NA,NA,0,0,0.333333333333333,0.5,NA,NA,0.333333333333333,NA,0.166666666666667,0.333333333333333,0.666666666666667,NA,0.166666666666667,0.5,NA,NA,0,0,1,3,0,0,1,0,1,2,3,0,1,2,0,0,3,3,2,3,0,0,2,0,5,4,2,0,3,2,0,0,0,0,0,0,0,0,0,0,0,0,1,0,0,1,0,0,0,0,0,0,0,0,0,0,0,0,0,0,2,1,0,0,0,0,0.333333333333333,0.5,NA,NA,0.333333333333333,NA,0.166666666666667,0.333333333333333,0.5,NA,0.166666666666667,0.333333333333333,NA,NA,1,1,0.666666666666667,0.5,NA,NA,0.666666666666667,NA,0.833333333333333,0.666666666666667,0.333333333333333,NA,0.5,0.333333333333333,NA,NA,0,0,0,0,NA,NA,0,NA,0,0,0.166666666666667,NA,0,0.166666666666667,NA,NA,0,0,0,0,NA,NA,0,NA,0,0,0,NA,0.333333333333333,0.166666666666667,NA,NA
"703",3,6,6,6,0,3,6,0,3,6,0,0,3,6,0,0,0,0,1,0,0,0,1,0,0,0,0,0,0,3,0,0,0,0,1,3,0,0,4,0,0,2,0,0,0,5,0,0,0.0625,0.125,0.125,0.125,0,0.0625,0.125,0,0.0625,0.125,0,0,0.0625,0.125,0,0,0,0,0.166666666666667,0,NA,0,0.166666666666667,NA,0,0,NA,NA,0,0.5,NA,NA,0,0,0.166666666666667,0.5,NA,0,0.666666666666667,NA,0,0.333333333333333,NA,NA,0,0.833333333333333,NA,NA,0,0,1,3,0,0,3,0,0,2,0,0,0,3,0,0,3,6,4,3,0,3,2,0,3,4,0,0,3,0,0,0,0,0,0,0,0,0,1,0,0,0,0,0,0,2,0,0,0,0,1,0,0,0,0,0,0,0,0,0,0,1,0,0,0,0,0.166666666666667,0.5,NA,0,0.5,NA,0,0.333333333333333,NA,NA,0,0.5,NA,NA,1,1,0.666666666666667,0.5,NA,1,0.333333333333333,NA,1,0.666666666666667,NA,NA,1,0,NA,NA,0,0,0,0,NA,0,0.166666666666667,NA,0,0,NA,NA,0,0.333333333333333,NA,NA,0,0,0.166666666666667,0,NA,0,0,NA,0,0,NA,NA,0,0.166666666666667,NA,NA
"704",3,3,3,6,0,3,6,6,3,6,3,0,0,6,0,0,0,0,0,0,0,0,0,1,1,0,1,0,0,2,0,0,0,1,0,2,0,0,2,4,0,2,1,0,0,3,0,0,0.0625,0.0625,0.0625,0.125,0,0.0625,0.125,0.125,0.0625,0.125,0.0625,0,0,0.125,0,0,0,0,0,0,NA,0,0,0.166666666666667,0.333333333333333,0,0.333333333333333,NA,NA,0.333333333333333,NA,NA,0,0.333333333333333,0,0.333333333333333,NA,0,0.333333333333333,0.666666666666667,0,0.333333333333333,0.333333333333333,NA,NA,0.5,NA,NA,0,1,0,2,0,0,2,3,0,2,1,0,0,2,0,0,3,2,3,4,0,3,4,2,2,4,1,0,0,2,0,0,0,0,0,0,0,0,0,1,0,0,0,0,0,1,0,0,0,0,0,0,0,0,0,0,1,0,1,0,0,1,0,0,0,0.333333333333333,0,0.333333333333333,NA,0,0.333333333333333,0.5,0,0.333333333333333,0.333333333333333,NA,NA,0.333333333333333,NA,NA,1,0.666666666666667,1,0.666666666666667,NA,1,0.666666666666667,0.333333333333333,0.666666666666667,0.666666666666667,0.333333333333333,NA,NA,0.333333333333333,NA,NA,0,0,0,0,NA,0,0,0.166666666666667,0,0,0,NA,NA,0.166666666666667,NA,NA,0,0,0,0,NA,0,0,0,0.333333333333333,0,0.333333333333333,NA,NA,0.166666666666667,NA,NA
"705",3,3,3,6,3,6,6,6,3,3,3,0,3,0,0,0,0,0,0,1,0,1,1,2,0,1,1,0,0,0,0,0,0,0,0,1,0,0,0,3,0,1,3,0,1,0,0,0,0.0625,0.0625,0.0625,0.125,0.0625,0.125,0.125,0.125,0.0625,0.0625,0.0625,0,0.0625,0,0,0,0,0,0,0.166666666666667,0,0.166666666666667,0.166666666666667,0.333333333333333,0,0.333333333333333,0.333333333333333,NA,0,NA,NA,NA,0,0,0,0.166666666666667,0,0,0,0.5,0,0.333333333333333,1,NA,0.333333333333333,NA,NA,NA,0,0,0,1,0,0,0,2,0,0,2,0,1,0,0,0,3,3,3,4,3,5,5,2,3,2,0,0,2,0,0,0,0,0,0,0,0,0,0,1,0,1,1,0,0,0,0,0,0,0,0,1,0,1,1,1,0,0,0,0,0,0,0,0,0,0,0,0.166666666666667,0,0,0,0.333333333333333,0,0,0.666666666666667,NA,0.333333333333333,NA,NA,NA,1,1,1,0.666666666666667,1,0.833333333333333,0.833333333333333,0.333333333333333,1,0.666666666666667,0,NA,0.666666666666667,NA,NA,NA,0,0,0,0,0,0,0,0.166666666666667,0,0.333333333333333,0.333333333333333,NA,0,NA,NA,NA,0,0,0,0.166666666666667,0,0.166666666666667,0.166666666666667,0.166666666666667,0,0,0,NA,0,NA,NA,NA
"706",3,3,3,6,0,3,6,6,0,3,6,0,3,6,0,0,0,0,0,0,0,0,0,1,0,0,3,0,0,0,0,0,0,1,1,2,0,0,1,3,0,0,5,0,0,4,0,0,0.0625,0.0625,0.0625,0.125,0,0.0625,0.125,0.125,0,0.0625,0.125,0,0.0625,0.125,0,0,0,0,0,0,NA,0,0,0.166666666666667,NA,0,0.5,NA,0,0,NA,NA,0,0.333333333333333,0.333333333333333,0.333333333333333,NA,0,0.166666666666667,0.5,NA,0,0.833333333333333,NA,0,0.666666666666667,NA,NA,0,1,1,2,0,0,1,3,0,0,2,0,0,4,0,0,3,2,2,4,0,3,5,2,0,3,1,0,3,2,0,0,0,0,0,0,0,0,0,0,0,0,3,0,0,0,0,0,0,0,0,0,0,0,0,1,0,0,0,0,0,0,0,0,0,0.333333333333333,0.333333333333333,0.333333333333333,NA,0,0.166666666666667,0.5,NA,0,0.333333333333333,NA,0,0.666666666666667,NA,NA,1,0.666666666666667,0.666666666666667,0.666666666666667,NA,1,0.833333333333333,0.333333333333333,NA,1,0.166666666666667,NA,1,0.333333333333333,NA,NA,0,0,0,0,NA,0,0,0,NA,0,0.5,NA,0,0,NA,NA,0,0,0,0,NA,0,0,0.166666666666667,NA,0,0,NA,0,0,NA,NA
"707",6,6,3,6,0,6,6,6,0,6,3,0,0,0,0,0,0,1,0,0,0,0,1,3,0,1,1,0,0,0,0,0,1,0,0,0,0,1,2,2,0,0,2,0,0,0,0,0,0.125,0.125,0.0625,0.125,0,0.125,0.125,0.125,0,0.125,0.0625,0,0,0,0,0,0,0.166666666666667,0,0,NA,0,0.166666666666667,0.5,NA,0.166666666666667,0.333333333333333,NA,NA,NA,NA,NA,0.166666666666667,0,0,0,NA,0.166666666666667,0.333333333333333,0.333333333333333,NA,0,0.666666666666667,NA,NA,NA,NA,NA,1,0,0,0,0,1,1,1,0,0,1,0,0,0,0,0,5,5,3,6,0,5,4,2,0,5,1,0,0,0,0,0,0,0,0,0,0,0,1,1,0,0,1,0,0,0,0,0,0,1,0,0,0,0,0,2,0,1,0,0,0,0,0,0,0.166666666666667,0,0,0,NA,0.166666666666667,0.166666666666667,0.166666666666667,NA,0,0.333333333333333,NA,NA,NA,NA,NA,0.833333333333333,0.833333333333333,1,1,NA,0.833333333333333,0.666666666666667,0.333333333333333,NA,0.833333333333333,0.333333333333333,NA,NA,NA,NA,NA,0,0,0,0,NA,0,0.166666666666667,0.166666666666667,NA,0,0.333333333333333,NA,NA,NA,NA,NA,0,0.166666666666667,0,0,NA,0,0,0.333333333333333,NA,0.166666666666667,0,NA,NA,NA,NA,NA
"708",6,3,6,6,6,6,6,0,6,0,3,0,0,0,0,0,1,0,0,1,0,2,1,0,1,0,1,0,0,0,0,0,1,0,2,3,0,1,0,0,0,0,1,0,0,0,0,0,0.125,0.0625,0.125,0.125,0.125,0.125,0.125,0,0.125,0,0.0625,0,0,0,0,0,0.166666666666667,0,0,0.166666666666667,0,0.333333333333333,0.166666666666667,NA,0.166666666666667,NA,0.333333333333333,NA,NA,NA,NA,NA,0.166666666666667,0,0.333333333333333,0.5,0,0.166666666666667,0,NA,0,NA,0.333333333333333,NA,NA,NA,NA,NA,1,0,2,3,0,1,0,0,0,0,1,0,0,0,0,0,4,3,4,2,6,3,5,0,5,0,1,0,0,0,0,0,0,0,0,0,0,0,0,0,0,0,0,0,0,0,0,0,1,0,0,1,0,2,1,0,1,0,1,0,0,0,0,0,0.166666666666667,0,0.333333333333333,0.5,0,0.166666666666667,0,NA,0,NA,0.333333333333333,NA,NA,NA,NA,NA,0.666666666666667,1,0.666666666666667,0.333333333333333,1,0.5,0.833333333333333,NA,0.833333333333333,NA,0.333333333333333,NA,NA,NA,NA,NA,0,0,0,0,0,0,0,NA,0,NA,0,NA,NA,NA,NA,NA,0.166666666666667,0,0,0.166666666666667,0,0.333333333333333,0.166666666666667,NA,0.166666666666667,NA,0.333333333333333,NA,NA,NA,NA,NA
"709",3,3,3,6,3,6,6,3,3,0,6,0,6,0,0,0,0,0,0,0,0,0,0,1,0,0,3,0,2,0,0,0,0,0,1,2,0,3,2,1,1,0,4,0,2,0,0,0,0.0625,0.0625,0.0625,0.125,0.0625,0.125,0.125,0.0625,0.0625,0,0.125,0,0.125,0,0,0,0,0,0,0,0,0,0,0.333333333333333,0,NA,0.5,NA,0.333333333333333,NA,NA,NA,0,0,0.333333333333333,0.333333333333333,0,0.5,0.333333333333333,0.333333333333333,0.333333333333333,NA,0.666666666666667,NA,0.333333333333333,NA,NA,NA,0,0,1,2,0,3,2,0,1,0,1,0,1,0,0,0,3,3,2,4,3,3,4,2,2,0,2,0,3,0,0,0,0,0,0,0,0,0,0,1,0,0,3,0,1,0,0,0,0,0,0,0,0,0,0,0,0,0,0,0,1,0,0,0,0,0,0.333333333333333,0.333333333333333,0,0.5,0.333333333333333,0,0.333333333333333,NA,0.166666666666667,NA,0.166666666666667,NA,NA,NA,1,1,0.666666666666667,0.666666666666667,1,0.5,0.666666666666667,0.666666666666667,0.666666666666667,NA,0.333333333333333,NA,0.5,NA,NA,NA,0,0,0,0,0,0,0,0.333333333333333,0,NA,0.5,NA,0.166666666666667,NA,NA,NA,0,0,0,0,0,0,0,0,0,NA,0,NA,0.166666666666667,NA,NA,NA
"710",3,3,3,6,0,6,6,0,0,6,6,0,3,6,0,0,0,0,0,0,0,1,0,0,0,1,2,0,1,1,0,0,0,0,0,4,0,2,1,0,0,1,3,0,1,4,0,0,0.0625,0.0625,0.0625,0.125,0,0.125,0.125,0,0,0.125,0.125,0,0.0625,0.125,0,0,0,0,0,0,NA,0.166666666666667,0,NA,NA,0.166666666666667,0.333333333333333,NA,0.333333333333333,0.166666666666667,NA,NA,0,0,0,0.666666666666667,NA,0.333333333333333,0.166666666666667,NA,NA,0.166666666666667,0.5,NA,0.333333333333333,0.666666666666667,NA,NA,0,0,0,4,0,2,1,0,0,1,2,0,0,3,0,0,3,3,3,2,0,3,5,0,0,4,2,0,2,2,0,0,0,0,0,0,0,0,0,0,0,0,1,0,1,1,0,0,0,0,0,0,0,1,0,0,0,1,1,0,0,0,0,0,0,0,0,0.666666666666667,NA,0.333333333333333,0.166666666666667,NA,NA,0.166666666666667,0.333333333333333,NA,0,0.5,NA,NA,1,1,1,0.333333333333333,NA,0.5,0.833333333333333,NA,NA,0.666666666666667,0.333333333333333,NA,0.666666666666667,0.333333333333333,NA,NA,0,0,0,0,NA,0,0,NA,NA,0,0.166666666666667,NA,0.333333333333333,0.166666666666667,NA,NA,0,0,0,0,NA,0.166666666666667,0,NA,NA,0.166666666666667,0.166666666666667,NA,0,0,NA,NA
"711",3,3,3,3,0,6,0,3,3,6,6,6,3,0,3,0,0,0,0,0,0,1,0,0,0,3,0,1,0,0,3,0,0,0,1,1,0,1,0,1,0,3,3,5,0,0,2,0,0.0625,0.0625,0.0625,0.0625,0,0.125,0,0.0625,0.0625,0.125,0.125,0.125,0.0625,0,0.0625,0,0,0,0,0,NA,0.166666666666667,NA,0,0,0.5,0,0.166666666666667,0,NA,1,NA,0,0,0.333333333333333,0.333333333333333,NA,0.166666666666667,NA,0.333333333333333,0,0.5,0.5,0.833333333333333,0,NA,0.666666666666667,NA,0,0,1,1,0,0,0,1,0,1,3,5,0,0,0,0,3,3,2,2,0,5,0,2,3,2,3,0,3,0,0,0,0,0,0,0,0,1,0,0,0,2,0,0,0,0,2,0,0,0,0,0,0,0,0,0,0,1,0,1,0,0,1,0,0,0,0.333333333333333,0.333333333333333,NA,0,NA,0.333333333333333,0,0.166666666666667,0.5,0.833333333333333,0,NA,0,NA,1,1,0.666666666666667,0.666666666666667,NA,0.833333333333333,NA,0.666666666666667,1,0.333333333333333,0.5,0,1,NA,0,NA,0,0,0,0,NA,0.166666666666667,NA,0,0,0.333333333333333,0,0,0,NA,0.666666666666667,NA,0,0,0,0,NA,0,NA,0,0,0.166666666666667,0,0.166666666666667,0,NA,0.333333333333333,NA
"712",3,3,6,0,3,6,0,0,3,0,0,0,6,0,0,0,0,0,0,0,0,3,0,0,0,0,0,0,0,0,0,0,0,1,3,0,1,1,0,0,0,0,0,0,3,0,0,0,0.1,0.1,0.2,0,0.1,0.2,0,0,0.1,0,0,0,0.2,0,0,0,0,0,0,NA,0,0.5,NA,NA,0,NA,NA,NA,0,NA,NA,NA,0,0.333333333333333,0.5,NA,0.333333333333333,0.166666666666667,NA,NA,0,NA,NA,NA,0.5,NA,NA,NA,0,1,3,0,1,0,0,0,0,0,0,0,3,0,0,0,3,2,3,0,2,3,0,0,3,0,0,0,3,0,0,0,0,0,0,0,0,1,0,0,0,0,0,0,0,0,0,0,0,0,0,0,0,2,0,0,0,0,0,0,0,0,0,0,0,0.333333333333333,0.5,NA,0.333333333333333,0,NA,NA,0,NA,NA,NA,0.5,NA,NA,NA,1,0.666666666666667,0.5,NA,0.666666666666667,0.5,NA,NA,1,NA,NA,NA,0.5,NA,NA,NA,0,0,0,NA,0,0.166666666666667,NA,NA,0,NA,NA,NA,0,NA,NA,NA,0,0,0,NA,0,0.333333333333333,NA,NA,0,NA,NA,NA,0,NA,NA,NA
"713",3,3,3,6,3,3,3,6,6,6,6,0,0,0,0,0,0,0,0,0,0,0,0,2,2,1,1,0,0,0,0,0,0,0,0,2,0,1,0,5,4,3,5,0,0,0,0,0,0.0625,0.0625,0.0625,0.125,0.0625,0.0625,0.0625,0.125,0.125,0.125,0.125,0,0,0,0,0,0,0,0,0,0,0,0,0.333333333333333,0.333333333333333,0.166666666666667,0.166666666666667,NA,NA,NA,NA,NA,0,0,0,0.333333333333333,0,0.333333333333333,0,0.833333333333333,0.666666666666667,0.5,0.833333333333333,NA,NA,NA,NA,NA,0,0,0,2,0,1,0,3,2,2,4,0,0,0,0,0,3,3,3,4,3,2,3,1,2,3,1,0,0,0,0,0,0,0,0,0,0,0,0,2,2,1,1,0,0,0,0,0,0,0,0,0,0,0,0,0,0,0,0,0,0,0,0,0,0,0,0,0.333333333333333,0,0.333333333333333,0,0.5,0.333333333333333,0.333333333333333,0.666666666666667,NA,NA,NA,NA,NA,1,1,1,0.666666666666667,1,0.666666666666667,1,0.166666666666667,0.333333333333333,0.5,0.166666666666667,NA,NA,NA,NA,NA,0,0,0,0,0,0,0,0.333333333333333,0.333333333333333,0.166666666666667,0.166666666666667,NA,NA,NA,NA,NA,0,0,0,0,0,0,0,0,0,0,0,NA,NA,NA,NA,NA
"714",3,3,6,6,0,3,6,6,0,6,0,0,3,6,0,0,0,0,0,1,0,0,2,0,0,0,0,0,1,1,0,0,0,0,0,1,0,0,0,4,0,0,0,0,1,3,0,0,0.0625,0.0625,0.125,0.125,0,0.0625,0.125,0.125,0,0.125,0,0,0.0625,0.125,0,0,0,0,0,0.166666666666667,NA,0,0.333333333333333,0,NA,0,NA,NA,0.333333333333333,0.166666666666667,NA,NA,0,0,0,0.166666666666667,NA,0,0,0.666666666666667,NA,0,NA,NA,0.333333333333333,0.5,NA,NA,0,0,0,1,0,0,0,4,0,0,0,0,1,3,0,0,3,3,6,4,0,3,4,2,0,6,0,0,1,2,0,0,0,0,0,0,0,0,0,0,0,0,0,0,0,0,0,0,0,0,0,1,0,0,2,0,0,0,0,0,1,1,0,0,0,0,0,0.166666666666667,NA,0,0,0.666666666666667,NA,0,NA,NA,0.333333333333333,0.5,NA,NA,1,1,1,0.666666666666667,NA,1,0.666666666666667,0.333333333333333,NA,1,NA,NA,0.333333333333333,0.333333333333333,NA,NA,0,0,0,0,NA,0,0,0,NA,0,NA,NA,0,0,NA,NA,0,0,0,0.166666666666667,NA,0,0.333333333333333,0,NA,0,NA,NA,0.333333333333333,0.166666666666667,NA,NA
"715",3,3,6,6,3,3,0,0,6,6,0,0,3,3,0,0,0,0,0,2,0,0,0,0,1,0,0,0,2,2,0,0,0,1,2,0,0,0,0,0,0,3,0,0,1,3,0,0,0.0714285714285714,0.0714285714285714,0.142857142857143,0.142857142857143,0.0714285714285714,0.0714285714285714,0,0,0.142857142857143,0.142857142857143,0,0,0.0714285714285714,0.0714285714285714,0,0,0,0,0,0.333333333333333,0,0,NA,NA,0.166666666666667,0,NA,NA,0.666666666666667,0.666666666666667,NA,NA,0,0.333333333333333,0.333333333333333,0,0,0,NA,NA,0,0.5,NA,NA,0.333333333333333,1,NA,NA,0,1,2,0,0,0,0,0,0,3,0,0,1,1,0,0,3,2,4,4,3,3,0,0,5,3,0,0,0,0,0,0,0,0,0,0,0,0,0,0,0,0,0,0,0,2,0,0,0,0,0,2,0,0,0,0,1,0,0,0,2,0,0,0,0,0.333333333333333,0.333333333333333,0,0,0,NA,NA,0,0.5,NA,NA,0.333333333333333,0.333333333333333,NA,NA,1,0.666666666666667,0.666666666666667,0.666666666666667,1,1,NA,NA,0.833333333333333,0.5,NA,NA,0,0,NA,NA,0,0,0,0,0,0,NA,NA,0,0,NA,NA,0,0.666666666666667,NA,NA,0,0,0,0.333333333333333,0,0,NA,NA,0.166666666666667,0,NA,NA,0.666666666666667,0,NA,NA
"716",3,3,3,6,0,3,6,6,3,6,6,0,0,3,0,0,0,0,0,0,0,0,1,3,0,0,3,0,0,1,0,0,0,1,0,1,0,1,2,5,0,2,5,0,0,3,0,0,0.0625,0.0625,0.0625,0.125,0,0.0625,0.125,0.125,0.0625,0.125,0.125,0,0,0.0625,0,0,0,0,0,0,NA,0,0.166666666666667,0.5,0,0,0.5,NA,NA,0.333333333333333,NA,NA,0,0.333333333333333,0,0.166666666666667,NA,0.333333333333333,0.333333333333333,0.833333333333333,0,0.333333333333333,0.833333333333333,NA,NA,1,NA,NA,0,1,0,1,0,1,1,2,0,2,3,0,0,2,0,0,3,2,3,5,0,2,4,1,3,4,0,0,0,0,0,0,0,0,0,0,0,0,1,3,0,0,2,0,0,1,0,0,0,0,0,0,0,0,0,0,0,0,1,0,0,0,0,0,0,0.333333333333333,0,0.166666666666667,NA,0.333333333333333,0.166666666666667,0.333333333333333,0,0.333333333333333,0.5,NA,NA,0.666666666666667,NA,NA,1,0.666666666666667,1,0.833333333333333,NA,0.666666666666667,0.666666666666667,0.166666666666667,1,0.666666666666667,0,NA,NA,0,NA,NA,0,0,0,0,NA,0,0.166666666666667,0.5,0,0,0.333333333333333,NA,NA,0.333333333333333,NA,NA,0,0,0,0,NA,0,0,0,0,0,0.166666666666667,NA,NA,0,NA,NA
"717",3,3,6,6,3,6,0,0,3,6,0,0,6,0,0,0,0,0,0,3,0,0,0,0,0,2,0,0,1,0,0,0,0,0,0,4,0,1,0,0,0,1,0,0,1,0,0,0,0.0714285714285714,0.0714285714285714,0.142857142857143,0.142857142857143,0.0714285714285714,0.142857142857143,0,0,0.0714285714285714,0.142857142857143,0,0,0.142857142857143,0,0,0,0,0,0,0.5,0,0,NA,NA,0,0.333333333333333,NA,NA,0.166666666666667,NA,NA,NA,0,0,0,0.666666666666667,0,0.166666666666667,NA,NA,0,0.166666666666667,NA,NA,0.166666666666667,NA,NA,NA,0,0,0,2,0,1,0,0,0,1,0,0,0,0,0,0,3,3,6,1,3,5,0,0,3,3,0,0,5,0,0,0,0,0,0,2,0,0,0,0,0,0,0,0,1,0,0,0,0,0,0,1,0,0,0,0,0,2,0,0,0,0,0,0,0,0,0,0.333333333333333,0,0.166666666666667,NA,NA,0,0.166666666666667,NA,NA,0,NA,NA,NA,1,1,1,0.166666666666667,1,0.833333333333333,NA,NA,1,0.5,NA,NA,0.833333333333333,NA,NA,NA,0,0,0,0.333333333333333,0,0,NA,NA,0,0,NA,NA,0.166666666666667,NA,NA,NA,0,0,0,0.166666666666667,0,0,NA,NA,0,0.333333333333333,NA,NA,0,NA,NA,NA
"718",3,3,6,6,6,6,6,3,6,3,0,0,0,0,0,0,0,0,0,1,0,1,2,1,3,1,0,0,0,0,0,0,0,0,0,1,0,1,1,2,4,0,0,0,0,0,0,0,0.0625,0.0625,0.125,0.125,0.125,0.125,0.125,0.0625,0.125,0.0625,0,0,0,0,0,0,0,0,0,0.166666666666667,0,0.166666666666667,0.333333333333333,0.333333333333333,0.5,0.333333333333333,NA,NA,NA,NA,NA,NA,0,0,0,0.166666666666667,0,0.166666666666667,0.166666666666667,0.666666666666667,0.666666666666667,0,NA,NA,NA,NA,NA,NA,0,0,0,1,0,0,1,1,2,0,0,0,0,0,0,0,3,3,6,4,6,5,3,1,1,2,0,0,0,0,0,0,0,0,0,0,0,1,0,1,2,0,0,0,0,0,0,0,0,0,0,1,0,0,2,0,1,1,0,0,0,0,0,0,0,0,0,0.166666666666667,0,0,0.166666666666667,0.333333333333333,0.333333333333333,0,NA,NA,NA,NA,NA,NA,1,1,1,0.666666666666667,1,0.833333333333333,0.5,0.333333333333333,0.166666666666667,0.666666666666667,NA,NA,NA,NA,NA,NA,0,0,0,0,0,0.166666666666667,0,0.333333333333333,0.333333333333333,0,NA,NA,NA,NA,NA,NA,0,0,0,0.166666666666667,0,0,0.333333333333333,0,0.166666666666667,0.333333333333333,NA,NA,NA,NA,NA,NA
"719",3,3,6,6,0,6,6,3,3,6,0,0,6,0,0,0,0,0,0,1,0,1,2,1,0,0,0,0,1,0,0,0,0,1,2,1,0,1,3,2,0,3,0,0,2,0,0,0,0.0625,0.0625,0.125,0.125,0,0.125,0.125,0.0625,0.0625,0.125,0,0,0.125,0,0,0,0,0,0,0.166666666666667,NA,0.166666666666667,0.333333333333333,0.333333333333333,0,0,NA,NA,0.166666666666667,NA,NA,NA,0,0.333333333333333,0.333333333333333,0.166666666666667,NA,0.166666666666667,0.5,0.666666666666667,0,0.5,NA,NA,0.333333333333333,NA,NA,NA,0,1,2,1,0,1,2,1,0,3,0,0,2,0,0,0,3,2,4,4,0,4,2,1,3,3,0,0,3,0,0,0,0,0,0,0,0,0,1,1,0,0,0,0,0,0,0,0,0,0,0,1,0,1,1,0,0,0,0,0,1,0,0,0,0,0.333333333333333,0.333333333333333,0.166666666666667,NA,0.166666666666667,0.333333333333333,0.333333333333333,0,0.5,NA,NA,0.333333333333333,NA,NA,NA,1,0.666666666666667,0.666666666666667,0.666666666666667,NA,0.666666666666667,0.333333333333333,0.333333333333333,1,0.5,NA,NA,0.5,NA,NA,NA,0,0,0,0,NA,0,0.166666666666667,0.333333333333333,0,0,NA,NA,0,NA,NA,NA,0,0,0,0.166666666666667,NA,0.166666666666667,0.166666666666667,0,0,0,NA,NA,0.166666666666667,NA,NA,NA
"720",3,3,3,6,0,0,6,6,0,6,6,0,0,6,3,0,0,0,0,1,0,0,1,2,0,0,1,0,0,1,3,0,0,1,0,2,0,0,1,4,0,2,4,0,0,5,0,0,0.0625,0.0625,0.0625,0.125,0,0,0.125,0.125,0,0.125,0.125,0,0,0.125,0.0625,0,0,0,0,0.166666666666667,NA,NA,0.166666666666667,0.333333333333333,NA,0,0.166666666666667,NA,NA,0.166666666666667,1,NA,0,0.333333333333333,0,0.333333333333333,NA,NA,0.166666666666667,0.666666666666667,NA,0.333333333333333,0.666666666666667,NA,NA,0.833333333333333,0,NA,0,1,0,2,0,0,1,2,0,2,3,0,0,4,0,0,3,2,3,3,0,0,4,2,0,4,2,0,0,1,0,0,0,0,0,0,0,0,0,2,0,0,1,0,0,1,0,0,0,0,0,1,0,0,1,0,0,0,0,0,0,0,3,0,0,0.333333333333333,0,0.333333333333333,NA,NA,0.166666666666667,0.333333333333333,NA,0.333333333333333,0.5,NA,NA,0.666666666666667,0,NA,1,0.666666666666667,1,0.5,NA,NA,0.666666666666667,0.333333333333333,NA,0.666666666666667,0.333333333333333,NA,NA,0.166666666666667,0,NA,0,0,0,0,NA,NA,0,0.333333333333333,NA,0,0.166666666666667,NA,NA,0.166666666666667,0,NA,0,0,0,0.166666666666667,NA,NA,0.166666666666667,0,NA,0,0,NA,NA,0,1,NA
"721",6,6,6,6,0,6,0,0,0,6,0,0,6,6,0,0,0,1,0,3,0,1,0,0,0,0,0,0,1,1,0,0,0,0,0,1,0,2,0,0,0,1,0,0,2,3,0,0,0.125,0.125,0.125,0.125,0,0.125,0,0,0,0.125,0,0,0.125,0.125,0,0,0,0.166666666666667,0,0.5,NA,0.166666666666667,NA,NA,NA,0,NA,NA,0.166666666666667,0.166666666666667,NA,NA,0,0,0,0.166666666666667,NA,0.333333333333333,NA,NA,NA,0.166666666666667,NA,NA,0.333333333333333,0.5,NA,NA,0,0,0,0,0,1,0,0,0,1,0,0,2,2,0,0,6,5,6,3,0,4,0,0,0,5,0,0,3,3,0,0,0,0,0,1,0,1,0,0,0,0,0,0,0,1,0,0,0,1,0,2,0,0,0,0,0,0,0,0,1,0,0,0,0,0,0,0,NA,0.166666666666667,NA,NA,NA,0.166666666666667,NA,NA,0.333333333333333,0.333333333333333,NA,NA,1,0.833333333333333,1,0.5,NA,0.666666666666667,NA,NA,NA,0.833333333333333,NA,NA,0.5,0.5,NA,NA,0,0,0,0.166666666666667,NA,0.166666666666667,NA,NA,NA,0,NA,NA,0,0.166666666666667,NA,NA,0,0.166666666666667,0,0.333333333333333,NA,0,NA,NA,NA,0,NA,NA,0.166666666666667,0,NA,NA
"722",3,3,3,3,3,6,6,6,3,3,6,0,3,0,0,0,0,0,0,0,0,1,0,0,0,1,3,0,1,0,0,0,0,0,0,0,0,1,2,3,1,0,3,0,0,0,0,0,0.0625,0.0625,0.0625,0.0625,0.0625,0.125,0.125,0.125,0.0625,0.0625,0.125,0,0.0625,0,0,0,0,0,0,0,0,0.166666666666667,0,0,0,0.333333333333333,0.5,NA,0.333333333333333,NA,NA,NA,0,0,0,0,0,0.166666666666667,0.333333333333333,0.5,0.333333333333333,0,0.5,NA,0,NA,NA,NA,0,0,0,0,0,0,2,3,1,0,1,0,0,0,0,0,3,3,3,3,3,5,4,3,2,2,2,0,2,0,0,0,0,0,0,0,0,1,0,0,0,0,2,0,0,0,0,0,0,0,0,0,0,0,0,0,0,1,1,0,1,0,0,0,0,0,0,0,0,0,0.333333333333333,0.5,0.333333333333333,0,0.166666666666667,NA,0,NA,NA,NA,1,1,1,1,1,0.833333333333333,0.666666666666667,0.5,0.666666666666667,0.666666666666667,0.333333333333333,NA,0.666666666666667,NA,NA,NA,0,0,0,0,0,0.166666666666667,0,0,0,0,0.333333333333333,NA,0,NA,NA,NA,0,0,0,0,0,0,0,0,0,0.333333333333333,0.166666666666667,NA,0.333333333333333,NA,NA,NA
"723",3,3,3,6,0,6,6,6,0,6,3,0,0,6,0,0,0,0,0,0,0,1,0,3,0,1,2,0,0,1,0,0,0,1,0,0,0,2,3,2,0,1,3,0,0,5,0,0,0.0625,0.0625,0.0625,0.125,0,0.125,0.125,0.125,0,0.125,0.0625,0,0,0.125,0,0,0,0,0,0,NA,0.166666666666667,0,0.5,NA,0.166666666666667,0.666666666666667,NA,NA,0.166666666666667,NA,NA,0,0.333333333333333,0,0,NA,0.333333333333333,0.5,0.333333333333333,NA,0.166666666666667,1,NA,NA,0.833333333333333,NA,NA,0,1,0,0,0,2,3,1,0,1,1,0,0,5,0,0,3,2,3,6,0,3,3,2,0,4,0,0,0,0,0,0,0,0,0,0,0,0,0,1,0,0,2,0,0,0,0,0,0,0,0,0,0,1,0,2,0,1,0,0,0,1,0,0,0,0.333333333333333,0,0,NA,0.333333333333333,0.5,0.166666666666667,NA,0.166666666666667,0.333333333333333,NA,NA,0.833333333333333,NA,NA,1,0.666666666666667,1,1,NA,0.5,0.5,0.333333333333333,NA,0.666666666666667,0,NA,NA,0,NA,NA,0,0,0,0,NA,0,0,0.166666666666667,NA,0,0.666666666666667,NA,NA,0,NA,NA,0,0,0,0,NA,0.166666666666667,0,0.333333333333333,NA,0.166666666666667,0,NA,NA,0.166666666666667,NA,NA
"724",3,3,3,6,0,0,3,6,6,6,6,0,3,3,0,0,0,0,0,0,0,0,0,2,0,1,1,0,0,1,0,0,0,0,1,1,0,0,1,5,2,1,5,0,1,1,0,0,0.0625,0.0625,0.0625,0.125,0,0,0.0625,0.125,0.125,0.125,0.125,0,0.0625,0.0625,0,0,0,0,0,0,NA,NA,0,0.333333333333333,0,0.166666666666667,0.166666666666667,NA,0,0.333333333333333,NA,NA,0,0,0.333333333333333,0.166666666666667,NA,NA,0.333333333333333,0.833333333333333,0.333333333333333,0.166666666666667,0.833333333333333,NA,0.333333333333333,0.333333333333333,NA,NA,0,0,1,1,0,0,1,3,2,1,4,0,1,0,0,0,3,3,2,5,0,0,2,1,4,4,1,0,2,2,0,0,0,0,0,0,0,0,0,2,0,0,1,0,0,1,0,0,0,0,0,0,0,0,0,0,0,1,0,0,0,0,0,0,0,0,0.333333333333333,0.166666666666667,NA,NA,0.333333333333333,0.5,0.333333333333333,0.166666666666667,0.666666666666667,NA,0.333333333333333,0,NA,NA,1,1,0.666666666666667,0.833333333333333,NA,NA,0.666666666666667,0.166666666666667,0.666666666666667,0.666666666666667,0.166666666666667,NA,0.666666666666667,0.666666666666667,NA,NA,0,0,0,0,NA,NA,0,0.333333333333333,0,0,0.166666666666667,NA,0,0.333333333333333,NA,NA,0,0,0,0,NA,NA,0,0,0,0.166666666666667,0,NA,0,0,NA,NA
"725",3,3,6,6,0,3,6,6,3,6,0,0,0,6,0,0,0,0,0,1,0,0,0,1,1,0,0,0,0,2,0,0,0,0,0,2,0,1,5,6,1,1,0,0,0,5,0,0,0.0625,0.0625,0.125,0.125,0,0.0625,0.125,0.125,0.0625,0.125,0,0,0,0.125,0,0,0,0,0,0.166666666666667,NA,0,0,0.166666666666667,0.333333333333333,0,NA,NA,NA,0.333333333333333,NA,NA,0,0,0,0.333333333333333,NA,0.333333333333333,0.833333333333333,1,0.333333333333333,0.166666666666667,NA,NA,NA,0.833333333333333,NA,NA,0,0,0,2,0,1,5,5,1,1,0,0,0,3,0,0,3,3,6,3,0,2,1,0,1,5,0,0,0,1,0,0,0,0,0,0,0,0,0,1,0,0,0,0,0,2,0,0,0,0,0,1,0,0,0,0,1,0,0,0,0,0,0,0,0,0,0,0.333333333333333,NA,0.333333333333333,0.833333333333333,0.833333333333333,0.333333333333333,0.166666666666667,NA,NA,NA,0.5,NA,NA,1,1,1,0.5,NA,0.666666666666667,0.166666666666667,0,0.333333333333333,0.833333333333333,NA,NA,NA,0.166666666666667,NA,NA,0,0,0,0,NA,0,0,0.166666666666667,0,0,NA,NA,NA,0.333333333333333,NA,NA,0,0,0,0.166666666666667,NA,0,0,0,0.333333333333333,0,NA,NA,NA,0,NA,NA
"726",3,3,3,3,0,6,6,6,0,6,6,0,0,6,0,0,0,0,0,0,0,1,0,1,0,2,2,0,0,1,0,0,1,0,1,1,0,1,0,4,0,1,4,0,0,2,0,0,0.0625,0.0625,0.0625,0.0625,0,0.125,0.125,0.125,0,0.125,0.125,0,0,0.125,0,0,0,0,0,0,NA,0.166666666666667,0,0.166666666666667,NA,0.333333333333333,0.333333333333333,NA,NA,0.166666666666667,NA,NA,0.333333333333333,0,0.333333333333333,0.333333333333333,NA,0.166666666666667,0,0.666666666666667,NA,0.166666666666667,0.666666666666667,NA,NA,0.333333333333333,NA,NA,1,0,1,1,0,1,0,4,0,1,3,0,0,2,0,0,2,3,2,2,0,4,6,1,0,3,1,0,0,3,0,0,0,0,0,0,0,0,0,0,0,0,1,0,0,0,0,0,0,0,0,0,0,1,0,1,0,2,1,0,0,1,0,0,0.333333333333333,0,0.333333333333333,0.333333333333333,NA,0.166666666666667,0,0.666666666666667,NA,0.166666666666667,0.5,NA,NA,0.333333333333333,NA,NA,0.666666666666667,1,0.666666666666667,0.666666666666667,NA,0.666666666666667,1,0.166666666666667,NA,0.5,0.166666666666667,NA,NA,0.5,NA,NA,0,0,0,0,NA,0,0,0,NA,0,0.166666666666667,NA,NA,0,NA,NA,0,0,0,0,NA,0.166666666666667,0,0.166666666666667,NA,0.333333333333333,0.166666666666667,NA,NA,0.166666666666667,NA,NA
"727",3,3,3,3,3,3,3,6,3,6,6,3,0,3,0,0,0,0,0,0,0,0,0,1,1,1,1,2,0,3,0,0,0,0,1,1,1,0,1,3,1,2,3,2,0,1,0,0,0.0625,0.0625,0.0625,0.0625,0.0625,0.0625,0.0625,0.125,0.0625,0.125,0.125,0.0625,0,0.0625,0,0,0,0,0,0,0,0,0,0.166666666666667,0.333333333333333,0.166666666666667,0.166666666666667,0.666666666666667,NA,1,NA,NA,0,0,0.333333333333333,0.333333333333333,0.333333333333333,0,0.333333333333333,0.5,0.333333333333333,0.333333333333333,0.5,0.666666666666667,NA,0.333333333333333,NA,NA,0,0,1,1,1,0,1,3,1,2,3,1,0,0,0,0,3,3,2,2,2,3,2,2,1,3,2,0,0,0,0,0,0,0,0,0,0,0,0,0,0,0,0,1,0,1,0,0,0,0,0,0,0,0,0,1,1,1,1,1,0,2,0,0,0,0,0.333333333333333,0.333333333333333,0.333333333333333,0,0.333333333333333,0.5,0.333333333333333,0.333333333333333,0.5,0.333333333333333,NA,0,NA,NA,1,1,0.666666666666667,0.666666666666667,0.666666666666667,1,0.666666666666667,0.333333333333333,0.333333333333333,0.5,0.333333333333333,0,NA,0,NA,NA,0,0,0,0,0,0,0,0,0,0,0,0.333333333333333,NA,0.333333333333333,NA,NA,0,0,0,0,0,0,0,0.166666666666667,0.333333333333333,0.166666666666667,0.166666666666667,0.333333333333333,NA,0.666666666666667,NA,NA
"728",6,6,3,0,3,0,0,0,6,0,0,0,6,0,0,0,0,1,1,0,0,0,0,0,0,0,0,0,2,0,0,0,1,0,1,0,0,0,0,0,0,0,0,0,2,0,0,0,0.2,0.2,0.1,0,0.1,0,0,0,0.2,0,0,0,0.2,0,0,0,0,0.166666666666667,0.333333333333333,NA,0,NA,NA,NA,0,NA,NA,NA,0.333333333333333,NA,NA,NA,0.166666666666667,0,0.333333333333333,NA,0,NA,NA,NA,0,NA,NA,NA,0.333333333333333,NA,NA,NA,1,0,1,0,0,0,0,0,0,0,0,0,1,0,0,0,5,5,1,0,3,0,0,0,6,0,0,0,3,0,0,0,0,0,0,0,0,0,0,0,0,0,0,0,1,0,0,0,0,1,1,0,0,0,0,0,0,0,0,0,1,0,0,0,0.166666666666667,0,0.333333333333333,NA,0,NA,NA,NA,0,NA,NA,NA,0.166666666666667,NA,NA,NA,0.833333333333333,0.833333333333333,0.333333333333333,NA,1,NA,NA,NA,1,NA,NA,NA,0.5,NA,NA,NA,0,0,0,NA,0,NA,NA,NA,0,NA,NA,NA,0.166666666666667,NA,NA,NA,0,0.166666666666667,0.333333333333333,NA,0,NA,NA,NA,0,NA,NA,NA,0.166666666666667,NA,NA,NA
"729",3,3,6,6,0,0,3,0,6,3,6,0,6,6,0,0,0,0,0,1,0,0,0,0,0,0,1,0,2,1,0,0,0,1,2,4,0,0,1,0,1,1,3,0,1,4,0,0,0.0625,0.0625,0.125,0.125,0,0,0.0625,0,0.125,0.0625,0.125,0,0.125,0.125,0,0,0,0,0,0.166666666666667,NA,NA,0,NA,0,0,0.166666666666667,NA,0.333333333333333,0.166666666666667,NA,NA,0,0.333333333333333,0.333333333333333,0.666666666666667,NA,NA,0.333333333333333,NA,0.166666666666667,0.333333333333333,0.5,NA,0.166666666666667,0.666666666666667,NA,NA,0,1,2,3,0,0,1,0,1,1,3,0,0,3,0,0,3,2,4,2,0,0,2,0,5,2,2,0,4,2,0,0,0,0,0,1,0,0,0,0,0,0,0,0,1,1,0,0,0,0,0,0,0,0,0,0,0,0,1,0,1,0,0,0,0,0.333333333333333,0.333333333333333,0.5,NA,NA,0.333333333333333,NA,0.166666666666667,0.333333333333333,0.5,NA,0,0.5,NA,NA,1,0.666666666666667,0.666666666666667,0.333333333333333,NA,NA,0.666666666666667,NA,0.833333333333333,0.666666666666667,0.333333333333333,NA,0.666666666666667,0.333333333333333,NA,NA,0,0,0,0.166666666666667,NA,NA,0,NA,0,0,0,NA,0.166666666666667,0.166666666666667,NA,NA,0,0,0,0,NA,NA,0,NA,0,0,0.166666666666667,NA,0.166666666666667,0,NA,NA
"730",6,3,3,6,3,6,6,0,6,0,6,0,3,0,0,0,1,0,0,0,0,3,0,0,0,0,2,0,1,0,0,0,0,0,1,4,0,1,2,0,2,0,4,0,3,0,0,0,0.125,0.0625,0.0625,0.125,0.0625,0.125,0.125,0,0.125,0,0.125,0,0.0625,0,0,0,0.166666666666667,0,0,0,0,0.5,0,NA,0,NA,0.333333333333333,NA,0.333333333333333,NA,NA,NA,0,0,0.333333333333333,0.666666666666667,0,0.166666666666667,0.333333333333333,NA,0.333333333333333,NA,0.666666666666667,NA,1,NA,NA,NA,0,0,1,4,0,1,2,0,2,0,3,0,2,0,0,0,5,3,2,2,3,2,4,0,4,0,1,0,0,0,0,0,0,0,0,0,0,0,0,0,0,0,1,0,1,0,0,0,1,0,0,0,0,3,0,0,0,0,1,0,0,0,0,0,0,0,0.333333333333333,0.666666666666667,0,0.166666666666667,0.333333333333333,NA,0.333333333333333,NA,0.5,NA,0.666666666666667,NA,NA,NA,0.833333333333333,1,0.666666666666667,0.333333333333333,1,0.333333333333333,0.666666666666667,NA,0.666666666666667,NA,0.166666666666667,NA,0,NA,NA,NA,0,0,0,0,0,0,0,NA,0,NA,0.166666666666667,NA,0.333333333333333,NA,NA,NA,0.166666666666667,0,0,0,0,0.5,0,NA,0,NA,0.166666666666667,NA,0,NA,NA,NA
"731",3,6,6,0,6,3,0,0,3,6,0,0,0,6,0,0,0,0,1,0,1,0,0,0,1,0,0,0,0,3,0,0,0,0,3,0,0,0,0,0,0,1,0,0,0,5,0,0,0.0769230769230769,0.153846153846154,0.153846153846154,0,0.153846153846154,0.0769230769230769,0,0,0.0769230769230769,0.153846153846154,0,0,0,0.153846153846154,0,0,0,0,0.166666666666667,NA,0.166666666666667,0,NA,NA,0.333333333333333,0,NA,NA,NA,0.5,NA,NA,0,0,0.5,NA,0,0,NA,NA,0,0.166666666666667,NA,NA,NA,0.833333333333333,NA,NA,0,0,2,0,0,0,0,0,0,1,0,0,0,2,0,0,3,6,3,0,5,3,0,0,2,5,0,0,0,1,0,0,0,0,1,0,0,0,0,0,0,0,0,0,0,3,0,0,0,0,0,0,1,0,0,0,1,0,0,0,0,0,0,0,0,0,0.333333333333333,NA,0,0,NA,NA,0,0.166666666666667,NA,NA,NA,0.333333333333333,NA,NA,1,1,0.5,NA,0.833333333333333,1,NA,NA,0.666666666666667,0.833333333333333,NA,NA,NA,0.166666666666667,NA,NA,0,0,0.166666666666667,NA,0,0,NA,NA,0,0,NA,NA,NA,0.5,NA,NA,0,0,0,NA,0.166666666666667,0,NA,NA,0.333333333333333,0,NA,NA,NA,0,NA,NA
"732",3,3,3,6,3,6,6,6,3,3,6,0,0,0,0,0,0,0,0,0,0,1,0,2,0,1,2,0,0,0,0,0,0,1,1,2,0,1,2,4,0,0,3,0,0,0,0,0,0.0625,0.0625,0.0625,0.125,0.0625,0.125,0.125,0.125,0.0625,0.0625,0.125,0,0,0,0,0,0,0,0,0,0,0.166666666666667,0,0.333333333333333,0,0.333333333333333,0.333333333333333,NA,NA,NA,NA,NA,0,0.333333333333333,0.333333333333333,0.333333333333333,0,0.166666666666667,0.333333333333333,0.666666666666667,0,0,0.5,NA,NA,NA,NA,NA,0,1,1,2,0,1,2,2,0,0,2,0,0,0,0,0,3,2,2,4,3,4,4,2,3,2,2,0,0,0,0,0,0,0,0,0,0,0,0,2,0,0,1,0,0,0,0,0,0,0,0,0,0,1,0,0,0,1,1,0,0,0,0,0,0,0.333333333333333,0.333333333333333,0.333333333333333,0,0.166666666666667,0.333333333333333,0.333333333333333,0,0,0.333333333333333,NA,NA,NA,NA,NA,1,0.666666666666667,0.666666666666667,0.666666666666667,1,0.666666666666667,0.666666666666667,0.333333333333333,1,0.666666666666667,0.333333333333333,NA,NA,NA,NA,NA,0,0,0,0,0,0,0,0.333333333333333,0,0,0.166666666666667,NA,NA,NA,NA,NA,0,0,0,0,0,0.166666666666667,0,0,0,0.333333333333333,0.166666666666667,NA,NA,NA,NA,NA
"733",6,6,3,6,3,6,6,0,3,0,0,0,6,0,0,0,0,1,0,0,0,1,2,0,0,0,0,0,0,0,0,0,0,2,1,3,0,3,3,0,1,0,0,0,1,0,0,0,0.133333333333333,0.133333333333333,0.0666666666666667,0.133333333333333,0.0666666666666667,0.133333333333333,0.133333333333333,0,0.0666666666666667,0,0,0,0.133333333333333,0,0,0,0,0.166666666666667,0,0,0,0.166666666666667,0.333333333333333,NA,0,NA,NA,NA,0,NA,NA,NA,0,0.333333333333333,0.333333333333333,0.5,0,0.5,0.5,NA,0.333333333333333,NA,NA,NA,0.166666666666667,NA,NA,NA,0,2,1,3,0,3,1,0,1,0,0,0,1,0,0,0,6,3,2,3,3,2,3,0,2,0,0,0,5,0,0,0,0,0,0,0,0,0,2,0,0,0,0,0,0,0,0,0,0,1,0,0,0,1,0,0,0,0,0,0,0,0,0,0,0,0.333333333333333,0.333333333333333,0.5,0,0.5,0.166666666666667,NA,0.333333333333333,NA,NA,NA,0.166666666666667,NA,NA,NA,1,0.5,0.666666666666667,0.5,1,0.333333333333333,0.5,NA,0.666666666666667,NA,NA,NA,0.833333333333333,NA,NA,NA,0,0,0,0,0,0,0.333333333333333,NA,0,NA,NA,NA,0,NA,NA,NA,0,0.166666666666667,0,0,0,0.166666666666667,0,NA,0,NA,NA,NA,0,NA,NA,NA
"734",3,3,6,6,0,3,0,0,0,3,0,0,6,6,0,0,0,0,0,2,0,0,0,0,0,0,0,0,0,1,0,0,0,0,0,1,0,0,0,0,0,0,0,0,1,5,0,0,0.0833333333333333,0.0833333333333333,0.166666666666667,0.166666666666667,0,0.0833333333333333,0,0,0,0.0833333333333333,0,0,0.166666666666667,0.166666666666667,0,0,0,0,0,0.333333333333333,NA,0,NA,NA,NA,0,NA,NA,0,0.166666666666667,NA,NA,0,0,0,0.166666666666667,NA,0,NA,NA,NA,0,NA,NA,0.166666666666667,0.833333333333333,NA,NA,0,0,0,0,0,0,0,0,0,0,0,0,1,4,0,0,3,3,6,4,0,3,0,0,0,3,0,0,5,1,0,0,0,0,0,1,0,0,0,0,0,0,0,0,0,1,0,0,0,0,0,1,0,0,0,0,0,0,0,0,0,0,0,0,0,0,0,0,NA,0,NA,NA,NA,0,NA,NA,0.166666666666667,0.666666666666667,NA,NA,1,1,1,0.666666666666667,NA,1,NA,NA,NA,1,NA,NA,0.833333333333333,0.166666666666667,NA,NA,0,0,0,0.166666666666667,NA,0,NA,NA,NA,0,NA,NA,0,0.166666666666667,NA,NA,0,0,0,0.166666666666667,NA,0,NA,NA,NA,0,NA,NA,0,0,NA,NA
"735",3,3,3,6,3,6,6,6,6,0,3,0,3,0,0,0,0,0,0,0,0,2,1,2,1,0,2,0,1,0,0,0,0,0,0,0,0,0,3,4,0,0,2,0,1,0,0,0,0.0625,0.0625,0.0625,0.125,0.0625,0.125,0.125,0.125,0.125,0,0.0625,0,0.0625,0,0,0,0,0,0,0,0,0.333333333333333,0.166666666666667,0.333333333333333,0.166666666666667,NA,0.666666666666667,NA,0.333333333333333,NA,NA,NA,0,0,0,0,0,0,0.5,0.666666666666667,0,NA,0.666666666666667,NA,0.333333333333333,NA,NA,NA,0,0,0,0,0,0,2,2,0,0,0,0,1,0,0,0,3,3,3,6,3,4,3,2,5,0,1,0,1,0,0,0,0,0,0,0,0,0,1,2,0,0,2,0,0,0,0,0,0,0,0,0,0,2,0,0,1,0,0,0,1,0,0,0,0,0,0,0,0,0,0.333333333333333,0.333333333333333,0,NA,0,NA,0.333333333333333,NA,NA,NA,1,1,1,1,1,0.666666666666667,0.5,0.333333333333333,0.833333333333333,NA,0.333333333333333,NA,0.333333333333333,NA,NA,NA,0,0,0,0,0,0,0.166666666666667,0.333333333333333,0,NA,0.666666666666667,NA,0,NA,NA,NA,0,0,0,0,0,0.333333333333333,0,0,0.166666666666667,NA,0,NA,0.333333333333333,NA,NA,NA
"736",3,3,3,6,0,0,3,3,0,3,6,0,6,6,0,0,0,0,0,0,0,0,0,2,0,0,1,0,0,1,0,0,1,0,1,2,0,0,0,2,0,0,6,0,2,2,0,0,0.0714285714285714,0.0714285714285714,0.0714285714285714,0.142857142857143,0,0,0.0714285714285714,0.0714285714285714,0,0.0714285714285714,0.142857142857143,0,0.142857142857143,0.142857142857143,0,0,0,0,0,0,NA,NA,0,0.666666666666667,NA,0,0.166666666666667,NA,0,0.166666666666667,NA,NA,0.333333333333333,0,0.333333333333333,0.333333333333333,NA,NA,0,0.666666666666667,NA,0,1,NA,0.333333333333333,0.333333333333333,NA,NA,1,0,1,2,0,0,0,0,0,0,5,0,2,1,0,0,2,3,2,4,0,0,3,1,0,3,0,0,4,4,0,0,0,0,0,0,0,0,0,2,0,0,1,0,0,1,0,0,0,0,0,0,0,0,0,0,0,0,0,0,0,0,0,0,0.333333333333333,0,0.333333333333333,0.333333333333333,NA,NA,0,0,NA,0,0.833333333333333,NA,0.333333333333333,0.166666666666667,NA,NA,0.666666666666667,1,0.666666666666667,0.666666666666667,NA,NA,1,0.333333333333333,NA,1,0,NA,0.666666666666667,0.666666666666667,NA,NA,0,0,0,0,NA,NA,0,0.666666666666667,NA,0,0.166666666666667,NA,0,0.166666666666667,NA,NA,0,0,0,0,NA,NA,0,0,NA,0,0,NA,0,0,NA,NA
"737",3,3,3,6,0,6,6,6,0,6,0,0,3,6,0,0,0,0,0,0,0,1,2,3,0,0,0,0,0,1,0,0,0,1,1,2,0,2,2,4,0,2,0,0,1,5,0,0,0.0625,0.0625,0.0625,0.125,0,0.125,0.125,0.125,0,0.125,0,0,0.0625,0.125,0,0,0,0,0,0,NA,0.166666666666667,0.333333333333333,0.5,NA,0,NA,NA,0,0.166666666666667,NA,NA,0,0.333333333333333,0.333333333333333,0.333333333333333,NA,0.333333333333333,0.333333333333333,0.666666666666667,NA,0.333333333333333,NA,NA,0.333333333333333,0.833333333333333,NA,NA,0,1,1,2,0,2,2,3,0,2,0,0,1,4,0,0,3,2,2,4,0,3,2,0,0,4,0,0,2,1,0,0,0,0,0,0,0,0,0,1,0,0,0,0,0,1,0,0,0,0,0,0,0,1,2,2,0,0,0,0,0,0,0,0,0,0.333333333333333,0.333333333333333,0.333333333333333,NA,0.333333333333333,0.333333333333333,0.5,NA,0.333333333333333,NA,NA,0.333333333333333,0.666666666666667,NA,NA,1,0.666666666666667,0.666666666666667,0.666666666666667,NA,0.5,0.333333333333333,0,NA,0.666666666666667,NA,NA,0.666666666666667,0.166666666666667,NA,NA,0,0,0,0,NA,0,0,0.166666666666667,NA,0,NA,NA,0,0.166666666666667,NA,NA,0,0,0,0,NA,0.166666666666667,0.333333333333333,0.333333333333333,NA,0,NA,NA,0,0,NA,NA
"738",3,3,3,3,0,3,6,6,3,6,6,0,0,6,0,0,0,0,0,0,0,0,0,1,1,0,3,0,0,2,0,0,0,1,0,1,0,0,2,5,1,2,4,0,0,2,0,0,0.0625,0.0625,0.0625,0.0625,0,0.0625,0.125,0.125,0.0625,0.125,0.125,0,0,0.125,0,0,0,0,0,0,NA,0,0,0.166666666666667,0.333333333333333,0,0.5,NA,NA,0.333333333333333,NA,NA,0,0.333333333333333,0,0.333333333333333,NA,0,0.333333333333333,0.833333333333333,0.333333333333333,0.333333333333333,0.666666666666667,NA,NA,0.333333333333333,NA,NA,0,1,0,1,0,0,2,5,0,2,2,0,0,2,0,0,3,2,3,2,0,3,4,0,2,4,1,0,0,2,0,0,0,0,0,0,0,0,0,0,1,0,2,0,0,0,0,0,0,0,0,0,0,0,0,1,0,0,1,0,0,2,0,0,0,0.333333333333333,0,0.333333333333333,NA,0,0.333333333333333,0.833333333333333,0,0.333333333333333,0.333333333333333,NA,NA,0.333333333333333,NA,NA,1,0.666666666666667,1,0.666666666666667,NA,1,0.666666666666667,0,0.666666666666667,0.666666666666667,0.166666666666667,NA,NA,0.333333333333333,NA,NA,0,0,0,0,NA,0,0,0,0.333333333333333,0,0.333333333333333,NA,NA,0,NA,NA,0,0,0,0,NA,0,0,0.166666666666667,0,0,0.166666666666667,NA,NA,0.333333333333333,NA,NA
"739",3,3,3,3,3,6,3,6,3,6,6,0,0,0,3,0,0,0,0,0,0,0,0,1,1,2,1,0,0,0,2,0,1,0,1,0,0,0,0,3,3,1,3,0,0,0,0,0,0.0625,0.0625,0.0625,0.0625,0.0625,0.125,0.0625,0.125,0.0625,0.125,0.125,0,0,0,0.0625,0,0,0,0,0,0,0,0,0.166666666666667,0.333333333333333,0.333333333333333,0.166666666666667,NA,NA,NA,0.666666666666667,NA,0.333333333333333,0,0.333333333333333,0,0,0,0,0.5,1,0.166666666666667,0.5,NA,NA,NA,0,NA,1,0,1,0,0,0,0,3,2,0,2,0,0,0,0,0,2,3,2,3,3,6,3,2,0,4,3,0,0,0,1,0,0,0,0,0,0,0,0,0,1,1,1,0,0,0,0,0,0,0,0,0,0,0,0,1,0,1,0,0,0,0,2,0,0.333333333333333,0,0.333333333333333,0,0,0,0,0.5,0.666666666666667,0,0.333333333333333,NA,NA,NA,0,NA,0.666666666666667,1,0.666666666666667,1,1,1,1,0.333333333333333,0,0.666666666666667,0.5,NA,NA,NA,0.333333333333333,NA,0,0,0,0,0,0,0,0,0.333333333333333,0.166666666666667,0.166666666666667,NA,NA,NA,0,NA,0,0,0,0,0,0,0,0.166666666666667,0,0.166666666666667,0,NA,NA,NA,0.666666666666667,NA
"740",3,3,3,6,3,6,6,6,3,3,6,0,0,0,0,0,0,0,0,1,0,3,1,2,0,1,0,0,0,0,0,0,0,0,0,2,0,2,2,3,1,1,4,0,0,0,0,0,0.0625,0.0625,0.0625,0.125,0.0625,0.125,0.125,0.125,0.0625,0.0625,0.125,0,0,0,0,0,0,0,0,0.166666666666667,0,0.5,0.166666666666667,0.333333333333333,0,0.333333333333333,0,NA,NA,NA,NA,NA,0,0,0,0.333333333333333,0,0.333333333333333,0.333333333333333,0.5,0.333333333333333,0.333333333333333,0.666666666666667,NA,NA,NA,NA,NA,0,0,0,1,0,1,2,2,1,1,4,0,0,0,0,0,3,3,3,4,3,2,3,2,2,1,2,0,0,0,0,0,0,0,0,1,0,1,0,1,0,0,0,0,0,0,0,0,0,0,0,0,0,2,1,1,0,1,0,0,0,0,0,0,0,0,0,0.166666666666667,0,0.166666666666667,0.333333333333333,0.333333333333333,0.333333333333333,0.333333333333333,0.666666666666667,NA,NA,NA,NA,NA,1,1,1,0.666666666666667,1,0.333333333333333,0.5,0.333333333333333,0.666666666666667,0.333333333333333,0.333333333333333,NA,NA,NA,NA,NA,0,0,0,0.166666666666667,0,0.166666666666667,0,0.166666666666667,0,0,0,NA,NA,NA,NA,NA,0,0,0,0,0,0.333333333333333,0.166666666666667,0.166666666666667,0,0.333333333333333,0,NA,NA,NA,NA,NA
"741",6,6,6,6,0,3,6,6,0,3,6,0,0,0,0,0,0,1,0,1,0,0,0,1,0,1,1,0,0,0,0,0,0,0,2,0,0,1,2,5,0,2,4,0,0,0,0,0,0.125,0.125,0.125,0.125,0,0.0625,0.125,0.125,0,0.0625,0.125,0,0,0,0,0,0,0.166666666666667,0,0.166666666666667,NA,0,0,0.166666666666667,NA,0.333333333333333,0.166666666666667,NA,NA,NA,NA,NA,0,0,0.333333333333333,0,NA,0.333333333333333,0.333333333333333,0.833333333333333,NA,0.666666666666667,0.666666666666667,NA,NA,NA,NA,NA,0,0,2,0,0,1,2,4,0,2,4,0,0,0,0,0,6,5,4,5,0,2,4,1,0,0,1,0,0,0,0,0,0,0,0,0,0,0,0,1,0,0,0,0,0,0,0,0,0,1,0,1,0,0,0,0,0,1,1,0,0,0,0,0,0,0,0.333333333333333,0,NA,0.333333333333333,0.333333333333333,0.666666666666667,NA,0.666666666666667,0.666666666666667,NA,NA,NA,NA,NA,1,0.833333333333333,0.666666666666667,0.833333333333333,NA,0.666666666666667,0.666666666666667,0.166666666666667,NA,0,0.166666666666667,NA,NA,NA,NA,NA,0,0,0,0,NA,0,0,0.166666666666667,NA,0,0,NA,NA,NA,NA,NA,0,0.166666666666667,0,0.166666666666667,NA,0,0,0,NA,0.333333333333333,0.166666666666667,NA,NA,NA,NA,NA
"742",3,6,6,3,3,6,0,0,6,3,0,0,6,6,0,0,0,0,1,2,0,1,0,0,1,0,0,0,1,0,0,0,0,2,1,0,0,2,0,0,1,1,0,0,2,1,0,0,0.0625,0.125,0.125,0.0625,0.0625,0.125,0,0,0.125,0.0625,0,0,0.125,0.125,0,0,0,0,0.166666666666667,0.666666666666667,0,0.166666666666667,NA,NA,0.166666666666667,0,NA,NA,0.166666666666667,0,NA,NA,0,0.333333333333333,0.166666666666667,0,0,0.333333333333333,NA,NA,0.166666666666667,0.333333333333333,NA,NA,0.333333333333333,0.166666666666667,NA,NA,0,2,1,0,0,2,0,0,1,1,0,0,1,1,0,0,3,4,4,1,3,3,0,0,4,2,0,0,4,5,0,0,0,0,0,0,0,0,0,0,0,0,0,0,1,0,0,0,0,0,1,2,0,1,0,0,1,0,0,0,0,0,0,0,0,0.333333333333333,0.166666666666667,0,0,0.333333333333333,NA,NA,0.166666666666667,0.333333333333333,NA,NA,0.166666666666667,0.166666666666667,NA,NA,1,0.666666666666667,0.666666666666667,0.333333333333333,1,0.5,NA,NA,0.666666666666667,0.666666666666667,NA,NA,0.666666666666667,0.833333333333333,NA,NA,0,0,0,0,0,0,NA,NA,0,0,NA,NA,0.166666666666667,0,NA,NA,0,0,0.166666666666667,0.666666666666667,0,0.166666666666667,NA,NA,0.166666666666667,0,NA,NA,0,0,NA,NA
"743",3,6,6,0,3,0,0,0,6,0,0,0,3,0,0,0,0,0,2,0,0,0,0,0,1,0,0,0,1,0,0,0,0,0,1,0,0,0,0,0,2,0,0,0,0,0,0,0,0.111111111111111,0.222222222222222,0.222222222222222,0,0.111111111111111,0,0,0,0.222222222222222,0,0,0,0.111111111111111,0,0,0,0,0,0.333333333333333,NA,0,NA,NA,NA,0.166666666666667,NA,NA,NA,0.333333333333333,NA,NA,NA,0,0,0.166666666666667,NA,0,NA,NA,NA,0.333333333333333,NA,NA,NA,0,NA,NA,NA,0,0,1,0,0,0,0,0,1,0,0,0,0,0,0,0,3,6,3,0,3,0,0,0,4,0,0,0,2,0,0,0,0,0,0,0,0,0,0,0,1,0,0,0,0,0,0,0,0,0,2,0,0,0,0,0,0,0,0,0,1,0,0,0,0,0,0.166666666666667,NA,0,NA,NA,NA,0.166666666666667,NA,NA,NA,0,NA,NA,NA,1,1,0.5,NA,1,NA,NA,NA,0.666666666666667,NA,NA,NA,0.666666666666667,NA,NA,NA,0,0,0,NA,0,NA,NA,NA,0.166666666666667,NA,NA,NA,0,NA,NA,NA,0,0,0.333333333333333,NA,0,NA,NA,NA,0,NA,NA,NA,0.333333333333333,NA,NA,NA
"744",3,3,3,6,3,6,6,6,3,6,3,0,0,0,0,0,0,0,0,0,0,0,0,2,0,2,2,0,0,0,0,0,0,0,1,0,0,1,3,4,1,3,3,0,0,0,0,0,0.0625,0.0625,0.0625,0.125,0.0625,0.125,0.125,0.125,0.0625,0.125,0.0625,0,0,0,0,0,0,0,0,0,0,0,0,0.333333333333333,0,0.333333333333333,0.666666666666667,NA,NA,NA,NA,NA,0,0,0.333333333333333,0,0,0.166666666666667,0.5,0.666666666666667,0.333333333333333,0.5,1,NA,NA,NA,NA,NA,0,0,1,0,0,1,3,3,1,2,1,0,0,0,0,0,3,3,2,6,3,5,3,1,2,2,0,0,0,0,0,0,0,0,0,0,0,0,0,1,0,1,2,0,0,0,0,0,0,0,0,0,0,0,0,1,0,1,0,0,0,0,0,0,0,0,0.333333333333333,0,0,0.166666666666667,0.5,0.5,0.333333333333333,0.333333333333333,0.333333333333333,NA,NA,NA,NA,NA,1,1,0.666666666666667,1,1,0.833333333333333,0.5,0.166666666666667,0.666666666666667,0.333333333333333,0,NA,NA,NA,NA,NA,0,0,0,0,0,0,0,0.166666666666667,0,0.166666666666667,0.666666666666667,NA,NA,NA,NA,NA,0,0,0,0,0,0,0,0.166666666666667,0,0.166666666666667,0,NA,NA,NA,NA,NA
"745",3,3,6,3,0,6,0,0,6,6,0,0,6,6,0,0,0,0,0,1,0,0,0,0,0,1,0,0,3,2,0,0,0,0,2,0,0,2,0,0,1,2,0,0,3,2,0,0,0.0666666666666667,0.0666666666666667,0.133333333333333,0.0666666666666667,0,0.133333333333333,0,0,0.133333333333333,0.133333333333333,0,0,0.133333333333333,0.133333333333333,0,0,0,0,0,0.333333333333333,NA,0,NA,NA,0,0.166666666666667,NA,NA,0.5,0.333333333333333,NA,NA,0,0,0.333333333333333,0,NA,0.333333333333333,NA,NA,0.166666666666667,0.333333333333333,NA,NA,0.5,0.333333333333333,NA,NA,0,0,2,0,0,2,0,0,1,2,0,0,2,1,0,0,3,3,4,2,0,4,0,0,5,3,0,0,1,3,0,0,0,0,0,0,0,0,0,0,0,0,0,0,1,1,0,0,0,0,0,1,0,0,0,0,0,1,0,0,2,1,0,0,0,0,0.333333333333333,0,NA,0.333333333333333,NA,NA,0.166666666666667,0.333333333333333,NA,NA,0.333333333333333,0.166666666666667,NA,NA,1,1,0.666666666666667,0.666666666666667,NA,0.666666666666667,NA,NA,0.833333333333333,0.5,NA,NA,0.166666666666667,0.5,NA,NA,0,0,0,0,NA,0,NA,NA,0,0,NA,NA,0.166666666666667,0.166666666666667,NA,NA,0,0,0,0.333333333333333,NA,0,NA,NA,0,0.166666666666667,NA,NA,0.333333333333333,0.166666666666667,NA,NA
"746",3,3,3,6,0,3,6,0,0,3,6,0,6,6,0,0,0,0,0,1,0,0,0,0,0,0,2,0,1,0,0,0,0,1,1,3,0,0,2,0,0,1,4,0,3,6,0,0,0.0666666666666667,0.0666666666666667,0.0666666666666667,0.133333333333333,0,0.0666666666666667,0.133333333333333,0,0,0.0666666666666667,0.133333333333333,0,0.133333333333333,0.133333333333333,0,0,0,0,0,0.166666666666667,NA,0,0,NA,NA,0,0.333333333333333,NA,0.166666666666667,0,NA,NA,0,0.333333333333333,0.333333333333333,0.5,NA,0,0.333333333333333,NA,NA,0.333333333333333,0.666666666666667,NA,0.5,1,NA,NA,0,1,1,2,0,0,2,0,0,1,4,0,2,6,0,0,3,2,2,3,0,3,4,0,0,2,0,0,3,0,0,0,0,0,0,1,0,0,0,0,0,0,0,0,1,0,0,0,0,0,0,0,0,0,0,0,0,0,2,0,0,0,0,0,0,0.333333333333333,0.333333333333333,0.333333333333333,NA,0,0.333333333333333,NA,NA,0.333333333333333,0.666666666666667,NA,0.333333333333333,1,NA,NA,1,0.666666666666667,0.666666666666667,0.5,NA,1,0.666666666666667,NA,NA,0.666666666666667,0,NA,0.5,0,NA,NA,0,0,0,0.166666666666667,NA,0,0,NA,NA,0,0,NA,0.166666666666667,0,NA,NA,0,0,0,0,NA,0,0,NA,NA,0,0.333333333333333,NA,0,0,NA,NA
"747",3,3,3,3,3,6,6,6,3,6,0,0,0,6,0,0,0,0,0,0,1,1,1,1,1,1,0,0,0,2,0,0,0,0,1,0,0,0,3,5,0,0,0,0,0,4,0,0,0.0625,0.0625,0.0625,0.0625,0.0625,0.125,0.125,0.125,0.0625,0.125,0,0,0,0.125,0,0,0,0,0,0,0.333333333333333,0.166666666666667,0.166666666666667,0.166666666666667,0.333333333333333,0.166666666666667,NA,NA,NA,0.333333333333333,NA,NA,0,0,0.333333333333333,0,0,0,0.5,0.833333333333333,0,0,NA,NA,NA,0.666666666666667,NA,NA,0,0,1,0,0,0,2,5,0,0,0,0,0,2,0,0,3,3,2,3,2,5,3,0,2,5,0,0,0,2,0,0,0,0,0,0,0,0,1,0,0,0,0,0,0,2,0,0,0,0,0,0,1,1,0,1,1,1,0,0,0,0,0,0,0,0,0.333333333333333,0,0,0,0.333333333333333,0.833333333333333,0,0,NA,NA,NA,0.333333333333333,NA,NA,1,1,0.666666666666667,1,0.666666666666667,0.833333333333333,0.5,0,0.666666666666667,0.833333333333333,NA,NA,NA,0.333333333333333,NA,NA,0,0,0,0,0,0,0.166666666666667,0,0,0,NA,NA,NA,0.333333333333333,NA,NA,0,0,0,0,0.333333333333333,0.166666666666667,0,0.166666666666667,0.333333333333333,0.166666666666667,NA,NA,NA,0,NA,NA
"748",3,3,3,6,3,6,6,6,3,3,6,0,0,0,0,0,0,0,0,0,0,1,0,2,0,1,2,0,0,0,0,0,0,0,0,1,0,1,2,5,0,0,4,0,0,0,0,0,0.0625,0.0625,0.0625,0.125,0.0625,0.125,0.125,0.125,0.0625,0.0625,0.125,0,0,0,0,0,0,0,0,0,0,0.166666666666667,0,0.333333333333333,0,0.333333333333333,0.333333333333333,NA,NA,NA,NA,NA,0,0,0,0.166666666666667,0,0.166666666666667,0.333333333333333,0.833333333333333,0,0,0.666666666666667,NA,NA,NA,NA,NA,0,0,0,1,0,1,2,3,0,0,2,0,0,0,0,0,3,3,3,5,3,4,4,1,3,2,2,0,0,0,0,0,0,0,0,0,0,0,0,2,0,0,2,0,0,0,0,0,0,0,0,0,0,1,0,0,0,1,0,0,0,0,0,0,0,0,0,0.166666666666667,0,0.166666666666667,0.333333333333333,0.5,0,0,0.333333333333333,NA,NA,NA,NA,NA,1,1,1,0.833333333333333,1,0.666666666666667,0.666666666666667,0.166666666666667,1,0.666666666666667,0.333333333333333,NA,NA,NA,NA,NA,0,0,0,0,0,0,0,0.333333333333333,0,0,0.333333333333333,NA,NA,NA,NA,NA,0,0,0,0,0,0.166666666666667,0,0,0,0.333333333333333,0,NA,NA,NA,NA,NA
"749",3,3,6,0,3,6,0,0,6,3,0,0,6,0,0,0,0,0,0,0,0,1,0,0,0,1,0,0,2,0,0,0,0,0,3,0,1,2,0,0,1,0,0,0,1,0,0,0,0.0833333333333333,0.0833333333333333,0.166666666666667,0,0.0833333333333333,0.166666666666667,0,0,0.166666666666667,0.0833333333333333,0,0,0.166666666666667,0,0,0,0,0,0,NA,0,0.166666666666667,NA,NA,0,0.333333333333333,NA,NA,0.333333333333333,NA,NA,NA,0,0,0.5,NA,0.333333333333333,0.333333333333333,NA,NA,0.166666666666667,0,NA,NA,0.166666666666667,NA,NA,NA,0,0,3,0,1,2,0,0,1,0,0,0,1,0,0,0,3,3,3,0,2,3,0,0,5,2,0,0,3,0,0,0,0,0,0,0,0,0,0,0,0,0,0,0,0,0,0,0,0,0,0,0,0,1,0,0,0,1,0,0,2,0,0,0,0,0,0.5,NA,0.333333333333333,0.333333333333333,NA,NA,0.166666666666667,0,NA,NA,0.166666666666667,NA,NA,NA,1,1,0.5,NA,0.666666666666667,0.5,NA,NA,0.833333333333333,0.666666666666667,NA,NA,0.5,NA,NA,NA,0,0,0,NA,0,0,NA,NA,0,0,NA,NA,0,NA,NA,NA,0,0,0,NA,0,0.166666666666667,NA,NA,0,0.333333333333333,NA,NA,0.333333333333333,NA,NA,NA
"750",3,3,3,3,3,6,6,6,3,0,6,3,3,0,0,0,0,0,0,0,0,2,0,0,0,0,2,1,1,0,0,0,0,0,0,1,1,1,1,3,0,0,3,2,1,0,0,0,0.0625,0.0625,0.0625,0.0625,0.0625,0.125,0.125,0.125,0.0625,0,0.125,0.0625,0.0625,0,0,0,0,0,0,0,0,0.333333333333333,0,0,0,NA,0.333333333333333,0.333333333333333,0.333333333333333,NA,NA,NA,0,0,0,0.333333333333333,0.333333333333333,0.166666666666667,0.166666666666667,0.5,0,NA,0.5,0.666666666666667,0.333333333333333,NA,NA,NA,0,0,0,1,1,1,1,3,0,0,2,2,0,0,0,0,3,3,3,2,2,3,5,3,3,0,2,0,2,0,0,0,0,0,0,0,0,0,0,0,0,0,1,0,1,0,0,0,0,0,0,0,0,2,0,0,0,0,1,1,0,0,0,0,0,0,0,0.333333333333333,0.333333333333333,0.166666666666667,0.166666666666667,0.5,0,NA,0.333333333333333,0.666666666666667,0,NA,NA,NA,1,1,1,0.666666666666667,0.666666666666667,0.5,0.833333333333333,0.5,1,NA,0.333333333333333,0,0.666666666666667,NA,NA,NA,0,0,0,0,0,0,0,0,0,NA,0.166666666666667,0,0.333333333333333,NA,NA,NA,0,0,0,0,0,0.333333333333333,0,0,0,NA,0.166666666666667,0.333333333333333,0,NA,NA,NA
"751",3,3,6,6,3,6,6,3,3,3,3,0,3,0,0,0,0,0,0,1,0,1,1,2,0,1,2,0,0,0,0,0,0,0,2,2,0,2,2,3,1,2,2,0,2,0,0,0,0.0625,0.0625,0.125,0.125,0.0625,0.125,0.125,0.0625,0.0625,0.0625,0.0625,0,0.0625,0,0,0,0,0,0,0.166666666666667,0,0.166666666666667,0.166666666666667,0.666666666666667,0,0.333333333333333,0.666666666666667,NA,0,NA,NA,NA,0,0,0.333333333333333,0.333333333333333,0,0.333333333333333,0.333333333333333,1,0.333333333333333,0.666666666666667,0.666666666666667,NA,0.666666666666667,NA,NA,NA,0,0,2,2,0,1,2,1,1,1,1,0,2,0,0,0,3,3,4,3,3,4,3,0,2,1,0,0,1,0,0,0,0,0,0,0,0,1,0,2,0,1,1,0,0,0,0,0,0,0,0,1,0,0,1,0,0,0,1,0,0,0,0,0,0,0,0.333333333333333,0.333333333333333,0,0.166666666666667,0.333333333333333,0.333333333333333,0.333333333333333,0.333333333333333,0.333333333333333,NA,0.666666666666667,NA,NA,NA,1,1,0.666666666666667,0.5,1,0.666666666666667,0.5,0,0.666666666666667,0.333333333333333,0,NA,0.333333333333333,NA,NA,NA,0,0,0,0,0,0.166666666666667,0,0.666666666666667,0,0.333333333333333,0.333333333333333,NA,0,NA,NA,NA,0,0,0,0.166666666666667,0,0,0.166666666666667,0,0,0,0.333333333333333,NA,0,NA,NA,NA
"752",6,6,0,0,3,0,0,0,6,0,0,0,6,0,0,0,0,2,0,0,0,0,0,0,0,0,0,0,1,0,0,0,0,3,0,0,0,0,0,0,1,0,0,0,3,0,0,0,0.222222222222222,0.222222222222222,0,0,0.111111111111111,0,0,0,0.222222222222222,0,0,0,0.222222222222222,0,0,0,0,0.333333333333333,NA,NA,0,NA,NA,NA,0,NA,NA,NA,0.166666666666667,NA,NA,NA,0,0.5,NA,NA,0,NA,NA,NA,0.166666666666667,NA,NA,NA,0.5,NA,NA,NA,0,2,0,0,0,0,0,0,1,0,0,0,2,0,0,0,6,2,0,0,3,0,0,0,5,0,0,0,3,0,0,0,0,1,0,0,0,0,0,0,0,0,0,0,1,0,0,0,0,1,0,0,0,0,0,0,0,0,0,0,0,0,0,0,0,0.333333333333333,NA,NA,0,NA,NA,NA,0.166666666666667,NA,NA,NA,0.333333333333333,NA,NA,NA,1,0.333333333333333,NA,NA,1,NA,NA,NA,0.833333333333333,NA,NA,NA,0.5,NA,NA,NA,0,0.166666666666667,NA,NA,0,NA,NA,NA,0,NA,NA,NA,0.166666666666667,NA,NA,NA,0,0.166666666666667,NA,NA,0,NA,NA,NA,0,NA,NA,NA,0,NA,NA,NA
"753",3,3,3,6,0,3,6,6,3,6,6,0,0,3,0,0,0,0,0,0,0,0,1,3,0,1,3,0,0,1,0,0,0,0,1,0,0,1,0,3,1,2,3,0,0,3,0,0,0.0625,0.0625,0.0625,0.125,0,0.0625,0.125,0.125,0.0625,0.125,0.125,0,0,0.0625,0,0,0,0,0,0,NA,0,0.166666666666667,0.5,0,0.166666666666667,0.5,NA,NA,0.333333333333333,NA,NA,0,0,0.333333333333333,0,NA,0.333333333333333,0,0.5,0.333333333333333,0.333333333333333,0.5,NA,NA,1,NA,NA,0,0,1,0,0,1,0,2,1,2,2,0,0,2,0,0,3,3,2,6,0,2,5,1,2,3,1,0,0,0,0,0,0,0,0,0,0,0,0,1,0,0,1,0,0,1,0,0,0,0,0,0,0,0,1,2,0,1,2,0,0,0,0,0,0,0,0.333333333333333,0,NA,0.333333333333333,0,0.333333333333333,0.333333333333333,0.333333333333333,0.333333333333333,NA,NA,0.666666666666667,NA,NA,1,1,0.666666666666667,1,NA,0.666666666666667,0.833333333333333,0.166666666666667,0.666666666666667,0.5,0.166666666666667,NA,NA,0,NA,NA,0,0,0,0,NA,0,0,0.166666666666667,0,0,0.166666666666667,NA,NA,0.333333333333333,NA,NA,0,0,0,0,NA,0,0.166666666666667,0.333333333333333,0,0.166666666666667,0.333333333333333,NA,NA,0,NA,NA
"754",3,3,6,0,0,3,0,0,0,6,0,0,6,6,0,0,0,0,0,0,0,0,0,0,0,0,0,0,0,1,0,0,0,1,3,0,0,1,0,0,0,2,0,0,3,5,0,0,0.0909090909090909,0.0909090909090909,0.181818181818182,0,0,0.0909090909090909,0,0,0,0.181818181818182,0,0,0.181818181818182,0.181818181818182,0,0,0,0,0,NA,NA,0,NA,NA,NA,0,NA,NA,0,0.166666666666667,NA,NA,0,0.333333333333333,0.5,NA,NA,0.333333333333333,NA,NA,NA,0.333333333333333,NA,NA,0.5,0.833333333333333,NA,NA,0,1,3,0,0,1,0,0,0,2,0,0,3,4,0,0,3,2,3,0,0,2,0,0,0,4,0,0,3,1,0,0,0,0,0,0,0,0,0,0,0,0,0,0,0,1,0,0,0,0,0,0,0,0,0,0,0,0,0,0,0,0,0,0,0,0.333333333333333,0.5,NA,NA,0.333333333333333,NA,NA,NA,0.333333333333333,NA,NA,0.5,0.666666666666667,NA,NA,1,0.666666666666667,0.5,NA,NA,0.666666666666667,NA,NA,NA,0.666666666666667,NA,NA,0.5,0.166666666666667,NA,NA,0,0,0,NA,NA,0,NA,NA,NA,0,NA,NA,0,0.166666666666667,NA,NA,0,0,0,NA,NA,0,NA,NA,NA,0,NA,NA,0,0,NA,NA
"755",3,6,6,6,3,6,0,3,6,6,0,0,0,0,0,0,0,0,1,1,0,0,0,1,0,2,0,0,0,0,0,0,1,0,1,2,1,1,0,1,3,1,0,0,0,0,0,0,0.0666666666666667,0.133333333333333,0.133333333333333,0.133333333333333,0.0666666666666667,0.133333333333333,0,0.0666666666666667,0.133333333333333,0.133333333333333,0,0,0,0,0,0,0,0,0.166666666666667,0.166666666666667,0,0,NA,0.333333333333333,0,0.333333333333333,NA,NA,NA,NA,NA,NA,0.333333333333333,0,0.166666666666667,0.333333333333333,0.333333333333333,0.166666666666667,NA,0.333333333333333,0.5,0.166666666666667,NA,NA,NA,NA,NA,NA,1,0,1,2,1,1,0,1,3,1,0,0,0,0,0,0,2,6,4,3,2,5,0,1,3,3,0,0,0,0,0,0,0,0,0,0,0,0,0,0,0,0,0,0,0,0,0,0,0,0,1,1,0,0,0,1,0,2,0,0,0,0,0,0,0.333333333333333,0,0.166666666666667,0.333333333333333,0.333333333333333,0.166666666666667,NA,0.333333333333333,0.5,0.166666666666667,NA,NA,NA,NA,NA,NA,0.666666666666667,1,0.666666666666667,0.5,0.666666666666667,0.833333333333333,NA,0.333333333333333,0.5,0.5,NA,NA,NA,NA,NA,NA,0,0,0,0,0,0,NA,0,0,0,NA,NA,NA,NA,NA,NA,0,0,0.166666666666667,0.166666666666667,0,0,NA,0.333333333333333,0,0.333333333333333,NA,NA,NA,NA,NA,NA
"756",3,3,6,6,3,6,6,6,3,0,0,0,6,0,0,0,0,0,0,1,0,2,3,1,0,0,0,0,1,0,0,0,0,0,1,2,1,1,4,4,0,0,0,0,1,0,0,0,0.0625,0.0625,0.125,0.125,0.0625,0.125,0.125,0.125,0.0625,0,0,0,0.125,0,0,0,0,0,0,0.166666666666667,0,0.333333333333333,0.5,0.166666666666667,0,NA,NA,NA,0.166666666666667,NA,NA,NA,0,0,0.166666666666667,0.333333333333333,0.333333333333333,0.166666666666667,0.666666666666667,0.666666666666667,0,NA,NA,NA,0.166666666666667,NA,NA,NA,0,0,1,1,1,1,2,4,0,0,0,0,1,0,0,0,3,3,5,4,2,3,1,1,3,0,0,0,4,0,0,0,0,0,0,1,0,0,2,0,0,0,0,0,0,0,0,0,0,0,0,0,0,2,1,1,0,0,0,0,1,0,0,0,0,0,0.166666666666667,0.166666666666667,0.333333333333333,0.166666666666667,0.333333333333333,0.666666666666667,0,NA,NA,NA,0.166666666666667,NA,NA,NA,1,1,0.833333333333333,0.666666666666667,0.666666666666667,0.5,0.166666666666667,0.166666666666667,1,NA,NA,NA,0.666666666666667,NA,NA,NA,0,0,0,0.166666666666667,0,0,0.333333333333333,0,0,NA,NA,NA,0,NA,NA,NA,0,0,0,0,0,0.333333333333333,0.166666666666667,0.166666666666667,0,NA,NA,NA,0.166666666666667,NA,NA,NA
"757",3,3,6,6,0,6,6,3,0,3,0,0,6,6,0,0,0,0,0,2,0,1,2,1,0,0,0,0,1,1,0,0,0,0,0,2,0,1,2,0,0,0,0,0,2,3,0,0,0.0625,0.0625,0.125,0.125,0,0.125,0.125,0.0625,0,0.0625,0,0,0.125,0.125,0,0,0,0,0,0.333333333333333,NA,0.166666666666667,0.333333333333333,0.333333333333333,NA,0,NA,NA,0.166666666666667,0.166666666666667,NA,NA,0,0,0,0.333333333333333,NA,0.166666666666667,0.333333333333333,0,NA,0,NA,NA,0.333333333333333,0.5,NA,NA,0,0,0,2,0,1,1,0,0,0,0,0,1,3,0,0,3,3,6,2,0,4,3,2,0,3,0,0,4,2,0,0,0,0,0,0,0,0,1,0,0,0,0,0,1,0,0,0,0,0,0,2,0,1,1,1,0,0,0,0,0,1,0,0,0,0,0,0.333333333333333,NA,0.166666666666667,0.166666666666667,0,NA,0,NA,NA,0.166666666666667,0.5,NA,NA,1,1,1,0.333333333333333,NA,0.666666666666667,0.5,0.666666666666667,NA,1,NA,NA,0.666666666666667,0.333333333333333,NA,NA,0,0,0,0,NA,0,0.166666666666667,0,NA,0,NA,NA,0.166666666666667,0,NA,NA,0,0,0,0.333333333333333,NA,0.166666666666667,0.166666666666667,0.333333333333333,NA,0,NA,NA,0,0.166666666666667,NA,NA
"758",3,3,3,6,0,3,6,6,0,3,3,3,3,6,0,0,0,0,0,0,0,0,1,1,0,0,2,1,0,1,0,0,0,1,0,1,0,1,1,2,0,1,2,2,2,3,0,0,0.0625,0.0625,0.0625,0.125,0,0.0625,0.125,0.125,0,0.0625,0.0625,0.0625,0.0625,0.125,0,0,0,0,0,0,NA,0,0.166666666666667,0.166666666666667,NA,0,0.666666666666667,0.333333333333333,0,0.166666666666667,NA,NA,0,0.333333333333333,0,0.166666666666667,NA,0.333333333333333,0.166666666666667,0.333333333333333,NA,0.333333333333333,0.666666666666667,0.666666666666667,0.666666666666667,0.5,NA,NA,0,1,0,1,0,1,0,2,0,1,1,1,2,3,0,0,3,2,3,5,0,2,5,3,0,2,0,1,1,2,0,0,0,0,0,0,0,0,1,0,0,0,1,1,0,0,0,0,0,0,0,0,0,0,0,1,0,0,1,0,0,1,0,0,0,0.333333333333333,0,0.166666666666667,NA,0.333333333333333,0,0.333333333333333,NA,0.333333333333333,0.333333333333333,0.333333333333333,0.666666666666667,0.5,NA,NA,1,0.666666666666667,1,0.833333333333333,NA,0.666666666666667,0.833333333333333,0.5,NA,0.666666666666667,0,0.333333333333333,0.333333333333333,0.333333333333333,NA,NA,0,0,0,0,NA,0,0.166666666666667,0,NA,0,0.333333333333333,0.333333333333333,0,0,NA,NA,0,0,0,0,NA,0,0,0.166666666666667,NA,0,0.333333333333333,0,0,0.166666666666667,NA,NA
"759",3,3,3,3,3,6,6,6,0,6,6,0,0,3,0,0,0,0,0,0,0,1,0,0,0,2,2,0,0,1,0,0,0,0,0,0,1,2,1,5,0,0,5,0,0,0,0,0,0.0625,0.0625,0.0625,0.0625,0.0625,0.125,0.125,0.125,0,0.125,0.125,0,0,0.0625,0,0,0,0,0,0,0,0.166666666666667,0,0,NA,0.333333333333333,0.333333333333333,NA,NA,0.333333333333333,NA,NA,0,0,0,0,0.333333333333333,0.333333333333333,0.166666666666667,0.833333333333333,NA,0,0.833333333333333,NA,NA,0,NA,NA,0,0,0,0,1,2,1,5,0,0,3,0,0,0,0,0,3,3,3,3,2,3,5,1,0,4,1,0,0,2,0,0,0,0,0,0,0,0,0,0,0,0,2,0,0,0,0,0,0,0,0,0,0,1,0,0,0,2,0,0,0,1,0,0,0,0,0,0,0.333333333333333,0.333333333333333,0.166666666666667,0.833333333333333,NA,0,0.5,NA,NA,0,NA,NA,1,1,1,1,0.666666666666667,0.5,0.833333333333333,0.166666666666667,NA,0.666666666666667,0.166666666666667,NA,NA,0.666666666666667,NA,NA,0,0,0,0,0,0,0,0,NA,0,0.333333333333333,NA,NA,0,NA,NA,0,0,0,0,0,0.166666666666667,0,0,NA,0.333333333333333,0,NA,NA,0.333333333333333,NA,NA
"760",3,3,6,6,0,3,0,0,0,3,0,0,6,6,0,0,0,0,0,2,0,0,0,0,0,0,0,0,1,1,0,0,0,0,2,1,0,1,0,0,0,1,0,0,4,6,0,0,0.0833333333333333,0.0833333333333333,0.166666666666667,0.166666666666667,0,0.0833333333333333,0,0,0,0.0833333333333333,0,0,0.166666666666667,0.166666666666667,0,0,0,0,0,0.333333333333333,NA,0,NA,NA,NA,0,NA,NA,0.166666666666667,0.166666666666667,NA,NA,0,0,0.333333333333333,0.166666666666667,NA,0.333333333333333,NA,NA,NA,0.333333333333333,NA,NA,0.666666666666667,1,NA,NA,0,0,2,0,0,1,0,0,0,1,0,0,4,5,0,0,3,3,4,4,0,2,0,0,0,2,0,0,1,0,0,0,0,0,0,1,0,0,0,0,0,0,0,0,0,1,0,0,0,0,0,1,0,0,0,0,0,0,0,0,1,0,0,0,0,0,0.333333333333333,0,NA,0.333333333333333,NA,NA,NA,0.333333333333333,NA,NA,0.666666666666667,0.833333333333333,NA,NA,1,1,0.666666666666667,0.666666666666667,NA,0.666666666666667,NA,NA,NA,0.666666666666667,NA,NA,0.166666666666667,0,NA,NA,0,0,0,0.166666666666667,NA,0,NA,NA,NA,0,NA,NA,0,0.166666666666667,NA,NA,0,0,0,0.166666666666667,NA,0,NA,NA,NA,0,NA,NA,0.166666666666667,0,NA,NA
"761",3,6,6,0,3,0,0,0,6,0,0,0,6,0,0,0,0,0,3,0,0,0,0,0,0,0,0,0,1,0,0,0,0,0,1,0,0,0,0,0,2,0,0,0,1,0,0,0,0.1,0.2,0.2,0,0.1,0,0,0,0.2,0,0,0,0.2,0,0,0,0,0,0.5,NA,0,NA,NA,NA,0,NA,NA,NA,0.166666666666667,NA,NA,NA,0,0,0.166666666666667,NA,0,NA,NA,NA,0.333333333333333,NA,NA,NA,0.166666666666667,NA,NA,NA,0,0,1,0,0,0,0,0,2,0,0,0,1,0,0,0,3,6,2,0,3,0,0,0,4,0,0,0,4,0,0,0,0,0,0,0,0,0,0,0,0,0,0,0,0,0,0,0,0,0,3,0,0,0,0,0,0,0,0,0,1,0,0,0,0,0,0.166666666666667,NA,0,NA,NA,NA,0.333333333333333,NA,NA,NA,0.166666666666667,NA,NA,NA,1,1,0.333333333333333,NA,1,NA,NA,NA,0.666666666666667,NA,NA,NA,0.666666666666667,NA,NA,NA,0,0,0,NA,0,NA,NA,NA,0,NA,NA,NA,0,NA,NA,NA,0,0,0.5,NA,0,NA,NA,NA,0,NA,NA,NA,0.166666666666667,NA,NA,NA
"762",3,6,6,3,0,6,0,0,3,6,0,0,6,6,0,0,0,0,1,1,0,1,0,0,0,0,0,0,0,3,0,0,0,1,2,1,0,1,0,0,0,0,0,0,1,4,0,0,0.0666666666666667,0.133333333333333,0.133333333333333,0.0666666666666667,0,0.133333333333333,0,0,0.0666666666666667,0.133333333333333,0,0,0.133333333333333,0.133333333333333,0,0,0,0,0.166666666666667,0.333333333333333,NA,0.166666666666667,NA,NA,0,0,NA,NA,0,0.5,NA,NA,0,0.166666666666667,0.333333333333333,0.333333333333333,NA,0.166666666666667,NA,NA,0,0,NA,NA,0.166666666666667,0.666666666666667,NA,NA,0,1,2,1,0,0,0,0,0,0,0,0,1,3,0,0,3,5,3,1,0,5,0,0,3,6,0,0,5,0,0,0,0,0,0,0,0,1,0,0,0,0,0,0,0,1,0,0,0,0,1,1,0,0,0,0,0,0,0,0,0,2,0,0,0,0.166666666666667,0.333333333333333,0.333333333333333,NA,0,NA,NA,0,0,NA,NA,0.166666666666667,0.5,NA,NA,1,0.833333333333333,0.5,0.333333333333333,NA,0.833333333333333,NA,NA,1,1,NA,NA,0.833333333333333,0,NA,NA,0,0,0,0,NA,0.166666666666667,NA,NA,0,0,NA,NA,0,0.166666666666667,NA,NA,0,0,0.166666666666667,0.333333333333333,NA,0,NA,NA,0,0,NA,NA,0,0.333333333333333,NA,NA
"763",6,6,3,6,6,6,6,6,3,0,0,0,0,0,0,0,0,1,0,0,0,2,0,2,1,0,0,0,0,0,0,0,0,1,0,1,1,1,3,2,0,0,0,0,0,0,0,0,0.125,0.125,0.0625,0.125,0.125,0.125,0.125,0.125,0.0625,0,0,0,0,0,0,0,0,0.166666666666667,0,0,0,0.333333333333333,0,0.333333333333333,0.333333333333333,NA,NA,NA,NA,NA,NA,NA,0,0.166666666666667,0,0.166666666666667,0.166666666666667,0.166666666666667,0.5,0.333333333333333,0,NA,NA,NA,NA,NA,NA,NA,0,0,0,1,1,1,3,2,0,0,0,0,0,0,0,0,6,5,3,5,5,3,3,2,2,0,0,0,0,0,0,0,0,1,0,0,0,0,0,0,0,0,0,0,0,0,0,0,0,0,0,0,0,2,0,2,1,0,0,0,0,0,0,0,0,0,0,0.166666666666667,0.166666666666667,0.166666666666667,0.5,0.333333333333333,0,NA,NA,NA,NA,NA,NA,NA,1,0.833333333333333,1,0.833333333333333,0.833333333333333,0.5,0.5,0.333333333333333,0.666666666666667,NA,NA,NA,NA,NA,NA,NA,0,0.166666666666667,0,0,0,0,0,0,0,NA,NA,NA,NA,NA,NA,NA,0,0,0,0,0,0.333333333333333,0,0.333333333333333,0.333333333333333,NA,NA,NA,NA,NA,NA,NA
"764",6,6,3,3,0,6,6,6,0,6,0,3,0,3,0,0,0,1,0,0,0,1,0,1,0,1,0,2,0,1,0,0,0,2,0,0,0,2,3,3,0,0,0,3,0,2,0,0,0.125,0.125,0.0625,0.0625,0,0.125,0.125,0.125,0,0.125,0,0.0625,0,0.0625,0,0,0,0.166666666666667,0,0,NA,0.166666666666667,0,0.166666666666667,NA,0.166666666666667,NA,0.666666666666667,NA,0.333333333333333,NA,NA,0,0.333333333333333,0,0,NA,0.333333333333333,0.5,0.5,NA,0,NA,1,NA,0.666666666666667,NA,NA,0,1,0,0,0,1,3,2,0,0,0,1,0,2,0,0,6,4,3,3,0,4,3,3,0,5,0,0,0,0,0,0,0,1,0,0,0,1,0,1,0,0,0,2,0,0,0,0,0,0,0,0,0,0,0,0,0,1,0,0,0,1,0,0,0,0.166666666666667,0,0,NA,0.166666666666667,0.5,0.333333333333333,NA,0,NA,0.333333333333333,NA,0.666666666666667,NA,NA,1,0.666666666666667,1,1,NA,0.666666666666667,0.5,0.5,NA,0.833333333333333,NA,0,NA,0,NA,NA,0,0.166666666666667,0,0,NA,0.166666666666667,0,0.166666666666667,NA,0,NA,0.666666666666667,NA,0,NA,NA,0,0,0,0,NA,0,0,0,NA,0.166666666666667,NA,0,NA,0.333333333333333,NA,NA
"765",3,3,3,6,0,3,6,6,0,3,0,0,6,6,0,0,0,0,0,0,0,0,1,2,0,0,0,0,0,1,0,0,0,0,0,2,0,1,3,3,0,1,0,0,2,3,0,0,0.0666666666666667,0.0666666666666667,0.0666666666666667,0.133333333333333,0,0.0666666666666667,0.133333333333333,0.133333333333333,0,0.0666666666666667,0,0,0.133333333333333,0.133333333333333,0,0,0,0,0,0,NA,0,0.166666666666667,0.333333333333333,NA,0,NA,NA,0,0.166666666666667,NA,NA,0,0,0,0.333333333333333,NA,0.333333333333333,0.5,0.5,NA,0.333333333333333,NA,NA,0.333333333333333,0.5,NA,NA,0,0,0,2,0,1,2,2,0,1,0,0,2,3,0,0,3,3,3,4,0,2,3,2,0,2,0,0,4,2,0,0,0,0,0,0,0,0,1,1,0,0,0,0,0,0,0,0,0,0,0,0,0,0,0,1,0,0,0,0,0,1,0,0,0,0,0,0.333333333333333,NA,0.333333333333333,0.333333333333333,0.333333333333333,NA,0.333333333333333,NA,NA,0.333333333333333,0.5,NA,NA,1,1,1,0.666666666666667,NA,0.666666666666667,0.5,0.333333333333333,NA,0.666666666666667,NA,NA,0.666666666666667,0.333333333333333,NA,NA,0,0,0,0,NA,0,0.166666666666667,0.166666666666667,NA,0,NA,NA,0,0,NA,NA,0,0,0,0,NA,0,0,0.166666666666667,NA,0,NA,NA,0,0.166666666666667,NA,NA
"766",3,3,3,6,3,6,6,0,3,3,6,0,6,0,0,0,0,0,0,1,0,4,1,0,0,1,1,0,2,0,0,0,1,0,0,3,1,3,0,0,1,2,5,0,2,0,0,0,0.0625,0.0625,0.0625,0.125,0.0625,0.125,0.125,0,0.0625,0.0625,0.125,0,0.125,0,0,0,0,0,0,0.166666666666667,0,0.666666666666667,0.166666666666667,NA,0,0.333333333333333,0.166666666666667,NA,0.333333333333333,NA,NA,NA,0.333333333333333,0,0,0.5,0.333333333333333,0.5,0,NA,0.333333333333333,0.666666666666667,0.833333333333333,NA,0.333333333333333,NA,NA,NA,1,0,0,2,1,2,0,0,1,2,4,0,2,0,0,0,2,3,3,3,2,0,5,0,2,0,1,0,2,0,0,0,0,0,0,1,0,1,0,0,0,0,1,0,0,0,0,0,0,0,0,0,0,3,1,0,0,1,0,0,2,0,0,0,0.333333333333333,0,0,0.333333333333333,0.333333333333333,0.333333333333333,0,NA,0.333333333333333,0.666666666666667,0.666666666666667,NA,0.333333333333333,NA,NA,NA,0.666666666666667,1,1,0.5,0.666666666666667,0,0.833333333333333,NA,0.666666666666667,0,0.166666666666667,NA,0.333333333333333,NA,NA,NA,0,0,0,0.166666666666667,0,0.166666666666667,0,NA,0,0,0.166666666666667,NA,0,NA,NA,NA,0,0,0,0,0,0.5,0.166666666666667,NA,0,0.333333333333333,0,NA,0.333333333333333,NA,NA,NA
"767",3,3,6,6,3,6,6,3,6,0,0,0,6,0,0,0,0,0,0,1,0,0,2,1,0,0,0,0,2,0,0,0,0,1,1,2,1,3,3,2,1,0,0,0,1,0,0,0,0.0625,0.0625,0.125,0.125,0.0625,0.125,0.125,0.0625,0.125,0,0,0,0.125,0,0,0,0,0,0,0.166666666666667,0,0,0.333333333333333,0.333333333333333,0,NA,NA,NA,0.333333333333333,NA,NA,NA,0,0.333333333333333,0.166666666666667,0.333333333333333,0.333333333333333,0.5,0.5,0.666666666666667,0.166666666666667,NA,NA,NA,0.166666666666667,NA,NA,NA,0,1,1,2,1,3,2,1,1,0,0,0,1,0,0,0,3,2,5,3,2,3,2,1,5,0,0,0,3,0,0,0,0,0,0,0,0,0,1,1,0,0,0,0,0,0,0,0,0,0,0,1,0,0,1,0,0,0,0,0,2,0,0,0,0,0.333333333333333,0.166666666666667,0.333333333333333,0.333333333333333,0.5,0.333333333333333,0.333333333333333,0.166666666666667,NA,NA,NA,0.166666666666667,NA,NA,NA,1,0.666666666666667,0.833333333333333,0.5,0.666666666666667,0.5,0.333333333333333,0.333333333333333,0.833333333333333,NA,NA,NA,0.5,NA,NA,NA,0,0,0,0,0,0,0.166666666666667,0.333333333333333,0,NA,NA,NA,0,NA,NA,NA,0,0,0,0.166666666666667,0,0,0.166666666666667,0,0,NA,NA,NA,0.333333333333333,NA,NA,NA
"768",3,3,3,6,6,6,6,6,3,6,0,0,0,0,0,0,0,0,0,0,0,0,0,1,1,2,0,0,0,0,0,0,0,0,0,0,1,2,3,5,0,0,0,0,0,0,0,0,0.0625,0.0625,0.0625,0.125,0.125,0.125,0.125,0.125,0.0625,0.125,0,0,0,0,0,0,0,0,0,0,0,0,0,0.166666666666667,0.333333333333333,0.333333333333333,NA,NA,NA,NA,NA,NA,0,0,0,0,0.166666666666667,0.333333333333333,0.5,0.833333333333333,0,0,NA,NA,NA,NA,NA,NA,0,0,0,0,1,2,3,4,0,0,0,0,0,0,0,0,3,3,3,6,5,4,3,1,2,4,0,0,0,0,0,0,0,0,0,0,0,0,0,1,0,0,0,0,0,0,0,0,0,0,0,0,0,0,0,0,1,2,0,0,0,0,0,0,0,0,0,0,0.166666666666667,0.333333333333333,0.5,0.666666666666667,0,0,NA,NA,NA,NA,NA,NA,1,1,1,1,0.833333333333333,0.666666666666667,0.5,0.166666666666667,0.666666666666667,0.666666666666667,NA,NA,NA,NA,NA,NA,0,0,0,0,0,0,0,0.166666666666667,0,0,NA,NA,NA,NA,NA,NA,0,0,0,0,0,0,0,0,0.333333333333333,0.333333333333333,NA,NA,NA,NA,NA,NA
"769",3,3,3,6,0,0,3,6,3,3,6,0,6,6,0,0,0,0,0,0,0,0,0,2,0,0,1,0,1,0,0,0,0,1,0,1,0,0,1,5,1,0,3,0,2,5,0,0,0.0625,0.0625,0.0625,0.125,0,0,0.0625,0.125,0.0625,0.0625,0.125,0,0.125,0.125,0,0,0,0,0,0,NA,NA,0,0.333333333333333,0,0,0.166666666666667,NA,0.166666666666667,0,NA,NA,0,0.333333333333333,0,0.166666666666667,NA,NA,0.333333333333333,0.833333333333333,0.333333333333333,0,0.5,NA,0.333333333333333,0.833333333333333,NA,NA,0,1,0,1,0,0,1,4,1,0,3,0,2,5,0,0,3,2,3,5,0,0,2,0,2,3,2,0,3,1,0,0,0,0,0,0,0,0,0,1,0,0,0,0,0,0,0,0,0,0,0,0,0,0,0,1,0,0,1,0,1,0,0,0,0,0.333333333333333,0,0.166666666666667,NA,NA,0.333333333333333,0.666666666666667,0.333333333333333,0,0.5,NA,0.333333333333333,0.833333333333333,NA,NA,1,0.666666666666667,1,0.833333333333333,NA,NA,0.666666666666667,0,0.666666666666667,1,0.333333333333333,NA,0.5,0.166666666666667,NA,NA,0,0,0,0,NA,NA,0,0.166666666666667,0,0,0,NA,0,0,NA,NA,0,0,0,0,NA,NA,0,0.166666666666667,0,0,0.166666666666667,NA,0.166666666666667,0,NA,NA
"770",3,6,6,6,0,0,6,6,0,6,6,0,0,3,0,0,0,0,1,0,0,0,1,2,0,1,1,0,0,1,0,0,0,2,1,3,0,0,1,3,0,2,4,0,0,2,0,0,0.0625,0.125,0.125,0.125,0,0,0.125,0.125,0,0.125,0.125,0,0,0.0625,0,0,0,0,0.166666666666667,0,NA,NA,0.166666666666667,0.333333333333333,NA,0.166666666666667,0.166666666666667,NA,NA,0.333333333333333,NA,NA,0,0.333333333333333,0.166666666666667,0.5,NA,NA,0.166666666666667,0.5,NA,0.333333333333333,0.666666666666667,NA,NA,0.666666666666667,NA,NA,0,2,1,3,0,0,0,3,0,1,3,0,0,1,0,0,3,4,4,3,0,0,5,1,0,4,2,0,0,1,0,0,0,0,0,0,0,0,1,0,0,1,1,0,0,1,0,0,0,0,1,0,0,0,0,2,0,0,0,0,0,0,0,0,0,0.333333333333333,0.166666666666667,0.5,NA,NA,0,0.5,NA,0.166666666666667,0.5,NA,NA,0.333333333333333,NA,NA,1,0.666666666666667,0.666666666666667,0.5,NA,NA,0.833333333333333,0.166666666666667,NA,0.666666666666667,0.333333333333333,NA,NA,0.333333333333333,NA,NA,0,0,0,0,NA,NA,0.166666666666667,0,NA,0.166666666666667,0.166666666666667,NA,NA,0.333333333333333,NA,NA,0,0,0.166666666666667,0,NA,NA,0,0.333333333333333,NA,0,0,NA,NA,0,NA,NA
"771",3,3,6,6,3,3,6,3,3,6,0,0,0,6,0,0,0,0,0,1,0,0,0,1,1,0,0,0,0,3,0,0,0,0,2,0,0,1,3,0,2,1,0,0,0,1,0,0,0.0625,0.0625,0.125,0.125,0.0625,0.0625,0.125,0.0625,0.0625,0.125,0,0,0,0.125,0,0,0,0,0,0.166666666666667,0,0,0,0.333333333333333,0.333333333333333,0,NA,NA,NA,0.5,NA,NA,0,0,0.333333333333333,0,0,0.333333333333333,0.5,0,0.666666666666667,0.166666666666667,NA,NA,NA,0.166666666666667,NA,NA,0,0,2,0,0,1,3,0,2,1,0,0,0,1,0,0,3,3,4,5,3,2,3,2,0,5,0,0,0,2,0,0,0,0,0,0,0,0,0,0,0,0,0,0,0,0,0,0,0,0,0,1,0,0,0,1,1,0,0,0,0,3,0,0,0,0,0.333333333333333,0,0,0.333333333333333,0.5,0,0.666666666666667,0.166666666666667,NA,NA,NA,0.166666666666667,NA,NA,1,1,0.666666666666667,0.833333333333333,1,0.666666666666667,0.5,0.666666666666667,0,0.833333333333333,NA,NA,NA,0.333333333333333,NA,NA,0,0,0,0,0,0,0,0,0,0,NA,NA,NA,0,NA,NA,0,0,0,0.166666666666667,0,0,0,0.333333333333333,0.333333333333333,0,NA,NA,NA,0.5,NA,NA
"772",6,3,3,6,0,6,6,6,3,6,0,0,0,3,0,0,1,0,0,0,0,0,1,2,1,1,0,0,0,2,0,0,1,0,0,1,0,0,3,4,0,2,0,0,0,1,0,0,0.125,0.0625,0.0625,0.125,0,0.125,0.125,0.125,0.0625,0.125,0,0,0,0.0625,0,0,0.166666666666667,0,0,0,NA,0,0.166666666666667,0.333333333333333,0.333333333333333,0.166666666666667,NA,NA,NA,0.666666666666667,NA,NA,0.166666666666667,0,0,0.166666666666667,NA,0,0.5,0.666666666666667,0,0.333333333333333,NA,NA,NA,0.333333333333333,NA,NA,0,0,0,1,0,0,3,3,0,2,0,0,0,0,0,0,5,3,3,5,0,6,2,1,2,3,0,0,0,1,0,0,1,0,0,0,0,0,0,1,0,0,0,0,0,1,0,0,0,0,0,0,0,0,1,1,1,1,0,0,0,1,0,0,0,0,0,0.166666666666667,NA,0,0.5,0.5,0,0.333333333333333,NA,NA,NA,0,NA,NA,0.833333333333333,1,1,0.833333333333333,NA,1,0.333333333333333,0.166666666666667,0.666666666666667,0.5,NA,NA,NA,0.333333333333333,NA,NA,0.166666666666667,0,0,0,NA,0,0,0.166666666666667,0,0,NA,NA,NA,0.333333333333333,NA,NA,0,0,0,0,NA,0,0.166666666666667,0.166666666666667,0.333333333333333,0.166666666666667,NA,NA,NA,0.333333333333333,NA,NA
"773",3,6,6,0,6,6,0,0,3,3,0,0,6,0,0,0,0,0,1,0,1,2,0,0,0,2,0,0,1,0,0,0,0,0,3,0,1,3,0,0,0,0,0,0,3,0,0,0,0.0769230769230769,0.153846153846154,0.153846153846154,0,0.153846153846154,0.153846153846154,0,0,0.0769230769230769,0.0769230769230769,0,0,0.153846153846154,0,0,0,0,0,0.166666666666667,NA,0.166666666666667,0.333333333333333,NA,NA,0,0.666666666666667,NA,NA,0.166666666666667,NA,NA,NA,0,0,0.5,NA,0.166666666666667,0.5,NA,NA,0,0,NA,NA,0.5,NA,NA,NA,0,0,3,0,1,1,0,0,0,0,0,0,2,0,0,0,3,6,2,0,4,3,0,0,3,1,0,0,3,0,0,0,0,0,0,0,0,2,0,0,0,0,0,0,1,0,0,0,0,0,1,0,1,0,0,0,0,2,0,0,0,0,0,0,0,0,0.5,NA,0.166666666666667,0.166666666666667,NA,NA,0,0,NA,NA,0.333333333333333,NA,NA,NA,1,1,0.333333333333333,NA,0.666666666666667,0.5,NA,NA,1,0.333333333333333,NA,NA,0.5,NA,NA,NA,0,0,0,NA,0,0.333333333333333,NA,NA,0,0,NA,NA,0.166666666666667,NA,NA,NA,0,0,0.166666666666667,NA,0.166666666666667,0,NA,NA,0,0.666666666666667,NA,NA,0,NA,NA,NA
"774",6,3,6,6,0,0,3,6,0,3,6,6,0,3,0,0,0,0,0,1,0,0,0,0,0,0,1,4,0,1,0,0,2,0,2,2,0,0,1,2,0,1,5,4,0,1,0,0,0.125,0.0625,0.125,0.125,0,0,0.0625,0.125,0,0.0625,0.125,0.125,0,0.0625,0,0,0,0,0,0.166666666666667,NA,NA,0,0,NA,0,0.166666666666667,0.666666666666667,NA,0.333333333333333,NA,NA,0.333333333333333,0,0.333333333333333,0.333333333333333,NA,NA,0.333333333333333,0.333333333333333,NA,0.333333333333333,0.833333333333333,0.666666666666667,NA,0.333333333333333,NA,NA,2,0,2,2,0,0,1,2,0,1,4,2,0,0,0,0,4,3,4,3,0,0,2,4,0,2,1,0,0,2,0,0,0,0,0,0,0,0,0,0,0,0,1,2,0,1,0,0,0,0,0,1,0,0,0,0,0,0,0,2,0,0,0,0,0.333333333333333,0,0.333333333333333,0.333333333333333,NA,NA,0.333333333333333,0.333333333333333,NA,0.333333333333333,0.666666666666667,0.333333333333333,NA,0,NA,NA,0.666666666666667,1,0.666666666666667,0.5,NA,NA,0.666666666666667,0.666666666666667,NA,0.666666666666667,0.166666666666667,0,NA,0.666666666666667,NA,NA,0,0,0,0,NA,NA,0,0,NA,0,0.166666666666667,0.333333333333333,NA,0.333333333333333,NA,NA,0,0,0,0.166666666666667,NA,NA,0,0,NA,0,0,0.333333333333333,NA,0,NA,NA
"775",3,3,3,6,3,3,6,0,6,6,0,0,3,3,0,0,0,0,0,0,0,0,0,0,1,1,0,0,1,1,0,0,0,1,1,3,0,0,4,0,2,4,0,0,1,2,0,0,0.0666666666666667,0.0666666666666667,0.0666666666666667,0.133333333333333,0.0666666666666667,0.0666666666666667,0.133333333333333,0,0.133333333333333,0.133333333333333,0,0,0.0666666666666667,0.0666666666666667,0,0,0,0,0,0,0,0,0,NA,0.166666666666667,0.166666666666667,NA,NA,0.333333333333333,0.333333333333333,NA,NA,0,0.333333333333333,0.333333333333333,0.5,0,0,0.666666666666667,NA,0.333333333333333,0.666666666666667,NA,NA,0.333333333333333,0.666666666666667,NA,NA,0,1,1,3,0,0,4,0,1,3,0,0,1,2,0,0,3,2,2,3,3,3,2,0,4,2,0,0,1,0,0,0,0,0,0,0,0,0,0,0,1,1,0,0,0,0,0,0,0,0,0,0,0,0,0,0,0,0,0,0,1,1,0,0,0,0.333333333333333,0.333333333333333,0.5,0,0,0.666666666666667,NA,0.166666666666667,0.5,NA,NA,0.333333333333333,0.666666666666667,NA,NA,1,0.666666666666667,0.666666666666667,0.5,1,1,0.333333333333333,NA,0.666666666666667,0.333333333333333,NA,NA,0.333333333333333,0,NA,NA,0,0,0,0,0,0,0,NA,0.166666666666667,0.166666666666667,NA,NA,0,0,NA,NA,0,0,0,0,0,0,0,NA,0,0,NA,NA,0.333333333333333,0.333333333333333,NA,NA
"776",3,3,3,6,0,3,6,6,3,6,3,0,0,6,0,0,0,0,0,0,0,0,1,2,0,0,1,0,0,2,0,0,1,0,0,1,0,1,1,4,0,0,2,0,0,4,0,0,0.0625,0.0625,0.0625,0.125,0,0.0625,0.125,0.125,0.0625,0.125,0.0625,0,0,0.125,0,0,0,0,0,0,NA,0,0.166666666666667,0.333333333333333,0,0,0.333333333333333,NA,NA,0.333333333333333,NA,NA,0.333333333333333,0,0,0.166666666666667,NA,0.333333333333333,0.166666666666667,0.666666666666667,0,0,0.666666666666667,NA,NA,0.666666666666667,NA,NA,1,0,0,1,0,1,1,4,0,0,2,0,0,3,0,0,2,3,3,5,0,2,4,0,3,6,0,0,0,1,0,0,0,0,0,0,0,0,0,0,0,0,0,0,0,1,0,0,0,0,0,0,0,0,1,2,0,0,1,0,0,1,0,0,0.333333333333333,0,0,0.166666666666667,NA,0.333333333333333,0.166666666666667,0.666666666666667,0,0,0.666666666666667,NA,NA,0.5,NA,NA,0.666666666666667,1,1,0.833333333333333,NA,0.666666666666667,0.666666666666667,0,1,1,0,NA,NA,0.166666666666667,NA,NA,0,0,0,0,NA,0,0,0,0,0,0,NA,NA,0.166666666666667,NA,NA,0,0,0,0,NA,0,0.166666666666667,0.333333333333333,0,0,0.333333333333333,NA,NA,0.166666666666667,NA,NA
"777",3,3,3,6,0,0,3,6,3,3,6,0,6,6,0,0,0,0,0,1,0,0,0,1,0,0,0,0,4,1,0,0,0,0,0,0,0,0,1,3,0,1,4,0,1,3,0,0,0.0625,0.0625,0.0625,0.125,0,0,0.0625,0.125,0.0625,0.0625,0.125,0,0.125,0.125,0,0,0,0,0,0.166666666666667,NA,NA,0,0.166666666666667,0,0,0,NA,0.666666666666667,0.166666666666667,NA,NA,0,0,0,0,NA,NA,0.333333333333333,0.5,0,0.333333333333333,0.666666666666667,NA,0.166666666666667,0.5,NA,NA,0,0,0,0,0,0,1,3,0,1,4,0,0,3,0,0,3,3,3,5,0,0,2,2,3,2,2,0,2,2,0,0,0,0,0,0,0,0,0,0,0,0,0,0,1,0,0,0,0,0,0,1,0,0,0,1,0,0,0,0,3,1,0,0,0,0,0,0,NA,NA,0.333333333333333,0.5,0,0.333333333333333,0.666666666666667,NA,0,0.5,NA,NA,1,1,1,0.833333333333333,NA,NA,0.666666666666667,0.333333333333333,1,0.666666666666667,0.333333333333333,NA,0.333333333333333,0.333333333333333,NA,NA,0,0,0,0,NA,NA,0,0,0,0,0,NA,0.166666666666667,0,NA,NA,0,0,0,0.166666666666667,NA,NA,0,0.166666666666667,0,0,0,NA,0.5,0.166666666666667,NA,NA
"778",3,3,3,6,0,3,6,6,3,6,0,0,6,0,0,0,0,0,0,0,0,0,0,3,0,0,0,0,1,0,0,0,0,0,1,2,0,0,4,3,0,4,0,0,0,0,0,0,0.0666666666666667,0.0666666666666667,0.0666666666666667,0.133333333333333,0,0.0666666666666667,0.133333333333333,0.133333333333333,0.0666666666666667,0.133333333333333,0,0,0.133333333333333,0,0,0,0,0,0,0,NA,0,0,0.5,0,0,NA,NA,0.166666666666667,NA,NA,NA,0,0,0.333333333333333,0.333333333333333,NA,0,0.666666666666667,0.5,0,0.666666666666667,NA,NA,0,NA,NA,NA,0,0,1,2,0,0,4,1,0,4,0,0,0,0,0,0,3,3,2,4,0,3,2,2,3,2,0,0,5,0,0,0,0,0,0,0,0,0,0,2,0,0,0,0,0,0,0,0,0,0,0,0,0,0,0,1,0,0,0,0,1,0,0,0,0,0,0.333333333333333,0.333333333333333,NA,0,0.666666666666667,0.166666666666667,0,0.666666666666667,NA,NA,0,NA,NA,NA,1,1,0.666666666666667,0.666666666666667,NA,1,0.333333333333333,0.333333333333333,1,0.333333333333333,NA,NA,0.833333333333333,NA,NA,NA,0,0,0,0,NA,0,0,0.333333333333333,0,0,NA,NA,0,NA,NA,NA,0,0,0,0,NA,0,0,0.166666666666667,0,0,NA,NA,0.166666666666667,NA,NA,NA
"779",3,3,3,3,0,0,6,6,0,6,6,3,0,6,3,0,0,0,0,0,0,0,0,1,0,0,1,2,0,2,1,0,0,0,1,1,0,0,2,3,0,1,2,2,0,4,3,0,0.0625,0.0625,0.0625,0.0625,0,0,0.125,0.125,0,0.125,0.125,0.0625,0,0.125,0.0625,0,0,0,0,0,NA,NA,0,0.166666666666667,NA,0,0.166666666666667,0.666666666666667,NA,0.333333333333333,0.333333333333333,NA,0,0,0.333333333333333,0.333333333333333,NA,NA,0.333333333333333,0.5,NA,0.166666666666667,0.333333333333333,0.666666666666667,NA,0.666666666666667,1,NA,0,0,1,1,0,0,2,2,0,1,2,1,0,3,2,0,3,3,2,2,0,0,4,3,0,5,3,0,0,1,0,0,0,0,0,0,0,0,0,1,0,0,0,1,0,1,1,0,0,0,0,0,0,0,0,0,0,0,1,1,0,1,0,0,0,0,0.333333333333333,0.333333333333333,NA,NA,0.333333333333333,0.333333333333333,NA,0.166666666666667,0.333333333333333,0.333333333333333,NA,0.5,0.666666666666667,NA,1,1,0.666666666666667,0.666666666666667,NA,NA,0.666666666666667,0.5,NA,0.833333333333333,0.5,0,NA,0.166666666666667,0,NA,0,0,0,0,NA,NA,0,0.166666666666667,NA,0,0,0.333333333333333,NA,0.166666666666667,0.333333333333333,NA,0,0,0,0,NA,NA,0,0,NA,0,0.166666666666667,0.333333333333333,NA,0.166666666666667,0,NA
"780",6,6,3,0,3,0,0,0,6,0,0,0,3,0,0,0,0,1,1,0,0,0,0,0,0,0,0,0,1,0,0,0,0,1,0,0,0,0,0,0,3,0,0,0,1,0,0,0,0.222222222222222,0.222222222222222,0.111111111111111,0,0.111111111111111,0,0,0,0.222222222222222,0,0,0,0.111111111111111,0,0,0,0,0.166666666666667,0.333333333333333,NA,0,NA,NA,NA,0,NA,NA,NA,0.333333333333333,NA,NA,NA,0,0.166666666666667,0,NA,0,NA,NA,NA,0.5,NA,NA,NA,0.333333333333333,NA,NA,NA,0,1,0,0,0,0,0,0,3,0,0,0,1,0,0,0,6,4,2,0,3,0,0,0,3,0,0,0,1,0,0,0,0,0,0,0,0,0,0,0,0,0,0,0,0,0,0,0,0,1,1,0,0,0,0,0,0,0,0,0,1,0,0,0,0,0.166666666666667,0,NA,0,NA,NA,NA,0.5,NA,NA,NA,0.333333333333333,NA,NA,NA,1,0.666666666666667,0.666666666666667,NA,1,NA,NA,NA,0.5,NA,NA,NA,0.333333333333333,NA,NA,NA,0,0,0,NA,0,NA,NA,NA,0,NA,NA,NA,0,NA,NA,NA,0,0.166666666666667,0.333333333333333,NA,0,NA,NA,NA,0,NA,NA,NA,0.333333333333333,NA,NA,NA
"781",3,3,6,6,0,6,6,6,0,6,0,3,0,3,0,0,0,0,0,1,0,1,2,2,0,1,0,1,0,1,0,0,1,0,0,1,0,0,1,2,0,2,0,2,0,2,0,0,0.0625,0.0625,0.125,0.125,0,0.125,0.125,0.125,0,0.125,0,0.0625,0,0.0625,0,0,0,0,0,0.166666666666667,NA,0.166666666666667,0.333333333333333,0.333333333333333,NA,0.166666666666667,NA,0.333333333333333,NA,0.333333333333333,NA,NA,0.333333333333333,0,0,0.166666666666667,NA,0,0.166666666666667,0.333333333333333,NA,0.333333333333333,NA,0.666666666666667,NA,0.666666666666667,NA,NA,1,0,0,1,0,0,1,1,0,2,0,2,0,1,0,0,2,3,6,4,0,5,3,3,0,3,0,0,0,1,0,0,0,0,0,0,0,0,0,1,0,0,0,0,0,1,0,0,0,0,0,1,0,1,2,1,0,1,0,1,0,0,0,0,0.333333333333333,0,0,0.166666666666667,NA,0,0.166666666666667,0.166666666666667,NA,0.333333333333333,NA,0.666666666666667,NA,0.333333333333333,NA,NA,0.666666666666667,1,1,0.666666666666667,NA,0.833333333333333,0.5,0.5,NA,0.5,NA,0,NA,0.333333333333333,NA,NA,0,0,0,0,NA,0,0,0.166666666666667,NA,0,NA,0,NA,0.333333333333333,NA,NA,0,0,0,0.166666666666667,NA,0.166666666666667,0.333333333333333,0.166666666666667,NA,0.166666666666667,NA,0.333333333333333,NA,0,NA,NA
"782",3,3,3,3,0,3,6,6,0,3,3,0,6,6,0,0,0,0,0,0,0,0,0,0,0,0,1,0,0,0,0,0,0,0,1,0,0,1,3,4,0,1,2,0,1,3,0,0,0.0666666666666667,0.0666666666666667,0.0666666666666667,0.0666666666666667,0,0.0666666666666667,0.133333333333333,0.133333333333333,0,0.0666666666666667,0.0666666666666667,0,0.133333333333333,0.133333333333333,0,0,0,0,0,0,NA,0,0,0,NA,0,0.333333333333333,NA,0,0,NA,NA,0,0,0.333333333333333,0,NA,0.333333333333333,0.5,0.666666666666667,NA,0.333333333333333,0.666666666666667,NA,0.166666666666667,0.5,NA,NA,0,0,1,0,0,1,3,4,0,1,1,0,1,3,0,0,3,3,2,3,0,2,3,2,0,2,1,0,5,3,0,0,0,0,0,0,0,0,0,0,0,0,1,0,0,0,0,0,0,0,0,0,0,0,0,0,0,0,0,0,0,0,0,0,0,0,0.333333333333333,0,NA,0.333333333333333,0.5,0.666666666666667,NA,0.333333333333333,0.333333333333333,NA,0.166666666666667,0.5,NA,NA,1,1,0.666666666666667,1,NA,0.666666666666667,0.5,0.333333333333333,NA,0.666666666666667,0.333333333333333,NA,0.833333333333333,0.5,NA,NA,0,0,0,0,NA,0,0,0,NA,0,0.333333333333333,NA,0,0,NA,NA,0,0,0,0,NA,0,0,0,NA,0,0,NA,0,0,NA,NA
"783",3,6,6,0,6,0,0,0,6,0,0,0,6,0,0,0,0,0,2,0,1,0,0,0,0,0,0,0,3,0,0,0,0,0,1,0,0,0,0,0,2,0,0,0,3,0,0,0,0.0909090909090909,0.181818181818182,0.181818181818182,0,0.181818181818182,0,0,0,0.181818181818182,0,0,0,0.181818181818182,0,0,0,0,0,0.333333333333333,NA,0.166666666666667,NA,NA,NA,0,NA,NA,NA,0.5,NA,NA,NA,0,0,0.166666666666667,NA,0,NA,NA,NA,0.333333333333333,NA,NA,NA,0.5,NA,NA,NA,0,0,1,0,0,0,0,0,2,0,0,0,2,0,0,0,3,6,3,0,5,0,0,0,4,0,0,0,1,0,0,0,0,0,0,0,0,0,0,0,0,0,0,0,1,0,0,0,0,0,2,0,1,0,0,0,0,0,0,0,2,0,0,0,0,0,0.166666666666667,NA,0,NA,NA,NA,0.333333333333333,NA,NA,NA,0.333333333333333,NA,NA,NA,1,1,0.5,NA,0.833333333333333,NA,NA,NA,0.666666666666667,NA,NA,NA,0.166666666666667,NA,NA,NA,0,0,0,NA,0,NA,NA,NA,0,NA,NA,NA,0.166666666666667,NA,NA,NA,0,0,0.333333333333333,NA,0.166666666666667,NA,NA,NA,0,NA,NA,NA,0.333333333333333,NA,NA,NA
"784",3,3,6,6,0,0,0,3,6,6,6,6,0,3,0,0,0,0,0,1,0,0,0,0,1,1,1,1,0,2,0,0,0,0,2,2,0,0,0,1,2,1,5,3,0,2,0,0,0.0625,0.0625,0.125,0.125,0,0,0,0.0625,0.125,0.125,0.125,0.125,0,0.0625,0,0,0,0,0,0.166666666666667,NA,NA,NA,0,0.166666666666667,0.166666666666667,0.166666666666667,0.166666666666667,NA,0.666666666666667,NA,NA,0,0,0.333333333333333,0.333333333333333,NA,NA,NA,0.333333333333333,0.333333333333333,0.166666666666667,0.833333333333333,0.5,NA,0.666666666666667,NA,NA,0,0,2,2,0,0,0,1,2,0,4,3,0,1,0,0,3,3,4,3,0,0,0,2,3,5,1,2,0,0,0,0,0,0,0,0,0,0,0,0,0,1,1,0,0,1,0,0,0,0,0,1,0,0,0,0,1,0,0,1,0,1,0,0,0,0,0.333333333333333,0.333333333333333,NA,NA,NA,0.333333333333333,0.333333333333333,0,0.666666666666667,0.5,NA,0.333333333333333,NA,NA,1,1,0.666666666666667,0.5,NA,NA,NA,0.666666666666667,0.5,0.833333333333333,0.166666666666667,0.333333333333333,NA,0,NA,NA,0,0,0,0,NA,NA,NA,0,0,0.166666666666667,0.166666666666667,0,NA,0.333333333333333,NA,NA,0,0,0,0.166666666666667,NA,NA,NA,0,0.166666666666667,0,0,0.166666666666667,NA,0.333333333333333,NA,NA
"785",3,3,3,6,6,6,6,6,6,0,0,0,3,0,0,0,0,0,0,0,0,0,2,3,2,0,0,0,1,0,0,0,0,0,0,2,1,3,1,4,0,0,0,0,2,0,0,0,0.0625,0.0625,0.0625,0.125,0.125,0.125,0.125,0.125,0.125,0,0,0,0.0625,0,0,0,0,0,0,0,0,0,0.333333333333333,0.5,0.333333333333333,NA,NA,NA,0.333333333333333,NA,NA,NA,0,0,0,0.333333333333333,0.166666666666667,0.5,0.166666666666667,0.666666666666667,0,NA,NA,NA,0.666666666666667,NA,NA,NA,0,0,0,2,1,3,1,3,0,0,0,0,1,0,0,0,3,3,3,4,5,3,3,0,4,0,0,0,1,0,0,0,0,0,0,0,0,0,0,1,0,0,0,0,1,0,0,0,0,0,0,0,0,0,2,2,2,0,0,0,0,0,0,0,0,0,0,0.333333333333333,0.166666666666667,0.5,0.166666666666667,0.5,0,NA,NA,NA,0.333333333333333,NA,NA,NA,1,1,1,0.666666666666667,0.833333333333333,0.5,0.5,0,0.666666666666667,NA,NA,NA,0.333333333333333,NA,NA,NA,0,0,0,0,0,0,0,0.166666666666667,0,NA,NA,NA,0.333333333333333,NA,NA,NA,0,0,0,0,0,0,0.333333333333333,0.333333333333333,0.333333333333333,NA,NA,NA,0,NA,NA,NA
"786",3,3,3,6,0,6,3,6,0,6,6,0,0,0,6,0,0,0,0,0,0,0,0,2,0,2,1,0,0,0,2,0,0,0,0,1,0,1,1,5,0,1,3,0,0,0,6,0,0.0625,0.0625,0.0625,0.125,0,0.125,0.0625,0.125,0,0.125,0.125,0,0,0,0.125,0,0,0,0,0,NA,0,0,0.333333333333333,NA,0.333333333333333,0.166666666666667,NA,NA,NA,0.333333333333333,NA,0,0,0,0.166666666666667,NA,0.166666666666667,0.333333333333333,0.833333333333333,NA,0.166666666666667,0.5,NA,NA,NA,1,NA,0,0,0,1,0,1,1,3,0,1,3,0,0,0,4,0,3,3,3,5,0,5,2,1,0,3,2,0,0,0,0,0,0,0,0,0,0,0,0,2,0,0,0,0,0,0,2,0,0,0,0,0,0,0,0,0,0,2,1,0,0,0,0,0,0,0,0,0.166666666666667,NA,0.166666666666667,0.333333333333333,0.5,NA,0.166666666666667,0.5,NA,NA,NA,0.666666666666667,NA,1,1,1,0.833333333333333,NA,0.833333333333333,0.666666666666667,0.166666666666667,NA,0.5,0.333333333333333,NA,NA,NA,0,NA,0,0,0,0,NA,0,0,0.333333333333333,NA,0,0,NA,NA,NA,0.333333333333333,NA,0,0,0,0,NA,0,0,0,NA,0.333333333333333,0.166666666666667,NA,NA,NA,0,NA
"787",3,3,6,6,3,6,6,3,3,0,3,0,6,0,0,0,0,0,0,1,0,2,1,1,0,0,1,0,0,0,0,0,0,0,1,2,0,0,1,1,1,0,2,0,1,0,0,0,0.0625,0.0625,0.125,0.125,0.0625,0.125,0.125,0.0625,0.0625,0,0.0625,0,0.125,0,0,0,0,0,0,0.166666666666667,0,0.333333333333333,0.166666666666667,0.333333333333333,0,NA,0.333333333333333,NA,0,NA,NA,NA,0,0,0.166666666666667,0.333333333333333,0,0,0.166666666666667,0.333333333333333,0.333333333333333,NA,0.666666666666667,NA,0.166666666666667,NA,NA,NA,0,0,1,2,0,0,1,1,1,0,2,0,1,0,0,0,3,3,5,3,3,4,4,1,2,0,0,0,5,0,0,0,0,0,0,0,0,0,0,0,0,0,0,0,0,0,0,0,0,0,0,1,0,2,1,1,0,0,1,0,0,0,0,0,0,0,0.166666666666667,0.333333333333333,0,0,0.166666666666667,0.333333333333333,0.333333333333333,NA,0.666666666666667,NA,0.166666666666667,NA,NA,NA,1,1,0.833333333333333,0.5,1,0.666666666666667,0.666666666666667,0.333333333333333,0.666666666666667,NA,0,NA,0.833333333333333,NA,NA,NA,0,0,0,0,0,0,0,0,0,NA,0,NA,0,NA,NA,NA,0,0,0,0.166666666666667,0,0.333333333333333,0.166666666666667,0.333333333333333,0,NA,0.333333333333333,NA,0,NA,NA,NA
"788",3,3,3,6,0,6,6,3,3,3,3,0,3,6,0,0,0,0,0,0,0,1,1,1,0,0,1,0,1,1,0,0,0,0,0,4,0,1,1,2,0,1,1,0,1,5,0,0,0.0625,0.0625,0.0625,0.125,0,0.125,0.125,0.0625,0.0625,0.0625,0.0625,0,0.0625,0.125,0,0,0,0,0,0,NA,0.166666666666667,0.166666666666667,0.333333333333333,0,0,0.333333333333333,NA,0.333333333333333,0.166666666666667,NA,NA,0,0,0,0.666666666666667,NA,0.166666666666667,0.166666666666667,0.666666666666667,0,0.333333333333333,0.333333333333333,NA,0.333333333333333,0.833333333333333,NA,NA,0,0,0,4,0,1,1,1,0,1,0,0,1,4,0,0,3,3,3,2,0,4,4,1,3,2,2,0,1,1,0,0,0,0,0,0,0,0,0,1,0,0,1,0,0,1,0,0,0,0,0,0,0,1,1,0,0,0,0,0,1,0,0,0,0,0,0,0.666666666666667,NA,0.166666666666667,0.166666666666667,0.333333333333333,0,0.333333333333333,0,NA,0.333333333333333,0.666666666666667,NA,NA,1,1,1,0.333333333333333,NA,0.666666666666667,0.666666666666667,0.333333333333333,1,0.666666666666667,0.666666666666667,NA,0.333333333333333,0.166666666666667,NA,NA,0,0,0,0,NA,0,0,0.333333333333333,0,0,0.333333333333333,NA,0,0.166666666666667,NA,NA,0,0,0,0,NA,0.166666666666667,0.166666666666667,0,0,0,0,NA,0.333333333333333,0,NA,NA
"789",3,3,3,6,0,3,6,6,0,6,6,0,0,6,0,0,0,0,0,0,0,0,1,3,0,0,3,0,0,2,0,0,0,0,0,0,0,0,1,4,0,2,3,0,0,4,0,0,0.0625,0.0625,0.0625,0.125,0,0.0625,0.125,0.125,0,0.125,0.125,0,0,0.125,0,0,0,0,0,0,NA,0,0.166666666666667,0.5,NA,0,0.5,NA,NA,0.333333333333333,NA,NA,0,0,0,0,NA,0,0.166666666666667,0.666666666666667,NA,0.333333333333333,0.5,NA,NA,0.666666666666667,NA,NA,0,0,0,0,0,0,1,2,0,2,1,0,0,3,0,0,3,3,3,6,0,3,4,1,0,4,2,0,0,1,0,0,0,0,0,0,0,0,0,2,0,0,2,0,0,1,0,0,0,0,0,0,0,0,1,1,0,0,1,0,0,1,0,0,0,0,0,0,NA,0,0.166666666666667,0.333333333333333,NA,0.333333333333333,0.166666666666667,NA,NA,0.5,NA,NA,1,1,1,1,NA,1,0.666666666666667,0.166666666666667,NA,0.666666666666667,0.333333333333333,NA,NA,0.166666666666667,NA,NA,0,0,0,0,NA,0,0,0.333333333333333,NA,0,0.333333333333333,NA,NA,0.166666666666667,NA,NA,0,0,0,0,NA,0,0.166666666666667,0.166666666666667,NA,0,0.166666666666667,NA,NA,0.166666666666667,NA,NA
"790",6,6,3,0,3,0,0,0,6,0,0,0,6,0,0,0,0,1,1,0,0,0,0,0,0,0,0,0,3,0,0,0,0,1,0,0,0,0,0,0,0,0,0,0,2,0,0,0,0.2,0.2,0.1,0,0.1,0,0,0,0.2,0,0,0,0.2,0,0,0,0,0.166666666666667,0.333333333333333,NA,0,NA,NA,NA,0,NA,NA,NA,0.5,NA,NA,NA,0,0.166666666666667,0,NA,0,NA,NA,NA,0,NA,NA,NA,0.333333333333333,NA,NA,NA,0,1,0,0,0,0,0,0,0,0,0,0,1,0,0,0,6,4,2,0,3,0,0,0,6,0,0,0,2,0,0,0,0,0,0,0,0,0,0,0,0,0,0,0,1,0,0,0,0,1,1,0,0,0,0,0,0,0,0,0,2,0,0,0,0,0.166666666666667,0,NA,0,NA,NA,NA,0,NA,NA,NA,0.166666666666667,NA,NA,NA,1,0.666666666666667,0.666666666666667,NA,1,NA,NA,NA,1,NA,NA,NA,0.333333333333333,NA,NA,NA,0,0,0,NA,0,NA,NA,NA,0,NA,NA,NA,0.166666666666667,NA,NA,NA,0,0.166666666666667,0.333333333333333,NA,0,NA,NA,NA,0,NA,NA,NA,0.333333333333333,NA,NA,NA
"791",6,3,3,6,3,6,6,0,3,6,3,0,3,0,0,0,1,0,0,0,0,0,1,0,0,2,1,0,0,0,0,0,0,0,1,3,0,1,2,0,0,2,2,0,0,0,0,0,0.125,0.0625,0.0625,0.125,0.0625,0.125,0.125,0,0.0625,0.125,0.0625,0,0.0625,0,0,0,0.166666666666667,0,0,0,0,0,0.166666666666667,NA,0,0.333333333333333,0.333333333333333,NA,0,NA,NA,NA,0,0,0.333333333333333,0.5,0,0.166666666666667,0.333333333333333,NA,0,0.333333333333333,0.666666666666667,NA,0,NA,NA,NA,0,0,1,3,0,1,2,0,0,2,1,0,0,0,0,0,5,3,2,3,3,5,3,0,3,2,1,0,3,0,0,0,0,0,0,0,0,0,0,0,0,0,1,0,0,0,0,0,1,0,0,0,0,0,1,0,0,2,0,0,0,0,0,0,0,0,0.333333333333333,0.5,0,0.166666666666667,0.333333333333333,NA,0,0.333333333333333,0.333333333333333,NA,0,NA,NA,NA,0.833333333333333,1,0.666666666666667,0.5,1,0.833333333333333,0.5,NA,1,0.333333333333333,0.333333333333333,NA,1,NA,NA,NA,0,0,0,0,0,0,0,NA,0,0,0.333333333333333,NA,0,NA,NA,NA,0.166666666666667,0,0,0,0,0,0.166666666666667,NA,0,0.333333333333333,0,NA,0,NA,NA,NA
"792",3,3,6,6,0,3,6,3,0,6,3,0,3,6,0,0,0,0,0,1,0,0,0,1,0,0,1,0,2,1,0,0,0,1,1,1,0,1,2,0,0,2,2,0,1,2,0,0,0.0625,0.0625,0.125,0.125,0,0.0625,0.125,0.0625,0,0.125,0.0625,0,0.0625,0.125,0,0,0,0,0,0.166666666666667,NA,0,0,0.333333333333333,NA,0,0.333333333333333,NA,0.666666666666667,0.166666666666667,NA,NA,0,0.333333333333333,0.166666666666667,0.166666666666667,NA,0.333333333333333,0.333333333333333,0,NA,0.333333333333333,0.666666666666667,NA,0.333333333333333,0.333333333333333,NA,NA,0,1,1,0,0,1,2,0,0,2,1,0,0,1,0,0,3,2,5,5,0,2,4,2,0,4,1,0,1,4,0,0,0,0,0,1,0,0,0,0,0,0,1,0,1,1,0,0,0,0,0,0,0,0,0,1,0,0,0,0,1,0,0,0,0,0.333333333333333,0.166666666666667,0,NA,0.333333333333333,0.333333333333333,0,NA,0.333333333333333,0.333333333333333,NA,0,0.166666666666667,NA,NA,1,0.666666666666667,0.833333333333333,0.833333333333333,NA,0.666666666666667,0.666666666666667,0.666666666666667,NA,0.666666666666667,0.333333333333333,NA,0.333333333333333,0.666666666666667,NA,NA,0,0,0,0.166666666666667,NA,0,0,0,NA,0,0.333333333333333,NA,0.333333333333333,0.166666666666667,NA,NA,0,0,0,0,NA,0,0,0.333333333333333,NA,0,0,NA,0.333333333333333,0,NA,NA
"793",3,3,3,6,0,0,3,6,0,6,6,0,6,6,0,0,0,0,0,0,0,0,0,2,0,0,1,0,1,1,0,0,0,0,0,0,0,0,1,3,0,1,3,0,1,4,0,0,0.0625,0.0625,0.0625,0.125,0,0,0.0625,0.125,0,0.125,0.125,0,0.125,0.125,0,0,0,0,0,0,NA,NA,0,0.333333333333333,NA,0,0.166666666666667,NA,0.166666666666667,0.166666666666667,NA,NA,0,0,0,0,NA,NA,0.333333333333333,0.5,NA,0.166666666666667,0.5,NA,0.166666666666667,0.666666666666667,NA,NA,0,0,0,0,0,0,1,2,0,1,3,0,1,4,0,0,3,3,3,6,0,0,2,2,0,5,2,0,4,1,0,0,0,0,0,0,0,0,0,1,0,0,0,0,0,0,0,0,0,0,0,0,0,0,0,1,0,0,1,0,1,1,0,0,0,0,0,0,NA,NA,0.333333333333333,0.333333333333333,NA,0.166666666666667,0.5,NA,0.166666666666667,0.666666666666667,NA,NA,1,1,1,1,NA,NA,0.666666666666667,0.333333333333333,NA,0.833333333333333,0.333333333333333,NA,0.666666666666667,0.166666666666667,NA,NA,0,0,0,0,NA,NA,0,0.166666666666667,NA,0,0,NA,0,0,NA,NA,0,0,0,0,NA,NA,0,0.166666666666667,NA,0,0.166666666666667,NA,0.166666666666667,0.166666666666667,NA,NA
"794",3,3,3,6,0,6,6,6,0,6,3,0,0,6,0,0,0,0,0,0,0,0,1,2,0,1,1,0,0,2,0,0,0,0,0,1,0,1,2,3,0,1,3,0,0,3,0,0,0.0625,0.0625,0.0625,0.125,0,0.125,0.125,0.125,0,0.125,0.0625,0,0,0.125,0,0,0,0,0,0,NA,0,0.166666666666667,0.333333333333333,NA,0.166666666666667,0.333333333333333,NA,NA,0.333333333333333,NA,NA,0,0,0,0.166666666666667,NA,0.166666666666667,0.333333333333333,0.5,NA,0.166666666666667,1,NA,NA,0.5,NA,NA,0,0,0,1,0,1,1,2,0,1,2,0,0,3,0,0,3,3,3,5,0,5,4,2,0,4,0,0,0,1,0,0,0,0,0,0,0,0,1,1,0,0,1,0,0,0,0,0,0,0,0,0,0,0,0,1,0,1,0,0,0,2,0,0,0,0,0,0.166666666666667,NA,0.166666666666667,0.166666666666667,0.333333333333333,NA,0.166666666666667,0.666666666666667,NA,NA,0.5,NA,NA,1,1,1,0.833333333333333,NA,0.833333333333333,0.666666666666667,0.333333333333333,NA,0.666666666666667,0,NA,NA,0.166666666666667,NA,NA,0,0,0,0,NA,0,0.166666666666667,0.166666666666667,NA,0,0.333333333333333,NA,NA,0,NA,NA,0,0,0,0,NA,0,0,0.166666666666667,NA,0.166666666666667,0,NA,NA,0.333333333333333,NA,NA
"795",3,3,3,6,0,3,6,6,0,3,0,0,6,6,0,0,0,0,0,0,0,0,2,2,0,0,0,0,0,0,0,0,0,0,0,2,0,1,1,2,0,1,0,0,1,4,0,0,0.0666666666666667,0.0666666666666667,0.0666666666666667,0.133333333333333,0,0.0666666666666667,0.133333333333333,0.133333333333333,0,0.0666666666666667,0,0,0.133333333333333,0.133333333333333,0,0,0,0,0,0,NA,0,0.333333333333333,0.333333333333333,NA,0,NA,NA,0,0,NA,NA,0,0,0,0.333333333333333,NA,0.333333333333333,0.166666666666667,0.333333333333333,NA,0.333333333333333,NA,NA,0.166666666666667,0.666666666666667,NA,NA,0,0,0,2,0,1,0,2,0,1,0,0,1,4,0,0,3,3,3,4,0,2,4,2,0,2,0,0,5,2,0,0,0,0,0,0,0,0,1,0,0,0,0,0,0,0,0,0,0,0,0,0,0,0,1,2,0,0,0,0,0,0,0,0,0,0,0,0.333333333333333,NA,0.333333333333333,0,0.333333333333333,NA,0.333333333333333,NA,NA,0.166666666666667,0.666666666666667,NA,NA,1,1,1,0.666666666666667,NA,0.666666666666667,0.666666666666667,0.333333333333333,NA,0.666666666666667,NA,NA,0.833333333333333,0.333333333333333,NA,NA,0,0,0,0,NA,0,0.166666666666667,0,NA,0,NA,NA,0,0,NA,NA,0,0,0,0,NA,0,0.166666666666667,0.333333333333333,NA,0,NA,NA,0,0,NA,NA
"796",6,6,6,6,6,6,6,0,3,0,3,0,0,0,0,0,0,1,0,1,0,0,1,0,1,0,1,0,0,0,0,0,0,2,1,3,1,3,2,0,0,0,1,0,0,0,0,0,0.125,0.125,0.125,0.125,0.125,0.125,0.125,0,0.0625,0,0.0625,0,0,0,0,0,0,0.166666666666667,0,0.166666666666667,0,0,0.166666666666667,NA,0.333333333333333,NA,0.333333333333333,NA,NA,NA,NA,NA,0,0.333333333333333,0.166666666666667,0.5,0.166666666666667,0.5,0.333333333333333,NA,0,NA,0.333333333333333,NA,NA,NA,NA,NA,0,2,1,3,1,3,2,0,0,0,0,0,0,0,0,0,6,3,5,2,5,3,3,0,2,0,2,0,0,0,0,0,0,0,0,0,0,0,0,0,0,0,1,0,0,0,0,0,0,1,0,1,0,0,1,0,1,0,0,0,0,0,0,0,0,0.333333333333333,0.166666666666667,0.5,0.166666666666667,0.5,0.333333333333333,NA,0,NA,0,NA,NA,NA,NA,NA,1,0.5,0.833333333333333,0.333333333333333,0.833333333333333,0.5,0.5,NA,0.666666666666667,NA,0.666666666666667,NA,NA,NA,NA,NA,0,0,0,0,0,0,0,NA,0,NA,0.333333333333333,NA,NA,NA,NA,NA,0,0.166666666666667,0,0.166666666666667,0,0,0.166666666666667,NA,0.333333333333333,NA,0,NA,NA,NA,NA,NA
"797",3,3,3,6,3,6,6,3,3,0,6,0,6,0,0,0,0,0,0,0,0,0,0,1,0,0,2,0,0,0,0,0,0,0,0,3,0,5,2,2,1,0,1,0,1,0,0,0,0.0625,0.0625,0.0625,0.125,0.0625,0.125,0.125,0.0625,0.0625,0,0.125,0,0.125,0,0,0,0,0,0,0,0,0,0,0.333333333333333,0,NA,0.333333333333333,NA,0,NA,NA,NA,0,0,0,0.5,0,0.833333333333333,0.333333333333333,0.666666666666667,0.333333333333333,NA,0.166666666666667,NA,0.166666666666667,NA,NA,NA,0,0,0,3,0,5,2,1,1,0,1,0,1,0,0,0,3,3,3,3,3,1,4,1,2,0,3,0,5,0,0,0,0,0,0,0,0,0,0,1,0,0,0,0,0,0,0,0,0,0,0,0,0,0,0,0,0,0,2,0,0,0,0,0,0,0,0,0.5,0,0.833333333333333,0.333333333333333,0.333333333333333,0.333333333333333,NA,0.166666666666667,NA,0.166666666666667,NA,NA,NA,1,1,1,0.5,1,0.166666666666667,0.666666666666667,0.333333333333333,0.666666666666667,NA,0.5,NA,0.833333333333333,NA,NA,NA,0,0,0,0,0,0,0,0.333333333333333,0,NA,0,NA,0,NA,NA,NA,0,0,0,0,0,0,0,0,0,NA,0.333333333333333,NA,0,NA,NA,NA
"798",3,3,6,0,6,6,0,0,6,3,0,0,3,0,0,0,0,0,0,0,0,1,0,0,1,1,0,0,1,0,0,0,0,0,3,0,1,2,0,0,0,0,0,0,0,0,0,0,0.0833333333333333,0.0833333333333333,0.166666666666667,0,0.166666666666667,0.166666666666667,0,0,0.166666666666667,0.0833333333333333,0,0,0.0833333333333333,0,0,0,0,0,0,NA,0,0.166666666666667,NA,NA,0.166666666666667,0.333333333333333,NA,NA,0.333333333333333,NA,NA,NA,0,0,0.5,NA,0.166666666666667,0.333333333333333,NA,NA,0,0,NA,NA,0,NA,NA,NA,0,0,3,0,1,1,0,0,0,0,0,0,0,0,0,0,3,3,3,0,5,4,0,0,5,2,0,0,2,0,0,0,0,0,0,0,0,1,0,0,0,0,0,0,0,0,0,0,0,0,0,0,0,0,0,0,1,1,0,0,1,0,0,0,0,0,0.5,NA,0.166666666666667,0.166666666666667,NA,NA,0,0,NA,NA,0,NA,NA,NA,1,1,0.5,NA,0.833333333333333,0.666666666666667,NA,NA,0.833333333333333,0.666666666666667,NA,NA,0.666666666666667,NA,NA,NA,0,0,0,NA,0,0.166666666666667,NA,NA,0,0,NA,NA,0,NA,NA,NA,0,0,0,NA,0,0,NA,NA,0.166666666666667,0.333333333333333,NA,NA,0.333333333333333,NA,NA,NA
"799",6,3,3,6,0,6,6,6,3,6,0,0,3,0,0,0,1,0,0,0,0,1,0,2,0,1,0,0,0,0,0,0,0,1,0,2,0,0,4,3,0,4,0,0,1,0,0,0,0.125,0.0625,0.0625,0.125,0,0.125,0.125,0.125,0.0625,0.125,0,0,0.0625,0,0,0,0.166666666666667,0,0,0,NA,0.166666666666667,0,0.333333333333333,0,0.166666666666667,NA,NA,0,NA,NA,NA,0,0.333333333333333,0,0.333333333333333,NA,0,0.666666666666667,0.5,0,0.666666666666667,NA,NA,0.333333333333333,NA,NA,NA,0,1,0,2,0,0,4,2,0,3,0,0,1,0,0,0,5,2,3,4,0,5,2,2,3,2,0,0,2,0,0,0,0,0,0,0,0,0,0,1,0,1,0,0,0,0,0,0,1,0,0,0,0,1,0,1,0,0,0,0,0,0,0,0,0,0.333333333333333,0,0.333333333333333,NA,0,0.666666666666667,0.333333333333333,0,0.5,NA,NA,0.333333333333333,NA,NA,NA,0.833333333333333,0.666666666666667,1,0.666666666666667,NA,0.833333333333333,0.333333333333333,0.333333333333333,1,0.333333333333333,NA,NA,0.666666666666667,NA,NA,NA,0,0,0,0,NA,0,0,0.166666666666667,0,0.166666666666667,NA,NA,0,NA,NA,NA,0.166666666666667,0,0,0,NA,0.166666666666667,0,0.166666666666667,0,0,NA,NA,0,NA,NA,NA
"800",3,3,6,6,3,6,0,3,3,0,0,0,6,0,0,0,0,0,1,1,0,2,0,1,0,0,0,0,0,0,0,0,0,0,2,2,0,2,0,0,0,0,0,0,2,0,0,0,0.0769230769230769,0.0769230769230769,0.153846153846154,0.153846153846154,0.0769230769230769,0.153846153846154,0,0.0769230769230769,0.0769230769230769,0,0,0,0.153846153846154,0,0,0,0,0,0.166666666666667,0.166666666666667,0,0.333333333333333,NA,0.333333333333333,0,NA,NA,NA,0,NA,NA,NA,0,0,0.333333333333333,0.333333333333333,0,0.333333333333333,NA,0,0,NA,NA,NA,0.333333333333333,NA,NA,NA,0,0,2,2,0,1,0,0,0,0,0,0,2,0,0,0,3,3,3,3,3,3,0,2,3,0,0,0,4,0,0,0,0,0,0,0,0,1,0,0,0,0,0,0,0,0,0,0,0,0,1,1,0,1,0,1,0,0,0,0,0,0,0,0,0,0,0.333333333333333,0.333333333333333,0,0.166666666666667,NA,0,0,NA,NA,NA,0.333333333333333,NA,NA,NA,1,1,0.5,0.5,1,0.5,NA,0.666666666666667,1,NA,NA,NA,0.666666666666667,NA,NA,NA,0,0,0,0,0,0.166666666666667,NA,0,0,NA,NA,NA,0,NA,NA,NA,0,0,0.166666666666667,0.166666666666667,0,0.166666666666667,NA,0.333333333333333,0,NA,NA,NA,0,NA,NA,NA
"801",3,3,6,6,3,6,0,3,3,6,0,0,6,3,0,0,0,0,0,1,0,1,0,1,0,1,0,0,0,1,0,0,0,0,2,0,0,1,0,1,0,2,0,0,1,1,0,0,0.0625,0.0625,0.125,0.125,0.0625,0.125,0,0.0625,0.0625,0.125,0,0,0.125,0.0625,0,0,0,0,0,0.166666666666667,0,0.166666666666667,NA,0.333333333333333,0,0.166666666666667,NA,NA,0,0.333333333333333,NA,NA,0,0,0.333333333333333,0,0,0.166666666666667,NA,0.333333333333333,0,0.333333333333333,NA,NA,0.166666666666667,0.333333333333333,NA,NA,0,0,2,0,0,1,0,1,0,1,0,0,1,1,0,0,3,3,4,5,3,4,0,1,3,4,0,0,5,1,0,0,0,0,0,0,0,0,0,0,0,1,0,0,0,0,0,0,0,0,0,1,0,1,0,1,0,0,0,0,0,1,0,0,0,0,0.333333333333333,0,0,0.166666666666667,NA,0.333333333333333,0,0.166666666666667,NA,NA,0.166666666666667,0.333333333333333,NA,NA,1,1,0.666666666666667,0.833333333333333,1,0.666666666666667,NA,0.333333333333333,1,0.666666666666667,NA,NA,0.833333333333333,0.333333333333333,NA,NA,0,0,0,0,0,0,NA,0,0,0.166666666666667,NA,NA,0,0,NA,NA,0,0,0,0.166666666666667,0,0.166666666666667,NA,0.333333333333333,0,0,NA,NA,0,0.333333333333333,NA,NA
"802",3,3,3,6,0,3,6,3,0,6,6,0,3,6,0,0,0,0,0,1,0,0,1,3,0,1,1,0,0,1,0,0,0,0,0,1,0,0,2,2,0,1,5,0,0,4,0,0,0.0625,0.0625,0.0625,0.125,0,0.0625,0.125,0.0625,0,0.125,0.125,0,0.0625,0.125,0,0,0,0,0,0.166666666666667,NA,0,0.166666666666667,1,NA,0.166666666666667,0.166666666666667,NA,0,0.166666666666667,NA,NA,0,0,0,0.166666666666667,NA,0,0.333333333333333,0.666666666666667,NA,0.166666666666667,0.833333333333333,NA,0,0.666666666666667,NA,NA,0,0,0,1,0,0,2,0,0,1,4,0,0,3,0,0,3,3,3,4,0,3,3,0,0,4,1,0,3,2,0,0,0,0,0,0,0,0,0,2,0,0,1,0,0,1,0,0,0,0,0,1,0,0,1,1,0,1,0,0,0,0,0,0,0,0,0,0.166666666666667,NA,0,0.333333333333333,0,NA,0.166666666666667,0.666666666666667,NA,0,0.5,NA,NA,1,1,1,0.666666666666667,NA,1,0.5,0,NA,0.666666666666667,0.166666666666667,NA,1,0.333333333333333,NA,NA,0,0,0,0,NA,0,0,0.666666666666667,NA,0,0.166666666666667,NA,0,0.166666666666667,NA,NA,0,0,0,0.166666666666667,NA,0,0.166666666666667,0.333333333333333,NA,0.166666666666667,0,NA,0,0,NA,NA
"803",6,3,3,6,3,6,3,6,0,6,6,0,0,0,0,0,1,0,0,0,1,0,0,2,0,4,1,0,0,0,0,0,0,0,1,3,0,2,1,4,0,3,5,0,0,0,0,0,0.125,0.0625,0.0625,0.125,0.0625,0.125,0.0625,0.125,0,0.125,0.125,0,0,0,0,0,0.166666666666667,0,0,0,0.333333333333333,0,0,0.333333333333333,NA,0.666666666666667,0.166666666666667,NA,NA,NA,NA,NA,0,0,0.333333333333333,0.5,0,0.333333333333333,0.333333333333333,0.666666666666667,NA,0.5,0.833333333333333,NA,NA,NA,NA,NA,0,0,1,3,0,2,1,3,0,1,5,0,0,0,0,0,5,3,2,3,2,4,2,1,0,1,0,0,0,0,0,0,0,0,0,0,0,0,0,1,0,2,0,0,0,0,0,0,1,0,0,0,1,0,0,1,0,2,1,0,0,0,0,0,0,0,0.333333333333333,0.5,0,0.333333333333333,0.333333333333333,0.5,NA,0.166666666666667,0.833333333333333,NA,NA,NA,NA,NA,0.833333333333333,1,0.666666666666667,0.5,0.666666666666667,0.666666666666667,0.666666666666667,0.166666666666667,NA,0.166666666666667,0,NA,NA,NA,NA,NA,0,0,0,0,0,0,0,0.166666666666667,NA,0.333333333333333,0,NA,NA,NA,NA,NA,0.166666666666667,0,0,0,0.333333333333333,0,0,0.166666666666667,NA,0.333333333333333,0.166666666666667,NA,NA,NA,NA,NA
"804",3,6,6,0,6,3,0,0,3,6,0,0,0,0,0,0,0,0,0,0,1,0,0,0,1,0,0,0,0,0,0,0,0,2,4,0,1,0,0,0,0,3,0,0,0,0,0,0,0.0909090909090909,0.181818181818182,0.181818181818182,0,0.181818181818182,0.0909090909090909,0,0,0.0909090909090909,0.181818181818182,0,0,0,0,0,0,0,0,0,NA,0.166666666666667,0,NA,NA,0.333333333333333,0,NA,NA,NA,NA,NA,NA,0,0.333333333333333,0.666666666666667,NA,0.166666666666667,0,NA,NA,0,0.5,NA,NA,NA,NA,NA,NA,0,2,4,0,0,0,0,0,0,3,0,0,0,0,0,0,3,4,2,0,5,3,0,0,2,3,0,0,0,0,0,0,0,0,0,0,1,0,0,0,0,0,0,0,0,0,0,0,0,0,0,0,0,0,0,0,1,0,0,0,0,0,0,0,0,0.333333333333333,0.666666666666667,NA,0,0,NA,NA,0,0.5,NA,NA,NA,NA,NA,NA,1,0.666666666666667,0.333333333333333,NA,0.833333333333333,1,NA,NA,0.666666666666667,0.5,NA,NA,NA,NA,NA,NA,0,0,0,NA,0.166666666666667,0,NA,NA,0,0,NA,NA,NA,NA,NA,NA,0,0,0,NA,0,0,NA,NA,0.333333333333333,0,NA,NA,NA,NA,NA,NA
"805",3,3,3,6,3,6,6,6,3,3,3,0,3,0,0,0,0,0,0,0,0,1,1,3,0,1,2,0,1,0,0,0,0,0,1,2,0,1,1,2,1,1,3,0,2,0,0,0,0.0625,0.0625,0.0625,0.125,0.0625,0.125,0.125,0.125,0.0625,0.0625,0.0625,0,0.0625,0,0,0,0,0,0,0,0,0.166666666666667,0.166666666666667,0.5,0,0.333333333333333,0.666666666666667,NA,0.333333333333333,NA,NA,NA,0,0,0.333333333333333,0.333333333333333,0,0.166666666666667,0.166666666666667,0.333333333333333,0.333333333333333,0.333333333333333,1,NA,0.666666666666667,NA,NA,NA,0,0,1,2,0,1,1,0,1,0,1,0,1,0,0,0,3,3,2,4,3,4,4,3,2,2,0,0,1,0,0,0,0,0,0,0,0,0,0,2,0,1,2,0,1,0,0,0,0,0,0,0,0,1,1,1,0,0,0,0,0,0,0,0,0,0,0.333333333333333,0.333333333333333,0,0.166666666666667,0.166666666666667,0,0.333333333333333,0,0.333333333333333,NA,0.333333333333333,NA,NA,NA,1,1,0.666666666666667,0.666666666666667,1,0.666666666666667,0.666666666666667,0.5,0.666666666666667,0.666666666666667,0,NA,0.333333333333333,NA,NA,NA,0,0,0,0,0,0,0,0.333333333333333,0,0.333333333333333,0.666666666666667,NA,0.333333333333333,NA,NA,NA,0,0,0,0,0,0.166666666666667,0.166666666666667,0.166666666666667,0,0,0,NA,0,NA,NA,NA
"806",3,3,3,6,0,3,6,6,0,6,6,0,0,6,0,0,0,0,0,0,0,0,1,3,0,1,2,0,0,2,0,0,0,0,0,2,0,1,0,5,0,1,3,0,0,5,0,0,0.0625,0.0625,0.0625,0.125,0,0.0625,0.125,0.125,0,0.125,0.125,0,0,0.125,0,0,0,0,0,0,NA,0,0.166666666666667,0.5,NA,0.166666666666667,0.333333333333333,NA,NA,0.333333333333333,NA,NA,0,0,0,0.333333333333333,NA,0.333333333333333,0,0.833333333333333,NA,0.166666666666667,0.5,NA,NA,0.833333333333333,NA,NA,0,0,0,2,0,1,0,2,0,1,2,0,0,4,0,0,3,3,3,4,0,2,5,1,0,4,2,0,0,0,0,0,0,0,0,0,0,0,0,3,0,0,1,0,0,1,0,0,0,0,0,0,0,0,1,0,0,1,1,0,0,1,0,0,0,0,0,0.333333333333333,NA,0.333333333333333,0,0.333333333333333,NA,0.166666666666667,0.333333333333333,NA,NA,0.666666666666667,NA,NA,1,1,1,0.666666666666667,NA,0.666666666666667,0.833333333333333,0.166666666666667,NA,0.666666666666667,0.333333333333333,NA,NA,0,NA,NA,0,0,0,0,NA,0,0,0.5,NA,0,0.166666666666667,NA,NA,0.166666666666667,NA,NA,0,0,0,0,NA,0,0.166666666666667,0,NA,0.166666666666667,0.166666666666667,NA,NA,0.166666666666667,NA,NA
"807",3,3,3,6,0,3,6,6,3,3,0,0,6,6,0,0,0,0,0,0,0,0,2,5,0,0,0,0,2,1,0,0,0,0,0,2,0,1,4,4,0,1,0,0,3,3,0,0,0.0625,0.0625,0.0625,0.125,0,0.0625,0.125,0.125,0.0625,0.0625,0,0,0.125,0.125,0,0,0,0,0,0,NA,0,0.333333333333333,0.833333333333333,0,0,NA,NA,0.333333333333333,0.166666666666667,NA,NA,0,0,0,0.333333333333333,NA,0.333333333333333,0.666666666666667,0.666666666666667,0,0.333333333333333,NA,NA,0.5,0.5,NA,NA,0,0,0,2,0,1,3,0,0,1,0,0,1,3,0,0,3,3,3,4,0,2,1,1,3,2,0,0,3,2,0,0,0,0,0,0,0,0,1,4,0,0,0,0,2,0,0,0,0,0,0,0,0,0,1,1,0,0,0,0,0,1,0,0,0,0,0,0.333333333333333,NA,0.333333333333333,0.5,0,0,0.333333333333333,NA,NA,0.166666666666667,0.5,NA,NA,1,1,1,0.666666666666667,NA,0.666666666666667,0.166666666666667,0.166666666666667,1,0.666666666666667,NA,NA,0.5,0.333333333333333,NA,NA,0,0,0,0,NA,0,0.166666666666667,0.666666666666667,0,0,NA,NA,0.333333333333333,0,NA,NA,0,0,0,0,NA,0,0.166666666666667,0.166666666666667,0,0,NA,NA,0,0.166666666666667,NA,NA
"808",3,3,3,6,0,3,6,6,3,6,0,0,6,3,0,0,0,0,0,0,0,0,2,2,0,0,0,0,1,1,0,0,0,0,0,1,0,1,3,5,1,2,0,0,1,1,0,0,0.0625,0.0625,0.0625,0.125,0,0.0625,0.125,0.125,0.0625,0.125,0,0,0.125,0.0625,0,0,0,0,0,0,NA,0,0.333333333333333,0.333333333333333,0,0,NA,NA,0.166666666666667,0.333333333333333,NA,NA,0,0,0,0.166666666666667,NA,0.333333333333333,0.5,0.833333333333333,0.333333333333333,0.333333333333333,NA,NA,0.166666666666667,0.333333333333333,NA,NA,0,0,0,1,0,1,2,4,1,2,0,0,1,0,0,0,3,3,3,5,0,2,2,0,2,4,0,0,4,2,0,0,0,0,0,0,0,0,1,1,0,0,0,0,0,1,0,0,0,0,0,0,0,0,1,1,0,0,0,0,1,0,0,0,0,0,0,0.166666666666667,NA,0.333333333333333,0.333333333333333,0.666666666666667,0.333333333333333,0.333333333333333,NA,NA,0.166666666666667,0,NA,NA,1,1,1,0.833333333333333,NA,0.666666666666667,0.333333333333333,0,0.666666666666667,0.666666666666667,NA,NA,0.666666666666667,0.666666666666667,NA,NA,0,0,0,0,NA,0,0.166666666666667,0.166666666666667,0,0,NA,NA,0,0.333333333333333,NA,NA,0,0,0,0,NA,0,0.166666666666667,0.166666666666667,0,0,NA,NA,0.166666666666667,0,NA,NA
"809",3,3,6,6,0,3,6,6,0,6,3,0,0,6,0,0,0,0,0,1,0,0,1,3,0,1,1,0,0,3,0,0,0,0,2,1,0,1,2,3,0,0,3,0,0,4,0,0,0.0625,0.0625,0.125,0.125,0,0.0625,0.125,0.125,0,0.125,0.0625,0,0,0.125,0,0,0,0,0,0.166666666666667,NA,0,0.166666666666667,0.5,NA,0.166666666666667,0.333333333333333,NA,NA,0.5,NA,NA,0,0,0.333333333333333,0.166666666666667,NA,0.333333333333333,0.333333333333333,0.5,NA,0,1,NA,NA,0.666666666666667,NA,NA,0,0,2,1,0,1,2,2,0,0,2,0,0,2,0,0,3,3,4,4,0,2,3,1,0,5,0,0,0,1,0,0,0,0,0,0,0,0,0,1,0,0,1,0,0,2,0,0,0,0,0,1,0,0,1,2,0,1,0,0,0,1,0,0,0,0,0.333333333333333,0.166666666666667,NA,0.333333333333333,0.333333333333333,0.333333333333333,NA,0,0.666666666666667,NA,NA,0.333333333333333,NA,NA,1,1,0.666666666666667,0.666666666666667,NA,0.666666666666667,0.5,0.166666666666667,NA,0.833333333333333,0,NA,NA,0.166666666666667,NA,NA,0,0,0,0,NA,0,0,0.166666666666667,NA,0,0.333333333333333,NA,NA,0.333333333333333,NA,NA,0,0,0,0.166666666666667,NA,0,0.166666666666667,0.333333333333333,NA,0.166666666666667,0,NA,NA,0.166666666666667,NA,NA
"810",6,6,3,0,6,0,0,0,6,0,0,0,0,0,0,0,0,1,1,0,0,0,0,0,2,0,0,0,0,0,0,0,0,0,0,0,0,0,0,0,4,0,0,0,0,0,0,0,0.222222222222222,0.222222222222222,0.111111111111111,0,0.222222222222222,0,0,0,0.222222222222222,0,0,0,0,0,0,0,0,0.166666666666667,0.333333333333333,NA,0,NA,NA,NA,0.333333333333333,NA,NA,NA,NA,NA,NA,NA,0,0,0,NA,0,NA,NA,NA,0.666666666666667,NA,NA,NA,NA,NA,NA,NA,0,0,0,0,0,0,0,0,2,0,0,0,0,0,0,0,6,5,2,0,6,0,0,0,2,0,0,0,0,0,0,0,0,0,0,0,0,0,0,0,2,0,0,0,0,0,0,0,0,1,1,0,0,0,0,0,0,0,0,0,0,0,0,0,0,0,0,NA,0,NA,NA,NA,0.333333333333333,NA,NA,NA,NA,NA,NA,NA,1,0.833333333333333,0.666666666666667,NA,1,NA,NA,NA,0.333333333333333,NA,NA,NA,NA,NA,NA,NA,0,0,0,NA,0,NA,NA,NA,0.333333333333333,NA,NA,NA,NA,NA,NA,NA,0,0.166666666666667,0.333333333333333,NA,0,NA,NA,NA,0,NA,NA,NA,NA,NA,NA,NA
"811",3,3,6,6,0,3,6,3,0,6,6,0,0,3,3,0,0,0,0,1,0,0,0,3,0,1,1,0,0,1,1,0,0,0,2,1,0,0,1,1,0,1,2,0,0,3,2,0,0.0625,0.0625,0.125,0.125,0,0.0625,0.125,0.0625,0,0.125,0.125,0,0,0.0625,0.0625,0,0,0,0,0.166666666666667,NA,0,0,1,NA,0.166666666666667,0.166666666666667,NA,NA,0.333333333333333,0.333333333333333,NA,0,0,0.333333333333333,0.166666666666667,NA,0,0.166666666666667,0.333333333333333,NA,0.166666666666667,0.333333333333333,NA,NA,1,0.666666666666667,NA,0,0,2,1,0,0,1,0,0,0,2,0,0,2,1,0,3,3,4,4,0,3,5,0,0,5,3,0,0,0,1,0,0,0,0,0,0,0,0,1,0,1,0,0,0,1,1,0,0,0,0,1,0,0,0,2,0,0,1,0,0,0,0,0,0,0,0.333333333333333,0.166666666666667,NA,0,0.166666666666667,0,NA,0,0.333333333333333,NA,NA,0.666666666666667,0.333333333333333,NA,1,1,0.666666666666667,0.666666666666667,NA,1,0.833333333333333,0,NA,0.833333333333333,0.5,NA,NA,0,0.333333333333333,NA,0,0,0,0,NA,0,0,0.333333333333333,NA,0.166666666666667,0,NA,NA,0.333333333333333,0.333333333333333,NA,0,0,0,0.166666666666667,NA,0,0,0.666666666666667,NA,0,0.166666666666667,NA,NA,0,0,NA
"812",3,6,6,6,0,6,6,3,0,6,6,0,0,0,0,0,0,0,1,0,0,0,0,2,0,1,2,0,0,0,0,0,0,1,1,2,0,1,1,2,0,1,3,0,0,0,0,0,0.0625,0.125,0.125,0.125,0,0.125,0.125,0.0625,0,0.125,0.125,0,0,0,0,0,0,0,0.166666666666667,0,NA,0,0,0.666666666666667,NA,0.166666666666667,0.333333333333333,NA,NA,NA,NA,NA,0,0.166666666666667,0.166666666666667,0.333333333333333,NA,0.166666666666667,0.166666666666667,0.666666666666667,NA,0.166666666666667,0.5,NA,NA,NA,NA,NA,0,1,1,2,0,1,1,1,0,0,3,0,0,0,0,0,3,5,4,4,0,5,5,0,0,5,1,0,0,0,0,0,0,0,0,0,0,0,0,1,0,1,0,0,0,0,0,0,0,0,1,0,0,0,0,1,0,0,2,0,0,0,0,0,0,0.166666666666667,0.166666666666667,0.333333333333333,NA,0.166666666666667,0.166666666666667,0.333333333333333,NA,0,0.5,NA,NA,NA,NA,NA,1,0.833333333333333,0.666666666666667,0.666666666666667,NA,0.833333333333333,0.833333333333333,0,NA,0.833333333333333,0.166666666666667,NA,NA,NA,NA,NA,0,0,0,0,NA,0,0,0.333333333333333,NA,0.166666666666667,0,NA,NA,NA,NA,NA,0,0,0.166666666666667,0,NA,0,0,0.333333333333333,NA,0,0.333333333333333,NA,NA,NA,NA,NA
"813",3,3,3,6,3,6,6,6,3,0,6,0,3,0,0,0,0,0,0,0,0,0,1,2,0,0,2,0,1,0,0,0,0,1,0,1,0,3,1,4,1,0,1,0,2,0,0,0,0.0625,0.0625,0.0625,0.125,0.0625,0.125,0.125,0.125,0.0625,0,0.125,0,0.0625,0,0,0,0,0,0,0,0,0,0.166666666666667,0.333333333333333,0,NA,0.333333333333333,NA,0.333333333333333,NA,NA,NA,0,0.333333333333333,0,0.166666666666667,0,0.5,0.166666666666667,0.666666666666667,0.333333333333333,NA,0.166666666666667,NA,0.666666666666667,NA,NA,NA,0,1,0,1,0,3,1,2,1,0,0,0,2,0,0,0,3,2,3,5,3,3,4,2,2,0,4,0,0,0,0,0,0,0,0,0,0,0,0,2,0,0,1,0,0,0,0,0,0,0,0,0,0,0,1,0,0,0,1,0,1,0,0,0,0,0.333333333333333,0,0.166666666666667,0,0.5,0.166666666666667,0.333333333333333,0.333333333333333,NA,0,NA,0.666666666666667,NA,NA,NA,1,0.666666666666667,1,0.833333333333333,1,0.5,0.666666666666667,0.333333333333333,0.666666666666667,NA,0.666666666666667,NA,0,NA,NA,NA,0,0,0,0,0,0,0,0.333333333333333,0,NA,0.166666666666667,NA,0,NA,NA,NA,0,0,0,0,0,0,0.166666666666667,0,0,NA,0.166666666666667,NA,0.333333333333333,NA,NA,NA
"814",3,3,6,6,3,3,6,0,6,6,0,0,0,6,0,0,0,0,0,1,0,0,2,0,2,0,0,0,0,3,0,0,1,0,1,3,0,0,1,0,2,0,0,0,0,5,0,0,0.0625,0.0625,0.125,0.125,0.0625,0.0625,0.125,0,0.125,0.125,0,0,0,0.125,0,0,0,0,0,0.166666666666667,0,0,0.333333333333333,NA,0.333333333333333,0,NA,NA,NA,0.5,NA,NA,0.333333333333333,0,0.166666666666667,0.5,0,0,0.166666666666667,NA,0.333333333333333,0,NA,NA,NA,0.833333333333333,NA,NA,1,0,1,3,0,0,0,0,2,0,0,0,0,3,0,0,2,3,5,2,3,3,4,0,2,6,0,0,0,0,0,0,0,0,0,0,0,0,1,0,0,0,0,0,0,2,0,0,0,0,0,1,0,0,1,0,2,0,0,0,0,1,0,0,0.333333333333333,0,0.166666666666667,0.5,0,0,0,NA,0.333333333333333,0,NA,NA,NA,0.5,NA,NA,0.666666666666667,1,0.833333333333333,0.333333333333333,1,1,0.666666666666667,NA,0.333333333333333,1,NA,NA,NA,0,NA,NA,0,0,0,0,0,0,0.166666666666667,NA,0,0,NA,NA,NA,0.333333333333333,NA,NA,0,0,0,0.166666666666667,0,0,0.166666666666667,NA,0.333333333333333,0,NA,NA,NA,0.166666666666667,NA,NA
"815",3,3,3,6,0,3,6,3,3,6,6,0,0,6,0,0,0,0,0,1,0,0,1,1,0,1,2,0,0,2,0,0,0,0,1,3,0,0,1,1,0,1,5,0,0,4,0,0,0.0625,0.0625,0.0625,0.125,0,0.0625,0.125,0.0625,0.0625,0.125,0.125,0,0,0.125,0,0,0,0,0,0.166666666666667,NA,0,0.166666666666667,0.333333333333333,0,0.166666666666667,0.333333333333333,NA,NA,0.333333333333333,NA,NA,0,0,0.333333333333333,0.5,NA,0,0.166666666666667,0.333333333333333,0,0.166666666666667,0.833333333333333,NA,NA,0.666666666666667,NA,NA,0,0,1,2,0,0,0,1,0,1,4,0,0,2,0,0,3,3,2,3,0,3,5,1,3,4,0,0,0,2,0,0,0,0,0,1,0,0,1,0,0,0,1,0,0,2,0,0,0,0,0,0,0,0,0,1,0,1,1,0,0,0,0,0,0,0,0.333333333333333,0.333333333333333,NA,0,0,0.333333333333333,0,0.166666666666667,0.666666666666667,NA,NA,0.333333333333333,NA,NA,1,1,0.666666666666667,0.5,NA,1,0.833333333333333,0.333333333333333,1,0.666666666666667,0,NA,NA,0.333333333333333,NA,NA,0,0,0,0.166666666666667,NA,0,0.166666666666667,0,0,0,0.166666666666667,NA,NA,0.333333333333333,NA,NA,0,0,0,0,NA,0,0,0.333333333333333,0,0.166666666666667,0.166666666666667,NA,NA,0,NA,NA
"816",3,3,6,6,0,3,0,0,3,6,0,0,6,3,0,0,0,0,0,2,0,0,0,0,0,1,0,0,0,1,0,0,0,1,1,1,0,0,0,0,0,3,0,0,3,1,0,0,0.0769230769230769,0.0769230769230769,0.153846153846154,0.153846153846154,0,0.0769230769230769,0,0,0.0769230769230769,0.153846153846154,0,0,0.153846153846154,0.0769230769230769,0,0,0,0,0,0.333333333333333,NA,0,NA,NA,0,0.166666666666667,NA,NA,0,0.333333333333333,NA,NA,0,0.333333333333333,0.166666666666667,0.166666666666667,NA,0,NA,NA,0,0.5,NA,NA,0.5,0.333333333333333,NA,NA,0,1,1,0,0,0,0,0,0,2,0,0,3,1,0,0,3,2,5,4,0,3,0,0,3,3,0,0,3,1,0,0,0,0,0,1,0,0,0,0,0,1,0,0,0,0,0,0,0,0,0,1,0,0,0,0,0,0,0,0,0,1,0,0,0,0.333333333333333,0.166666666666667,0,NA,0,NA,NA,0,0.333333333333333,NA,NA,0.5,0.333333333333333,NA,NA,1,0.666666666666667,0.833333333333333,0.666666666666667,NA,1,NA,NA,1,0.5,NA,NA,0.5,0.333333333333333,NA,NA,0,0,0,0.166666666666667,NA,0,NA,NA,0,0.166666666666667,NA,NA,0,0,NA,NA,0,0,0,0.166666666666667,NA,0,NA,NA,0,0,NA,NA,0,0.333333333333333,NA,NA
"817",3,3,3,6,3,6,6,6,6,0,0,0,6,0,0,0,0,0,0,0,0,2,0,1,0,0,0,0,1,0,0,0,1,0,0,2,0,1,4,4,0,0,0,0,2,0,0,0,0.0625,0.0625,0.0625,0.125,0.0625,0.125,0.125,0.125,0.125,0,0,0,0.125,0,0,0,0,0,0,0,0,0.333333333333333,0,0.166666666666667,0,NA,NA,NA,0.166666666666667,NA,NA,NA,0.333333333333333,0,0,0.333333333333333,0,0.166666666666667,0.666666666666667,0.666666666666667,0,NA,NA,NA,0.333333333333333,NA,NA,NA,1,0,0,2,0,0,4,3,0,0,0,0,2,0,0,0,2,3,3,4,3,4,2,2,6,0,0,0,3,0,0,0,0,0,0,0,0,1,0,1,0,0,0,0,0,0,0,0,0,0,0,0,0,1,0,0,0,0,0,0,1,0,0,0,0.333333333333333,0,0,0.333333333333333,0,0,0.666666666666667,0.5,0,NA,NA,NA,0.333333333333333,NA,NA,NA,0.666666666666667,1,1,0.666666666666667,1,0.666666666666667,0.333333333333333,0.333333333333333,1,NA,NA,NA,0.5,NA,NA,NA,0,0,0,0,0,0.166666666666667,0,0.166666666666667,0,NA,NA,NA,0,NA,NA,NA,0,0,0,0,0,0.166666666666667,0,0,0,NA,NA,NA,0.166666666666667,NA,NA,NA
"818",3,3,6,6,0,3,6,3,3,3,0,0,6,6,0,0,0,0,1,2,0,0,0,2,0,0,0,0,2,1,0,0,0,0,1,2,0,1,5,3,0,0,0,0,3,4,0,0,0.0625,0.0625,0.125,0.125,0,0.0625,0.125,0.0625,0.0625,0.0625,0,0,0.125,0.125,0,0,0,0,0.166666666666667,0.333333333333333,NA,0,0,0.666666666666667,0,0,NA,NA,0.333333333333333,0.166666666666667,NA,NA,0,0,0.166666666666667,0.333333333333333,NA,0.333333333333333,0.833333333333333,1,0,0,NA,NA,0.5,0.666666666666667,NA,NA,0,0,1,1,0,1,5,1,0,0,0,0,2,4,0,0,3,3,4,3,0,2,1,0,3,3,0,0,2,1,0,0,0,0,0,1,0,0,0,2,0,0,0,0,1,0,0,0,0,0,1,1,0,0,0,0,0,0,0,0,1,1,0,0,0,0,0.166666666666667,0.166666666666667,NA,0.333333333333333,0.833333333333333,0.333333333333333,0,0,NA,NA,0.333333333333333,0.666666666666667,NA,NA,1,1,0.666666666666667,0.5,NA,0.666666666666667,0.166666666666667,0,1,1,NA,NA,0.333333333333333,0.166666666666667,NA,NA,0,0,0,0.166666666666667,NA,0,0,0.666666666666667,0,0,NA,NA,0.166666666666667,0,NA,NA,0,0,0.166666666666667,0.166666666666667,NA,0,0,0,0,0,NA,NA,0.166666666666667,0.166666666666667,NA,NA
"819",3,6,3,6,0,3,6,0,3,6,0,0,6,3,0,0,0,0,0,0,0,0,0,0,0,0,0,0,0,1,0,0,0,2,1,4,0,0,3,0,1,3,0,0,1,1,0,0,0.0666666666666667,0.133333333333333,0.0666666666666667,0.133333333333333,0,0.0666666666666667,0.133333333333333,0,0.0666666666666667,0.133333333333333,0,0,0.133333333333333,0.0666666666666667,0,0,0,0,0,0,NA,0,0,NA,0,0,NA,NA,0,0.333333333333333,NA,NA,0,0.333333333333333,0.333333333333333,0.666666666666667,NA,0,0.5,NA,0.333333333333333,0.5,NA,NA,0.166666666666667,0.333333333333333,NA,NA,0,2,1,4,0,0,3,0,1,3,0,0,1,1,0,0,3,4,2,2,0,3,3,0,2,3,0,0,5,1,0,0,0,0,0,0,0,0,0,0,0,0,0,0,0,0,0,0,0,0,0,0,0,0,0,0,0,0,0,0,0,1,0,0,0,0.333333333333333,0.333333333333333,0.666666666666667,NA,0,0.5,NA,0.333333333333333,0.5,NA,NA,0.166666666666667,0.333333333333333,NA,NA,1,0.666666666666667,0.666666666666667,0.333333333333333,NA,1,0.5,NA,0.666666666666667,0.5,NA,NA,0.833333333333333,0.333333333333333,NA,NA,0,0,0,0,NA,0,0,NA,0,0,NA,NA,0,0,NA,NA,0,0,0,0,NA,0,0,NA,0,0,NA,NA,0,0.333333333333333,NA,NA
"820",3,3,3,6,0,3,6,6,3,6,3,0,3,3,0,0,0,0,0,1,0,0,1,1,0,0,1,0,0,3,0,0,0,0,0,1,0,0,0,3,1,1,2,0,1,2,0,0,0.0625,0.0625,0.0625,0.125,0,0.0625,0.125,0.125,0.0625,0.125,0.0625,0,0.0625,0.0625,0,0,0,0,0,0.166666666666667,NA,0,0.166666666666667,0.166666666666667,0,0,0.333333333333333,NA,0,1,NA,NA,0,0,0,0.166666666666667,NA,0,0,0.5,0.333333333333333,0.166666666666667,0.666666666666667,NA,0.333333333333333,0.666666666666667,NA,NA,0,0,0,0,0,0,0,2,1,1,1,0,1,0,0,0,3,3,3,5,0,3,5,3,2,5,1,0,2,0,0,0,0,0,0,1,0,0,0,1,0,0,1,0,0,2,0,0,0,0,0,0,0,0,1,0,0,0,0,0,0,1,0,0,0,0,0,0,NA,0,0,0.333333333333333,0.333333333333333,0.166666666666667,0.333333333333333,NA,0.333333333333333,0,NA,NA,1,1,1,0.833333333333333,NA,1,0.833333333333333,0.5,0.666666666666667,0.833333333333333,0.333333333333333,NA,0.666666666666667,0,NA,NA,0,0,0,0.166666666666667,NA,0,0,0.166666666666667,0,0,0.333333333333333,NA,0,0.666666666666667,NA,NA,0,0,0,0,NA,0,0.166666666666667,0,0,0,0,NA,0,0.333333333333333,NA,NA
"821",3,3,3,6,3,6,6,3,0,6,6,0,0,0,3,0,0,0,0,1,0,1,1,2,0,3,1,0,0,0,1,0,0,0,1,3,0,1,2,2,0,1,2,0,0,0,3,0,0.0625,0.0625,0.0625,0.125,0.0625,0.125,0.125,0.0625,0,0.125,0.125,0,0,0,0.0625,0,0,0,0,0.166666666666667,0,0.166666666666667,0.166666666666667,0.666666666666667,NA,0.5,0.166666666666667,NA,NA,NA,0.333333333333333,NA,0,0,0.333333333333333,0.5,0,0.166666666666667,0.333333333333333,0.666666666666667,NA,0.166666666666667,0.333333333333333,NA,NA,NA,1,NA,0,0,1,2,0,1,2,1,0,0,2,0,0,0,2,0,3,3,2,3,3,4,3,0,0,3,3,0,0,0,0,0,0,0,0,1,0,0,0,1,0,1,0,0,0,0,1,0,0,0,0,0,0,1,1,1,0,2,1,0,0,0,0,0,0,0,0.333333333333333,0.333333333333333,0,0.166666666666667,0.333333333333333,0.333333333333333,NA,0,0.333333333333333,NA,NA,NA,0.666666666666667,NA,1,1,0.666666666666667,0.5,1,0.666666666666667,0.5,0,NA,0.5,0.5,NA,NA,NA,0,NA,0,0,0,0.166666666666667,0,0,0,0.333333333333333,NA,0.166666666666667,0,NA,NA,NA,0.333333333333333,NA,0,0,0,0,0,0.166666666666667,0.166666666666667,0.333333333333333,NA,0.333333333333333,0.166666666666667,NA,NA,NA,0,NA
"822",3,3,3,3,0,3,6,6,0,3,6,0,6,6,0,0,0,0,0,0,0,0,0,1,0,0,3,0,2,0,0,0,0,0,1,0,0,0,2,3,0,0,2,0,1,4,0,0,0.0625,0.0625,0.0625,0.0625,0,0.0625,0.125,0.125,0,0.0625,0.125,0,0.125,0.125,0,0,0,0,0,0,NA,0,0,0.166666666666667,NA,0,0.5,NA,0.333333333333333,0,NA,NA,0,0,0.333333333333333,0,NA,0,0.333333333333333,0.5,NA,0,0.333333333333333,NA,0.166666666666667,0.666666666666667,NA,NA,0,0,1,0,0,0,2,2,0,0,0,0,1,4,0,0,3,3,2,3,0,3,4,3,0,3,3,0,3,2,0,0,0,0,0,0,0,0,0,1,0,0,2,0,0,0,0,0,0,0,0,0,0,0,0,0,0,0,1,0,2,0,0,0,0,0,0.333333333333333,0,NA,0,0.333333333333333,0.333333333333333,NA,0,0,NA,0.166666666666667,0.666666666666667,NA,NA,1,1,0.666666666666667,1,NA,1,0.666666666666667,0.5,NA,1,0.5,NA,0.5,0.333333333333333,NA,NA,0,0,0,0,NA,0,0,0.166666666666667,NA,0,0.333333333333333,NA,0,0,NA,NA,0,0,0,0,NA,0,0,0,NA,0,0.166666666666667,NA,0.333333333333333,0,NA,NA
"823",3,3,6,6,3,6,6,6,0,3,3,3,0,0,0,0,0,0,0,1,0,2,0,1,0,1,1,1,0,0,0,0,0,0,0,1,1,0,2,3,0,0,3,3,0,0,0,0,0.0625,0.0625,0.125,0.125,0.0625,0.125,0.125,0.125,0,0.0625,0.0625,0.0625,0,0,0,0,0,0,0,0.166666666666667,0,0.333333333333333,0,0.166666666666667,NA,0.333333333333333,0.333333333333333,0.333333333333333,NA,NA,NA,NA,0,0,0,0.166666666666667,0.333333333333333,0,0.333333333333333,0.5,NA,0,1,1,NA,NA,NA,NA,0,0,0,1,1,0,2,2,0,0,2,2,0,0,0,0,3,3,6,4,2,4,4,3,0,2,0,0,0,0,0,0,0,0,0,0,0,0,0,1,0,0,1,1,0,0,0,0,0,0,0,1,0,2,0,0,0,1,0,0,0,0,0,0,0,0,0,0.166666666666667,0.333333333333333,0,0.333333333333333,0.333333333333333,NA,0,0.666666666666667,0.666666666666667,NA,NA,NA,NA,1,1,1,0.666666666666667,0.666666666666667,0.666666666666667,0.666666666666667,0.5,NA,0.666666666666667,0,0,NA,NA,NA,NA,0,0,0,0,0,0,0,0.166666666666667,NA,0,0.333333333333333,0.333333333333333,NA,NA,NA,NA,0,0,0,0.166666666666667,0,0.333333333333333,0,0,NA,0.333333333333333,0,0,NA,NA,NA,NA
"824",3,3,6,0,3,6,0,0,3,3,0,0,6,0,0,0,0,0,0,0,0,1,0,0,0,1,0,0,1,0,0,0,0,0,3,0,0,4,0,0,0,0,0,0,2,0,0,0,0.0909090909090909,0.0909090909090909,0.181818181818182,0,0.0909090909090909,0.181818181818182,0,0,0.0909090909090909,0.0909090909090909,0,0,0.181818181818182,0,0,0,0,0,0,NA,0,0.166666666666667,NA,NA,0,0.333333333333333,NA,NA,0.166666666666667,NA,NA,NA,0,0,0.5,NA,0,0.666666666666667,NA,NA,0,0,NA,NA,0.333333333333333,NA,NA,NA,0,0,3,0,0,3,0,0,0,0,0,0,2,0,0,0,3,3,3,0,3,2,0,0,3,2,0,0,3,0,0,0,0,0,0,0,0,1,0,0,0,0,0,0,0,0,0,0,0,0,0,0,0,0,0,0,0,1,0,0,1,0,0,0,0,0,0.5,NA,0,0.5,NA,NA,0,0,NA,NA,0.333333333333333,NA,NA,NA,1,1,0.5,NA,1,0.333333333333333,NA,NA,1,0.666666666666667,NA,NA,0.5,NA,NA,NA,0,0,0,NA,0,0.166666666666667,NA,NA,0,0,NA,NA,0,NA,NA,NA,0,0,0,NA,0,0,NA,NA,0,0.333333333333333,NA,NA,0.166666666666667,NA,NA,NA
"825",3,6,6,6,0,6,6,3,0,6,6,0,0,0,0,0,0,0,1,0,0,0,1,1,0,2,2,0,0,0,0,0,0,0,2,3,0,2,2,1,0,2,3,0,0,0,0,0,0.0625,0.125,0.125,0.125,0,0.125,0.125,0.0625,0,0.125,0.125,0,0,0,0,0,0,0,0.166666666666667,0,NA,0,0.166666666666667,0.333333333333333,NA,0.333333333333333,0.333333333333333,NA,NA,NA,NA,NA,0,0,0.333333333333333,0.5,NA,0.333333333333333,0.333333333333333,0.333333333333333,NA,0.333333333333333,0.5,NA,NA,NA,NA,NA,0,0,2,3,0,2,1,1,0,2,2,0,0,0,0,0,3,6,3,3,0,4,4,1,0,2,2,0,0,0,0,0,0,0,0,0,0,0,1,0,0,0,1,0,0,0,0,0,0,0,1,0,0,0,0,1,0,2,1,0,0,0,0,0,0,0,0.333333333333333,0.5,NA,0.333333333333333,0.166666666666667,0.333333333333333,NA,0.333333333333333,0.333333333333333,NA,NA,NA,NA,NA,1,1,0.5,0.5,NA,0.666666666666667,0.666666666666667,0.333333333333333,NA,0.333333333333333,0.333333333333333,NA,NA,NA,NA,NA,0,0,0,0,NA,0,0.166666666666667,0,NA,0,0.166666666666667,NA,NA,NA,NA,NA,0,0,0.166666666666667,0,NA,0,0,0.333333333333333,NA,0.333333333333333,0.166666666666667,NA,NA,NA,NA,NA
"826",6,6,3,6,0,0,3,6,0,3,6,0,3,6,0,0,0,1,0,0,0,0,0,2,0,0,0,0,0,0,0,0,1,0,1,1,0,0,0,4,0,0,6,0,0,5,0,0,0.125,0.125,0.0625,0.125,0,0,0.0625,0.125,0,0.0625,0.125,0,0.0625,0.125,0,0,0,0.166666666666667,0,0,NA,NA,0,0.333333333333333,NA,0,0,NA,0,0,NA,NA,0.166666666666667,0,0.333333333333333,0.166666666666667,NA,NA,0,0.666666666666667,NA,0,1,NA,0,0.833333333333333,NA,NA,1,0,1,1,0,0,0,3,0,0,6,0,0,5,0,0,5,5,2,5,0,0,3,1,0,3,0,0,3,1,0,0,0,0,0,0,0,0,0,1,0,0,0,0,0,0,0,0,0,1,0,0,0,0,0,1,0,0,0,0,0,0,0,0,0.166666666666667,0,0.333333333333333,0.166666666666667,NA,NA,0,0.5,NA,0,1,NA,0,0.833333333333333,NA,NA,0.833333333333333,0.833333333333333,0.666666666666667,0.833333333333333,NA,NA,1,0.166666666666667,NA,1,0,NA,1,0.166666666666667,NA,NA,0,0,0,0,NA,NA,0,0.166666666666667,NA,0,0,NA,0,0,NA,NA,0,0.166666666666667,0,0,NA,NA,0,0.166666666666667,NA,0,0,NA,0,0,NA,NA
"827",3,3,3,3,3,6,6,6,3,0,6,3,0,0,3,0,0,0,0,0,0,1,1,1,0,0,2,1,0,0,2,0,0,0,0,0,1,3,1,4,1,0,4,0,0,0,3,0,0.0625,0.0625,0.0625,0.0625,0.0625,0.125,0.125,0.125,0.0625,0,0.125,0.0625,0,0,0.0625,0,0,0,0,0,0,0.166666666666667,0.166666666666667,0.166666666666667,0,NA,0.333333333333333,0.333333333333333,NA,NA,0.666666666666667,NA,0,0,0,0,0.333333333333333,0.5,0.166666666666667,0.666666666666667,0.333333333333333,NA,0.666666666666667,0,NA,NA,1,NA,0,0,0,0,1,3,0,3,1,0,2,0,0,0,1,0,3,3,3,3,2,2,5,2,2,0,2,2,0,0,0,0,0,0,0,0,0,0,1,1,0,0,2,0,0,0,2,0,0,0,0,0,0,1,0,0,0,0,0,1,0,0,0,0,0,0,0,0,0.333333333333333,0.5,0,0.5,0.333333333333333,NA,0.333333333333333,0,NA,NA,0.333333333333333,NA,1,1,1,1,0.666666666666667,0.333333333333333,0.833333333333333,0.333333333333333,0.666666666666667,NA,0.333333333333333,0.666666666666667,NA,NA,0,NA,0,0,0,0,0,0,0.166666666666667,0.166666666666667,0,NA,0.333333333333333,0,NA,NA,0.666666666666667,NA,0,0,0,0,0,0.166666666666667,0,0,0,NA,0,0.333333333333333,NA,NA,0,NA
"828",3,3,3,3,0,3,6,6,6,6,3,0,3,3,0,0,0,0,0,0,0,0,2,1,0,1,1,0,1,2,0,0,0,0,0,0,0,0,2,6,1,2,3,0,1,2,0,0,0.0625,0.0625,0.0625,0.0625,0,0.0625,0.125,0.125,0.125,0.125,0.0625,0,0.0625,0.0625,0,0,0,0,0,0,NA,0,0.333333333333333,0.166666666666667,0,0.166666666666667,0.333333333333333,NA,0.333333333333333,0.666666666666667,NA,NA,0,0,0,0,NA,0,0.333333333333333,1,0.166666666666667,0.333333333333333,1,NA,0.333333333333333,0.666666666666667,NA,NA,0,0,0,0,0,0,2,5,1,2,2,0,0,1,0,0,3,3,3,3,0,3,2,0,5,3,0,0,2,0,0,0,0,0,0,0,0,0,0,1,0,0,1,0,1,1,0,0,0,0,0,0,0,0,2,0,0,1,0,0,0,1,0,0,0,0,0,0,NA,0,0.333333333333333,0.833333333333333,0.166666666666667,0.333333333333333,0.666666666666667,NA,0,0.333333333333333,NA,NA,1,1,1,1,NA,1,0.333333333333333,0,0.833333333333333,0.5,0,NA,0.666666666666667,0,NA,NA,0,0,0,0,NA,0,0,0.166666666666667,0,0,0.333333333333333,NA,0.333333333333333,0.333333333333333,NA,NA,0,0,0,0,NA,0,0.333333333333333,0,0,0.166666666666667,0,NA,0,0.333333333333333,NA,NA
"829",3,3,3,6,3,6,6,3,3,0,6,0,6,0,0,0,0,0,0,1,0,2,0,1,0,0,3,0,1,0,0,0,0,0,1,2,1,1,1,3,0,0,4,0,1,0,0,0,0.0625,0.0625,0.0625,0.125,0.0625,0.125,0.125,0.0625,0.0625,0,0.125,0,0.125,0,0,0,0,0,0,0.166666666666667,0,0.333333333333333,0,0.333333333333333,0,NA,0.5,NA,0.166666666666667,NA,NA,NA,0,0,0.333333333333333,0.333333333333333,0.333333333333333,0.166666666666667,0.166666666666667,1,0,NA,0.666666666666667,NA,0.166666666666667,NA,NA,NA,0,0,1,2,1,1,1,2,0,0,2,0,1,0,0,0,3,3,2,3,2,3,5,0,3,0,1,0,4,0,0,0,0,0,0,0,0,0,0,1,0,0,2,0,0,0,0,0,0,0,0,1,0,2,0,0,0,0,1,0,1,0,0,0,0,0,0.333333333333333,0.333333333333333,0.333333333333333,0.166666666666667,0.166666666666667,0.666666666666667,0,NA,0.333333333333333,NA,0.166666666666667,NA,NA,NA,1,1,0.666666666666667,0.5,0.666666666666667,0.5,0.833333333333333,0,1,NA,0.166666666666667,NA,0.666666666666667,NA,NA,NA,0,0,0,0,0,0,0,0.333333333333333,0,NA,0.333333333333333,NA,0,NA,NA,NA,0,0,0,0.166666666666667,0,0.333333333333333,0,0,0,NA,0.166666666666667,NA,0.166666666666667,NA,NA,NA
"830",6,6,3,6,0,3,6,6,0,6,3,0,0,3,0,0,0,1,0,0,0,0,1,0,0,0,2,0,0,1,0,0,0,1,1,2,0,0,1,5,0,2,2,0,0,2,0,0,0.125,0.125,0.0625,0.125,0,0.0625,0.125,0.125,0,0.125,0.0625,0,0,0.0625,0,0,0,0.166666666666667,0,0,NA,0,0.166666666666667,0,NA,0,0.666666666666667,NA,NA,0.333333333333333,NA,NA,0,0.166666666666667,0.333333333333333,0.333333333333333,NA,0,0.166666666666667,0.833333333333333,NA,0.333333333333333,0.666666666666667,NA,NA,0.666666666666667,NA,NA,0,1,1,2,0,0,1,5,0,2,1,0,0,1,0,0,6,4,2,4,0,3,4,1,0,4,0,0,0,1,0,0,0,0,0,0,0,0,0,0,0,0,1,0,0,1,0,0,0,1,0,0,0,0,1,0,0,0,1,0,0,0,0,0,0,0.166666666666667,0.333333333333333,0.333333333333333,NA,0,0.166666666666667,0.833333333333333,NA,0.333333333333333,0.333333333333333,NA,NA,0.333333333333333,NA,NA,1,0.666666666666667,0.666666666666667,0.666666666666667,NA,1,0.666666666666667,0.166666666666667,NA,0.666666666666667,0,NA,NA,0.333333333333333,NA,NA,0,0,0,0,NA,0,0,0,NA,0,0.333333333333333,NA,NA,0.333333333333333,NA,NA,0,0.166666666666667,0,0,NA,0,0.166666666666667,0,NA,0,0.333333333333333,NA,NA,0,NA,NA
"831",3,3,6,6,0,3,0,0,3,6,0,0,6,6,0,0,0,0,0,2,0,0,0,0,0,0,0,0,0,2,0,0,0,0,0,1,0,1,0,0,1,3,0,0,1,5,0,0,0.0714285714285714,0.0714285714285714,0.142857142857143,0.142857142857143,0,0.0714285714285714,0,0,0.0714285714285714,0.142857142857143,0,0,0.142857142857143,0.142857142857143,0,0,0,0,0,0.333333333333333,NA,0,NA,NA,0,0,NA,NA,0,0.333333333333333,NA,NA,0,0,0,0.166666666666667,NA,0.333333333333333,NA,NA,0.333333333333333,0.5,NA,NA,0.166666666666667,0.833333333333333,NA,NA,0,0,0,1,0,1,0,0,1,3,0,0,1,3,0,0,3,3,6,3,0,2,0,0,2,3,0,0,5,1,0,0,0,0,0,0,0,0,0,0,0,0,0,0,0,2,0,0,0,0,0,2,0,0,0,0,0,0,0,0,0,0,0,0,0,0,0,0.166666666666667,NA,0.333333333333333,NA,NA,0.333333333333333,0.5,NA,NA,0.166666666666667,0.5,NA,NA,1,1,1,0.5,NA,0.666666666666667,NA,NA,0.666666666666667,0.5,NA,NA,0.833333333333333,0.166666666666667,NA,NA,0,0,0,0,NA,0,NA,NA,0,0,NA,NA,0,0.333333333333333,NA,NA,0,0,0,0.333333333333333,NA,0,NA,NA,0,0,NA,NA,0,0,NA,NA
"832",3,3,3,3,0,3,6,6,3,6,6,0,0,6,0,0,0,0,0,0,0,0,0,0,0,0,3,0,0,2,0,0,0,0,0,1,0,1,1,5,0,1,5,0,0,6,0,0,0.0625,0.0625,0.0625,0.0625,0,0.0625,0.125,0.125,0.0625,0.125,0.125,0,0,0.125,0,0,0,0,0,0,NA,0,0,0,0,0,0.5,NA,NA,0.333333333333333,NA,NA,0,0,0,0.333333333333333,NA,0.333333333333333,0.166666666666667,0.833333333333333,0,0.166666666666667,0.833333333333333,NA,NA,1,NA,NA,0,0,0,1,0,1,1,5,0,1,2,0,0,4,0,0,3,3,3,2,0,2,5,1,3,5,1,0,0,0,0,0,0,0,0,0,0,0,0,0,0,0,3,0,0,2,0,0,0,0,0,0,0,0,0,0,0,0,0,0,0,0,0,0,0,0,0,0.333333333333333,NA,0.333333333333333,0.166666666666667,0.833333333333333,0,0.166666666666667,0.333333333333333,NA,NA,0.666666666666667,NA,NA,1,1,1,0.666666666666667,NA,0.666666666666667,0.833333333333333,0.166666666666667,1,0.833333333333333,0.166666666666667,NA,NA,0,NA,NA,0,0,0,0,NA,0,0,0,0,0,0.5,NA,NA,0.333333333333333,NA,NA,0,0,0,0,NA,0,0,0,0,0,0,NA,NA,0,NA,NA
"833",6,6,0,0,3,0,0,0,6,0,0,0,3,0,0,0,0,2,0,0,0,0,0,0,0,0,0,0,1,0,0,0,0,0,0,0,0,0,0,0,2,0,0,0,1,0,0,0,0.25,0.25,0,0,0.125,0,0,0,0.25,0,0,0,0.125,0,0,0,0,0.333333333333333,NA,NA,0,NA,NA,NA,0,NA,NA,NA,0.333333333333333,NA,NA,NA,0,0,NA,NA,0,NA,NA,NA,0.333333333333333,NA,NA,NA,0.333333333333333,NA,NA,NA,0,0,0,0,0,0,0,0,2,0,0,0,1,0,0,0,6,4,0,0,3,0,0,0,4,0,0,0,1,0,0,0,0,0,0,0,0,0,0,0,0,0,0,0,0,0,0,0,0,2,0,0,0,0,0,0,0,0,0,0,1,0,0,0,0,0,NA,NA,0,NA,NA,NA,0.333333333333333,NA,NA,NA,0.333333333333333,NA,NA,NA,1,0.666666666666667,NA,NA,1,NA,NA,NA,0.666666666666667,NA,NA,NA,0.333333333333333,NA,NA,NA,0,0,NA,NA,0,NA,NA,NA,0,NA,NA,NA,0,NA,NA,NA,0,0.333333333333333,NA,NA,0,NA,NA,NA,0,NA,NA,NA,0.333333333333333,NA,NA,NA
"834",6,6,3,0,3,0,0,0,6,0,0,0,6,0,0,0,0,1,1,0,0,0,0,0,0,0,0,0,1,0,0,0,0,1,0,0,0,0,0,0,2,0,0,0,0,0,0,0,0.2,0.2,0.1,0,0.1,0,0,0,0.2,0,0,0,0.2,0,0,0,0,0.166666666666667,0.333333333333333,NA,0,NA,NA,NA,0,NA,NA,NA,0.166666666666667,NA,NA,NA,0,0.166666666666667,0,NA,0,NA,NA,NA,0.333333333333333,NA,NA,NA,0,NA,NA,NA,0,1,0,0,0,0,0,0,2,0,0,0,0,0,0,0,6,4,2,0,3,0,0,0,4,0,0,0,5,0,0,0,0,0,0,0,0,0,0,0,0,0,0,0,0,0,0,0,0,1,1,0,0,0,0,0,0,0,0,0,1,0,0,0,0,0.166666666666667,0,NA,0,NA,NA,NA,0.333333333333333,NA,NA,NA,0,NA,NA,NA,1,0.666666666666667,0.666666666666667,NA,1,NA,NA,NA,0.666666666666667,NA,NA,NA,0.833333333333333,NA,NA,NA,0,0,0,NA,0,NA,NA,NA,0,NA,NA,NA,0,NA,NA,NA,0,0.166666666666667,0.333333333333333,NA,0,NA,NA,NA,0,NA,NA,NA,0.166666666666667,NA,NA,NA
"835",3,3,3,6,0,3,6,3,3,6,6,0,3,3,0,0,0,0,0,1,0,0,0,2,0,0,2,0,1,1,0,0,0,0,1,2,0,0,2,1,1,3,5,0,1,3,0,0,0.0625,0.0625,0.0625,0.125,0,0.0625,0.125,0.0625,0.0625,0.125,0.125,0,0.0625,0.0625,0,0,0,0,0,0.166666666666667,NA,0,0,0.666666666666667,0,0,0.333333333333333,NA,0.333333333333333,0.333333333333333,NA,NA,0,0,0.333333333333333,0.333333333333333,NA,0,0.333333333333333,0.333333333333333,0.333333333333333,0.5,0.833333333333333,NA,0.333333333333333,1,NA,NA,0,0,1,1,0,0,2,1,1,3,4,0,0,2,0,0,3,3,2,4,0,3,4,0,2,3,0,0,2,0,0,0,0,0,0,1,0,0,0,0,0,0,1,0,1,1,0,0,0,0,0,0,0,0,0,2,0,0,1,0,0,0,0,0,0,0,0.333333333333333,0.166666666666667,NA,0,0.333333333333333,0.333333333333333,0.333333333333333,0.5,0.666666666666667,NA,0,0.666666666666667,NA,NA,1,1,0.666666666666667,0.666666666666667,NA,1,0.666666666666667,0,0.666666666666667,0.5,0,NA,0.666666666666667,0,NA,NA,0,0,0,0.166666666666667,NA,0,0,0,0,0,0.166666666666667,NA,0.333333333333333,0.333333333333333,NA,NA,0,0,0,0,NA,0,0,0.666666666666667,0,0,0.166666666666667,NA,0,0,NA,NA
"836",3,3,3,6,0,3,6,6,6,6,0,0,3,3,0,0,0,0,0,0,0,0,0,4,0,0,0,0,1,3,0,0,0,0,0,1,0,1,4,2,0,1,0,0,1,2,0,0,0.0625,0.0625,0.0625,0.125,0,0.0625,0.125,0.125,0.125,0.125,0,0,0.0625,0.0625,0,0,0,0,0,0,NA,0,0,0.666666666666667,0,0,NA,NA,0.333333333333333,1,NA,NA,0,0,0,0.166666666666667,NA,0.333333333333333,0.666666666666667,0.333333333333333,0,0.166666666666667,NA,NA,0.333333333333333,0.666666666666667,NA,NA,0,0,0,1,0,1,4,0,0,1,0,0,1,0,0,0,3,3,3,5,0,2,2,2,6,5,0,0,1,0,0,0,0,0,0,0,0,0,0,2,0,0,0,0,0,2,0,0,0,0,0,0,0,0,0,2,0,0,0,0,1,1,0,0,0,0,0,0.166666666666667,NA,0.333333333333333,0.666666666666667,0,0,0.166666666666667,NA,NA,0.333333333333333,0,NA,NA,1,1,1,0.833333333333333,NA,0.666666666666667,0.333333333333333,0.333333333333333,1,0.833333333333333,NA,NA,0.333333333333333,0,NA,NA,0,0,0,0,NA,0,0,0.333333333333333,0,0,NA,NA,0,0.666666666666667,NA,NA,0,0,0,0,NA,0,0,0.333333333333333,0,0,NA,NA,0.333333333333333,0.333333333333333,NA,NA
"837",3,3,6,6,0,0,3,3,0,6,6,0,6,6,0,0,0,0,0,1,0,0,0,2,0,0,0,0,0,1,0,0,0,0,2,2,0,0,0,2,0,2,5,0,3,5,0,0,0.0625,0.0625,0.125,0.125,0,0,0.0625,0.0625,0,0.125,0.125,0,0.125,0.125,0,0,0,0,0,0.166666666666667,NA,NA,0,0.666666666666667,NA,0,0,NA,0,0.166666666666667,NA,NA,0,0,0.333333333333333,0.333333333333333,NA,NA,0,0.666666666666667,NA,0.333333333333333,0.833333333333333,NA,0.5,0.833333333333333,NA,NA,0,0,2,2,0,0,0,0,0,2,5,0,3,5,0,0,3,3,4,3,0,0,3,1,0,4,1,0,3,0,0,0,0,0,0,0,0,0,0,2,0,0,0,0,0,0,0,0,0,0,0,1,0,0,0,0,0,0,0,0,0,1,0,0,0,0,0.333333333333333,0.333333333333333,NA,NA,0,0,NA,0.333333333333333,0.833333333333333,NA,0.5,0.833333333333333,NA,NA,1,1,0.666666666666667,0.5,NA,NA,1,0.333333333333333,NA,0.666666666666667,0.166666666666667,NA,0.5,0,NA,NA,0,0,0,0,NA,NA,0,0.666666666666667,NA,0,0,NA,0,0,NA,NA,0,0,0,0.166666666666667,NA,NA,0,0,NA,0,0,NA,0,0.166666666666667,NA,NA
"838",3,6,6,6,0,3,6,6,0,3,6,0,0,3,0,0,0,0,1,0,0,0,0,3,0,0,3,0,0,0,0,0,0,1,0,1,0,0,1,4,0,1,2,0,0,2,0,0,0.0625,0.125,0.125,0.125,0,0.0625,0.125,0.125,0,0.0625,0.125,0,0,0.0625,0,0,0,0,0.166666666666667,0,NA,0,0,0.5,NA,0,0.5,NA,NA,0,NA,NA,0,0.166666666666667,0,0.166666666666667,NA,0,0.166666666666667,0.666666666666667,NA,0.333333333333333,0.333333333333333,NA,NA,0.666666666666667,NA,NA,0,1,0,1,0,0,1,2,0,1,2,0,0,2,0,0,3,5,5,5,0,3,5,1,0,2,1,0,0,1,0,0,0,0,0,0,0,0,0,2,0,0,0,0,0,0,0,0,0,0,1,0,0,0,0,1,0,0,3,0,0,0,0,0,0,0.166666666666667,0,0.166666666666667,NA,0,0.166666666666667,0.333333333333333,NA,0.333333333333333,0.333333333333333,NA,NA,0.666666666666667,NA,NA,1,0.833333333333333,0.833333333333333,0.833333333333333,NA,1,0.833333333333333,0.166666666666667,NA,0.666666666666667,0.166666666666667,NA,NA,0.333333333333333,NA,NA,0,0,0,0,NA,0,0,0.333333333333333,NA,0,0,NA,NA,0,NA,NA,0,0,0.166666666666667,0,NA,0,0,0.166666666666667,NA,0,0.5,NA,NA,0,NA,NA
"839",6,6,3,6,3,6,6,0,6,0,0,0,3,0,0,0,0,1,0,1,0,2,3,0,0,0,0,0,2,0,0,0,1,1,0,3,1,2,3,0,3,0,0,0,1,0,0,0,0.133333333333333,0.133333333333333,0.0666666666666667,0.133333333333333,0.0666666666666667,0.133333333333333,0.133333333333333,0,0.133333333333333,0,0,0,0.0666666666666667,0,0,0,0,0.166666666666667,0,0.166666666666667,0,0.333333333333333,0.5,NA,0,NA,NA,NA,0.666666666666667,NA,NA,NA,0.166666666666667,0.166666666666667,0,0.5,0.333333333333333,0.333333333333333,0.5,NA,0.5,NA,NA,NA,0.333333333333333,NA,NA,NA,1,1,0,3,1,2,2,0,3,0,0,0,0,0,0,0,5,4,3,2,2,2,1,0,3,0,0,0,1,0,0,0,0,0,0,0,0,0,1,0,0,0,0,0,1,0,0,0,0,1,0,1,0,2,2,0,0,0,0,0,1,0,0,0,0.166666666666667,0.166666666666667,0,0.5,0.333333333333333,0.333333333333333,0.333333333333333,NA,0.5,NA,NA,NA,0,NA,NA,NA,0.833333333333333,0.666666666666667,1,0.333333333333333,0.666666666666667,0.333333333333333,0.166666666666667,NA,0.5,NA,NA,NA,0.333333333333333,NA,NA,NA,0,0,0,0,0,0,0.166666666666667,NA,0,NA,NA,NA,0.333333333333333,NA,NA,NA,0,0.166666666666667,0,0.166666666666667,0,0.333333333333333,0.333333333333333,NA,0,NA,NA,NA,0.333333333333333,NA,NA,NA
"840",3,6,6,0,6,0,0,0,6,0,0,0,0,0,0,0,0,0,2,0,0,0,0,0,2,0,0,0,0,0,0,0,0,0,2,0,0,0,0,0,1,0,0,0,0,0,0,0,0.111111111111111,0.222222222222222,0.222222222222222,0,0.222222222222222,0,0,0,0.222222222222222,0,0,0,0,0,0,0,0,0,0.333333333333333,NA,0,NA,NA,NA,0.333333333333333,NA,NA,NA,NA,NA,NA,NA,0,0,0.333333333333333,NA,0,NA,NA,NA,0.166666666666667,NA,NA,NA,NA,NA,NA,NA,0,0,2,0,0,0,0,0,1,0,0,0,0,0,0,0,3,6,2,0,6,0,0,0,3,0,0,0,0,0,0,0,0,0,0,0,0,0,0,0,0,0,0,0,0,0,0,0,0,0,2,0,0,0,0,0,2,0,0,0,0,0,0,0,0,0,0.333333333333333,NA,0,NA,NA,NA,0.166666666666667,NA,NA,NA,NA,NA,NA,NA,1,1,0.333333333333333,NA,1,NA,NA,NA,0.5,NA,NA,NA,NA,NA,NA,NA,0,0,0,NA,0,NA,NA,NA,0,NA,NA,NA,NA,NA,NA,NA,0,0,0.333333333333333,NA,0,NA,NA,NA,0.333333333333333,NA,NA,NA,NA,NA,NA,NA
"841",3,3,3,3,0,3,6,6,0,6,0,0,6,6,0,0,0,0,0,0,0,0,2,1,0,0,0,0,0,1,0,0,0,0,0,0,0,1,1,4,0,1,0,0,2,2,0,0,0.0666666666666667,0.0666666666666667,0.0666666666666667,0.0666666666666667,0,0.0666666666666667,0.133333333333333,0.133333333333333,0,0.133333333333333,0,0,0.133333333333333,0.133333333333333,0,0,0,0,0,0,NA,0,0.333333333333333,0.166666666666667,NA,0,NA,NA,0,0.166666666666667,NA,NA,0,0,0,0,NA,0.333333333333333,0.166666666666667,0.666666666666667,NA,0.166666666666667,NA,NA,0.333333333333333,0.333333333333333,NA,NA,0,0,0,0,0,1,1,3,0,1,0,0,2,2,0,0,3,3,3,3,0,2,3,2,0,5,0,0,4,3,0,0,0,0,0,0,0,0,0,1,0,0,0,0,0,0,0,0,0,0,0,0,0,0,2,0,0,0,0,0,0,1,0,0,0,0,0,0,NA,0.333333333333333,0.166666666666667,0.5,NA,0.166666666666667,NA,NA,0.333333333333333,0.333333333333333,NA,NA,1,1,1,1,NA,0.666666666666667,0.5,0.333333333333333,NA,0.833333333333333,NA,NA,0.666666666666667,0.5,NA,NA,0,0,0,0,NA,0,0,0.166666666666667,NA,0,NA,NA,0,0,NA,NA,0,0,0,0,NA,0,0.333333333333333,0,NA,0,NA,NA,0,0.166666666666667,NA,NA
"842",3,3,3,3,3,6,6,6,6,0,0,0,6,0,0,0,0,0,0,0,0,0,2,1,0,0,0,0,1,0,0,0,0,1,1,1,0,3,1,4,2,0,0,0,3,0,0,0,0.0666666666666667,0.0666666666666667,0.0666666666666667,0.0666666666666667,0.0666666666666667,0.133333333333333,0.133333333333333,0.133333333333333,0.133333333333333,0,0,0,0.133333333333333,0,0,0,0,0,0,0,0,0,0.333333333333333,0.166666666666667,0,NA,NA,NA,0.166666666666667,NA,NA,NA,0,0.333333333333333,0.333333333333333,0.333333333333333,0,0.5,0.166666666666667,0.666666666666667,0.333333333333333,NA,NA,NA,0.5,NA,NA,NA,0,1,1,1,0,3,1,4,2,0,0,0,3,0,0,0,3,2,2,2,3,3,3,1,4,0,0,0,2,0,0,0,0,0,0,0,0,0,0,0,0,0,0,0,0,0,0,0,0,0,0,0,0,0,2,1,0,0,0,0,1,0,0,0,0,0.333333333333333,0.333333333333333,0.333333333333333,0,0.5,0.166666666666667,0.666666666666667,0.333333333333333,NA,NA,NA,0.5,NA,NA,NA,1,0.666666666666667,0.666666666666667,0.666666666666667,1,0.5,0.5,0.166666666666667,0.666666666666667,NA,NA,NA,0.333333333333333,NA,NA,NA,0,0,0,0,0,0,0,0,0,NA,NA,NA,0,NA,NA,NA,0,0,0,0,0,0,0.333333333333333,0.166666666666667,0,NA,NA,NA,0.166666666666667,NA,NA,NA
"843",3,3,6,3,0,6,0,0,0,6,0,0,6,6,0,0,0,0,0,1,0,1,0,0,0,1,0,0,0,0,0,0,0,0,2,2,0,1,0,0,0,2,0,0,0,3,0,0,0.0769230769230769,0.0769230769230769,0.153846153846154,0.0769230769230769,0,0.153846153846154,0,0,0,0.153846153846154,0,0,0.153846153846154,0.153846153846154,0,0,0,0,0,0.333333333333333,NA,0.166666666666667,NA,NA,NA,0.166666666666667,NA,NA,0,0,NA,NA,0,0,0.333333333333333,0.666666666666667,NA,0.166666666666667,NA,NA,NA,0.333333333333333,NA,NA,0,0.5,NA,NA,0,0,2,1,0,1,0,0,0,2,0,0,0,3,0,0,3,3,4,1,0,4,0,0,0,3,0,0,6,3,0,0,0,0,0,1,0,0,0,0,0,0,0,0,0,0,0,0,0,0,0,0,0,1,0,0,0,1,0,0,0,0,0,0,0,0,0.333333333333333,0.333333333333333,NA,0.166666666666667,NA,NA,NA,0.333333333333333,NA,NA,0,0.5,NA,NA,1,1,0.666666666666667,0.333333333333333,NA,0.666666666666667,NA,NA,NA,0.5,NA,NA,1,0.5,NA,NA,0,0,0,0.333333333333333,NA,0,NA,NA,NA,0,NA,NA,0,0,NA,NA,0,0,0,0,NA,0.166666666666667,NA,NA,NA,0.166666666666667,NA,NA,0,0,NA,NA
"844",3,3,6,0,6,6,0,0,6,0,0,0,6,0,0,0,0,0,0,0,0,2,0,0,1,0,0,0,1,0,0,0,0,0,3,0,0,3,0,0,0,0,0,0,0,0,0,0,0.0833333333333333,0.0833333333333333,0.166666666666667,0,0.166666666666667,0.166666666666667,0,0,0.166666666666667,0,0,0,0.166666666666667,0,0,0,0,0,0,NA,0,0.333333333333333,NA,NA,0.166666666666667,NA,NA,NA,0.166666666666667,NA,NA,NA,0,0,0.5,NA,0,0.5,NA,NA,0,NA,NA,NA,0,NA,NA,NA,0,0,3,0,0,2,0,0,0,0,0,0,0,0,0,0,3,3,3,0,6,2,0,0,5,0,0,0,5,0,0,0,0,0,0,0,0,1,0,0,0,0,0,0,0,0,0,0,0,0,0,0,0,1,0,0,1,0,0,0,1,0,0,0,0,0,0.5,NA,0,0.333333333333333,NA,NA,0,NA,NA,NA,0,NA,NA,NA,1,1,0.5,NA,1,0.333333333333333,NA,NA,0.833333333333333,NA,NA,NA,0.833333333333333,NA,NA,NA,0,0,0,NA,0,0.166666666666667,NA,NA,0,NA,NA,NA,0,NA,NA,NA,0,0,0,NA,0,0.166666666666667,NA,NA,0.166666666666667,NA,NA,NA,0.166666666666667,NA,NA,NA
"845",3,3,3,6,6,6,6,0,6,0,6,0,3,0,0,0,0,0,0,1,0,2,0,0,1,0,2,0,0,0,0,0,0,0,0,4,0,1,1,0,2,0,4,0,1,0,0,0,0.0625,0.0625,0.0625,0.125,0.125,0.125,0.125,0,0.125,0,0.125,0,0.0625,0,0,0,0,0,0,0.166666666666667,0,0.333333333333333,0,NA,0.166666666666667,NA,0.333333333333333,NA,0,NA,NA,NA,0,0,0,0.666666666666667,0,0.166666666666667,0.166666666666667,NA,0.333333333333333,NA,0.666666666666667,NA,0.333333333333333,NA,NA,NA,0,0,0,3,0,0,1,0,1,0,2,0,1,0,0,0,3,3,3,2,6,4,5,0,4,0,2,0,2,0,0,0,0,0,0,1,0,1,0,0,1,0,2,0,0,0,0,0,0,0,0,0,0,1,0,0,0,0,0,0,0,0,0,0,0,0,0,0.5,0,0,0.166666666666667,NA,0.166666666666667,NA,0.333333333333333,NA,0.333333333333333,NA,NA,NA,1,1,1,0.333333333333333,1,0.666666666666667,0.833333333333333,NA,0.666666666666667,NA,0.333333333333333,NA,0.666666666666667,NA,NA,NA,0,0,0,0.166666666666667,0,0.166666666666667,0,NA,0.166666666666667,NA,0.333333333333333,NA,0,NA,NA,NA,0,0,0,0,0,0.166666666666667,0,NA,0,NA,0,NA,0,NA,NA,NA
"846",3,3,3,6,3,0,3,6,3,6,6,0,0,6,0,0,0,0,0,0,0,0,0,3,1,0,0,0,0,4,0,0,0,0,0,0,0,0,1,3,1,2,4,0,0,3,0,0,0.0625,0.0625,0.0625,0.125,0.0625,0,0.0625,0.125,0.0625,0.125,0.125,0,0,0.125,0,0,0,0,0,0,0,NA,0,0.5,0.333333333333333,0,0,NA,NA,0.666666666666667,NA,NA,0,0,0,0,0,NA,0.333333333333333,0.5,0.333333333333333,0.333333333333333,0.666666666666667,NA,NA,0.5,NA,NA,0,0,0,0,0,0,1,1,0,2,4,0,0,1,0,0,3,3,3,6,3,0,2,2,2,4,2,0,0,1,0,0,0,0,0,0,0,0,0,2,1,0,0,0,0,2,0,0,0,0,0,0,0,0,0,1,0,0,0,0,0,2,0,0,0,0,0,0,0,NA,0.333333333333333,0.166666666666667,0,0.333333333333333,0.666666666666667,NA,NA,0.166666666666667,NA,NA,1,1,1,1,1,NA,0.666666666666667,0.333333333333333,0.666666666666667,0.666666666666667,0.333333333333333,NA,NA,0.166666666666667,NA,NA,0,0,0,0,0,NA,0,0.333333333333333,0.333333333333333,0,0,NA,NA,0.333333333333333,NA,NA,0,0,0,0,0,NA,0,0.166666666666667,0,0,0,NA,NA,0.333333333333333,NA,NA
"847",3,6,0,0,3,0,0,0,3,0,0,0,6,0,0,0,0,0,0,0,0,0,0,0,0,0,0,0,1,0,0,0,0,4,0,0,0,0,0,0,0,0,0,0,2,0,0,0,0.142857142857143,0.285714285714286,0,0,0.142857142857143,0,0,0,0.142857142857143,0,0,0,0.285714285714286,0,0,0,0,0,NA,NA,0,NA,NA,NA,0,NA,NA,NA,0.166666666666667,NA,NA,NA,0,0.666666666666667,NA,NA,0,NA,NA,NA,0,NA,NA,NA,0.333333333333333,NA,NA,NA,0,4,0,0,0,0,0,0,0,0,0,0,1,0,0,0,3,2,0,0,3,0,0,0,3,0,0,0,4,0,0,0,0,0,0,0,0,0,0,0,0,0,0,0,1,0,0,0,0,0,0,0,0,0,0,0,0,0,0,0,0,0,0,0,0,0.666666666666667,NA,NA,0,NA,NA,NA,0,NA,NA,NA,0.166666666666667,NA,NA,NA,1,0.333333333333333,NA,NA,1,NA,NA,NA,1,NA,NA,NA,0.666666666666667,NA,NA,NA,0,0,NA,NA,0,NA,NA,NA,0,NA,NA,NA,0.166666666666667,NA,NA,NA,0,0,NA,NA,0,NA,NA,NA,0,NA,NA,NA,0,NA,NA,NA
"848",3,6,6,0,6,0,0,0,6,0,0,0,0,0,0,0,0,0,2,0,0,0,0,0,3,0,0,0,0,0,0,0,0,0,0,0,0,0,0,0,2,0,0,0,0,0,0,0,0.111111111111111,0.222222222222222,0.222222222222222,0,0.222222222222222,0,0,0,0.222222222222222,0,0,0,0,0,0,0,0,0,0.333333333333333,NA,0,NA,NA,NA,0.5,NA,NA,NA,NA,NA,NA,NA,0,0,0,NA,0,NA,NA,NA,0.333333333333333,NA,NA,NA,NA,NA,NA,NA,0,0,0,0,0,0,0,0,1,0,0,0,0,0,0,0,3,6,4,0,6,0,0,0,2,0,0,0,0,0,0,0,0,0,0,0,0,0,0,0,1,0,0,0,0,0,0,0,0,0,2,0,0,0,0,0,2,0,0,0,0,0,0,0,0,0,0,NA,0,NA,NA,NA,0.166666666666667,NA,NA,NA,NA,NA,NA,NA,1,1,0.666666666666667,NA,1,NA,NA,NA,0.333333333333333,NA,NA,NA,NA,NA,NA,NA,0,0,0,NA,0,NA,NA,NA,0.166666666666667,NA,NA,NA,NA,NA,NA,NA,0,0,0.333333333333333,NA,0,NA,NA,NA,0.333333333333333,NA,NA,NA,NA,NA,NA,NA
"849",3,3,3,6,0,6,6,6,0,6,3,0,0,6,0,0,0,0,0,0,0,1,1,3,0,1,1,0,0,0,0,0,0,0,0,2,0,0,0,5,0,2,2,0,0,4,0,0,0.0625,0.0625,0.0625,0.125,0,0.125,0.125,0.125,0,0.125,0.0625,0,0,0.125,0,0,0,0,0,0,NA,0.166666666666667,0.166666666666667,0.5,NA,0.166666666666667,0.333333333333333,NA,NA,0,NA,NA,0,0,0,0.333333333333333,NA,0,0,0.833333333333333,NA,0.333333333333333,0.666666666666667,NA,NA,0.666666666666667,NA,NA,0,0,0,2,0,0,0,3,0,2,2,0,0,4,0,0,3,3,3,4,0,5,5,0,0,3,0,0,0,2,0,0,0,0,0,0,0,0,0,2,0,0,0,0,0,0,0,0,0,0,0,0,0,1,1,1,0,1,1,0,0,0,0,0,0,0,0,0.333333333333333,NA,0,0,0.5,NA,0.333333333333333,0.666666666666667,NA,NA,0.666666666666667,NA,NA,1,1,1,0.666666666666667,NA,0.833333333333333,0.833333333333333,0,NA,0.5,0,NA,NA,0.333333333333333,NA,NA,0,0,0,0,NA,0,0,0.333333333333333,NA,0,0,NA,NA,0,NA,NA,0,0,0,0,NA,0.166666666666667,0.166666666666667,0.166666666666667,NA,0.166666666666667,0.333333333333333,NA,NA,0,NA,NA
"850",3,6,6,6,0,0,3,0,6,6,6,0,3,3,0,0,0,0,0,1,0,0,0,0,1,0,0,0,1,2,0,0,0,2,1,3,0,0,1,0,1,3,5,0,2,1,0,0,0.0625,0.125,0.125,0.125,0,0,0.0625,0,0.125,0.125,0.125,0,0.0625,0.0625,0,0,0,0,0,0.166666666666667,NA,NA,0,NA,0.166666666666667,0,0,NA,0.333333333333333,0.666666666666667,NA,NA,0,0.333333333333333,0.166666666666667,0.5,NA,NA,0.333333333333333,NA,0.166666666666667,0.5,0.833333333333333,NA,0.666666666666667,0.333333333333333,NA,NA,0,2,1,3,0,0,1,0,1,3,5,0,1,0,0,0,3,4,5,2,0,0,2,0,4,3,1,0,1,1,0,0,0,0,0,0,0,0,0,0,0,0,0,0,1,1,0,0,0,0,0,1,0,0,0,0,1,0,0,0,0,1,0,0,0,0.333333333333333,0.166666666666667,0.5,NA,NA,0.333333333333333,NA,0.166666666666667,0.5,0.833333333333333,NA,0.333333333333333,0,NA,NA,1,0.666666666666667,0.833333333333333,0.333333333333333,NA,NA,0.666666666666667,NA,0.666666666666667,0.5,0.166666666666667,NA,0.333333333333333,0.333333333333333,NA,NA,0,0,0,0,NA,NA,0,NA,0,0,0,NA,0.333333333333333,0.333333333333333,NA,NA,0,0,0,0.166666666666667,NA,NA,0,NA,0.166666666666667,0,0,NA,0,0.333333333333333,NA,NA
"851",3,6,6,3,0,6,0,0,6,6,0,0,6,6,0,0,0,0,1,1,0,1,0,0,1,1,0,0,2,2,0,0,1,1,0,0,0,1,0,0,0,0,0,0,4,4,0,0,0.0625,0.125,0.125,0.0625,0,0.125,0,0,0.125,0.125,0,0,0.125,0.125,0,0,0,0,0.166666666666667,0.333333333333333,NA,0.166666666666667,NA,NA,0.166666666666667,0.166666666666667,NA,NA,0.333333333333333,0.333333333333333,NA,NA,0.333333333333333,0.166666666666667,0,0,NA,0.166666666666667,NA,NA,0,0,NA,NA,0.666666666666667,0.666666666666667,NA,NA,1,1,0,0,0,1,0,0,0,0,0,0,3,2,0,0,2,5,5,2,0,4,0,0,5,5,0,0,1,2,0,0,0,0,0,0,0,0,0,0,0,0,0,0,1,2,0,0,0,0,1,1,0,1,0,0,1,1,0,0,1,0,0,0,0.333333333333333,0.166666666666667,0,0,NA,0.166666666666667,NA,NA,0,0,NA,NA,0.5,0.333333333333333,NA,NA,0.666666666666667,0.833333333333333,0.833333333333333,0.666666666666667,NA,0.666666666666667,NA,NA,0.833333333333333,0.833333333333333,NA,NA,0.166666666666667,0.333333333333333,NA,NA,0,0,0,0,NA,0,NA,NA,0,0,NA,NA,0.166666666666667,0.333333333333333,NA,NA,0,0,0.166666666666667,0.333333333333333,NA,0.166666666666667,NA,NA,0.166666666666667,0.166666666666667,NA,NA,0.166666666666667,0,NA,NA
"852",3,3,6,6,0,6,6,6,3,6,3,0,0,0,0,0,0,0,0,1,0,1,2,1,0,1,1,0,0,0,0,0,0,0,2,2,0,1,2,4,0,4,2,0,0,0,0,0,0.0625,0.0625,0.125,0.125,0,0.125,0.125,0.125,0.0625,0.125,0.0625,0,0,0,0,0,0,0,0,0.166666666666667,NA,0.166666666666667,0.333333333333333,0.166666666666667,0,0.166666666666667,0.333333333333333,NA,NA,NA,NA,NA,0,0,0.333333333333333,0.333333333333333,NA,0.166666666666667,0.333333333333333,0.666666666666667,0,0.666666666666667,0.666666666666667,NA,NA,NA,NA,NA,0,0,2,2,0,1,2,4,0,3,1,0,0,0,0,0,3,3,4,3,0,4,2,1,3,2,1,0,0,0,0,0,0,0,0,0,0,0,0,0,0,1,1,0,0,0,0,0,0,0,0,1,0,1,2,1,0,0,0,0,0,0,0,0,0,0,0.333333333333333,0.333333333333333,NA,0.166666666666667,0.333333333333333,0.666666666666667,0,0.5,0.333333333333333,NA,NA,NA,NA,NA,1,1,0.666666666666667,0.5,NA,0.666666666666667,0.333333333333333,0.166666666666667,1,0.333333333333333,0.333333333333333,NA,NA,NA,NA,NA,0,0,0,0,NA,0,0,0,0,0.166666666666667,0.333333333333333,NA,NA,NA,NA,NA,0,0,0,0.166666666666667,NA,0.166666666666667,0.333333333333333,0.166666666666667,0,0,0,NA,NA,NA,NA,NA
"853",3,3,3,6,3,3,6,6,6,6,3,0,0,0,0,0,0,0,0,0,0,0,1,1,1,1,2,0,0,0,0,0,0,1,0,1,0,1,1,4,1,3,3,0,0,0,0,0,0.0625,0.0625,0.0625,0.125,0.0625,0.0625,0.125,0.125,0.125,0.125,0.0625,0,0,0,0,0,0,0,0,0,0,0,0.166666666666667,0.166666666666667,0.166666666666667,0.166666666666667,0.666666666666667,NA,NA,NA,NA,NA,0,0.333333333333333,0,0.166666666666667,0,0.333333333333333,0.166666666666667,0.666666666666667,0.166666666666667,0.5,1,NA,NA,NA,NA,NA,0,1,0,1,0,1,1,3,0,2,1,0,0,0,0,0,3,2,3,5,3,2,4,2,5,3,0,0,0,0,0,0,0,0,0,0,0,0,0,1,1,1,2,0,0,0,0,0,0,0,0,0,0,0,1,0,0,0,0,0,0,0,0,0,0,0.333333333333333,0,0.166666666666667,0,0.333333333333333,0.166666666666667,0.5,0,0.333333333333333,0.333333333333333,NA,NA,NA,NA,NA,1,0.666666666666667,1,0.833333333333333,1,0.666666666666667,0.666666666666667,0.333333333333333,0.833333333333333,0.5,0,NA,NA,NA,NA,NA,0,0,0,0,0,0,0,0.166666666666667,0.166666666666667,0.166666666666667,0.666666666666667,NA,NA,NA,NA,NA,0,0,0,0,0,0,0.166666666666667,0,0,0,0,NA,NA,NA,NA,NA
"854",3,3,3,3,3,6,6,6,6,0,0,0,6,0,0,0,0,0,0,0,0,2,1,1,0,0,0,0,2,0,0,0,1,0,1,1,1,1,4,6,1,0,0,0,2,0,0,0,0.0666666666666667,0.0666666666666667,0.0666666666666667,0.0666666666666667,0.0666666666666667,0.133333333333333,0.133333333333333,0.133333333333333,0.133333333333333,0,0,0,0.133333333333333,0,0,0,0,0,0,0,0,0.333333333333333,0.166666666666667,0.166666666666667,0,NA,NA,NA,0.333333333333333,NA,NA,NA,0.333333333333333,0,0.333333333333333,0.333333333333333,0.333333333333333,0.166666666666667,0.666666666666667,1,0.166666666666667,NA,NA,NA,0.333333333333333,NA,NA,NA,1,0,1,1,1,0,3,5,1,0,0,0,2,0,0,0,2,3,2,2,2,4,2,0,5,0,0,0,2,0,0,0,0,0,0,0,0,1,1,1,0,0,0,0,0,0,0,0,0,0,0,0,0,1,0,0,0,0,0,0,2,0,0,0,0.333333333333333,0,0.333333333333333,0.333333333333333,0.333333333333333,0,0.5,0.833333333333333,0.166666666666667,NA,NA,NA,0.333333333333333,NA,NA,NA,0.666666666666667,1,0.666666666666667,0.666666666666667,0.666666666666667,0.666666666666667,0.333333333333333,0,0.833333333333333,NA,NA,NA,0.333333333333333,NA,NA,NA,0,0,0,0,0,0.166666666666667,0.166666666666667,0.166666666666667,0,NA,NA,NA,0,NA,NA,NA,0,0,0,0,0,0.166666666666667,0,0,0,NA,NA,NA,0.333333333333333,NA,NA,NA
"855",6,6,3,0,3,0,0,0,6,0,0,0,6,0,0,0,0,1,2,0,0,0,0,0,0,0,0,0,2,0,0,0,0,0,0,0,0,0,0,0,0,0,0,0,2,0,0,0,0.2,0.2,0.1,0,0.1,0,0,0,0.2,0,0,0,0.2,0,0,0,0,0.166666666666667,0.666666666666667,NA,0,NA,NA,NA,0,NA,NA,NA,0.333333333333333,NA,NA,NA,0,0,0,NA,0,NA,NA,NA,0,NA,NA,NA,0.333333333333333,NA,NA,NA,0,0,0,0,0,0,0,0,0,0,0,0,1,0,0,0,6,5,1,0,3,0,0,0,6,0,0,0,3,0,0,0,0,0,0,0,0,0,0,0,0,0,0,0,1,0,0,0,0,1,2,0,0,0,0,0,0,0,0,0,1,0,0,0,0,0,0,NA,0,NA,NA,NA,0,NA,NA,NA,0.166666666666667,NA,NA,NA,1,0.833333333333333,0.333333333333333,NA,1,NA,NA,NA,1,NA,NA,NA,0.5,NA,NA,NA,0,0,0,NA,0,NA,NA,NA,0,NA,NA,NA,0.166666666666667,NA,NA,NA,0,0.166666666666667,0.666666666666667,NA,0,NA,NA,NA,0,NA,NA,NA,0.166666666666667,NA,NA,NA
"856",3,3,6,6,6,6,0,0,6,6,0,0,0,0,0,0,0,0,0,2,0,1,0,0,2,3,0,0,0,0,0,0,0,1,1,1,1,1,0,0,2,3,0,0,0,0,0,0,0.0714285714285714,0.0714285714285714,0.142857142857143,0.142857142857143,0.142857142857143,0.142857142857143,0,0,0.142857142857143,0.142857142857143,0,0,0,0,0,0,0,0,0,0.333333333333333,0,0.166666666666667,NA,NA,0.333333333333333,0.5,NA,NA,NA,NA,NA,NA,0,0.333333333333333,0.166666666666667,0.166666666666667,0.166666666666667,0.166666666666667,NA,NA,0.333333333333333,0.5,NA,NA,NA,NA,NA,NA,0,1,1,1,1,1,0,0,2,2,0,0,0,0,0,0,3,2,5,3,5,4,0,0,2,1,0,0,0,0,0,0,0,0,0,0,0,0,0,0,0,1,0,0,0,0,0,0,0,0,0,2,0,1,0,0,2,2,0,0,0,0,0,0,0,0.333333333333333,0.166666666666667,0.166666666666667,0.166666666666667,0.166666666666667,NA,NA,0.333333333333333,0.333333333333333,NA,NA,NA,NA,NA,NA,1,0.666666666666667,0.833333333333333,0.5,0.833333333333333,0.666666666666667,NA,NA,0.333333333333333,0.166666666666667,NA,NA,NA,NA,NA,NA,0,0,0,0,0,0,NA,NA,0,0.166666666666667,NA,NA,NA,NA,NA,NA,0,0,0,0.333333333333333,0,0.166666666666667,NA,NA,0.333333333333333,0.333333333333333,NA,NA,NA,NA,NA,NA
"857",3,3,3,6,0,0,6,6,0,3,6,0,6,6,0,0,0,0,0,0,0,0,0,1,0,0,1,0,0,0,0,0,0,0,1,2,0,0,1,6,0,0,3,0,2,6,0,0,0.0625,0.0625,0.0625,0.125,0,0,0.125,0.125,0,0.0625,0.125,0,0.125,0.125,0,0,0,0,0,0,NA,NA,0,0.166666666666667,NA,0,0.166666666666667,NA,0,0,NA,NA,0,0,0.333333333333333,0.333333333333333,NA,NA,0.166666666666667,1,NA,0,0.5,NA,0.333333333333333,1,NA,NA,0,0,1,2,0,0,1,5,0,0,3,0,2,6,0,0,3,3,2,4,0,0,5,0,0,3,2,0,4,0,0,0,0,0,0,0,0,0,0,1,0,0,0,0,0,0,0,0,0,0,0,0,0,0,0,0,0,0,1,0,0,0,0,0,0,0,0.333333333333333,0.333333333333333,NA,NA,0.166666666666667,0.833333333333333,NA,0,0.5,NA,0.333333333333333,1,NA,NA,1,1,0.666666666666667,0.666666666666667,NA,NA,0.833333333333333,0,NA,1,0.333333333333333,NA,0.666666666666667,0,NA,NA,0,0,0,0,NA,NA,0,0.166666666666667,NA,0,0,NA,0,0,NA,NA,0,0,0,0,NA,NA,0,0,NA,0,0.166666666666667,NA,0,0,NA,NA
"858",3,3,6,0,0,3,0,0,6,6,0,0,6,3,0,0,0,0,0,0,0,0,0,0,0,0,0,0,1,1,0,0,0,0,3,0,0,0,0,0,0,2,0,0,2,3,0,0,0.0833333333333333,0.0833333333333333,0.166666666666667,0,0,0.0833333333333333,0,0,0.166666666666667,0.166666666666667,0,0,0.166666666666667,0.0833333333333333,0,0,0,0,0,NA,NA,0,NA,NA,0,0,NA,NA,0.166666666666667,0.333333333333333,NA,NA,0,0,0.5,NA,NA,0,NA,NA,0,0.333333333333333,NA,NA,0.333333333333333,1,NA,NA,0,0,3,0,0,0,0,0,0,2,0,0,2,2,0,0,3,3,3,0,0,3,0,0,6,4,0,0,3,0,0,0,0,0,0,0,0,0,0,0,0,0,0,0,0,1,0,0,0,0,0,0,0,0,0,0,0,0,0,0,1,0,0,0,0,0,0.5,NA,NA,0,NA,NA,0,0.333333333333333,NA,NA,0.333333333333333,0.666666666666667,NA,NA,1,1,0.5,NA,NA,1,NA,NA,1,0.666666666666667,NA,NA,0.5,0,NA,NA,0,0,0,NA,NA,0,NA,NA,0,0,NA,NA,0,0.333333333333333,NA,NA,0,0,0,NA,NA,0,NA,NA,0,0,NA,NA,0.166666666666667,0,NA,NA
"859",6,6,6,3,0,6,3,6,0,6,6,0,0,0,0,0,1,0,1,0,0,0,0,1,0,2,1,0,0,0,0,0,1,1,0,0,0,1,1,4,0,1,3,0,0,0,0,0,0.125,0.125,0.125,0.0625,0,0.125,0.0625,0.125,0,0.125,0.125,0,0,0,0,0,0.166666666666667,0,0.166666666666667,0,NA,0,0,0.166666666666667,NA,0.333333333333333,0.166666666666667,NA,NA,NA,NA,NA,0.166666666666667,0.166666666666667,0,0,NA,0.166666666666667,0.333333333333333,0.666666666666667,NA,0.166666666666667,0.5,NA,NA,NA,NA,NA,1,1,0,0,0,1,1,3,0,0,3,0,0,0,0,0,4,5,5,3,0,5,2,2,0,4,2,0,0,0,0,0,0,0,0,0,0,0,0,1,0,1,0,0,0,0,0,0,1,0,1,0,0,0,0,0,0,1,1,0,0,0,0,0,0.166666666666667,0.166666666666667,0,0,NA,0.166666666666667,0.333333333333333,0.5,NA,0,0.5,NA,NA,NA,NA,NA,0.666666666666667,0.833333333333333,0.833333333333333,1,NA,0.833333333333333,0.666666666666667,0.333333333333333,NA,0.666666666666667,0.333333333333333,NA,NA,NA,NA,NA,0,0,0,0,NA,0,0,0.166666666666667,NA,0.166666666666667,0,NA,NA,NA,NA,NA,0.166666666666667,0,0.166666666666667,0,NA,0,0,0,NA,0.166666666666667,0.166666666666667,NA,NA,NA,NA,NA
"860",3,3,3,3,0,6,6,6,3,6,3,0,6,0,0,0,0,0,0,0,0,1,0,0,0,1,1,0,1,0,0,0,0,0,0,0,0,0,3,3,0,5,3,0,1,0,0,0,0.0625,0.0625,0.0625,0.0625,0,0.125,0.125,0.125,0.0625,0.125,0.0625,0,0.125,0,0,0,0,0,0,0,NA,0.166666666666667,0,0,0,0.166666666666667,0.333333333333333,NA,0.166666666666667,NA,NA,NA,0,0,0,0,NA,0,0.5,0.5,0,0.833333333333333,1,NA,0.166666666666667,NA,NA,NA,0,0,0,0,0,0,3,3,0,5,2,0,0,0,0,0,3,3,3,3,0,5,3,3,3,0,0,0,5,0,0,0,0,0,0,0,0,0,0,0,0,0,1,0,1,0,0,0,0,0,0,0,0,1,0,0,0,1,0,0,0,0,0,0,0,0,0,0,NA,0,0.5,0.5,0,0.833333333333333,0.666666666666667,NA,0,NA,NA,NA,1,1,1,1,NA,0.833333333333333,0.5,0.5,1,0,0,NA,0.833333333333333,NA,NA,NA,0,0,0,0,NA,0,0,0,0,0,0.333333333333333,NA,0.166666666666667,NA,NA,NA,0,0,0,0,NA,0.166666666666667,0,0,0,0.166666666666667,0,NA,0,NA,NA,NA
"861",3,6,6,6,0,6,6,0,0,6,3,0,0,6,0,0,0,0,1,0,0,1,0,0,0,0,2,0,0,2,0,0,0,1,1,4,0,1,3,0,0,2,2,0,0,3,0,0,0.0625,0.125,0.125,0.125,0,0.125,0.125,0,0,0.125,0.0625,0,0,0.125,0,0,0,0,0.166666666666667,0,NA,0.166666666666667,0,NA,NA,0,0.666666666666667,NA,NA,0.333333333333333,NA,NA,0,0.166666666666667,0.166666666666667,0.666666666666667,NA,0.166666666666667,0.5,NA,NA,0.333333333333333,0.666666666666667,NA,NA,0.5,NA,NA,0,1,0,4,0,1,3,0,0,2,1,0,0,1,0,0,3,5,5,2,0,4,3,0,0,4,0,0,0,3,0,0,0,0,1,0,0,0,0,0,0,0,1,0,0,2,0,0,0,0,0,0,0,1,0,0,0,0,1,0,0,0,0,0,0,0.166666666666667,0,0.666666666666667,NA,0.166666666666667,0.5,NA,NA,0.333333333333333,0.333333333333333,NA,NA,0.166666666666667,NA,NA,1,0.833333333333333,0.833333333333333,0.333333333333333,NA,0.666666666666667,0.5,NA,NA,0.666666666666667,0,NA,NA,0.5,NA,NA,0,0,0.166666666666667,0,NA,0,0,NA,NA,0,0.333333333333333,NA,NA,0.333333333333333,NA,NA,0,0,0,0,NA,0.166666666666667,0,NA,NA,0,0.333333333333333,NA,NA,0,NA,NA
"862",3,3,6,6,0,3,3,0,0,6,6,0,3,6,3,0,0,0,1,1,0,0,0,0,0,1,1,0,0,1,2,0,1,0,1,4,0,1,1,0,0,1,3,0,0,4,2,0,0.0625,0.0625,0.125,0.125,0,0.0625,0.0625,0,0,0.125,0.125,0,0.0625,0.125,0.0625,0,0,0,0.166666666666667,0.166666666666667,NA,0,0,NA,NA,0.166666666666667,0.166666666666667,NA,0,0.166666666666667,0.666666666666667,NA,0.333333333333333,0,0.166666666666667,0.666666666666667,NA,0.333333333333333,0.333333333333333,NA,NA,0.166666666666667,0.5,NA,0,0.666666666666667,0.666666666666667,NA,1,0,1,3,0,1,1,0,0,1,3,0,0,3,0,0,2,3,4,2,0,2,2,0,0,4,2,0,3,2,1,0,0,0,0,1,0,0,0,0,0,0,0,0,0,1,2,0,0,0,1,0,0,0,0,0,0,1,1,0,0,0,0,0,0.333333333333333,0,0.166666666666667,0.5,NA,0.333333333333333,0.333333333333333,NA,NA,0.166666666666667,0.5,NA,0,0.5,0,NA,0.666666666666667,1,0.666666666666667,0.333333333333333,NA,0.666666666666667,0.666666666666667,NA,NA,0.666666666666667,0.333333333333333,NA,1,0.333333333333333,0.333333333333333,NA,0,0,0,0.166666666666667,NA,0,0,NA,NA,0,0,NA,0,0.166666666666667,0.666666666666667,NA,0,0,0.166666666666667,0,NA,0,0,NA,NA,0.166666666666667,0.166666666666667,NA,0,0,0,NA
"863",3,6,6,0,3,0,0,0,6,0,0,0,6,0,0,0,0,1,2,0,0,0,0,0,0,0,0,0,1,0,0,0,0,0,3,0,0,0,0,0,1,0,0,0,4,0,0,0,0.1,0.2,0.2,0,0.1,0,0,0,0.2,0,0,0,0.2,0,0,0,0,0.166666666666667,0.333333333333333,NA,0,NA,NA,NA,0,NA,NA,NA,0.166666666666667,NA,NA,NA,0,0,0.5,NA,0,NA,NA,NA,0.166666666666667,NA,NA,NA,0.666666666666667,NA,NA,NA,0,0,3,0,0,0,0,0,1,0,0,0,3,0,0,0,3,5,1,0,3,0,0,0,5,0,0,0,2,0,0,0,0,0,0,0,0,0,0,0,0,0,0,0,1,0,0,0,0,1,2,0,0,0,0,0,0,0,0,0,0,0,0,0,0,0,0.5,NA,0,NA,NA,NA,0.166666666666667,NA,NA,NA,0.5,NA,NA,NA,1,0.833333333333333,0.166666666666667,NA,1,NA,NA,NA,0.833333333333333,NA,NA,NA,0.333333333333333,NA,NA,NA,0,0,0,NA,0,NA,NA,NA,0,NA,NA,NA,0.166666666666667,NA,NA,NA,0,0.166666666666667,0.333333333333333,NA,0,NA,NA,NA,0,NA,NA,NA,0,NA,NA,NA
"864",6,6,3,6,0,6,6,3,0,6,6,0,0,0,0,0,0,1,0,0,0,1,0,1,0,0,2,0,0,0,0,0,0,1,0,2,0,1,2,2,0,3,3,0,0,0,0,0,0.125,0.125,0.0625,0.125,0,0.125,0.125,0.0625,0,0.125,0.125,0,0,0,0,0,0,0.166666666666667,0,0,NA,0.166666666666667,0,0.333333333333333,NA,0,0.333333333333333,NA,NA,NA,NA,NA,0,0.166666666666667,0,0.333333333333333,NA,0.166666666666667,0.333333333333333,0.666666666666667,NA,0.5,0.5,NA,NA,NA,NA,NA,0,1,0,2,0,1,2,1,0,3,1,0,0,0,0,0,6,4,3,4,0,4,4,1,0,3,3,0,0,0,0,0,0,0,0,0,0,0,0,1,0,0,2,0,0,0,0,0,0,1,0,0,0,1,0,0,0,0,0,0,0,0,0,0,0,0.166666666666667,0,0.333333333333333,NA,0.166666666666667,0.333333333333333,0.333333333333333,NA,0.5,0.166666666666667,NA,NA,NA,NA,NA,1,0.666666666666667,1,0.666666666666667,NA,0.666666666666667,0.666666666666667,0.333333333333333,NA,0.5,0.5,NA,NA,NA,NA,NA,0,0,0,0,NA,0,0,0.333333333333333,NA,0,0.333333333333333,NA,NA,NA,NA,NA,0,0.166666666666667,0,0,NA,0.166666666666667,0,0,NA,0,0,NA,NA,NA,NA,NA
"865",3,6,6,0,3,0,0,0,6,0,0,0,6,0,0,0,0,0,2,0,0,0,0,0,0,0,0,0,1,0,0,0,1,1,3,0,0,0,0,0,1,0,0,0,0,0,0,0,0.1,0.2,0.2,0,0.1,0,0,0,0.2,0,0,0,0.2,0,0,0,0,0,0.333333333333333,NA,0,NA,NA,NA,0,NA,NA,NA,0.166666666666667,NA,NA,NA,0.333333333333333,0.166666666666667,0.5,NA,0,NA,NA,NA,0.166666666666667,NA,NA,NA,0,NA,NA,NA,1,1,1,0,0,0,0,0,1,0,0,0,0,0,0,0,2,5,3,0,3,0,0,0,5,0,0,0,5,0,0,0,0,0,2,0,0,0,0,0,0,0,0,0,0,0,0,0,0,0,0,0,0,0,0,0,0,0,0,0,1,0,0,0,0.333333333333333,0.166666666666667,0.166666666666667,NA,0,NA,NA,NA,0.166666666666667,NA,NA,NA,0,NA,NA,NA,0.666666666666667,0.833333333333333,0.5,NA,1,NA,NA,NA,0.833333333333333,NA,NA,NA,0.833333333333333,NA,NA,NA,0,0,0.333333333333333,NA,0,NA,NA,NA,0,NA,NA,NA,0,NA,NA,NA,0,0,0,NA,0,NA,NA,NA,0,NA,NA,NA,0.166666666666667,NA,NA,NA
"866",3,3,6,3,3,6,6,6,3,3,3,0,3,0,0,0,0,0,0,0,0,1,1,1,0,1,1,0,2,0,0,0,1,0,2,0,0,0,2,4,1,0,2,0,0,0,0,0,0.0625,0.0625,0.125,0.0625,0.0625,0.125,0.125,0.125,0.0625,0.0625,0.0625,0,0.0625,0,0,0,0,0,0,0,0,0.166666666666667,0.166666666666667,0.166666666666667,0,0.333333333333333,0.333333333333333,NA,0.666666666666667,NA,NA,NA,0.333333333333333,0,0.333333333333333,0,0,0,0.333333333333333,0.666666666666667,0.333333333333333,0,0.666666666666667,NA,0,NA,NA,NA,1,0,2,0,0,0,2,3,1,0,1,0,0,0,0,0,2,3,4,3,3,5,3,2,2,2,1,0,1,0,0,0,0,0,0,0,0,0,0,1,0,0,1,0,0,0,0,0,0,0,0,0,0,1,1,0,0,1,0,0,2,0,0,0,0.333333333333333,0,0.333333333333333,0,0,0,0.333333333333333,0.5,0.333333333333333,0,0.333333333333333,NA,0,NA,NA,NA,0.666666666666667,1,0.666666666666667,1,1,0.833333333333333,0.5,0.333333333333333,0.666666666666667,0.666666666666667,0.333333333333333,NA,0.333333333333333,NA,NA,NA,0,0,0,0,0,0,0,0.166666666666667,0,0,0.333333333333333,NA,0,NA,NA,NA,0,0,0,0,0,0.166666666666667,0.166666666666667,0,0,0.333333333333333,0,NA,0.666666666666667,NA,NA,NA
"867",3,3,6,3,6,6,0,0,6,6,0,0,3,0,0,0,0,0,1,1,0,0,0,0,2,2,0,0,1,0,0,0,0,0,2,0,1,1,0,0,0,2,0,0,2,0,0,0,0.0714285714285714,0.0714285714285714,0.142857142857143,0.0714285714285714,0.142857142857143,0.142857142857143,0,0,0.142857142857143,0.142857142857143,0,0,0.0714285714285714,0,0,0,0,0,0.166666666666667,0.333333333333333,0,0,NA,NA,0.333333333333333,0.333333333333333,NA,NA,0.333333333333333,NA,NA,NA,0,0,0.333333333333333,0,0.166666666666667,0.166666666666667,NA,NA,0,0.333333333333333,NA,NA,0.666666666666667,NA,NA,NA,0,0,2,0,1,1,0,0,0,0,0,0,2,0,0,0,3,3,3,2,5,5,0,0,4,4,0,0,0,0,0,0,0,0,0,0,0,0,0,0,0,2,0,0,0,0,0,0,0,0,1,1,0,0,0,0,2,0,0,0,1,0,0,0,0,0,0.333333333333333,0,0.166666666666667,0.166666666666667,NA,NA,0,0,NA,NA,0.666666666666667,NA,NA,NA,1,1,0.5,0.666666666666667,0.833333333333333,0.833333333333333,NA,NA,0.666666666666667,0.666666666666667,NA,NA,0,NA,NA,NA,0,0,0,0,0,0,NA,NA,0,0.333333333333333,NA,NA,0,NA,NA,NA,0,0,0.166666666666667,0.333333333333333,0,0,NA,NA,0.333333333333333,0,NA,NA,0.333333333333333,NA,NA,NA
"868",3,3,3,6,6,6,6,6,3,0,6,0,0,0,0,0,0,0,0,0,1,2,0,3,1,0,2,0,0,0,0,0,1,1,1,2,0,2,2,4,0,0,5,0,0,0,0,0,0.0625,0.0625,0.0625,0.125,0.125,0.125,0.125,0.125,0.0625,0,0.125,0,0,0,0,0,0,0,0,0,0.166666666666667,0.333333333333333,0,0.5,0.333333333333333,NA,0.333333333333333,NA,NA,NA,NA,NA,0.333333333333333,0.333333333333333,0.333333333333333,0.333333333333333,0,0.333333333333333,0.333333333333333,0.666666666666667,0,NA,0.833333333333333,NA,NA,NA,NA,NA,1,1,1,2,0,1,2,3,0,0,3,0,0,0,0,0,2,2,2,4,5,3,4,0,2,0,1,0,0,0,0,0,0,0,0,0,0,1,0,1,0,0,2,0,0,0,0,0,0,0,0,0,1,1,0,2,1,0,0,0,0,0,0,0,0.333333333333333,0.333333333333333,0.333333333333333,0.333333333333333,0,0.166666666666667,0.333333333333333,0.5,0,NA,0.5,NA,NA,NA,NA,NA,0.666666666666667,0.666666666666667,0.666666666666667,0.666666666666667,0.833333333333333,0.5,0.666666666666667,0,0.666666666666667,NA,0.166666666666667,NA,NA,NA,NA,NA,0,0,0,0,0,0.166666666666667,0,0.166666666666667,0,NA,0.333333333333333,NA,NA,NA,NA,NA,0,0,0,0,0.166666666666667,0.166666666666667,0,0.333333333333333,0.333333333333333,NA,0,NA,NA,NA,NA,NA
"869",3,3,6,6,0,3,0,0,0,6,0,0,6,6,0,0,0,0,0,4,0,0,0,0,0,0,0,0,0,1,0,0,0,0,2,1,0,0,0,0,0,1,0,0,1,4,0,0,0.0769230769230769,0.0769230769230769,0.153846153846154,0.153846153846154,0,0.0769230769230769,0,0,0,0.153846153846154,0,0,0.153846153846154,0.153846153846154,0,0,0,0,0,0.666666666666667,NA,0,NA,NA,NA,0,NA,NA,0,0.166666666666667,NA,NA,0,0,0.333333333333333,0.166666666666667,NA,0,NA,NA,NA,0.166666666666667,NA,NA,0.166666666666667,0.666666666666667,NA,NA,0,0,2,1,0,0,0,0,0,1,0,0,1,3,0,0,3,3,4,1,0,3,0,0,0,5,0,0,5,2,0,0,0,0,0,0,0,0,0,0,0,0,0,0,0,1,0,0,0,0,0,4,0,0,0,0,0,0,0,0,0,0,0,0,0,0,0.333333333333333,0.166666666666667,NA,0,NA,NA,NA,0.166666666666667,NA,NA,0.166666666666667,0.5,NA,NA,1,1,0.666666666666667,0.166666666666667,NA,1,NA,NA,NA,0.833333333333333,NA,NA,0.833333333333333,0.333333333333333,NA,NA,0,0,0,0,NA,0,NA,NA,NA,0,NA,NA,0,0.166666666666667,NA,NA,0,0,0,0.666666666666667,NA,0,NA,NA,NA,0,NA,NA,0,0,NA,NA
"870",3,3,3,6,6,6,6,6,3,6,0,0,0,0,0,0,0,0,0,1,0,0,0,2,1,2,0,0,0,0,0,0,0,0,1,2,0,2,3,3,0,1,0,0,0,0,0,0,0.0625,0.0625,0.0625,0.125,0.125,0.125,0.125,0.125,0.0625,0.125,0,0,0,0,0,0,0,0,0,0.166666666666667,0,0,0,0.333333333333333,0.333333333333333,0.333333333333333,NA,NA,NA,NA,NA,NA,0,0,0.333333333333333,0.333333333333333,0,0.333333333333333,0.5,0.5,0,0.166666666666667,NA,NA,NA,NA,NA,NA,0,0,1,2,0,2,3,3,0,1,0,0,0,0,0,0,3,3,2,3,6,4,3,1,2,3,0,0,0,0,0,0,0,0,0,0,0,0,0,0,0,0,0,0,0,0,0,0,0,0,0,1,0,0,0,2,1,2,0,0,0,0,0,0,0,0,0.333333333333333,0.333333333333333,0,0.333333333333333,0.5,0.5,0,0.166666666666667,NA,NA,NA,NA,NA,NA,1,1,0.666666666666667,0.5,1,0.666666666666667,0.5,0.166666666666667,0.666666666666667,0.5,NA,NA,NA,NA,NA,NA,0,0,0,0,0,0,0,0,0,0,NA,NA,NA,NA,NA,NA,0,0,0,0.166666666666667,0,0,0,0.333333333333333,0.333333333333333,0.333333333333333,NA,NA,NA,NA,NA,NA
"871",3,6,6,3,0,0,3,6,3,6,6,0,0,3,3,0,0,0,1,0,0,0,0,0,1,1,1,0,0,1,2,0,0,0,0,0,0,0,0,3,3,1,2,0,0,3,1,0,0.0625,0.125,0.125,0.0625,0,0,0.0625,0.125,0.0625,0.125,0.125,0,0,0.0625,0.0625,0,0,0,0.166666666666667,0,NA,NA,0,0,0.333333333333333,0.166666666666667,0.166666666666667,NA,NA,0.333333333333333,0.666666666666667,NA,0,0,0,0,NA,NA,0,0.5,1,0.166666666666667,0.333333333333333,NA,NA,1,0.333333333333333,NA,0,0,0,0,0,0,0,3,2,1,1,0,0,2,0,0,3,6,5,3,0,0,3,3,0,4,4,0,0,0,1,0,0,0,0,0,0,0,0,0,1,0,1,0,0,1,1,0,0,0,1,0,0,0,0,0,0,1,0,0,0,0,1,0,0,0,0,0,NA,NA,0,0.5,0.666666666666667,0.166666666666667,0.166666666666667,NA,NA,0.666666666666667,0,NA,1,1,0.833333333333333,1,NA,NA,1,0.5,0,0.666666666666667,0.666666666666667,NA,NA,0,0.333333333333333,NA,0,0,0,0,NA,NA,0,0,0.333333333333333,0,0.166666666666667,NA,NA,0.333333333333333,0.333333333333333,NA,0,0,0.166666666666667,0,NA,NA,0,0,0,0.166666666666667,0,NA,NA,0,0.333333333333333,NA
"872",3,3,3,3,3,0,3,6,3,6,6,0,0,6,3,0,0,0,0,0,0,0,0,1,2,0,0,0,0,2,2,0,0,0,1,0,0,0,1,3,0,1,4,0,0,5,3,0,0.0625,0.0625,0.0625,0.0625,0.0625,0,0.0625,0.125,0.0625,0.125,0.125,0,0,0.125,0.0625,0,0,0,0,0,0,NA,0,0.166666666666667,0.666666666666667,0,0,NA,NA,0.333333333333333,0.666666666666667,NA,0,0,0.333333333333333,0,0,NA,0.333333333333333,0.5,0,0.166666666666667,0.666666666666667,NA,NA,0.833333333333333,1,NA,0,0,1,0,0,0,1,2,0,1,4,0,0,3,1,0,3,3,2,3,3,0,2,3,1,5,2,0,0,1,0,0,0,0,0,0,0,0,0,1,0,0,0,0,0,2,2,0,0,0,0,0,0,0,0,0,2,0,0,0,0,0,0,0,0,0,0.333333333333333,0,0,NA,0.333333333333333,0.333333333333333,0,0.166666666666667,0.666666666666667,NA,NA,0.5,0.333333333333333,NA,1,1,0.666666666666667,1,1,NA,0.666666666666667,0.5,0.333333333333333,0.833333333333333,0.333333333333333,NA,NA,0.166666666666667,0,NA,0,0,0,0,0,NA,0,0.166666666666667,0,0,0,NA,NA,0.333333333333333,0.666666666666667,NA,0,0,0,0,0,NA,0,0,0.666666666666667,0,0,NA,NA,0,0,NA
"873",6,6,6,6,0,6,6,3,0,3,6,0,0,0,0,0,0,1,0,1,0,1,0,1,0,0,2,0,0,0,0,0,1,1,1,1,0,1,2,3,0,1,4,0,0,0,0,0,0.125,0.125,0.125,0.125,0,0.125,0.125,0.0625,0,0.0625,0.125,0,0,0,0,0,0,0.166666666666667,0,0.166666666666667,NA,0.166666666666667,0,0.333333333333333,NA,0,0.333333333333333,NA,NA,NA,NA,NA,0.166666666666667,0.166666666666667,0.166666666666667,0.166666666666667,NA,0.166666666666667,0.333333333333333,1,NA,0.333333333333333,0.666666666666667,NA,NA,NA,NA,NA,1,1,1,1,0,1,2,2,0,1,2,0,0,0,0,0,5,4,5,4,0,4,4,0,0,2,2,0,0,0,0,0,0,0,0,0,0,0,0,1,0,0,2,0,0,0,0,0,0,1,0,1,0,1,0,0,0,0,0,0,0,0,0,0,0.166666666666667,0.166666666666667,0.166666666666667,0.166666666666667,NA,0.166666666666667,0.333333333333333,0.666666666666667,NA,0.333333333333333,0.333333333333333,NA,NA,NA,NA,NA,0.833333333333333,0.666666666666667,0.833333333333333,0.666666666666667,NA,0.666666666666667,0.666666666666667,0,NA,0.666666666666667,0.333333333333333,NA,NA,NA,NA,NA,0,0,0,0,NA,0,0,0.333333333333333,NA,0,0.333333333333333,NA,NA,NA,NA,NA,0,0.166666666666667,0,0.166666666666667,NA,0.166666666666667,0,0,NA,0,0,NA,NA,NA,NA,NA
"874",3,3,3,6,0,3,6,0,3,3,6,0,6,6,0,0,0,0,0,0,0,0,0,0,0,0,2,0,2,1,0,0,0,0,0,4,0,1,2,0,0,0,3,0,1,2,0,0,0.0625,0.0625,0.0625,0.125,0,0.0625,0.125,0,0.0625,0.0625,0.125,0,0.125,0.125,0,0,0,0,0,0,NA,0,0,NA,0,0,0.333333333333333,NA,0.333333333333333,0.166666666666667,NA,NA,0,0,0,0.666666666666667,NA,0.333333333333333,0.333333333333333,NA,0,0,0.5,NA,0.166666666666667,0.333333333333333,NA,NA,0,0,0,4,0,1,2,0,0,0,3,0,0,2,0,0,3,3,3,2,0,2,4,0,3,3,1,0,4,3,0,0,0,0,0,0,0,0,0,0,0,0,0,0,1,0,0,0,0,0,0,0,0,0,0,0,0,0,2,0,1,1,0,0,0,0,0,0.666666666666667,NA,0.333333333333333,0.333333333333333,NA,0,0,0.5,NA,0,0.333333333333333,NA,NA,1,1,1,0.333333333333333,NA,0.666666666666667,0.666666666666667,NA,1,1,0.166666666666667,NA,0.666666666666667,0.5,NA,NA,0,0,0,0,NA,0,0,NA,0,0,0,NA,0.166666666666667,0,NA,NA,0,0,0,0,NA,0,0,NA,0,0,0.333333333333333,NA,0.166666666666667,0.166666666666667,NA,NA
"875",3,3,3,6,0,3,6,6,0,6,6,0,0,6,0,0,0,0,0,0,0,0,0,2,0,0,2,0,0,2,0,0,0,0,0,1,0,1,2,3,0,1,4,0,0,2,0,0,0.0625,0.0625,0.0625,0.125,0,0.0625,0.125,0.125,0,0.125,0.125,0,0,0.125,0,0,0,0,0,0,NA,0,0,0.333333333333333,NA,0,0.333333333333333,NA,NA,0.333333333333333,NA,NA,0,0,0,0.166666666666667,NA,0.333333333333333,0.333333333333333,0.5,NA,0.166666666666667,0.666666666666667,NA,NA,0.333333333333333,NA,NA,0,0,0,1,0,1,2,2,0,1,3,0,0,1,0,0,3,3,3,5,0,2,4,2,0,5,1,0,0,3,0,0,0,0,0,0,0,0,0,1,0,0,1,0,0,1,0,0,0,0,0,0,0,0,0,1,0,0,1,0,0,1,0,0,0,0,0,0.166666666666667,NA,0.333333333333333,0.333333333333333,0.333333333333333,NA,0.166666666666667,0.5,NA,NA,0.166666666666667,NA,NA,1,1,1,0.833333333333333,NA,0.666666666666667,0.666666666666667,0.333333333333333,NA,0.833333333333333,0.166666666666667,NA,NA,0.5,NA,NA,0,0,0,0,NA,0,0,0.166666666666667,NA,0,0.166666666666667,NA,NA,0.166666666666667,NA,NA,0,0,0,0,NA,0,0,0.166666666666667,NA,0,0.166666666666667,NA,NA,0.166666666666667,NA,NA
"876",3,3,3,6,3,6,6,6,0,3,6,0,0,0,3,0,0,0,0,1,0,2,1,1,0,1,0,0,0,0,2,0,0,1,1,0,0,2,2,4,0,1,2,0,0,0,2,0,0.0625,0.0625,0.0625,0.125,0.0625,0.125,0.125,0.125,0,0.0625,0.125,0,0,0,0.0625,0,0,0,0,0.166666666666667,0,0.333333333333333,0.166666666666667,0.166666666666667,NA,0.333333333333333,0,NA,NA,NA,0.666666666666667,NA,0,0.333333333333333,0.333333333333333,0,0,0.333333333333333,0.333333333333333,0.666666666666667,NA,0.333333333333333,0.333333333333333,NA,NA,NA,0.666666666666667,NA,0,1,1,0,0,2,1,4,0,1,2,0,0,0,1,0,3,2,2,5,3,2,4,1,0,1,4,0,0,0,0,0,0,0,0,0,0,0,1,0,0,0,0,0,0,0,1,0,0,0,0,1,0,2,0,1,0,1,0,0,0,0,1,0,0,0.333333333333333,0.333333333333333,0,0,0.333333333333333,0.166666666666667,0.666666666666667,NA,0.333333333333333,0.333333333333333,NA,NA,NA,0.333333333333333,NA,1,0.666666666666667,0.666666666666667,0.833333333333333,1,0.333333333333333,0.666666666666667,0.166666666666667,NA,0.333333333333333,0.666666666666667,NA,NA,NA,0,NA,0,0,0,0,0,0,0.166666666666667,0,NA,0,0,NA,NA,NA,0.333333333333333,NA,0,0,0,0.166666666666667,0,0.333333333333333,0,0.166666666666667,NA,0.333333333333333,0,NA,NA,NA,0.333333333333333,NA
"877",6,3,0,0,3,0,0,0,3,0,0,0,6,0,0,0,1,1,0,0,0,0,0,0,0,0,0,0,1,0,0,0,1,0,0,0,0,0,0,0,0,0,0,0,0,0,0,0,0.285714285714286,0.142857142857143,0,0,0.142857142857143,0,0,0,0.142857142857143,0,0,0,0.285714285714286,0,0,0,0.166666666666667,0.333333333333333,NA,NA,0,NA,NA,NA,0,NA,NA,NA,0.166666666666667,NA,NA,NA,0.166666666666667,0,NA,NA,0,NA,NA,NA,0,NA,NA,NA,0,NA,NA,NA,1,0,0,0,0,0,0,0,0,0,0,0,0,0,0,0,4,2,0,0,3,0,0,0,3,0,0,0,5,0,0,0,0,0,0,0,0,0,0,0,0,0,0,0,0,0,0,0,1,1,0,0,0,0,0,0,0,0,0,0,1,0,0,0,0.166666666666667,0,NA,NA,0,NA,NA,NA,0,NA,NA,NA,0,NA,NA,NA,0.666666666666667,0.666666666666667,NA,NA,1,NA,NA,NA,1,NA,NA,NA,0.833333333333333,NA,NA,NA,0,0,NA,NA,0,NA,NA,NA,0,NA,NA,NA,0,NA,NA,NA,0.166666666666667,0.333333333333333,NA,NA,0,NA,NA,NA,0,NA,NA,NA,0.166666666666667,NA,NA,NA
"878",3,3,3,6,0,3,3,3,0,6,6,0,6,6,0,0,0,0,0,0,0,0,0,3,0,1,1,0,0,1,0,0,1,0,0,2,0,1,0,2,0,2,4,0,1,4,0,0,0.0625,0.0625,0.0625,0.125,0,0.0625,0.0625,0.0625,0,0.125,0.125,0,0.125,0.125,0,0,0,0,0,0,NA,0,0,1,NA,0.166666666666667,0.166666666666667,NA,0,0.166666666666667,NA,NA,0.333333333333333,0,0,0.333333333333333,NA,0.333333333333333,0,0.666666666666667,NA,0.333333333333333,0.666666666666667,NA,0.166666666666667,0.666666666666667,NA,NA,1,0,0,2,0,1,0,0,0,2,4,0,1,3,0,0,2,3,3,4,0,2,3,0,0,3,1,0,5,2,0,0,0,0,0,0,0,0,0,2,0,0,0,0,0,1,0,0,0,0,0,0,0,0,0,1,0,1,1,0,0,0,0,0,0.333333333333333,0,0,0.333333333333333,NA,0.333333333333333,0,0,NA,0.333333333333333,0.666666666666667,NA,0.166666666666667,0.5,NA,NA,0.666666666666667,1,1,0.666666666666667,NA,0.666666666666667,1,0,NA,0.5,0.166666666666667,NA,0.833333333333333,0.333333333333333,NA,NA,0,0,0,0,NA,0,0,0.666666666666667,NA,0,0,NA,0,0.166666666666667,NA,NA,0,0,0,0,NA,0,0,0.333333333333333,NA,0.166666666666667,0.166666666666667,NA,0,0,NA,NA
"879",3,6,6,0,3,0,0,0,3,0,0,0,6,0,0,0,0,1,2,0,0,0,0,0,0,0,0,0,0,0,0,0,0,1,4,0,0,0,0,0,0,0,0,0,0,0,0,0,0.111111111111111,0.222222222222222,0.222222222222222,0,0.111111111111111,0,0,0,0.111111111111111,0,0,0,0.222222222222222,0,0,0,0,0.166666666666667,0.333333333333333,NA,0,NA,NA,NA,0,NA,NA,NA,0,NA,NA,NA,0,0.166666666666667,0.666666666666667,NA,0,NA,NA,NA,0,NA,NA,NA,0,NA,NA,NA,0,0,3,0,0,0,0,0,0,0,0,0,0,0,0,0,3,5,1,0,3,0,0,0,3,0,0,0,6,0,0,0,0,1,1,0,0,0,0,0,0,0,0,0,0,0,0,0,0,0,1,0,0,0,0,0,0,0,0,0,0,0,0,0,0,0,0.5,NA,0,NA,NA,NA,0,NA,NA,NA,0,NA,NA,NA,1,0.833333333333333,0.166666666666667,NA,1,NA,NA,NA,1,NA,NA,NA,1,NA,NA,NA,0,0.166666666666667,0.166666666666667,NA,0,NA,NA,NA,0,NA,NA,NA,0,NA,NA,NA,0,0,0.166666666666667,NA,0,NA,NA,NA,0,NA,NA,NA,0,NA,NA,NA
"880",6,6,3,6,0,3,6,6,0,3,3,0,0,6,0,0,0,1,0,0,0,0,0,1,0,0,2,0,0,2,0,0,0,0,0,1,0,0,3,4,0,0,1,0,0,2,0,0,0.125,0.125,0.0625,0.125,0,0.0625,0.125,0.125,0,0.0625,0.0625,0,0,0.125,0,0,0,0.166666666666667,0,0,NA,0,0,0.166666666666667,NA,0,0.666666666666667,NA,NA,0.333333333333333,NA,NA,0,0,0,0.166666666666667,NA,0,0.5,0.666666666666667,NA,0,0.333333333333333,NA,NA,0.333333333333333,NA,NA,0,0,0,1,0,0,3,4,0,0,1,0,0,1,0,0,6,5,3,5,0,3,3,1,0,3,0,0,0,3,0,0,0,0,0,0,0,0,0,0,0,0,0,0,0,1,0,0,0,1,0,0,0,0,0,1,0,0,2,0,0,1,0,0,0,0,0,0.166666666666667,NA,0,0.5,0.666666666666667,NA,0,0.333333333333333,NA,NA,0.166666666666667,NA,NA,1,0.833333333333333,1,0.833333333333333,NA,1,0.5,0.166666666666667,NA,1,0,NA,NA,0.5,NA,NA,0,0,0,0,NA,0,0,0,NA,0,0,NA,NA,0.166666666666667,NA,NA,0,0.166666666666667,0,0,NA,0,0,0.166666666666667,NA,0,0.666666666666667,NA,NA,0.166666666666667,NA,NA
"881",3,6,6,6,0,3,3,6,0,3,6,0,0,0,6,0,0,0,1,0,0,0,0,1,0,2,0,0,0,0,3,0,0,0,1,2,0,0,0,3,0,0,1,0,0,0,4,0,0.0625,0.125,0.125,0.125,0,0.0625,0.0625,0.125,0,0.0625,0.125,0,0,0,0.125,0,0,0,0.166666666666667,0,NA,0,0,0.166666666666667,NA,0.666666666666667,0,NA,NA,NA,0.5,NA,0,0,0.166666666666667,0.333333333333333,NA,0,0,0.5,NA,0,0.166666666666667,NA,NA,NA,0.666666666666667,NA,0,0,1,2,0,0,0,3,0,0,1,0,0,0,2,0,3,6,4,4,0,3,3,2,0,1,5,0,0,0,1,0,0,0,0,0,0,0,0,0,0,0,0,0,0,0,2,0,0,0,1,0,0,0,0,1,0,2,0,0,0,0,1,0,0,0,0.166666666666667,0.333333333333333,NA,0,0,0.5,NA,0,0.166666666666667,NA,NA,NA,0.333333333333333,NA,1,1,0.666666666666667,0.666666666666667,NA,1,1,0.333333333333333,NA,0.333333333333333,0.833333333333333,NA,NA,NA,0.166666666666667,NA,0,0,0,0,NA,0,0,0,NA,0,0,NA,NA,NA,0.333333333333333,NA,0,0,0.166666666666667,0,NA,0,0,0.166666666666667,NA,0.666666666666667,0,NA,NA,NA,0.166666666666667,NA
"882",3,3,3,6,3,6,6,3,3,6,3,0,3,0,0,0,0,0,0,0,0,1,0,3,0,2,2,0,1,0,0,0,0,1,1,3,1,1,2,2,0,3,2,0,0,0,0,0,0.0625,0.0625,0.0625,0.125,0.0625,0.125,0.125,0.0625,0.0625,0.125,0.0625,0,0.0625,0,0,0,0,0,0,0,0,0.166666666666667,0,1,0,0.333333333333333,0.666666666666667,NA,0.333333333333333,NA,NA,NA,0,0.333333333333333,0.333333333333333,0.5,0.333333333333333,0.166666666666667,0.333333333333333,0.666666666666667,0,0.5,0.666666666666667,NA,0,NA,NA,NA,0,1,1,3,1,1,2,0,0,3,1,0,0,0,0,0,3,2,2,3,2,4,4,0,3,1,0,0,2,0,0,0,0,0,0,0,0,0,0,2,0,0,1,0,0,0,0,0,0,0,0,0,0,1,0,1,0,2,1,0,1,0,0,0,0,0.333333333333333,0.333333333333333,0.5,0.333333333333333,0.166666666666667,0.333333333333333,0,0,0.5,0.333333333333333,NA,0,NA,NA,NA,1,0.666666666666667,0.666666666666667,0.5,0.666666666666667,0.666666666666667,0.666666666666667,0,1,0.166666666666667,0,NA,0.666666666666667,NA,NA,NA,0,0,0,0,0,0,0,0.666666666666667,0,0,0.333333333333333,NA,0,NA,NA,NA,0,0,0,0,0,0.166666666666667,0,0.333333333333333,0,0.333333333333333,0.333333333333333,NA,0.333333333333333,NA,NA,NA
"883",3,3,3,6,0,3,6,6,0,6,0,0,6,6,0,0,0,0,0,0,0,0,0,2,0,0,0,0,0,1,0,0,0,0,1,2,0,1,3,4,0,2,0,0,2,3,0,0,0.0625,0.0625,0.0625,0.125,0,0.0625,0.125,0.125,0,0.125,0,0,0.125,0.125,0,0,0,0,0,0,NA,0,0,0.333333333333333,NA,0,NA,NA,0,0.166666666666667,NA,NA,0,0,0.333333333333333,0.333333333333333,NA,0.333333333333333,0.5,0.666666666666667,NA,0.333333333333333,NA,NA,0.333333333333333,0.5,NA,NA,0,0,1,2,0,1,3,3,0,2,0,0,2,2,0,0,3,3,2,4,0,2,3,1,0,4,0,0,4,3,0,0,0,0,0,0,0,0,0,1,0,0,0,0,0,1,0,0,0,0,0,0,0,0,0,1,0,0,0,0,0,0,0,0,0,0,0.333333333333333,0.333333333333333,NA,0.333333333333333,0.5,0.5,NA,0.333333333333333,NA,NA,0.333333333333333,0.333333333333333,NA,NA,1,1,0.666666666666667,0.666666666666667,NA,0.666666666666667,0.5,0.166666666666667,NA,0.666666666666667,NA,NA,0.666666666666667,0.5,NA,NA,0,0,0,0,NA,0,0,0.166666666666667,NA,0,NA,NA,0,0.166666666666667,NA,NA,0,0,0,0,NA,0,0,0.166666666666667,NA,0,NA,NA,0,0,NA,NA
"884",3,3,6,6,3,6,6,3,6,0,0,0,6,0,0,0,0,0,0,1,0,3,0,1,0,0,0,0,1,0,0,0,0,1,0,0,0,1,4,1,1,0,0,0,1,0,0,0,0.0625,0.0625,0.125,0.125,0.0625,0.125,0.125,0.0625,0.125,0,0,0,0.125,0,0,0,0,0,0,0.166666666666667,0,0.5,0,0.333333333333333,0,NA,NA,NA,0.166666666666667,NA,NA,NA,0,0.333333333333333,0,0,0,0.166666666666667,0.666666666666667,0.333333333333333,0.166666666666667,NA,NA,NA,0.166666666666667,NA,NA,NA,0,1,0,0,0,1,4,0,1,0,0,0,1,0,0,0,3,2,6,5,3,2,2,2,5,0,0,0,4,0,0,0,0,0,0,0,0,0,0,1,0,0,0,0,0,0,0,0,0,0,0,1,0,3,0,0,0,0,0,0,1,0,0,0,0,0.333333333333333,0,0,0,0.166666666666667,0.666666666666667,0,0.166666666666667,NA,NA,NA,0.166666666666667,NA,NA,NA,1,0.666666666666667,1,0.833333333333333,1,0.333333333333333,0.333333333333333,0.666666666666667,0.833333333333333,NA,NA,NA,0.666666666666667,NA,NA,NA,0,0,0,0,0,0,0,0.333333333333333,0,NA,NA,NA,0,NA,NA,NA,0,0,0,0.166666666666667,0,0.5,0,0,0,NA,NA,NA,0.166666666666667,NA,NA,NA
"885",3,3,3,6,0,0,6,0,0,6,6,0,3,6,6,0,0,0,0,0,0,0,0,0,0,0,1,0,0,3,1,0,1,1,0,4,0,0,2,0,0,2,2,0,2,1,5,0,0.0625,0.0625,0.0625,0.125,0,0,0.125,0,0,0.125,0.125,0,0.0625,0.125,0.125,0,0,0,0,0,NA,NA,0,NA,NA,0,0.166666666666667,NA,0,0.5,0.166666666666667,NA,0.333333333333333,0.333333333333333,0,0.666666666666667,NA,NA,0.333333333333333,NA,NA,0.333333333333333,0.333333333333333,NA,0.666666666666667,0.166666666666667,0.833333333333333,NA,1,1,0,4,0,0,2,0,0,2,1,0,2,1,4,0,2,2,3,2,0,0,4,0,0,4,4,0,1,2,1,0,0,0,0,0,0,0,0,0,0,0,1,0,0,0,1,0,0,0,0,0,0,0,0,0,0,0,0,0,0,3,0,0,0.333333333333333,0.333333333333333,0,0.666666666666667,NA,NA,0.333333333333333,NA,NA,0.333333333333333,0.166666666666667,NA,0.666666666666667,0.166666666666667,0.666666666666667,NA,0.666666666666667,0.666666666666667,1,0.333333333333333,NA,NA,0.666666666666667,NA,NA,0.666666666666667,0.666666666666667,NA,0.333333333333333,0.333333333333333,0.166666666666667,NA,0,0,0,0,NA,NA,0,NA,NA,0,0.166666666666667,NA,0,0,0.166666666666667,NA,0,0,0,0,NA,NA,0,NA,NA,0,0,NA,0,0.5,0,NA
"886",3,3,3,3,0,6,6,6,3,6,0,3,0,6,0,0,0,0,0,0,0,1,2,1,0,0,0,1,0,3,0,0,0,0,0,0,0,1,2,3,0,0,0,1,0,5,0,0,0.0625,0.0625,0.0625,0.0625,0,0.125,0.125,0.125,0.0625,0.125,0,0.0625,0,0.125,0,0,0,0,0,0,NA,0.166666666666667,0.333333333333333,0.166666666666667,0,0,NA,0.333333333333333,NA,0.5,NA,NA,0,0,0,0,NA,0.166666666666667,0.333333333333333,0.5,0,0,NA,0.333333333333333,NA,0.833333333333333,NA,NA,0,0,0,0,0,1,2,2,0,0,0,1,0,3,0,0,3,3,3,3,0,4,2,3,3,6,0,1,0,0,0,0,0,0,0,0,0,0,0,1,0,0,0,0,0,2,0,0,0,0,0,0,0,1,2,0,0,0,0,1,0,1,0,0,0,0,0,0,NA,0.166666666666667,0.333333333333333,0.333333333333333,0,0,NA,0.333333333333333,NA,0.5,NA,NA,1,1,1,1,NA,0.666666666666667,0.333333333333333,0.5,1,1,NA,0.333333333333333,NA,0,NA,NA,0,0,0,0,NA,0,0,0.166666666666667,0,0,NA,0,NA,0.333333333333333,NA,NA,0,0,0,0,NA,0.166666666666667,0.333333333333333,0,0,0,NA,0.333333333333333,NA,0.166666666666667,NA,NA
"887",3,6,6,0,6,0,0,0,6,0,0,0,0,0,0,0,0,0,2,0,1,0,0,0,2,0,0,0,0,0,0,0,0,1,2,0,1,0,0,0,2,0,0,0,0,0,0,0,0.111111111111111,0.222222222222222,0.222222222222222,0,0.222222222222222,0,0,0,0.222222222222222,0,0,0,0,0,0,0,0,0,0.333333333333333,NA,0.166666666666667,NA,NA,NA,0.333333333333333,NA,NA,NA,NA,NA,NA,NA,0,0.166666666666667,0.333333333333333,NA,0.166666666666667,NA,NA,NA,0.333333333333333,NA,NA,NA,NA,NA,NA,NA,0,1,1,0,1,0,0,0,2,0,0,0,0,0,0,0,3,5,3,0,4,0,0,0,2,0,0,0,0,0,0,0,0,0,1,0,0,0,0,0,0,0,0,0,0,0,0,0,0,0,1,0,1,0,0,0,2,0,0,0,0,0,0,0,0,0.166666666666667,0.166666666666667,NA,0.166666666666667,NA,NA,NA,0.333333333333333,NA,NA,NA,NA,NA,NA,NA,1,0.833333333333333,0.5,NA,0.666666666666667,NA,NA,NA,0.333333333333333,NA,NA,NA,NA,NA,NA,NA,0,0,0.166666666666667,NA,0,NA,NA,NA,0,NA,NA,NA,NA,NA,NA,NA,0,0,0.166666666666667,NA,0.166666666666667,NA,NA,NA,0.333333333333333,NA,NA,NA,NA,NA,NA,NA
"888",6,6,0,0,6,0,0,0,3,0,0,0,6,0,0,0,0,3,0,0,0,0,0,0,0,0,0,0,0,0,0,0,1,0,0,0,2,0,0,0,0,0,0,0,2,0,0,0,0.222222222222222,0.222222222222222,0,0,0.222222222222222,0,0,0,0.111111111111111,0,0,0,0.222222222222222,0,0,0,0,0.5,NA,NA,0,NA,NA,NA,0,NA,NA,NA,0,NA,NA,NA,0.166666666666667,0,NA,NA,0.333333333333333,NA,NA,NA,0,NA,NA,NA,0.333333333333333,NA,NA,NA,1,0,0,0,2,0,0,0,0,0,0,0,2,0,0,0,5,3,0,0,4,0,0,0,3,0,0,0,4,0,0,0,0,0,0,0,0,0,0,0,0,0,0,0,0,0,0,0,0,3,0,0,0,0,0,0,0,0,0,0,0,0,0,0,0.166666666666667,0,NA,NA,0.333333333333333,NA,NA,NA,0,NA,NA,NA,0.333333333333333,NA,NA,NA,0.833333333333333,0.5,NA,NA,0.666666666666667,NA,NA,NA,1,NA,NA,NA,0.666666666666667,NA,NA,NA,0,0,NA,NA,0,NA,NA,NA,0,NA,NA,NA,0,NA,NA,NA,0,0.5,NA,NA,0,NA,NA,NA,0,NA,NA,NA,0,NA,NA,NA
"889",3,6,3,6,0,6,6,6,0,6,3,0,0,3,0,0,0,0,0,0,0,1,1,3,0,1,1,0,0,1,0,0,1,2,0,2,0,1,1,6,0,1,2,0,0,2,0,0,0.0625,0.125,0.0625,0.125,0,0.125,0.125,0.125,0,0.125,0.0625,0,0,0.0625,0,0,0,0,0,0,NA,0.166666666666667,0.166666666666667,0.5,NA,0.166666666666667,0.333333333333333,NA,NA,0.333333333333333,NA,NA,0.333333333333333,0.333333333333333,0,0.333333333333333,NA,0.166666666666667,0.166666666666667,1,NA,0.166666666666667,0.666666666666667,NA,NA,0.666666666666667,NA,NA,1,2,0,2,0,1,1,3,0,1,2,0,0,1,0,0,2,4,3,4,0,4,4,0,0,4,0,0,0,1,0,0,0,0,0,0,0,0,0,3,0,0,0,0,0,1,0,0,0,0,0,0,0,1,1,0,0,1,1,0,0,0,0,0,0.333333333333333,0.333333333333333,0,0.333333333333333,NA,0.166666666666667,0.166666666666667,0.5,NA,0.166666666666667,0.666666666666667,NA,NA,0.333333333333333,NA,NA,0.666666666666667,0.666666666666667,1,0.666666666666667,NA,0.666666666666667,0.666666666666667,0,NA,0.666666666666667,0,NA,NA,0.333333333333333,NA,NA,0,0,0,0,NA,0,0,0.5,NA,0,0,NA,NA,0.333333333333333,NA,NA,0,0,0,0,NA,0.166666666666667,0.166666666666667,0,NA,0.166666666666667,0.333333333333333,NA,NA,0,NA,NA
"890",6,3,3,6,0,6,6,0,3,6,6,0,3,0,0,0,1,0,0,0,0,0,0,0,0,2,1,0,0,0,0,0,0,0,1,3,0,1,2,0,1,2,4,0,0,0,0,0,0.125,0.0625,0.0625,0.125,0,0.125,0.125,0,0.0625,0.125,0.125,0,0.0625,0,0,0,0.166666666666667,0,0,0,NA,0,0,NA,0,0.333333333333333,0.166666666666667,NA,0,NA,NA,NA,0,0,0.333333333333333,0.5,NA,0.166666666666667,0.333333333333333,NA,0.333333333333333,0.333333333333333,0.666666666666667,NA,0,NA,NA,NA,0,0,1,3,0,1,2,0,1,2,4,0,0,0,0,0,5,3,2,3,0,5,4,0,2,2,1,0,3,0,0,0,0,0,0,0,0,0,0,0,0,0,0,0,0,0,0,0,1,0,0,0,0,0,0,0,0,2,1,0,0,0,0,0,0,0,0.333333333333333,0.5,NA,0.166666666666667,0.333333333333333,NA,0.333333333333333,0.333333333333333,0.666666666666667,NA,0,NA,NA,NA,0.833333333333333,1,0.666666666666667,0.5,NA,0.833333333333333,0.666666666666667,NA,0.666666666666667,0.333333333333333,0.166666666666667,NA,1,NA,NA,NA,0,0,0,0,NA,0,0,NA,0,0,0,NA,0,NA,NA,NA,0.166666666666667,0,0,0,NA,0,0,NA,0,0.333333333333333,0.166666666666667,NA,0,NA,NA,NA
"891",3,6,6,6,0,3,6,3,3,6,6,0,0,0,0,0,0,0,1,0,0,0,0,1,0,0,3,0,0,0,0,0,0,1,1,3,0,1,0,2,0,3,2,0,0,0,0,0,0.0625,0.125,0.125,0.125,0,0.0625,0.125,0.0625,0.0625,0.125,0.125,0,0,0,0,0,0,0,0.166666666666667,0,NA,0,0,0.333333333333333,0,0,0.5,NA,NA,NA,NA,NA,0,0.166666666666667,0.166666666666667,0.5,NA,0.333333333333333,0,0.666666666666667,0,0.5,0.333333333333333,NA,NA,NA,NA,NA,0,1,0,3,0,1,0,1,0,3,2,0,0,0,0,0,3,5,5,3,0,2,6,1,3,3,1,0,0,0,0,0,0,0,1,0,0,0,0,1,0,0,0,0,0,0,0,0,0,0,0,0,0,0,0,0,0,0,3,0,0,0,0,0,0,0.166666666666667,0,0.5,NA,0.333333333333333,0,0.333333333333333,0,0.5,0.333333333333333,NA,NA,NA,NA,NA,1,0.833333333333333,0.833333333333333,0.5,NA,0.666666666666667,1,0.333333333333333,1,0.5,0.166666666666667,NA,NA,NA,NA,NA,0,0,0.166666666666667,0,NA,0,0,0.333333333333333,0,0,0,NA,NA,NA,NA,NA,0,0,0,0,NA,0,0,0,0,0,0.5,NA,NA,NA,NA,NA
"892",3,3,3,6,3,6,6,3,3,3,6,0,0,0,3,0,0,0,0,0,0,0,0,1,0,1,2,0,0,0,3,0,0,0,0,2,0,3,2,1,2,0,3,0,0,0,3,0,0.0625,0.0625,0.0625,0.125,0.0625,0.125,0.125,0.0625,0.0625,0.0625,0.125,0,0,0,0.0625,0,0,0,0,0,0,0,0,0.333333333333333,0,0.333333333333333,0.333333333333333,NA,NA,NA,1,NA,0,0,0,0.333333333333333,0,0.5,0.333333333333333,0.333333333333333,0.666666666666667,0,0.5,NA,NA,NA,1,NA,0,0,0,2,0,3,2,1,2,0,1,0,0,0,0,0,3,3,3,4,3,3,4,1,1,2,3,0,0,0,0,0,0,0,0,0,0,0,0,0,0,0,2,0,0,0,3,0,0,0,0,0,0,0,0,1,0,1,0,0,0,0,0,0,0,0,0,0.333333333333333,0,0.5,0.333333333333333,0.333333333333333,0.666666666666667,0,0.166666666666667,NA,NA,NA,0,NA,1,1,1,0.666666666666667,1,0.5,0.666666666666667,0.333333333333333,0.333333333333333,0.666666666666667,0.5,NA,NA,NA,0,NA,0,0,0,0,0,0,0,0,0,0,0.333333333333333,NA,NA,NA,1,NA,0,0,0,0,0,0,0,0.333333333333333,0,0.333333333333333,0,NA,NA,NA,0,NA
"893",3,3,6,0,6,3,0,0,6,6,0,0,0,3,0,0,0,0,0,0,0,0,0,0,2,1,0,0,0,2,0,0,0,1,3,0,2,1,0,0,1,3,0,0,0,3,0,0,0.0833333333333333,0.0833333333333333,0.166666666666667,0,0.166666666666667,0.0833333333333333,0,0,0.166666666666667,0.166666666666667,0,0,0,0.0833333333333333,0,0,0,0,0,NA,0,0,NA,NA,0.333333333333333,0.166666666666667,NA,NA,NA,0.666666666666667,NA,NA,0,0.333333333333333,0.5,NA,0.333333333333333,0.333333333333333,NA,NA,0.166666666666667,0.5,NA,NA,NA,1,NA,NA,0,1,3,0,2,1,0,0,1,2,0,0,0,1,0,0,3,2,3,0,4,2,0,0,3,3,0,0,0,0,0,0,0,0,0,0,0,0,0,0,0,1,0,0,0,2,0,0,0,0,0,0,0,0,0,0,2,0,0,0,0,0,0,0,0,0.333333333333333,0.5,NA,0.333333333333333,0.333333333333333,NA,NA,0.166666666666667,0.333333333333333,NA,NA,NA,0.333333333333333,NA,NA,1,0.666666666666667,0.5,NA,0.666666666666667,0.666666666666667,NA,NA,0.5,0.5,NA,NA,NA,0,NA,NA,0,0,0,NA,0,0,NA,NA,0,0.166666666666667,NA,NA,NA,0.666666666666667,NA,NA,0,0,0,NA,0,0,NA,NA,0.333333333333333,0,NA,NA,NA,0,NA,NA
"894",6,6,3,6,0,0,3,6,0,6,6,0,0,6,0,0,0,1,0,0,0,0,0,4,0,0,1,0,0,2,0,0,0,0,0,2,0,0,1,2,0,1,5,0,0,2,0,0,0.125,0.125,0.0625,0.125,0,0,0.0625,0.125,0,0.125,0.125,0,0,0.125,0,0,0,0.166666666666667,0,0,NA,NA,0,0.666666666666667,NA,0,0.166666666666667,NA,NA,0.333333333333333,NA,NA,0,0,0,0.333333333333333,NA,NA,0.333333333333333,0.333333333333333,NA,0.166666666666667,0.833333333333333,NA,NA,0.333333333333333,NA,NA,0,0,0,2,0,0,1,1,0,1,5,0,0,2,0,0,6,5,3,4,0,0,2,1,0,5,0,0,0,2,0,0,0,0,0,0,0,0,0,1,0,0,0,0,0,0,0,0,0,1,0,0,0,0,0,3,0,0,1,0,0,2,0,0,0,0,0,0.333333333333333,NA,NA,0.333333333333333,0.166666666666667,NA,0.166666666666667,0.833333333333333,NA,NA,0.333333333333333,NA,NA,1,0.833333333333333,1,0.666666666666667,NA,NA,0.666666666666667,0.166666666666667,NA,0.833333333333333,0,NA,NA,0.333333333333333,NA,NA,0,0,0,0,NA,NA,0,0.166666666666667,NA,0,0,NA,NA,0,NA,NA,0,0.166666666666667,0,0,NA,NA,0,0.5,NA,0,0.166666666666667,NA,NA,0.333333333333333,NA,NA
"895",3,3,3,6,3,6,3,6,3,6,6,0,0,0,0,0,0,0,0,0,1,0,0,1,1,2,0,0,0,0,0,0,0,0,0,2,1,2,1,4,3,2,5,0,0,0,0,0,0.0625,0.0625,0.0625,0.125,0.0625,0.125,0.0625,0.125,0.0625,0.125,0.125,0,0,0,0,0,0,0,0,0,0.333333333333333,0,0,0.166666666666667,0.333333333333333,0.333333333333333,0,NA,NA,NA,NA,NA,0,0,0,0.333333333333333,0.333333333333333,0.333333333333333,0.333333333333333,0.666666666666667,1,0.333333333333333,0.833333333333333,NA,NA,NA,NA,NA,0,0,0,2,1,2,1,4,2,1,5,0,0,0,0,0,3,3,3,4,1,4,2,1,0,3,1,0,0,0,0,0,0,0,0,0,0,0,0,0,1,1,0,0,0,0,0,0,0,0,0,0,1,0,0,1,0,1,0,0,0,0,0,0,0,0,0,0.333333333333333,0.333333333333333,0.333333333333333,0.333333333333333,0.666666666666667,0.666666666666667,0.166666666666667,0.833333333333333,NA,NA,NA,NA,NA,1,1,1,0.666666666666667,0.333333333333333,0.666666666666667,0.666666666666667,0.166666666666667,0,0.5,0.166666666666667,NA,NA,NA,NA,NA,0,0,0,0,0,0,0,0,0.333333333333333,0.166666666666667,0,NA,NA,NA,NA,NA,0,0,0,0,0.333333333333333,0,0,0.166666666666667,0,0.166666666666667,0,NA,NA,NA,NA,NA
"896",3,6,6,0,6,0,0,0,6,0,0,0,3,0,0,0,0,1,2,0,0,0,0,0,1,0,0,0,2,0,0,0,0,0,1,0,2,0,0,0,1,0,0,0,0,0,0,0,0.1,0.2,0.2,0,0.2,0,0,0,0.2,0,0,0,0.1,0,0,0,0,0.166666666666667,0.333333333333333,NA,0,NA,NA,NA,0.166666666666667,NA,NA,NA,0.666666666666667,NA,NA,NA,0,0,0.166666666666667,NA,0.333333333333333,NA,NA,NA,0.166666666666667,NA,NA,NA,0,NA,NA,NA,0,0,1,0,2,0,0,0,1,0,0,0,0,0,0,0,3,5,3,0,4,0,0,0,4,0,0,0,1,0,0,0,0,0,0,0,0,0,0,0,0,0,0,0,0,0,0,0,0,1,2,0,0,0,0,0,1,0,0,0,2,0,0,0,0,0,0.166666666666667,NA,0.333333333333333,NA,NA,NA,0.166666666666667,NA,NA,NA,0,NA,NA,NA,1,0.833333333333333,0.5,NA,0.666666666666667,NA,NA,NA,0.666666666666667,NA,NA,NA,0.333333333333333,NA,NA,NA,0,0,0,NA,0,NA,NA,NA,0,NA,NA,NA,0,NA,NA,NA,0,0.166666666666667,0.333333333333333,NA,0,NA,NA,NA,0.166666666666667,NA,NA,NA,0.666666666666667,NA,NA,NA
"897",3,3,6,6,0,3,6,6,3,6,3,3,0,0,0,0,0,0,0,1,0,0,1,1,0,0,1,2,0,0,0,0,1,0,0,2,0,0,2,4,1,4,1,1,0,0,0,0,0.0625,0.0625,0.125,0.125,0,0.0625,0.125,0.125,0.0625,0.125,0.0625,0.0625,0,0,0,0,0,0,0,0.166666666666667,NA,0,0.166666666666667,0.166666666666667,0,0,0.333333333333333,0.666666666666667,NA,NA,NA,NA,0.333333333333333,0,0,0.333333333333333,NA,0,0.333333333333333,0.666666666666667,0.333333333333333,0.666666666666667,0.333333333333333,0.333333333333333,NA,NA,NA,NA,1,0,0,2,0,0,1,3,1,4,1,0,0,0,0,0,2,3,6,3,0,3,4,2,2,2,1,1,0,0,0,0,0,0,0,0,0,0,1,1,0,0,0,1,0,0,0,0,0,0,0,1,0,0,0,0,0,0,1,1,0,0,0,0,0.333333333333333,0,0,0.333333333333333,NA,0,0.166666666666667,0.5,0.333333333333333,0.666666666666667,0.333333333333333,0,NA,NA,NA,NA,0.666666666666667,1,1,0.5,NA,1,0.666666666666667,0.333333333333333,0.666666666666667,0.333333333333333,0.333333333333333,0.333333333333333,NA,NA,NA,NA,0,0,0,0,NA,0,0.166666666666667,0.166666666666667,0,0,0,0.333333333333333,NA,NA,NA,NA,0,0,0,0.166666666666667,NA,0,0,0,0,0,0.333333333333333,0.333333333333333,NA,NA,NA,NA
"898",3,3,6,6,3,6,6,6,3,6,0,0,0,0,0,0,0,0,0,0,0,0,0,2,0,2,0,0,0,0,0,0,0,0,2,0,0,1,4,6,1,2,0,0,0,0,0,0,0.0625,0.0625,0.125,0.125,0.0625,0.125,0.125,0.125,0.0625,0.125,0,0,0,0,0,0,0,0,0,0,0,0,0,0.333333333333333,0,0.333333333333333,NA,NA,NA,NA,NA,NA,0,0,0.333333333333333,0,0,0.166666666666667,0.666666666666667,1,0.333333333333333,0.333333333333333,NA,NA,NA,NA,NA,NA,0,0,2,0,0,1,4,4,1,1,0,0,0,0,0,0,3,3,4,6,3,5,2,0,2,3,0,0,0,0,0,0,0,0,0,0,0,0,0,2,0,1,0,0,0,0,0,0,0,0,0,0,0,0,0,0,0,1,0,0,0,0,0,0,0,0,0.333333333333333,0,0,0.166666666666667,0.666666666666667,0.666666666666667,0.333333333333333,0.166666666666667,NA,NA,NA,NA,NA,NA,1,1,0.666666666666667,1,1,0.833333333333333,0.333333333333333,0,0.666666666666667,0.5,NA,NA,NA,NA,NA,NA,0,0,0,0,0,0,0,0.333333333333333,0,0.166666666666667,NA,NA,NA,NA,NA,NA,0,0,0,0,0,0,0,0,0,0.166666666666667,NA,NA,NA,NA,NA,NA
"899",3,3,3,6,3,3,6,0,3,3,6,0,3,6,0,0,0,0,0,0,0,0,0,0,1,0,2,0,2,0,0,0,0,0,0,4,0,1,2,0,2,0,3,0,0,3,0,0,0.0625,0.0625,0.0625,0.125,0.0625,0.0625,0.125,0,0.0625,0.0625,0.125,0,0.0625,0.125,0,0,0,0,0,0,0,0,0,NA,0.333333333333333,0,0.333333333333333,NA,0.666666666666667,0,NA,NA,0,0,0,0.666666666666667,0,0.333333333333333,0.333333333333333,NA,0.666666666666667,0,0.5,NA,0,0.5,NA,NA,0,0,0,4,0,1,2,0,1,0,2,0,0,3,0,0,3,3,3,2,3,2,4,0,1,3,2,0,1,3,0,0,0,0,0,0,0,0,0,0,1,0,1,0,0,0,0,0,0,0,0,0,0,0,0,0,0,0,1,0,2,0,0,0,0,0,0,0.666666666666667,0,0.333333333333333,0.333333333333333,NA,0.333333333333333,0,0.333333333333333,NA,0,0.5,NA,NA,1,1,1,0.333333333333333,1,0.666666666666667,0.666666666666667,NA,0.333333333333333,1,0.333333333333333,NA,0.333333333333333,0.5,NA,NA,0,0,0,0,0,0,0,NA,0.333333333333333,0,0.166666666666667,NA,0,0,NA,NA,0,0,0,0,0,0,0,NA,0,0,0.166666666666667,NA,0.666666666666667,0,NA,NA
"900",3,6,3,0,3,0,0,0,6,0,0,0,3,0,0,0,0,1,1,0,0,0,0,0,0,0,0,0,1,0,0,0,0,1,0,0,0,0,0,0,2,0,0,0,2,0,0,0,0.125,0.25,0.125,0,0.125,0,0,0,0.25,0,0,0,0.125,0,0,0,0,0.166666666666667,0.333333333333333,NA,0,NA,NA,NA,0,NA,NA,NA,0.333333333333333,NA,NA,NA,0,0.166666666666667,0,NA,0,NA,NA,NA,0.333333333333333,NA,NA,NA,0.666666666666667,NA,NA,NA,0,1,0,0,0,0,0,0,2,0,0,0,1,0,0,0,3,4,2,0,3,0,0,0,4,0,0,0,1,0,0,0,0,0,0,0,0,0,0,0,0,0,0,0,1,0,0,0,0,1,1,0,0,0,0,0,0,0,0,0,0,0,0,0,0,0.166666666666667,0,NA,0,NA,NA,NA,0.333333333333333,NA,NA,NA,0.333333333333333,NA,NA,NA,1,0.666666666666667,0.666666666666667,NA,1,NA,NA,NA,0.666666666666667,NA,NA,NA,0.333333333333333,NA,NA,NA,0,0,0,NA,0,NA,NA,NA,0,NA,NA,NA,0.333333333333333,NA,NA,NA,0,0.166666666666667,0.333333333333333,NA,0,NA,NA,NA,0,NA,NA,NA,0,NA,NA,NA
"901",3,6,6,3,3,6,0,0,3,0,0,0,6,0,0,0,0,0,2,1,0,2,0,0,0,0,0,0,1,0,0,0,0,0,1,0,1,1,0,0,0,0,0,0,1,0,0,0,0.0833333333333333,0.166666666666667,0.166666666666667,0.0833333333333333,0.0833333333333333,0.166666666666667,0,0,0.0833333333333333,0,0,0,0.166666666666667,0,0,0,0,0,0.333333333333333,0.333333333333333,0,0.333333333333333,NA,NA,0,NA,NA,NA,0.166666666666667,NA,NA,NA,0,0,0.166666666666667,0,0.333333333333333,0.166666666666667,NA,NA,0,NA,NA,NA,0.166666666666667,NA,NA,NA,0,0,0,0,1,1,0,0,0,0,0,0,1,0,0,0,3,6,4,2,2,3,0,0,3,0,0,0,4,0,0,0,0,0,1,0,0,0,0,0,0,0,0,0,0,0,0,0,0,0,1,1,0,2,0,0,0,0,0,0,1,0,0,0,0,0,0,0,0.333333333333333,0.166666666666667,NA,NA,0,NA,NA,NA,0.166666666666667,NA,NA,NA,1,1,0.666666666666667,0.666666666666667,0.666666666666667,0.5,NA,NA,1,NA,NA,NA,0.666666666666667,NA,NA,NA,0,0,0.166666666666667,0,0,0,NA,NA,0,NA,NA,NA,0,NA,NA,NA,0,0,0.166666666666667,0.333333333333333,0,0.333333333333333,NA,NA,0,NA,NA,NA,0.166666666666667,NA,NA,NA
"902",3,6,6,3,0,0,3,6,0,3,6,0,0,6,6,0,0,0,1,0,0,0,0,0,0,0,0,0,0,2,2,0,0,0,0,1,0,0,1,3,0,1,1,0,0,3,2,0,0.0625,0.125,0.125,0.0625,0,0,0.0625,0.125,0,0.0625,0.125,0,0,0.125,0.125,0,0,0,0.166666666666667,0,NA,NA,0,0,NA,0,0,NA,NA,0.333333333333333,0.333333333333333,NA,0,0,0,0.333333333333333,NA,NA,0.333333333333333,0.5,NA,0.333333333333333,0.166666666666667,NA,NA,0.5,0.333333333333333,NA,0,0,0,1,0,0,1,3,0,1,1,0,0,2,2,0,3,6,5,2,0,0,2,3,0,2,5,0,0,2,2,0,0,0,0,0,0,0,0,0,0,0,0,0,0,1,0,0,0,0,1,0,0,0,0,0,0,0,0,0,0,1,2,0,0,0,0,0.333333333333333,NA,NA,0.333333333333333,0.5,NA,0.333333333333333,0.166666666666667,NA,NA,0.333333333333333,0.333333333333333,NA,1,1,0.833333333333333,0.666666666666667,NA,NA,0.666666666666667,0.5,NA,0.666666666666667,0.833333333333333,NA,NA,0.333333333333333,0.333333333333333,NA,0,0,0,0,NA,NA,0,0,NA,0,0,NA,NA,0.166666666666667,0,NA,0,0,0.166666666666667,0,NA,NA,0,0,NA,0,0,NA,NA,0.166666666666667,0.333333333333333,NA
"903",3,3,3,6,3,6,6,0,6,3,0,0,6,0,0,0,0,0,0,1,0,1,0,0,0,1,0,0,1,0,0,0,0,0,0,3,1,2,4,0,1,0,0,0,2,0,0,0,0.0666666666666667,0.0666666666666667,0.0666666666666667,0.133333333333333,0.0666666666666667,0.133333333333333,0.133333333333333,0,0.133333333333333,0.0666666666666667,0,0,0.133333333333333,0,0,0,0,0,0,0.166666666666667,0,0.166666666666667,0,NA,0,0.333333333333333,NA,NA,0.166666666666667,NA,NA,NA,0,0,0,0.5,0.333333333333333,0.333333333333333,0.666666666666667,NA,0.166666666666667,0,NA,NA,0.333333333333333,NA,NA,NA,0,0,0,2,1,1,4,0,1,0,0,0,2,0,0,0,3,3,3,3,2,4,2,0,5,2,0,0,3,0,0,0,0,0,0,1,0,1,0,0,0,0,0,0,0,0,0,0,0,0,0,0,0,0,0,0,0,1,0,0,1,0,0,0,0,0,0,0.333333333333333,0.333333333333333,0.166666666666667,0.666666666666667,NA,0.166666666666667,0,NA,NA,0.333333333333333,NA,NA,NA,1,1,1,0.5,0.666666666666667,0.666666666666667,0.333333333333333,NA,0.833333333333333,0.666666666666667,NA,NA,0.5,NA,NA,NA,0,0,0,0.166666666666667,0,0.166666666666667,0,NA,0,0,NA,NA,0,NA,NA,NA,0,0,0,0,0,0,0,NA,0,0.333333333333333,NA,NA,0.166666666666667,NA,NA,NA
"904",3,3,3,6,6,6,6,6,3,0,6,0,0,0,0,0,0,0,0,0,1,2,0,2,1,0,3,0,0,0,0,0,1,0,1,0,0,3,1,3,0,0,3,0,0,0,0,0,0.0625,0.0625,0.0625,0.125,0.125,0.125,0.125,0.125,0.0625,0,0.125,0,0,0,0,0,0,0,0,0,0.166666666666667,0.333333333333333,0,0.333333333333333,0.333333333333333,NA,0.5,NA,NA,NA,NA,NA,0.333333333333333,0,0.333333333333333,0,0,0.5,0.166666666666667,0.5,0,NA,0.5,NA,NA,NA,NA,NA,1,0,1,0,0,2,1,2,0,0,2,0,0,0,0,0,2,3,2,6,5,2,5,2,2,0,1,0,0,0,0,0,0,0,0,0,0,1,0,1,0,0,1,0,0,0,0,0,0,0,0,0,1,1,0,1,1,0,2,0,0,0,0,0,0.333333333333333,0,0.333333333333333,0,0,0.333333333333333,0.166666666666667,0.333333333333333,0,NA,0.333333333333333,NA,NA,NA,NA,NA,0.666666666666667,1,0.666666666666667,1,0.833333333333333,0.333333333333333,0.833333333333333,0.333333333333333,0.666666666666667,NA,0.166666666666667,NA,NA,NA,NA,NA,0,0,0,0,0,0.166666666666667,0,0.166666666666667,0,NA,0.166666666666667,NA,NA,NA,NA,NA,0,0,0,0,0.166666666666667,0.166666666666667,0,0.166666666666667,0.333333333333333,NA,0.333333333333333,NA,NA,NA,NA,NA
"905",6,0,0,0,3,0,0,0,3,0,0,0,6,0,0,0,2,0,0,0,0,0,0,0,0,0,0,0,0,0,0,0,0,0,0,0,1,0,0,0,0,0,0,0,1,0,0,0,0.333333333333333,0,0,0,0.166666666666667,0,0,0,0.166666666666667,0,0,0,0.333333333333333,0,0,0,0.333333333333333,NA,NA,NA,0,NA,NA,NA,0,NA,NA,NA,0,NA,NA,NA,0,NA,NA,NA,0.333333333333333,NA,NA,NA,0,NA,NA,NA,0.166666666666667,NA,NA,NA,0,0,0,0,1,0,0,0,0,0,0,0,1,0,0,0,4,0,0,0,2,0,0,0,3,0,0,0,5,0,0,0,0,0,0,0,0,0,0,0,0,0,0,0,0,0,0,0,2,0,0,0,0,0,0,0,0,0,0,0,0,0,0,0,0,NA,NA,NA,0.333333333333333,NA,NA,NA,0,NA,NA,NA,0.166666666666667,NA,NA,NA,0.666666666666667,NA,NA,NA,0.666666666666667,NA,NA,NA,1,NA,NA,NA,0.833333333333333,NA,NA,NA,0,NA,NA,NA,0,NA,NA,NA,0,NA,NA,NA,0,NA,NA,NA,0.333333333333333,NA,NA,NA,0,NA,NA,NA,0,NA,NA,NA,0,NA,NA,NA
"906",3,3,3,6,0,0,3,0,3,6,6,0,3,6,6,0,0,0,0,1,0,0,0,0,0,0,1,0,1,2,2,0,1,0,1,3,0,0,1,0,0,1,1,0,1,5,2,0,0.0625,0.0625,0.0625,0.125,0,0,0.0625,0,0.0625,0.125,0.125,0,0.0625,0.125,0.125,0,0,0,0,0.166666666666667,NA,NA,0,NA,0,0,0.166666666666667,NA,0.333333333333333,0.333333333333333,0.333333333333333,NA,0.333333333333333,0,0.333333333333333,0.5,NA,NA,0.333333333333333,NA,0,0.166666666666667,0.166666666666667,NA,0.333333333333333,0.833333333333333,0.333333333333333,NA,1,0,1,2,0,0,1,0,0,1,1,0,1,3,2,0,2,3,2,3,0,0,2,0,3,5,4,0,1,1,2,0,0,0,0,1,0,0,0,0,0,0,0,0,0,2,0,0,0,0,0,0,0,0,0,0,0,0,1,0,1,0,2,0,0.333333333333333,0,0.333333333333333,0.333333333333333,NA,NA,0.333333333333333,NA,0,0.166666666666667,0.166666666666667,NA,0.333333333333333,0.5,0.333333333333333,NA,0.666666666666667,1,0.666666666666667,0.5,NA,NA,0.666666666666667,NA,1,0.833333333333333,0.666666666666667,NA,0.333333333333333,0.166666666666667,0.333333333333333,NA,0,0,0,0.166666666666667,NA,NA,0,NA,0,0,0,NA,0,0.333333333333333,0,NA,0,0,0,0,NA,NA,0,NA,0,0,0.166666666666667,NA,0.333333333333333,0,0.333333333333333,NA
"907",3,6,6,3,0,3,6,6,3,6,0,6,0,0,0,0,0,0,1,0,0,0,1,1,0,1,0,2,0,0,0,0,0,2,2,1,0,1,4,2,0,4,0,3,0,0,0,0,0.0625,0.125,0.125,0.0625,0,0.0625,0.125,0.125,0.0625,0.125,0,0.125,0,0,0,0,0,0,0.166666666666667,0,NA,0,0.166666666666667,0.166666666666667,0,0.166666666666667,NA,0.333333333333333,NA,NA,NA,NA,0,0.333333333333333,0.333333333333333,0.333333333333333,NA,0.333333333333333,0.666666666666667,0.333333333333333,0,0.666666666666667,NA,0.5,NA,NA,NA,NA,0,2,2,1,0,1,3,2,0,3,0,2,0,0,0,0,3,4,3,2,0,2,2,3,3,2,0,2,0,0,0,0,0,0,0,0,0,0,1,0,0,1,0,1,0,0,0,0,0,0,1,0,0,0,0,1,0,0,0,1,0,0,0,0,0,0.333333333333333,0.333333333333333,0.333333333333333,NA,0.333333333333333,0.5,0.333333333333333,0,0.5,NA,0.333333333333333,NA,NA,NA,NA,1,0.666666666666667,0.5,0.666666666666667,NA,0.666666666666667,0.333333333333333,0.5,1,0.333333333333333,NA,0.333333333333333,NA,NA,NA,NA,0,0,0,0,NA,0,0.166666666666667,0,0,0.166666666666667,NA,0.166666666666667,NA,NA,NA,NA,0,0,0.166666666666667,0,NA,0,0,0.166666666666667,0,0,NA,0.166666666666667,NA,NA,NA,NA
"908",3,3,3,6,3,6,6,0,6,6,0,0,3,3,0,0,0,0,0,0,0,0,2,0,2,3,0,0,1,2,0,0,0,0,0,3,0,2,2,0,3,0,0,0,0,3,0,0,0.0625,0.0625,0.0625,0.125,0.0625,0.125,0.125,0,0.125,0.125,0,0,0.0625,0.0625,0,0,0,0,0,0,0,0,0.333333333333333,NA,0.333333333333333,0.5,NA,NA,0.333333333333333,0.666666666666667,NA,NA,0,0,0,0.5,0,0.333333333333333,0.333333333333333,NA,0.5,0,NA,NA,0,1,NA,NA,0,0,0,3,0,2,1,0,2,0,0,0,0,1,0,0,3,3,3,3,3,4,3,0,2,3,0,0,2,0,0,0,0,0,0,0,0,0,1,0,1,0,0,0,0,2,0,0,0,0,0,0,0,0,1,0,1,3,0,0,1,0,0,0,0,0,0,0.5,0,0.333333333333333,0.166666666666667,NA,0.333333333333333,0,NA,NA,0,0.333333333333333,NA,NA,1,1,1,0.5,1,0.666666666666667,0.5,NA,0.333333333333333,0.5,NA,NA,0.666666666666667,0,NA,NA,0,0,0,0,0,0,0.166666666666667,NA,0.166666666666667,0,NA,NA,0,0.666666666666667,NA,NA,0,0,0,0,0,0,0.166666666666667,NA,0.166666666666667,0.5,NA,NA,0.333333333333333,0,NA,NA
"909",3,3,3,6,0,6,6,6,0,6,0,0,3,6,0,0,0,0,0,0,0,0,1,2,0,1,0,0,0,1,0,0,0,1,1,2,0,0,3,1,0,1,0,0,0,2,0,0,0.0625,0.0625,0.0625,0.125,0,0.125,0.125,0.125,0,0.125,0,0,0.0625,0.125,0,0,0,0,0,0,NA,0,0.166666666666667,0.333333333333333,NA,0.166666666666667,NA,NA,0,0.166666666666667,NA,NA,0,0.333333333333333,0.333333333333333,0.333333333333333,NA,0,0.5,0.166666666666667,NA,0.166666666666667,NA,NA,0,0.333333333333333,NA,NA,0,1,1,2,0,0,2,1,0,1,0,0,0,1,0,0,3,2,2,4,0,6,3,3,0,4,0,0,3,4,0,0,0,0,0,0,0,0,1,0,0,0,0,0,0,1,0,0,0,0,0,0,0,0,0,2,0,1,0,0,0,0,0,0,0,0.333333333333333,0.333333333333333,0.333333333333333,NA,0,0.333333333333333,0.166666666666667,NA,0.166666666666667,NA,NA,0,0.166666666666667,NA,NA,1,0.666666666666667,0.666666666666667,0.666666666666667,NA,1,0.5,0.5,NA,0.666666666666667,NA,NA,1,0.666666666666667,NA,NA,0,0,0,0,NA,0,0.166666666666667,0,NA,0,NA,NA,0,0.166666666666667,NA,NA,0,0,0,0,NA,0,0,0.333333333333333,NA,0.166666666666667,NA,NA,0,0,NA,NA
"910",6,3,3,6,6,6,6,0,6,0,0,0,6,0,0,0,1,0,0,0,0,2,4,0,1,0,0,0,0,0,0,0,0,0,1,4,0,1,0,0,2,0,0,0,1,0,0,0,0.125,0.0625,0.0625,0.125,0.125,0.125,0.125,0,0.125,0,0,0,0.125,0,0,0,0.166666666666667,0,0,0,0,0.333333333333333,0.666666666666667,NA,0.166666666666667,NA,NA,NA,0,NA,NA,NA,0,0,0.333333333333333,0.666666666666667,0,0.166666666666667,0,NA,0.333333333333333,NA,NA,NA,0.166666666666667,NA,NA,NA,0,0,1,4,0,0,0,0,2,0,0,0,1,0,0,0,5,3,2,2,6,4,2,0,3,0,0,0,5,0,0,0,0,0,0,0,0,1,0,0,0,0,0,0,0,0,0,0,1,0,0,0,0,1,4,0,1,0,0,0,0,0,0,0,0,0,0.333333333333333,0.666666666666667,0,0,0,NA,0.333333333333333,NA,NA,NA,0.166666666666667,NA,NA,NA,0.833333333333333,1,0.666666666666667,0.333333333333333,1,0.666666666666667,0.333333333333333,NA,0.5,NA,NA,NA,0.833333333333333,NA,NA,NA,0,0,0,0,0,0.166666666666667,0,NA,0,NA,NA,NA,0,NA,NA,NA,0.166666666666667,0,0,0,0,0.166666666666667,0.666666666666667,NA,0.166666666666667,NA,NA,NA,0,NA,NA,NA
"911",6,6,3,6,0,3,3,3,3,6,6,0,0,3,0,0,0,1,0,1,0,0,0,1,1,1,1,0,0,1,0,0,1,1,1,1,0,0,1,1,0,2,5,0,0,2,0,0,0.125,0.125,0.0625,0.125,0,0.0625,0.0625,0.0625,0.0625,0.125,0.125,0,0,0.0625,0,0,0,0.166666666666667,0,0.166666666666667,NA,0,0,0.333333333333333,0.333333333333333,0.166666666666667,0.166666666666667,NA,NA,0.333333333333333,NA,NA,0.166666666666667,0.166666666666667,0.333333333333333,0.166666666666667,NA,0,0.333333333333333,0.333333333333333,0,0.333333333333333,0.833333333333333,NA,NA,0.666666666666667,NA,NA,1,1,1,1,0,0,1,1,0,2,4,0,0,1,0,0,5,4,2,4,0,3,2,1,2,3,1,0,0,1,0,0,0,0,0,0,0,0,0,0,0,0,1,0,0,1,0,0,0,1,0,1,0,0,0,1,1,1,0,0,0,0,0,0,0.166666666666667,0.166666666666667,0.333333333333333,0.166666666666667,NA,0,0.333333333333333,0.333333333333333,0,0.333333333333333,0.666666666666667,NA,NA,0.333333333333333,NA,NA,0.833333333333333,0.666666666666667,0.666666666666667,0.666666666666667,NA,1,0.666666666666667,0.333333333333333,0.666666666666667,0.5,0.166666666666667,NA,NA,0.333333333333333,NA,NA,0,0,0,0,NA,0,0,0,0,0,0.166666666666667,NA,NA,0.333333333333333,NA,NA,0,0.166666666666667,0,0.166666666666667,NA,0,0,0.333333333333333,0.333333333333333,0.166666666666667,0,NA,NA,0,NA,NA
"912",6,6,3,6,0,3,6,6,0,0,3,6,0,0,0,3,0,1,0,0,0,1,0,1,0,0,1,1,0,0,0,3,0,0,0,2,0,1,4,2,0,0,1,2,0,0,0,3,0.125,0.125,0.0625,0.125,0,0.0625,0.125,0.125,0,0,0.0625,0.125,0,0,0,0.0625,0,0.166666666666667,0,0,NA,0.333333333333333,0,0.166666666666667,NA,NA,0.333333333333333,0.166666666666667,NA,NA,NA,1,0,0,0,0.333333333333333,NA,0.333333333333333,0.666666666666667,0.333333333333333,NA,NA,0.333333333333333,0.333333333333333,NA,NA,NA,1,0,0,0,2,0,1,4,2,0,0,0,1,0,0,0,0,6,5,3,4,0,1,2,3,0,0,2,4,0,0,0,0,0,0,0,0,0,0,0,0,0,0,1,1,0,0,0,3,0,1,0,0,0,1,0,1,0,0,0,0,0,0,0,0,0,0,0,0.333333333333333,NA,0.333333333333333,0.666666666666667,0.333333333333333,NA,NA,0,0.166666666666667,NA,NA,NA,0,1,0.833333333333333,1,0.666666666666667,NA,0.333333333333333,0.333333333333333,0.5,NA,NA,0.666666666666667,0.666666666666667,NA,NA,NA,0,0,0,0,0,NA,0,0,0,NA,NA,0.333333333333333,0.166666666666667,NA,NA,NA,1,0,0.166666666666667,0,0,NA,0.333333333333333,0,0.166666666666667,NA,NA,0,0,NA,NA,NA,0
"913",3,3,6,6,0,3,6,6,3,6,0,0,0,6,0,0,0,0,0,1,0,0,1,1,1,0,0,0,0,2,0,0,0,0,1,1,0,1,3,3,0,2,0,0,0,4,0,0,0.0625,0.0625,0.125,0.125,0,0.0625,0.125,0.125,0.0625,0.125,0,0,0,0.125,0,0,0,0,0,0.166666666666667,NA,0,0.166666666666667,0.166666666666667,0.333333333333333,0,NA,NA,NA,0.333333333333333,NA,NA,0,0,0.166666666666667,0.166666666666667,NA,0.333333333333333,0.5,0.5,0,0.333333333333333,NA,NA,NA,0.666666666666667,NA,NA,0,0,1,1,0,1,2,3,0,2,0,0,0,3,0,0,3,3,5,4,0,2,3,2,2,4,0,0,0,1,0,0,0,0,0,0,0,0,1,0,0,0,0,0,0,1,0,0,0,0,0,1,0,0,0,1,1,0,0,0,0,1,0,0,0,0,0.166666666666667,0.166666666666667,NA,0.333333333333333,0.333333333333333,0.5,0,0.333333333333333,NA,NA,NA,0.5,NA,NA,1,1,0.833333333333333,0.666666666666667,NA,0.666666666666667,0.5,0.333333333333333,0.666666666666667,0.666666666666667,NA,NA,NA,0.166666666666667,NA,NA,0,0,0,0,NA,0,0.166666666666667,0,0,0,NA,NA,NA,0.166666666666667,NA,NA,0,0,0,0.166666666666667,NA,0,0,0.166666666666667,0.333333333333333,0,NA,NA,NA,0.166666666666667,NA,NA
"914",3,3,3,3,6,6,6,6,6,0,6,0,0,0,0,0,0,0,0,0,0,2,0,1,1,0,3,0,0,0,0,0,0,0,0,0,1,2,0,3,0,0,6,0,0,0,0,0,0.0625,0.0625,0.0625,0.0625,0.125,0.125,0.125,0.125,0.125,0,0.125,0,0,0,0,0,0,0,0,0,0,0.333333333333333,0,0.166666666666667,0.166666666666667,NA,0.5,NA,NA,NA,NA,NA,0,0,0,0,0.166666666666667,0.333333333333333,0,0.5,0,NA,1,NA,NA,NA,NA,NA,0,0,0,0,1,1,0,3,0,0,3,0,0,0,0,0,3,3,3,3,5,3,6,2,5,0,0,0,0,0,0,0,0,0,0,0,0,1,0,0,0,0,3,0,0,0,0,0,0,0,0,0,0,1,0,1,1,0,0,0,0,0,0,0,0,0,0,0,0.166666666666667,0.166666666666667,0,0.5,0,NA,0.5,NA,NA,NA,NA,NA,1,1,1,1,0.833333333333333,0.5,1,0.333333333333333,0.833333333333333,NA,0,NA,NA,NA,NA,NA,0,0,0,0,0,0.166666666666667,0,0,0,NA,0.5,NA,NA,NA,NA,NA,0,0,0,0,0,0.166666666666667,0,0.166666666666667,0.166666666666667,NA,0,NA,NA,NA,NA,NA
"915",6,6,6,6,6,6,0,0,3,0,0,0,6,0,0,0,0,1,0,2,1,3,0,0,0,0,0,0,1,0,0,0,1,1,1,2,1,1,0,0,1,0,0,0,2,0,0,0,0.133333333333333,0.133333333333333,0.133333333333333,0.133333333333333,0.133333333333333,0.133333333333333,0,0,0.0666666666666667,0,0,0,0.133333333333333,0,0,0,0,0.166666666666667,0,0.333333333333333,0.166666666666667,0.5,NA,NA,0,NA,NA,NA,0.166666666666667,NA,NA,NA,0.166666666666667,0.166666666666667,0.166666666666667,0.333333333333333,0.166666666666667,0.166666666666667,NA,NA,0.333333333333333,NA,NA,NA,0.333333333333333,NA,NA,NA,1,1,1,1,1,0,0,0,1,0,0,0,2,0,0,0,5,4,5,3,4,3,0,0,2,0,0,0,3,0,0,0,0,0,0,1,0,1,0,0,0,0,0,0,0,0,0,0,0,1,0,1,1,2,0,0,0,0,0,0,1,0,0,0,0.166666666666667,0.166666666666667,0.166666666666667,0.166666666666667,0.166666666666667,0,NA,NA,0.333333333333333,NA,NA,NA,0.333333333333333,NA,NA,NA,0.833333333333333,0.666666666666667,0.833333333333333,0.5,0.666666666666667,0.5,NA,NA,0.666666666666667,NA,NA,NA,0.5,NA,NA,NA,0,0,0,0.166666666666667,0,0.166666666666667,NA,NA,0,NA,NA,NA,0,NA,NA,NA,0,0.166666666666667,0,0.166666666666667,0.166666666666667,0.333333333333333,NA,NA,0,NA,NA,NA,0.166666666666667,NA,NA,NA
"916",6,3,3,6,0,0,6,3,3,6,6,0,3,3,0,0,1,0,0,0,0,0,0,1,0,1,1,0,0,1,0,0,2,0,1,3,0,0,1,2,1,3,4,0,1,1,0,0,0.125,0.0625,0.0625,0.125,0,0,0.125,0.0625,0.0625,0.125,0.125,0,0.0625,0.0625,0,0,0.166666666666667,0,0,0,NA,NA,0,0.333333333333333,0,0.166666666666667,0.166666666666667,NA,0,0.333333333333333,NA,NA,0.333333333333333,0,0.333333333333333,0.5,NA,NA,0.166666666666667,0.666666666666667,0.333333333333333,0.5,0.666666666666667,NA,0.333333333333333,0.333333333333333,NA,NA,2,0,1,3,0,0,1,1,1,3,3,0,1,1,0,0,3,3,2,3,0,0,5,1,2,2,2,0,2,1,0,0,0,0,0,0,0,0,0,1,0,0,1,0,0,0,0,0,1,0,0,0,0,0,0,0,0,1,0,0,0,1,0,0,0.333333333333333,0,0.333333333333333,0.5,NA,NA,0.166666666666667,0.333333333333333,0.333333333333333,0.5,0.5,NA,0.333333333333333,0.333333333333333,NA,NA,0.5,1,0.666666666666667,0.5,NA,NA,0.833333333333333,0.333333333333333,0.666666666666667,0.333333333333333,0.333333333333333,NA,0.666666666666667,0.333333333333333,NA,NA,0,0,0,0,NA,NA,0,0.333333333333333,0,0,0.166666666666667,NA,0,0,NA,NA,0.166666666666667,0,0,0,NA,NA,0,0,0,0.166666666666667,0,NA,0,0.333333333333333,NA,NA
"917",3,3,3,6,0,6,6,3,3,6,0,0,3,6,0,0,0,0,0,1,0,1,1,1,0,0,0,0,3,3,0,0,1,0,0,3,0,1,5,3,1,2,0,0,0,3,0,0,0.0625,0.0625,0.0625,0.125,0,0.125,0.125,0.0625,0.0625,0.125,0,0,0.0625,0.125,0,0,0,0,0,0.166666666666667,NA,0.166666666666667,0.166666666666667,0.333333333333333,0,0,NA,NA,1,0.5,NA,NA,0.333333333333333,0,0,0.5,NA,0.166666666666667,0.833333333333333,1,0.333333333333333,0.333333333333333,NA,NA,0,0.5,NA,NA,1,0,0,2,0,1,4,2,1,2,0,0,0,2,0,0,2,3,3,3,0,4,1,0,2,4,0,0,0,1,0,0,0,0,0,1,0,0,1,1,0,0,0,0,0,1,0,0,0,0,0,0,0,1,0,0,0,0,0,0,3,2,0,0,0.333333333333333,0,0,0.333333333333333,NA,0.166666666666667,0.666666666666667,0.666666666666667,0.333333333333333,0.333333333333333,NA,NA,0,0.333333333333333,NA,NA,0.666666666666667,1,1,0.5,NA,0.666666666666667,0.166666666666667,0,0.666666666666667,0.666666666666667,NA,NA,0,0.166666666666667,NA,NA,0,0,0,0.166666666666667,NA,0,0.166666666666667,0.333333333333333,0,0,NA,NA,0,0.166666666666667,NA,NA,0,0,0,0,NA,0.166666666666667,0,0,0,0,NA,NA,1,0.333333333333333,NA,NA
"918",3,3,6,6,0,6,6,0,0,6,0,0,6,6,0,0,0,0,0,1,0,1,2,0,0,0,0,0,1,1,0,0,0,0,1,3,0,1,0,0,0,1,0,0,2,5,0,0,0.0625,0.0625,0.125,0.125,0,0.125,0.125,0,0,0.125,0,0,0.125,0.125,0,0,0,0,0,0.166666666666667,NA,0.166666666666667,0.333333333333333,NA,NA,0,NA,NA,0.166666666666667,0.166666666666667,NA,NA,0,0,0.166666666666667,0.5,NA,0.166666666666667,0,NA,NA,0.166666666666667,NA,NA,0.333333333333333,0.833333333333333,NA,NA,0,0,1,3,0,1,0,0,0,1,0,0,2,4,0,0,3,3,5,2,0,4,4,0,0,5,0,0,3,1,0,0,0,0,0,0,0,0,0,0,0,0,0,0,0,1,0,0,0,0,0,1,0,1,2,0,0,0,0,0,1,0,0,0,0,0,0.166666666666667,0.5,NA,0.166666666666667,0,NA,NA,0.166666666666667,NA,NA,0.333333333333333,0.666666666666667,NA,NA,1,1,0.833333333333333,0.333333333333333,NA,0.666666666666667,0.666666666666667,NA,NA,0.833333333333333,NA,NA,0.5,0.166666666666667,NA,NA,0,0,0,0,NA,0,0,NA,NA,0,NA,NA,0,0.166666666666667,NA,NA,0,0,0,0.166666666666667,NA,0.166666666666667,0.333333333333333,NA,NA,0,NA,NA,0.166666666666667,0,NA,NA
"919",6,6,6,3,3,6,0,0,3,6,0,0,6,0,0,0,0,1,0,1,0,0,0,0,0,2,0,0,0,0,0,0,1,2,3,0,1,1,0,0,0,4,0,0,1,0,0,0,0.133333333333333,0.133333333333333,0.133333333333333,0.0666666666666667,0.0666666666666667,0.133333333333333,0,0,0.0666666666666667,0.133333333333333,0,0,0.133333333333333,0,0,0,0,0.166666666666667,0,0.333333333333333,0,0,NA,NA,0,0.333333333333333,NA,NA,0,NA,NA,NA,0.166666666666667,0.333333333333333,0.5,0,0.333333333333333,0.166666666666667,NA,NA,0,0.666666666666667,NA,NA,0.166666666666667,NA,NA,NA,1,2,3,0,1,1,0,0,0,3,0,0,1,0,0,0,5,3,3,2,2,5,0,0,3,1,0,0,5,0,0,0,0,0,0,0,0,0,0,0,0,1,0,0,0,0,0,0,0,1,0,1,0,0,0,0,0,1,0,0,0,0,0,0,0.166666666666667,0.333333333333333,0.5,0,0.333333333333333,0.166666666666667,NA,NA,0,0.5,NA,NA,0.166666666666667,NA,NA,NA,0.833333333333333,0.5,0.5,0.666666666666667,0.666666666666667,0.833333333333333,NA,NA,1,0.166666666666667,NA,NA,0.833333333333333,NA,NA,NA,0,0,0,0,0,0,NA,NA,0,0.166666666666667,NA,NA,0,NA,NA,NA,0,0.166666666666667,0,0.333333333333333,0,0,NA,NA,0,0.166666666666667,NA,NA,0,NA,NA,NA
"920",3,6,6,6,0,3,6,3,0,3,6,0,0,6,0,0,0,0,1,1,0,0,1,1,0,0,2,0,0,2,0,0,1,0,1,2,0,0,1,1,0,1,2,0,0,5,0,0,0.0625,0.125,0.125,0.125,0,0.0625,0.125,0.0625,0,0.0625,0.125,0,0,0.125,0,0,0,0,0.166666666666667,0.166666666666667,NA,0,0.166666666666667,0.333333333333333,NA,0,0.333333333333333,NA,NA,0.333333333333333,NA,NA,0.333333333333333,0,0.166666666666667,0.333333333333333,NA,0,0.166666666666667,0.333333333333333,NA,0.333333333333333,0.333333333333333,NA,NA,0.833333333333333,NA,NA,1,0,1,2,0,0,1,1,0,1,1,0,0,3,0,0,2,6,4,3,0,3,4,1,0,2,3,0,0,1,0,0,0,0,0,0,0,0,0,0,0,0,1,0,0,2,0,0,0,0,1,1,0,0,1,1,0,0,1,0,0,0,0,0,0.333333333333333,0,0.166666666666667,0.333333333333333,NA,0,0.166666666666667,0.333333333333333,NA,0.333333333333333,0.166666666666667,NA,NA,0.5,NA,NA,0.666666666666667,1,0.666666666666667,0.5,NA,1,0.666666666666667,0.333333333333333,NA,0.666666666666667,0.5,NA,NA,0.166666666666667,NA,NA,0,0,0,0,NA,0,0,0,NA,0,0.166666666666667,NA,NA,0.333333333333333,NA,NA,0,0,0.166666666666667,0.166666666666667,NA,0,0.166666666666667,0.333333333333333,NA,0,0.166666666666667,NA,NA,0,NA,NA
"921",6,6,6,6,0,0,6,6,0,3,6,0,0,3,0,0,0,1,0,1,0,0,0,1,0,0,2,0,0,1,0,0,2,2,0,2,0,0,1,5,0,0,4,0,0,1,0,0,0.125,0.125,0.125,0.125,0,0,0.125,0.125,0,0.0625,0.125,0,0,0.0625,0,0,0,0.166666666666667,0,0.166666666666667,NA,NA,0,0.166666666666667,NA,0,0.333333333333333,NA,NA,0.333333333333333,NA,NA,0.333333333333333,0.333333333333333,0,0.333333333333333,NA,NA,0.166666666666667,0.833333333333333,NA,0,0.666666666666667,NA,NA,0.333333333333333,NA,NA,2,2,0,2,0,0,1,4,0,0,3,0,0,1,0,0,4,3,6,3,0,0,5,1,0,3,1,0,0,1,0,0,0,0,0,0,0,0,0,1,0,0,1,0,0,0,0,0,0,1,0,1,0,0,0,0,0,0,1,0,0,1,0,0,0.333333333333333,0.333333333333333,0,0.333333333333333,NA,NA,0.166666666666667,0.666666666666667,NA,0,0.5,NA,NA,0.333333333333333,NA,NA,0.666666666666667,0.5,1,0.5,NA,NA,0.833333333333333,0.166666666666667,NA,1,0.166666666666667,NA,NA,0.333333333333333,NA,NA,0,0,0,0,NA,NA,0,0.166666666666667,NA,0,0.166666666666667,NA,NA,0,NA,NA,0,0.166666666666667,0,0.166666666666667,NA,NA,0,0,NA,0,0.166666666666667,NA,NA,0.333333333333333,NA,NA
"922",3,3,3,3,3,6,6,6,3,6,0,0,3,3,0,0,0,0,0,0,0,1,0,1,0,2,0,0,1,1,0,0,0,0,1,0,1,1,3,4,0,0,0,0,0,1,0,0,0.0625,0.0625,0.0625,0.0625,0.0625,0.125,0.125,0.125,0.0625,0.125,0,0,0.0625,0.0625,0,0,0,0,0,0,0,0.166666666666667,0,0.166666666666667,0,0.333333333333333,NA,NA,0.333333333333333,0.333333333333333,NA,NA,0,0,0.333333333333333,0,0.333333333333333,0.166666666666667,0.5,0.666666666666667,0,0,NA,NA,0,0.333333333333333,NA,NA,0,0,1,0,1,0,3,4,0,0,0,0,0,1,0,0,3,3,2,3,2,5,3,1,3,4,0,0,2,1,0,0,0,0,0,0,0,1,0,0,0,0,0,0,0,0,0,0,0,0,0,0,0,0,0,1,0,2,0,0,1,1,0,0,0,0,0.333333333333333,0,0.333333333333333,0,0.5,0.666666666666667,0,0,NA,NA,0,0.333333333333333,NA,NA,1,1,0.666666666666667,1,0.666666666666667,0.833333333333333,0.5,0.166666666666667,1,0.666666666666667,NA,NA,0.666666666666667,0.333333333333333,NA,NA,0,0,0,0,0,0.166666666666667,0,0,0,0,NA,NA,0,0,NA,NA,0,0,0,0,0,0,0,0.166666666666667,0,0.333333333333333,NA,NA,0.333333333333333,0.333333333333333,NA,NA
"923",3,3,6,6,3,6,6,6,3,0,3,0,3,0,0,0,0,0,0,1,0,0,1,0,0,0,1,0,1,0,0,0,0,0,2,1,0,3,2,3,0,0,1,0,0,0,0,0,0.0625,0.0625,0.125,0.125,0.0625,0.125,0.125,0.125,0.0625,0,0.0625,0,0.0625,0,0,0,0,0,0,0.166666666666667,0,0,0.166666666666667,0,0,NA,0.333333333333333,NA,0.333333333333333,NA,NA,NA,0,0,0.333333333333333,0.166666666666667,0,0.5,0.333333333333333,0.5,0,NA,0.333333333333333,NA,0,NA,NA,NA,0,0,2,1,0,3,1,3,0,0,1,0,0,0,0,0,3,3,4,4,3,3,4,3,3,0,1,0,2,0,0,0,0,0,0,0,0,0,1,0,0,0,0,0,0,0,0,0,0,0,0,1,0,0,0,0,0,0,1,0,1,0,0,0,0,0,0.333333333333333,0.166666666666667,0,0.5,0.166666666666667,0.5,0,NA,0.333333333333333,NA,0,NA,NA,NA,1,1,0.666666666666667,0.666666666666667,1,0.5,0.666666666666667,0.5,1,NA,0.333333333333333,NA,0.666666666666667,NA,NA,NA,0,0,0,0,0,0,0.166666666666667,0,0,NA,0,NA,0,NA,NA,NA,0,0,0,0.166666666666667,0,0,0,0,0,NA,0.333333333333333,NA,0.333333333333333,NA,NA,NA
"924",3,3,3,6,3,6,6,6,0,6,6,0,0,0,0,0,0,0,0,0,0,0,0,2,0,3,2,0,0,0,0,0,0,0,0,1,1,0,2,2,0,1,5,0,0,0,0,0,0.0625,0.0625,0.0625,0.125,0.0625,0.125,0.125,0.125,0,0.125,0.125,0,0,0,0,0,0,0,0,0,0,0,0,0.333333333333333,NA,0.5,0.333333333333333,NA,NA,NA,NA,NA,0,0,0,0.166666666666667,0.333333333333333,0,0.333333333333333,0.333333333333333,NA,0.166666666666667,0.833333333333333,NA,NA,NA,NA,NA,0,0,0,1,1,0,2,2,0,1,3,0,0,0,0,0,3,3,3,5,2,6,4,2,0,2,1,0,0,0,0,0,0,0,0,0,0,0,0,0,0,0,2,0,0,0,0,0,0,0,0,0,0,0,0,2,0,3,0,0,0,0,0,0,0,0,0,0.166666666666667,0.333333333333333,0,0.333333333333333,0.333333333333333,NA,0.166666666666667,0.5,NA,NA,NA,NA,NA,1,1,1,0.833333333333333,0.666666666666667,1,0.666666666666667,0.333333333333333,NA,0.333333333333333,0.166666666666667,NA,NA,NA,NA,NA,0,0,0,0,0,0,0,0,NA,0,0.333333333333333,NA,NA,NA,NA,NA,0,0,0,0,0,0,0,0.333333333333333,NA,0.5,0,NA,NA,NA,NA,NA
"925",6,6,3,3,0,3,6,6,3,6,6,0,0,0,0,0,0,1,0,0,0,0,0,1,0,1,1,0,0,0,0,0,0,1,0,0,0,0,2,4,1,3,3,0,0,0,0,0,0.125,0.125,0.0625,0.0625,0,0.0625,0.125,0.125,0.0625,0.125,0.125,0,0,0,0,0,0,0.166666666666667,0,0,NA,0,0,0.166666666666667,0,0.166666666666667,0.166666666666667,NA,NA,NA,NA,NA,0,0.166666666666667,0,0,NA,0,0.333333333333333,0.666666666666667,0.333333333333333,0.5,0.5,NA,NA,NA,NA,NA,0,1,0,0,0,0,2,3,1,2,2,0,0,0,0,0,6,4,3,3,0,3,4,2,2,3,3,0,0,0,0,0,0,0,0,0,0,0,0,1,0,1,1,0,0,0,0,0,0,1,0,0,0,0,0,0,0,0,0,0,0,0,0,0,0,0.166666666666667,0,0,NA,0,0.333333333333333,0.5,0.333333333333333,0.333333333333333,0.333333333333333,NA,NA,NA,NA,NA,1,0.666666666666667,1,1,NA,1,0.666666666666667,0.333333333333333,0.666666666666667,0.5,0.5,NA,NA,NA,NA,NA,0,0,0,0,NA,0,0,0.166666666666667,0,0.166666666666667,0.166666666666667,NA,NA,NA,NA,NA,0,0.166666666666667,0,0,NA,0,0,0,0,0,0,NA,NA,NA,NA,NA
"926",3,3,3,6,0,3,6,0,3,6,0,0,6,6,0,0,0,0,0,1,0,0,2,0,0,0,0,0,0,3,0,0,0,1,0,4,0,0,2,0,1,2,0,0,2,5,0,0,0.0666666666666667,0.0666666666666667,0.0666666666666667,0.133333333333333,0,0.0666666666666667,0.133333333333333,0,0.0666666666666667,0.133333333333333,0,0,0.133333333333333,0.133333333333333,0,0,0,0,0,0.166666666666667,NA,0,0.333333333333333,NA,0,0,NA,NA,0,0.5,NA,NA,0,0.333333333333333,0,0.666666666666667,NA,0,0.333333333333333,NA,0.333333333333333,0.333333333333333,NA,NA,0.333333333333333,0.833333333333333,NA,NA,0,1,0,4,0,0,2,0,1,2,0,0,2,2,0,0,3,2,3,1,0,3,2,0,2,4,0,0,4,1,0,0,0,0,0,0,0,0,0,0,0,0,0,0,0,3,0,0,0,0,0,1,0,0,2,0,0,0,0,0,0,0,0,0,0,0.333333333333333,0,0.666666666666667,NA,0,0.333333333333333,NA,0.333333333333333,0.333333333333333,NA,NA,0.333333333333333,0.333333333333333,NA,NA,1,0.666666666666667,1,0.166666666666667,NA,1,0.333333333333333,NA,0.666666666666667,0.666666666666667,NA,NA,0.666666666666667,0.166666666666667,NA,NA,0,0,0,0,NA,0,0,NA,0,0,NA,NA,0,0.5,NA,NA,0,0,0,0.166666666666667,NA,0,0.333333333333333,NA,0,0,NA,NA,0,0,NA,NA
"927",3,6,6,0,6,0,0,0,6,0,0,0,3,0,0,0,0,0,2,0,0,0,0,0,1,0,0,0,2,0,0,0,0,2,0,0,2,0,0,0,2,0,0,0,1,0,0,0,0.1,0.2,0.2,0,0.2,0,0,0,0.2,0,0,0,0.1,0,0,0,0,0,0.333333333333333,NA,0,NA,NA,NA,0.166666666666667,NA,NA,NA,0.666666666666667,NA,NA,NA,0,0.333333333333333,0,NA,0.333333333333333,NA,NA,NA,0.333333333333333,NA,NA,NA,0.333333333333333,NA,NA,NA,0,2,0,0,2,0,0,0,2,0,0,0,1,0,0,0,3,4,4,0,4,0,0,0,3,0,0,0,0,0,0,0,0,0,0,0,0,0,0,0,0,0,0,0,0,0,0,0,0,0,2,0,0,0,0,0,1,0,0,0,2,0,0,0,0,0.333333333333333,0,NA,0.333333333333333,NA,NA,NA,0.333333333333333,NA,NA,NA,0.333333333333333,NA,NA,NA,1,0.666666666666667,0.666666666666667,NA,0.666666666666667,NA,NA,NA,0.5,NA,NA,NA,0,NA,NA,NA,0,0,0,NA,0,NA,NA,NA,0,NA,NA,NA,0,NA,NA,NA,0,0,0.333333333333333,NA,0,NA,NA,NA,0.166666666666667,NA,NA,NA,0.666666666666667,NA,NA,NA
"928",3,3,3,6,3,6,6,6,6,3,0,0,3,0,0,0,0,0,0,0,0,2,2,2,0,1,0,0,2,0,0,0,0,0,1,0,0,2,4,3,1,1,0,0,1,0,0,0,0.0625,0.0625,0.0625,0.125,0.0625,0.125,0.125,0.125,0.125,0.0625,0,0,0.0625,0,0,0,0,0,0,0,0,0.333333333333333,0.333333333333333,0.333333333333333,0,0.333333333333333,NA,NA,0.666666666666667,NA,NA,NA,0,0,0.333333333333333,0,0,0.333333333333333,0.666666666666667,0.5,0.166666666666667,0.333333333333333,NA,NA,0.333333333333333,NA,NA,NA,0,0,1,0,0,2,2,2,1,1,0,0,0,0,0,0,3,3,2,6,3,2,2,2,5,1,0,0,1,0,0,0,0,0,0,0,0,0,2,1,0,0,0,0,1,0,0,0,0,0,0,0,0,2,0,1,0,1,0,0,1,0,0,0,0,0,0.333333333333333,0,0,0.333333333333333,0.333333333333333,0.333333333333333,0.166666666666667,0.333333333333333,NA,NA,0,NA,NA,NA,1,1,0.666666666666667,1,1,0.333333333333333,0.333333333333333,0.333333333333333,0.833333333333333,0.333333333333333,NA,NA,0.333333333333333,NA,NA,NA,0,0,0,0,0,0,0.333333333333333,0.166666666666667,0,0,NA,NA,0.333333333333333,NA,NA,NA,0,0,0,0,0,0.333333333333333,0,0.166666666666667,0,0.333333333333333,NA,NA,0.333333333333333,NA,NA,NA
"929",3,3,6,6,0,6,0,3,6,6,0,0,6,0,0,0,0,0,1,3,0,1,0,2,0,0,0,0,2,0,0,0,0,0,2,1,0,1,0,3,1,3,0,0,3,0,0,0,0.0666666666666667,0.0666666666666667,0.133333333333333,0.133333333333333,0,0.133333333333333,0,0.0666666666666667,0.133333333333333,0.133333333333333,0,0,0.133333333333333,0,0,0,0,0,0.166666666666667,0.5,NA,0.166666666666667,NA,0.666666666666667,0,0,NA,NA,0.333333333333333,NA,NA,NA,0,0,0.333333333333333,0.166666666666667,NA,0.166666666666667,NA,1,0.166666666666667,0.5,NA,NA,0.5,NA,NA,NA,0,0,1,1,0,1,0,1,1,3,0,0,2,0,0,0,3,3,4,2,0,4,0,0,5,3,0,0,2,0,0,0,0,0,1,0,0,0,0,2,0,0,0,0,1,0,0,0,0,0,0,3,0,1,0,0,0,0,0,0,1,0,0,0,0,0,0.166666666666667,0.166666666666667,NA,0.166666666666667,NA,0.333333333333333,0.166666666666667,0.5,NA,NA,0.333333333333333,NA,NA,NA,1,1,0.666666666666667,0.333333333333333,NA,0.666666666666667,NA,0,0.833333333333333,0.5,NA,NA,0.333333333333333,NA,NA,NA,0,0,0.166666666666667,0,NA,0,NA,0.666666666666667,0,0,NA,NA,0.166666666666667,NA,NA,NA,0,0,0,0.5,NA,0.166666666666667,NA,0,0,0,NA,NA,0.166666666666667,NA,NA,NA
"930",3,3,3,3,3,6,6,6,3,6,3,3,0,0,0,0,0,0,0,0,0,0,1,1,1,2,1,1,0,0,0,0,1,0,1,1,0,0,4,3,0,1,2,2,0,0,0,0,0.0625,0.0625,0.0625,0.0625,0.0625,0.125,0.125,0.125,0.0625,0.125,0.0625,0.0625,0,0,0,0,0,0,0,0,0,0,0.166666666666667,0.166666666666667,0.333333333333333,0.333333333333333,0.333333333333333,0.333333333333333,NA,NA,NA,NA,0.333333333333333,0,0.333333333333333,0.333333333333333,0,0,0.666666666666667,0.5,0,0.166666666666667,0.666666666666667,0.666666666666667,NA,NA,NA,NA,1,0,1,1,0,0,3,2,0,1,1,1,0,0,0,0,2,3,2,2,3,6,2,3,2,3,1,1,0,0,0,0,0,0,0,0,0,0,1,1,0,0,1,1,0,0,0,0,0,0,0,0,0,0,0,0,1,2,0,0,0,0,0,0,0.333333333333333,0,0.333333333333333,0.333333333333333,0,0,0.5,0.333333333333333,0,0.166666666666667,0.333333333333333,0.333333333333333,NA,NA,NA,NA,0.666666666666667,1,0.666666666666667,0.666666666666667,1,1,0.333333333333333,0.5,0.666666666666667,0.5,0.333333333333333,0.333333333333333,NA,NA,NA,NA,0,0,0,0,0,0,0.166666666666667,0.166666666666667,0,0,0.333333333333333,0.333333333333333,NA,NA,NA,NA,0,0,0,0,0,0,0,0,0.333333333333333,0.333333333333333,0,0,NA,NA,NA,NA
"931",3,3,3,6,0,6,6,3,3,6,3,0,3,3,0,0,0,0,0,1,0,0,1,1,0,2,2,0,0,1,0,0,0,0,1,3,0,2,0,1,0,2,3,0,1,3,0,0,0.0625,0.0625,0.0625,0.125,0,0.125,0.125,0.0625,0.0625,0.125,0.0625,0,0.0625,0.0625,0,0,0,0,0,0.166666666666667,NA,0,0.166666666666667,0.333333333333333,0,0.333333333333333,0.666666666666667,NA,0,0.333333333333333,NA,NA,0,0,0.333333333333333,0.5,NA,0.333333333333333,0,0.333333333333333,0,0.333333333333333,1,NA,0.333333333333333,1,NA,NA,0,0,1,3,0,2,0,1,0,1,1,0,1,2,0,0,3,3,2,2,0,4,5,1,3,3,0,0,2,0,0,0,0,0,0,0,0,0,0,0,0,1,2,0,0,1,0,0,0,0,0,1,0,0,1,1,0,1,0,0,0,0,0,0,0,0,0.333333333333333,0.5,NA,0.333333333333333,0,0.333333333333333,0,0.166666666666667,0.333333333333333,NA,0.333333333333333,0.666666666666667,NA,NA,1,1,0.666666666666667,0.333333333333333,NA,0.666666666666667,0.833333333333333,0.333333333333333,1,0.5,0,NA,0.666666666666667,0,NA,NA,0,0,0,0,NA,0,0,0,0,0.166666666666667,0.666666666666667,NA,0,0.333333333333333,NA,NA,0,0,0,0.166666666666667,NA,0,0.166666666666667,0.333333333333333,0,0.166666666666667,0,NA,0,0,NA,NA
"932",3,6,6,3,3,6,0,0,6,0,0,0,6,0,0,0,0,0,1,1,0,2,0,0,0,0,0,0,1,0,0,0,1,1,0,2,0,2,0,0,0,0,0,0,1,0,0,0,0.0769230769230769,0.153846153846154,0.153846153846154,0.0769230769230769,0.0769230769230769,0.153846153846154,0,0,0.153846153846154,0,0,0,0.153846153846154,0,0,0,0,0,0.166666666666667,0.333333333333333,0,0.333333333333333,NA,NA,0,NA,NA,NA,0.166666666666667,NA,NA,NA,0.333333333333333,0.166666666666667,0,0.666666666666667,0,0.333333333333333,NA,NA,0,NA,NA,NA,0.166666666666667,NA,NA,NA,1,1,0,1,0,1,0,0,0,0,0,0,1,0,0,0,2,5,5,1,3,3,0,0,6,0,0,0,4,0,0,0,0,0,0,1,0,1,0,0,0,0,0,0,0,0,0,0,0,0,1,0,0,1,0,0,0,0,0,0,1,0,0,0,0.333333333333333,0.166666666666667,0,0.333333333333333,0,0.166666666666667,NA,NA,0,NA,NA,NA,0.166666666666667,NA,NA,NA,0.666666666666667,0.833333333333333,0.833333333333333,0.333333333333333,1,0.5,NA,NA,1,NA,NA,NA,0.666666666666667,NA,NA,NA,0,0,0,0.333333333333333,0,0.166666666666667,NA,NA,0,NA,NA,NA,0,NA,NA,NA,0,0,0.166666666666667,0,0,0.166666666666667,NA,NA,0,NA,NA,NA,0.166666666666667,NA,NA,NA
"933",3,3,6,0,3,6,0,0,3,6,0,0,6,0,0,0,0,0,0,0,0,1,0,0,0,2,0,0,0,0,0,0,0,0,4,0,0,1,0,0,0,1,0,0,2,0,0,0,0.0833333333333333,0.0833333333333333,0.166666666666667,0,0.0833333333333333,0.166666666666667,0,0,0.0833333333333333,0.166666666666667,0,0,0.166666666666667,0,0,0,0,0,0,NA,0,0.166666666666667,NA,NA,0,0.333333333333333,NA,NA,0,NA,NA,NA,0,0,0.666666666666667,NA,0,0.166666666666667,NA,NA,0,0.166666666666667,NA,NA,0.333333333333333,NA,NA,NA,0,0,4,0,0,1,0,0,0,1,0,0,2,0,0,0,3,3,2,0,3,4,0,0,3,3,0,0,4,0,0,0,0,0,0,0,0,0,0,0,0,0,0,0,0,0,0,0,0,0,0,0,0,1,0,0,0,2,0,0,0,0,0,0,0,0,0.666666666666667,NA,0,0.166666666666667,NA,NA,0,0.166666666666667,NA,NA,0.333333333333333,NA,NA,NA,1,1,0.333333333333333,NA,1,0.666666666666667,NA,NA,1,0.5,NA,NA,0.666666666666667,NA,NA,NA,0,0,0,NA,0,0,NA,NA,0,0,NA,NA,0,NA,NA,NA,0,0,0,NA,0,0.166666666666667,NA,NA,0,0.333333333333333,NA,NA,0,NA,NA,NA
"934",3,3,6,6,3,3,0,0,6,6,0,0,6,6,0,0,0,0,0,2,0,0,0,0,1,0,0,0,0,2,0,0,0,0,0,1,1,0,0,0,0,1,0,0,3,3,0,0,0.0625,0.0625,0.125,0.125,0.0625,0.0625,0,0,0.125,0.125,0,0,0.125,0.125,0,0,0,0,0,0.333333333333333,0,0,NA,NA,0.166666666666667,0,NA,NA,0,0.333333333333333,NA,NA,0,0,0,0.166666666666667,0.333333333333333,0,NA,NA,0,0.166666666666667,NA,NA,0.5,0.5,NA,NA,0,0,0,1,1,0,0,0,0,1,0,0,3,2,0,0,3,3,6,3,2,3,0,0,5,5,0,0,3,2,0,0,0,0,0,0,0,0,0,0,0,0,0,0,0,1,0,0,0,0,0,2,0,0,0,0,1,0,0,0,0,1,0,0,0,0,0,0.166666666666667,0.333333333333333,0,NA,NA,0,0.166666666666667,NA,NA,0.5,0.333333333333333,NA,NA,1,1,1,0.5,0.666666666666667,1,NA,NA,0.833333333333333,0.833333333333333,NA,NA,0.5,0.333333333333333,NA,NA,0,0,0,0,0,0,NA,NA,0,0,NA,NA,0,0.166666666666667,NA,NA,0,0,0,0.333333333333333,0,0,NA,NA,0.166666666666667,0,NA,NA,0,0.166666666666667,NA,NA
"935",3,3,3,6,0,3,6,6,0,6,6,3,0,3,0,0,0,0,0,0,0,0,1,1,0,2,2,2,0,1,0,0,0,1,0,0,0,0,2,2,0,1,3,1,0,2,0,0,0.0625,0.0625,0.0625,0.125,0,0.0625,0.125,0.125,0,0.125,0.125,0.0625,0,0.0625,0,0,0,0,0,0,NA,0,0.166666666666667,0.166666666666667,NA,0.333333333333333,0.333333333333333,0.666666666666667,NA,0.333333333333333,NA,NA,0,0.333333333333333,0,0,NA,0,0.333333333333333,0.333333333333333,NA,0.166666666666667,0.5,0.333333333333333,NA,0.666666666666667,NA,NA,0,1,0,0,0,0,2,2,0,0,2,0,0,1,0,0,3,2,3,6,0,3,3,3,0,4,2,1,0,1,0,0,0,0,0,0,0,0,0,0,0,1,1,1,0,1,0,0,0,0,0,0,0,0,1,1,0,1,1,1,0,0,0,0,0,0.333333333333333,0,0,NA,0,0.333333333333333,0.333333333333333,NA,0,0.333333333333333,0,NA,0.333333333333333,NA,NA,1,0.666666666666667,1,1,NA,1,0.5,0.5,NA,0.666666666666667,0.333333333333333,0.333333333333333,NA,0.333333333333333,NA,NA,0,0,0,0,NA,0,0,0,NA,0.166666666666667,0.166666666666667,0.333333333333333,NA,0.333333333333333,NA,NA,0,0,0,0,NA,0,0.166666666666667,0.166666666666667,NA,0.166666666666667,0.166666666666667,0.333333333333333,NA,0,NA,NA
"936",3,6,3,0,3,0,0,0,6,0,0,0,6,0,0,0,0,1,1,0,0,0,0,0,0,0,0,0,2,0,0,0,0,0,0,0,0,0,0,0,1,0,0,0,2,0,0,0,0.111111111111111,0.222222222222222,0.111111111111111,0,0.111111111111111,0,0,0,0.222222222222222,0,0,0,0.222222222222222,0,0,0,0,0.166666666666667,0.333333333333333,NA,0,NA,NA,NA,0,NA,NA,NA,0.333333333333333,NA,NA,NA,0,0,0,NA,0,NA,NA,NA,0.166666666666667,NA,NA,NA,0.333333333333333,NA,NA,NA,0,0,0,0,0,0,0,0,1,0,0,0,1,0,0,0,3,5,2,0,3,0,0,0,5,0,0,0,3,0,0,0,0,0,0,0,0,0,0,0,0,0,0,0,1,0,0,0,0,1,1,0,0,0,0,0,0,0,0,0,1,0,0,0,0,0,0,NA,0,NA,NA,NA,0.166666666666667,NA,NA,NA,0.166666666666667,NA,NA,NA,1,0.833333333333333,0.666666666666667,NA,1,NA,NA,NA,0.833333333333333,NA,NA,NA,0.5,NA,NA,NA,0,0,0,NA,0,NA,NA,NA,0,NA,NA,NA,0.166666666666667,NA,NA,NA,0,0.166666666666667,0.333333333333333,NA,0,NA,NA,NA,0,NA,NA,NA,0.166666666666667,NA,NA,NA
"937",3,6,3,0,3,0,0,0,6,0,0,0,6,0,0,0,0,1,1,0,0,0,0,0,1,0,0,0,1,0,0,0,0,2,1,0,0,0,0,0,1,0,0,0,2,0,0,0,0.111111111111111,0.222222222222222,0.111111111111111,0,0.111111111111111,0,0,0,0.222222222222222,0,0,0,0.222222222222222,0,0,0,0,0.166666666666667,0.333333333333333,NA,0,NA,NA,NA,0.166666666666667,NA,NA,NA,0.166666666666667,NA,NA,NA,0,0.333333333333333,0.333333333333333,NA,0,NA,NA,NA,0.166666666666667,NA,NA,NA,0.333333333333333,NA,NA,NA,0,2,0,0,0,0,0,0,1,0,0,0,1,0,0,0,3,3,2,0,3,0,0,0,4,0,0,0,4,0,0,0,0,0,1,0,0,0,0,0,0,0,0,0,1,0,0,0,0,1,0,0,0,0,0,0,1,0,0,0,0,0,0,0,0,0.333333333333333,0,NA,0,NA,NA,NA,0.166666666666667,NA,NA,NA,0.166666666666667,NA,NA,NA,1,0.5,0.666666666666667,NA,1,NA,NA,NA,0.666666666666667,NA,NA,NA,0.666666666666667,NA,NA,NA,0,0,0.333333333333333,NA,0,NA,NA,NA,0,NA,NA,NA,0.166666666666667,NA,NA,NA,0,0.166666666666667,0,NA,0,NA,NA,NA,0.166666666666667,NA,NA,NA,0,NA,NA,NA
"938",3,3,3,6,3,6,6,6,3,0,6,3,0,0,0,0,0,0,0,0,0,3,0,1,1,0,2,2,0,0,0,0,0,1,1,1,0,2,1,2,0,0,4,3,0,0,0,0,0.0625,0.0625,0.0625,0.125,0.0625,0.125,0.125,0.125,0.0625,0,0.125,0.0625,0,0,0,0,0,0,0,0,0,0.5,0,0.166666666666667,0.333333333333333,NA,0.333333333333333,0.666666666666667,NA,NA,NA,NA,0,0.333333333333333,0.333333333333333,0.166666666666667,0,0.333333333333333,0.166666666666667,0.333333333333333,0,NA,0.666666666666667,1,NA,NA,NA,NA,0,1,1,1,0,1,1,1,0,0,3,1,0,0,0,0,3,2,2,5,3,2,5,4,2,0,1,0,0,0,0,0,0,0,0,0,0,1,0,1,0,0,1,2,0,0,0,0,0,0,0,0,0,2,0,0,1,0,1,0,0,0,0,0,0,0.333333333333333,0.333333333333333,0.166666666666667,0,0.166666666666667,0.166666666666667,0.166666666666667,0,NA,0.5,0.333333333333333,NA,NA,NA,NA,1,0.666666666666667,0.666666666666667,0.833333333333333,1,0.333333333333333,0.833333333333333,0.666666666666667,0.666666666666667,NA,0.166666666666667,0,NA,NA,NA,NA,0,0,0,0,0,0.166666666666667,0,0.166666666666667,0,NA,0.166666666666667,0.666666666666667,NA,NA,NA,NA,0,0,0,0,0,0.333333333333333,0,0,0.333333333333333,NA,0.166666666666667,0,NA,NA,NA,NA
"939",3,3,6,6,0,3,6,6,0,6,0,3,0,6,0,0,0,0,0,1,0,0,1,1,0,0,0,3,0,2,0,0,0,0,0,2,0,1,5,2,0,2,0,3,0,3,0,0,0.0625,0.0625,0.125,0.125,0,0.0625,0.125,0.125,0,0.125,0,0.0625,0,0.125,0,0,0,0,0,0.166666666666667,NA,0,0.166666666666667,0.166666666666667,NA,0,NA,1,NA,0.333333333333333,NA,NA,0,0,0,0.333333333333333,NA,0.333333333333333,0.833333333333333,0.333333333333333,NA,0.333333333333333,NA,1,NA,0.5,NA,NA,0,0,0,2,0,1,4,1,0,2,0,0,0,1,0,0,3,3,6,3,0,2,1,4,0,4,0,0,0,3,0,0,0,0,0,0,0,0,1,1,0,0,0,3,0,2,0,0,0,0,0,1,0,0,0,0,0,0,0,0,0,0,0,0,0,0,0,0.333333333333333,NA,0.333333333333333,0.666666666666667,0.166666666666667,NA,0.333333333333333,NA,0,NA,0.166666666666667,NA,NA,1,1,1,0.5,NA,0.666666666666667,0.166666666666667,0.666666666666667,NA,0.666666666666667,NA,0,NA,0.5,NA,NA,0,0,0,0,NA,0,0.166666666666667,0.166666666666667,NA,0,NA,1,NA,0.333333333333333,NA,NA,0,0,0,0.166666666666667,NA,0,0,0,NA,0,NA,0,NA,0,NA,NA
"940",6,6,0,0,6,0,0,0,6,0,0,0,0,0,0,0,0,2,0,0,0,0,0,0,3,0,0,0,0,0,0,0,0,1,0,0,1,0,0,0,3,0,0,0,0,0,0,0,0.25,0.25,0,0,0.25,0,0,0,0.25,0,0,0,0,0,0,0,0,0.333333333333333,NA,NA,0,NA,NA,NA,0.5,NA,NA,NA,NA,NA,NA,NA,0,0.166666666666667,NA,NA,0.166666666666667,NA,NA,NA,0.5,NA,NA,NA,NA,NA,NA,NA,0,0,0,0,1,0,0,0,1,0,0,0,0,0,0,0,6,4,0,0,5,0,0,0,2,0,0,0,0,0,0,0,0,1,0,0,0,0,0,0,2,0,0,0,0,0,0,0,0,1,0,0,0,0,0,0,1,0,0,0,0,0,0,0,0,0,NA,NA,0.166666666666667,NA,NA,NA,0.166666666666667,NA,NA,NA,NA,NA,NA,NA,1,0.666666666666667,NA,NA,0.833333333333333,NA,NA,NA,0.333333333333333,NA,NA,NA,NA,NA,NA,NA,0,0.166666666666667,NA,NA,0,NA,NA,NA,0.333333333333333,NA,NA,NA,NA,NA,NA,NA,0,0.166666666666667,NA,NA,0,NA,NA,NA,0.166666666666667,NA,NA,NA,NA,NA,NA,NA
"941",3,3,6,6,0,0,6,3,0,6,6,0,3,6,0,0,0,0,0,1,0,0,0,2,0,0,1,0,0,1,0,0,0,0,2,3,0,0,1,1,0,1,5,0,2,5,0,0,0.0625,0.0625,0.125,0.125,0,0,0.125,0.0625,0,0.125,0.125,0,0.0625,0.125,0,0,0,0,0,0.166666666666667,NA,NA,0,0.666666666666667,NA,0,0.166666666666667,NA,0,0.166666666666667,NA,NA,0,0,0.333333333333333,0.5,NA,NA,0.166666666666667,0.333333333333333,NA,0.166666666666667,0.833333333333333,NA,0.666666666666667,0.833333333333333,NA,NA,0,0,2,2,0,0,1,0,0,1,4,0,2,4,0,0,3,3,4,3,0,0,5,1,0,5,1,0,1,1,0,0,0,0,0,1,0,0,0,1,0,0,1,0,0,1,0,0,0,0,0,0,0,0,0,1,0,0,0,0,0,0,0,0,0,0,0.333333333333333,0.333333333333333,NA,NA,0.166666666666667,0,NA,0.166666666666667,0.666666666666667,NA,0.666666666666667,0.666666666666667,NA,NA,1,1,0.666666666666667,0.5,NA,NA,0.833333333333333,0.333333333333333,NA,0.833333333333333,0.166666666666667,NA,0.333333333333333,0.166666666666667,NA,NA,0,0,0,0.166666666666667,NA,NA,0,0.333333333333333,NA,0,0.166666666666667,NA,0,0.166666666666667,NA,NA,0,0,0,0,NA,NA,0,0.333333333333333,NA,0,0,NA,0,0,NA,NA
"942",3,3,3,6,0,3,6,6,3,3,0,0,6,6,0,0,0,0,0,0,0,0,2,1,0,0,0,0,2,1,0,0,1,0,0,1,0,1,1,3,0,1,0,0,0,3,0,0,0.0625,0.0625,0.0625,0.125,0,0.0625,0.125,0.125,0.0625,0.0625,0,0,0.125,0.125,0,0,0,0,0,0,NA,0,0.333333333333333,0.166666666666667,0,0,NA,NA,0.333333333333333,0.166666666666667,NA,NA,0.333333333333333,0,0,0.166666666666667,NA,0.333333333333333,0.166666666666667,0.5,0,0.333333333333333,NA,NA,0,0.5,NA,NA,1,0,0,1,0,1,0,3,0,1,0,0,0,2,0,0,2,3,3,5,0,2,4,2,3,2,0,0,4,3,0,0,0,0,0,0,0,0,1,0,0,0,0,0,0,1,0,0,0,0,0,0,0,0,1,1,0,0,0,0,2,0,0,0,0.333333333333333,0,0,0.166666666666667,NA,0.333333333333333,0,0.5,0,0.333333333333333,NA,NA,0,0.333333333333333,NA,NA,0.666666666666667,1,1,0.833333333333333,NA,0.666666666666667,0.666666666666667,0.333333333333333,1,0.666666666666667,NA,NA,0.666666666666667,0.5,NA,NA,0,0,0,0,NA,0,0.166666666666667,0,0,0,NA,NA,0,0.166666666666667,NA,NA,0,0,0,0,NA,0,0.166666666666667,0.166666666666667,0,0,NA,NA,0.333333333333333,0,NA,NA
"943",3,3,6,6,0,0,6,0,3,3,6,0,6,6,0,0,0,0,1,0,0,0,0,0,0,0,1,0,1,0,0,0,0,0,2,3,0,0,1,0,2,0,3,0,2,5,0,0,0.0625,0.0625,0.125,0.125,0,0,0.125,0,0.0625,0.0625,0.125,0,0.125,0.125,0,0,0,0,0.166666666666667,0,NA,NA,0,NA,0,0,0.166666666666667,NA,0.166666666666667,0,NA,NA,0,0,0.333333333333333,0.5,NA,NA,0.166666666666667,NA,0.666666666666667,0,0.5,NA,0.333333333333333,0.833333333333333,NA,NA,0,0,2,3,0,0,1,0,2,0,3,0,2,5,0,0,3,3,3,3,0,0,5,0,1,3,2,0,3,1,0,0,0,0,0,0,0,0,0,0,0,0,0,0,0,0,0,0,0,0,1,0,0,0,0,0,0,0,1,0,1,0,0,0,0,0,0.333333333333333,0.5,NA,NA,0.166666666666667,NA,0.666666666666667,0,0.5,NA,0.333333333333333,0.833333333333333,NA,NA,1,1,0.5,0.5,NA,NA,0.833333333333333,NA,0.333333333333333,1,0.333333333333333,NA,0.5,0.166666666666667,NA,NA,0,0,0,0,NA,NA,0,NA,0,0,0,NA,0,0,NA,NA,0,0,0.166666666666667,0,NA,NA,0,NA,0,0,0.166666666666667,NA,0.166666666666667,0,NA,NA
"944",3,3,6,0,6,6,0,0,6,3,0,0,3,0,0,0,0,0,0,0,0,1,0,0,1,1,0,0,1,0,0,0,0,0,3,0,1,2,0,0,0,3,0,0,1,0,0,0,0.0833333333333333,0.0833333333333333,0.166666666666667,0,0.166666666666667,0.166666666666667,0,0,0.166666666666667,0.0833333333333333,0,0,0.0833333333333333,0,0,0,0,0,0,NA,0,0.166666666666667,NA,NA,0.166666666666667,0.333333333333333,NA,NA,0.333333333333333,NA,NA,NA,0,0,0.5,NA,0.166666666666667,0.333333333333333,NA,NA,0,1,NA,NA,0.333333333333333,NA,NA,NA,0,0,3,0,1,2,0,0,0,2,0,0,1,0,0,0,3,3,3,0,5,3,0,0,5,0,0,0,1,0,0,0,0,0,0,0,0,0,0,0,0,1,0,0,0,0,0,0,0,0,0,0,0,1,0,0,1,0,0,0,1,0,0,0,0,0,0.5,NA,0.166666666666667,0.333333333333333,NA,NA,0,0.666666666666667,NA,NA,0.333333333333333,NA,NA,NA,1,1,0.5,NA,0.833333333333333,0.5,NA,NA,0.833333333333333,0,NA,NA,0.333333333333333,NA,NA,NA,0,0,0,NA,0,0,NA,NA,0,0.333333333333333,NA,NA,0,NA,NA,NA,0,0,0,NA,0,0.166666666666667,NA,NA,0.166666666666667,0,NA,NA,0.333333333333333,NA,NA,NA
"945",3,3,6,6,3,6,0,0,3,0,0,0,6,0,0,0,0,0,0,2,0,0,0,0,0,0,0,0,0,0,0,0,0,0,1,1,0,3,0,0,0,0,0,0,1,0,0,0,0.0833333333333333,0.0833333333333333,0.166666666666667,0.166666666666667,0.0833333333333333,0.166666666666667,0,0,0.0833333333333333,0,0,0,0.166666666666667,0,0,0,0,0,0,0.333333333333333,0,0,NA,NA,0,NA,NA,NA,0,NA,NA,NA,0,0,0.166666666666667,0.166666666666667,0,0.5,NA,NA,0,NA,NA,NA,0.166666666666667,NA,NA,NA,0,0,1,0,0,3,0,0,0,0,0,0,1,0,0,0,3,3,5,4,3,3,0,0,3,0,0,0,5,0,0,0,0,0,0,1,0,0,0,0,0,0,0,0,0,0,0,0,0,0,0,1,0,0,0,0,0,0,0,0,0,0,0,0,0,0,0.166666666666667,0,0,0.5,NA,NA,0,NA,NA,NA,0.166666666666667,NA,NA,NA,1,1,0.833333333333333,0.666666666666667,1,0.5,NA,NA,1,NA,NA,NA,0.833333333333333,NA,NA,NA,0,0,0,0.166666666666667,0,0,NA,NA,0,NA,NA,NA,0,NA,NA,NA,0,0,0,0.166666666666667,0,0,NA,NA,0,NA,NA,NA,0,NA,NA,NA
"946",3,3,3,6,0,6,6,3,3,6,6,0,0,3,0,0,0,0,0,0,0,1,0,3,0,1,2,0,0,1,0,0,0,0,1,2,0,1,1,3,1,2,3,0,0,2,0,0,0.0625,0.0625,0.0625,0.125,0,0.125,0.125,0.0625,0.0625,0.125,0.125,0,0,0.0625,0,0,0,0,0,0,NA,0.166666666666667,0,1,0,0.166666666666667,0.333333333333333,NA,NA,0.333333333333333,NA,NA,0,0,0.333333333333333,0.333333333333333,NA,0.166666666666667,0.166666666666667,1,0.333333333333333,0.333333333333333,0.5,NA,NA,0.666666666666667,NA,NA,0,0,1,2,0,1,1,0,1,1,2,0,0,1,0,0,3,3,2,4,0,4,5,0,2,4,2,0,0,1,0,0,0,0,0,0,0,0,0,3,0,1,1,0,0,1,0,0,0,0,0,0,0,1,0,0,0,0,1,0,0,0,0,0,0,0,0.333333333333333,0.333333333333333,NA,0.166666666666667,0.166666666666667,0,0.333333333333333,0.166666666666667,0.333333333333333,NA,NA,0.333333333333333,NA,NA,1,1,0.666666666666667,0.666666666666667,NA,0.666666666666667,0.833333333333333,0,0.666666666666667,0.666666666666667,0.333333333333333,NA,NA,0.333333333333333,NA,NA,0,0,0,0,NA,0,0,1,0,0.166666666666667,0.166666666666667,NA,NA,0.333333333333333,NA,NA,0,0,0,0,NA,0.166666666666667,0,0,0,0,0.166666666666667,NA,NA,0,NA,NA
"947",3,6,6,6,0,3,6,6,0,3,6,0,0,0,3,0,0,0,1,0,0,0,1,1,0,1,2,0,0,0,1,0,0,1,0,1,0,1,1,4,0,2,2,0,0,0,2,0,0.0625,0.125,0.125,0.125,0,0.0625,0.125,0.125,0,0.0625,0.125,0,0,0,0.0625,0,0,0,0.166666666666667,0,NA,0,0.166666666666667,0.166666666666667,NA,0.333333333333333,0.333333333333333,NA,NA,NA,0.333333333333333,NA,0,0.166666666666667,0,0.166666666666667,NA,0.333333333333333,0.166666666666667,0.666666666666667,NA,0.666666666666667,0.333333333333333,NA,NA,NA,0.666666666666667,NA,0,1,0,1,0,1,0,3,0,1,1,0,0,0,1,0,3,5,5,5,0,2,5,2,0,1,3,0,0,0,1,0,0,0,0,0,0,0,1,1,0,1,1,0,0,0,1,0,0,0,1,0,0,0,0,0,0,0,1,0,0,0,0,0,0,0.166666666666667,0,0.166666666666667,NA,0.333333333333333,0,0.5,NA,0.333333333333333,0.166666666666667,NA,NA,NA,0.333333333333333,NA,1,0.833333333333333,0.833333333333333,0.833333333333333,NA,0.666666666666667,0.833333333333333,0.333333333333333,NA,0.333333333333333,0.5,NA,NA,NA,0.333333333333333,NA,0,0,0,0,NA,0,0.166666666666667,0.166666666666667,NA,0.333333333333333,0.166666666666667,NA,NA,NA,0.333333333333333,NA,0,0,0.166666666666667,0,NA,0,0,0,NA,0,0.166666666666667,NA,NA,NA,0,NA
"948",3,3,3,6,0,6,6,6,3,6,0,0,3,3,0,0,0,0,0,0,0,0,1,1,0,1,0,0,1,1,0,0,0,0,0,2,0,1,4,4,0,1,0,0,1,3,0,0,0.0625,0.0625,0.0625,0.125,0,0.125,0.125,0.125,0.0625,0.125,0,0,0.0625,0.0625,0,0,0,0,0,0,NA,0,0.166666666666667,0.166666666666667,0,0.166666666666667,NA,NA,0.333333333333333,0.333333333333333,NA,NA,0,0,0,0.333333333333333,NA,0.166666666666667,0.666666666666667,0.666666666666667,0,0.166666666666667,NA,NA,0.333333333333333,1,NA,NA,0,0,0,2,0,1,3,4,0,1,0,0,0,2,0,0,3,3,3,4,0,5,2,1,3,4,0,0,2,0,0,0,0,0,0,0,0,0,1,0,0,0,0,0,1,1,0,0,0,0,0,0,0,0,0,1,0,1,0,0,0,0,0,0,0,0,0,0.333333333333333,NA,0.166666666666667,0.5,0.666666666666667,0,0.166666666666667,NA,NA,0,0.666666666666667,NA,NA,1,1,1,0.666666666666667,NA,0.833333333333333,0.333333333333333,0.166666666666667,1,0.666666666666667,NA,NA,0.666666666666667,0,NA,NA,0,0,0,0,NA,0,0.166666666666667,0,0,0,NA,NA,0.333333333333333,0.333333333333333,NA,NA,0,0,0,0,NA,0,0,0.166666666666667,0,0.166666666666667,NA,NA,0,0,NA,NA
"949",3,3,3,6,3,6,6,6,0,6,6,0,0,0,0,0,0,0,0,0,0,1,1,3,0,2,0,0,0,0,0,0,0,1,1,2,0,0,1,5,0,1,3,0,0,0,0,0,0.0625,0.0625,0.0625,0.125,0.0625,0.125,0.125,0.125,0,0.125,0.125,0,0,0,0,0,0,0,0,0,0,0.166666666666667,0.166666666666667,0.5,NA,0.333333333333333,0,NA,NA,NA,NA,NA,0,0.333333333333333,0.333333333333333,0.333333333333333,0,0,0.166666666666667,0.833333333333333,NA,0.166666666666667,0.5,NA,NA,NA,NA,NA,0,1,1,2,0,0,1,3,0,0,3,0,0,0,0,0,3,2,2,4,3,5,4,0,0,4,3,0,0,0,0,0,0,0,0,0,0,0,0,2,0,1,0,0,0,0,0,0,0,0,0,0,0,1,1,1,0,1,0,0,0,0,0,0,0,0.333333333333333,0.333333333333333,0.333333333333333,0,0,0.166666666666667,0.5,NA,0,0.5,NA,NA,NA,NA,NA,1,0.666666666666667,0.666666666666667,0.666666666666667,1,0.833333333333333,0.666666666666667,0,NA,0.666666666666667,0.5,NA,NA,NA,NA,NA,0,0,0,0,0,0,0,0.333333333333333,NA,0.166666666666667,0,NA,NA,NA,NA,NA,0,0,0,0,0,0.166666666666667,0.166666666666667,0.166666666666667,NA,0.166666666666667,0,NA,NA,NA,NA,NA
"950",6,6,3,0,3,0,0,0,6,0,0,0,6,0,0,0,0,1,1,0,0,0,0,0,1,0,0,0,2,0,0,0,1,1,1,0,0,0,0,0,1,0,0,0,3,0,0,0,0.2,0.2,0.1,0,0.1,0,0,0,0.2,0,0,0,0.2,0,0,0,0,0.166666666666667,0.333333333333333,NA,0,NA,NA,NA,0.166666666666667,NA,NA,NA,0.333333333333333,NA,NA,NA,0.166666666666667,0.166666666666667,0.333333333333333,NA,0,NA,NA,NA,0.166666666666667,NA,NA,NA,0.5,NA,NA,NA,1,1,1,0,0,0,0,0,1,0,0,0,2,0,0,0,5,4,1,0,3,0,0,0,4,0,0,0,2,0,0,0,0,0,0,0,0,0,0,0,0,0,0,0,1,0,0,0,0,1,1,0,0,0,0,0,1,0,0,0,1,0,0,0,0.166666666666667,0.166666666666667,0.333333333333333,NA,0,NA,NA,NA,0.166666666666667,NA,NA,NA,0.333333333333333,NA,NA,NA,0.833333333333333,0.666666666666667,0.333333333333333,NA,1,NA,NA,NA,0.666666666666667,NA,NA,NA,0.333333333333333,NA,NA,NA,0,0,0,NA,0,NA,NA,NA,0,NA,NA,NA,0.166666666666667,NA,NA,NA,0,0.166666666666667,0.333333333333333,NA,0,NA,NA,NA,0.166666666666667,NA,NA,NA,0.166666666666667,NA,NA,NA
"951",3,3,6,6,3,6,6,0,3,0,0,0,6,0,0,0,0,0,0,1,0,2,0,0,0,0,0,0,0,0,0,0,0,0,1,3,0,1,3,0,0,0,0,0,3,0,0,0,0.0714285714285714,0.0714285714285714,0.142857142857143,0.142857142857143,0.0714285714285714,0.142857142857143,0.142857142857143,0,0.0714285714285714,0,0,0,0.142857142857143,0,0,0,0,0,0,0.166666666666667,0,0.333333333333333,0,NA,0,NA,NA,NA,0,NA,NA,NA,0,0,0.166666666666667,0.5,0,0.166666666666667,0.5,NA,0,NA,NA,NA,0.5,NA,NA,NA,0,0,1,3,0,1,3,0,0,0,0,0,3,0,0,0,3,3,5,2,3,3,3,0,3,0,0,0,3,0,0,0,0,0,0,0,0,0,0,0,0,0,0,0,0,0,0,0,0,0,0,1,0,2,0,0,0,0,0,0,0,0,0,0,0,0,0.166666666666667,0.5,0,0.166666666666667,0.5,NA,0,NA,NA,NA,0.5,NA,NA,NA,1,1,0.833333333333333,0.333333333333333,1,0.5,0.5,NA,1,NA,NA,NA,0.5,NA,NA,NA,0,0,0,0,0,0,0,NA,0,NA,NA,NA,0,NA,NA,NA,0,0,0,0.166666666666667,0,0.333333333333333,0,NA,0,NA,NA,NA,0,NA,NA,NA
"952",3,3,3,6,0,6,6,6,3,6,6,0,0,0,0,0,0,0,0,0,0,0,1,2,0,2,1,0,0,0,0,0,0,0,0,1,0,2,1,5,0,3,6,0,0,0,0,0,0.0625,0.0625,0.0625,0.125,0,0.125,0.125,0.125,0.0625,0.125,0.125,0,0,0,0,0,0,0,0,0,NA,0,0.166666666666667,0.333333333333333,0,0.333333333333333,0.166666666666667,NA,NA,NA,NA,NA,0,0,0,0.166666666666667,NA,0.333333333333333,0.166666666666667,0.833333333333333,0,0.5,1,NA,NA,NA,NA,NA,0,0,0,1,0,2,1,4,0,3,5,0,0,0,0,0,3,3,3,5,0,4,4,0,3,1,0,0,0,0,0,0,0,0,0,0,0,0,0,1,0,0,1,0,0,0,0,0,0,0,0,0,0,0,1,1,0,2,0,0,0,0,0,0,0,0,0,0.166666666666667,NA,0.333333333333333,0.166666666666667,0.666666666666667,0,0.5,0.833333333333333,NA,NA,NA,NA,NA,1,1,1,0.833333333333333,NA,0.666666666666667,0.666666666666667,0,1,0.166666666666667,0,NA,NA,NA,NA,NA,0,0,0,0,NA,0,0,0.166666666666667,0,0,0.166666666666667,NA,NA,NA,NA,NA,0,0,0,0,NA,0,0.166666666666667,0.166666666666667,0,0.333333333333333,0,NA,NA,NA,NA,NA
"953",3,3,3,3,0,0,6,6,0,3,6,0,6,6,0,0,0,0,0,0,0,0,1,1,0,0,1,0,0,1,0,0,0,0,0,1,0,0,1,4,0,1,4,0,1,4,0,0,0.0666666666666667,0.0666666666666667,0.0666666666666667,0.0666666666666667,0,0,0.133333333333333,0.133333333333333,0,0.0666666666666667,0.133333333333333,0,0.133333333333333,0.133333333333333,0,0,0,0,0,0,NA,NA,0.166666666666667,0.166666666666667,NA,0,0.166666666666667,NA,0,0.166666666666667,NA,NA,0,0,0,0.333333333333333,NA,NA,0.166666666666667,0.666666666666667,NA,0.333333333333333,0.666666666666667,NA,0.166666666666667,0.666666666666667,NA,NA,0,0,0,1,0,0,0,3,0,1,3,0,1,3,0,0,3,3,3,2,0,0,5,2,0,2,2,0,5,2,0,0,0,0,0,0,0,0,1,1,0,0,1,0,0,1,0,0,0,0,0,0,0,0,0,0,0,0,0,0,0,0,0,0,0,0,0,0.333333333333333,NA,NA,0,0.5,NA,0.333333333333333,0.5,NA,0.166666666666667,0.5,NA,NA,1,1,1,0.666666666666667,NA,NA,0.833333333333333,0.333333333333333,NA,0.666666666666667,0.333333333333333,NA,0.833333333333333,0.333333333333333,NA,NA,0,0,0,0,NA,NA,0.166666666666667,0.166666666666667,NA,0,0.166666666666667,NA,0,0.166666666666667,NA,NA,0,0,0,0,NA,NA,0,0,NA,0,0,NA,0,0,NA,NA
"954",6,6,6,6,0,3,0,0,0,3,0,0,6,6,0,0,0,1,0,2,0,0,0,0,0,0,0,0,0,1,0,0,1,1,0,2,0,0,0,0,0,1,0,0,2,2,0,0,0.142857142857143,0.142857142857143,0.142857142857143,0.142857142857143,0,0.0714285714285714,0,0,0,0.0714285714285714,0,0,0.142857142857143,0.142857142857143,0,0,0,0.166666666666667,0,0.333333333333333,NA,0,NA,NA,NA,0,NA,NA,0,0.166666666666667,NA,NA,0.166666666666667,0.166666666666667,0,0.333333333333333,NA,0,NA,NA,NA,0.333333333333333,NA,NA,0.333333333333333,0.333333333333333,NA,NA,1,1,0,1,0,0,0,0,0,1,0,0,2,2,0,0,5,4,6,3,0,3,0,0,0,2,0,0,4,3,0,0,0,0,0,1,0,0,0,0,0,0,0,0,0,0,0,0,0,1,0,1,0,0,0,0,0,0,0,0,0,1,0,0,0.166666666666667,0.166666666666667,0,0.166666666666667,NA,0,NA,NA,NA,0.333333333333333,NA,NA,0.333333333333333,0.333333333333333,NA,NA,0.833333333333333,0.666666666666667,1,0.5,NA,1,NA,NA,NA,0.666666666666667,NA,NA,0.666666666666667,0.5,NA,NA,0,0,0,0.166666666666667,NA,0,NA,NA,NA,0,NA,NA,0,0,NA,NA,0,0.166666666666667,0,0.166666666666667,NA,0,NA,NA,NA,0,NA,NA,0,0.166666666666667,NA,NA
"955",3,3,3,3,3,6,6,6,3,0,0,6,6,0,0,0,0,0,0,0,0,2,2,0,0,0,0,2,2,0,0,0,1,1,1,0,1,1,2,1,0,0,0,5,3,0,0,0,0.0625,0.0625,0.0625,0.0625,0.0625,0.125,0.125,0.125,0.0625,0,0,0.125,0.125,0,0,0,0,0,0,0,0,0.333333333333333,0.333333333333333,0,0,NA,NA,0.333333333333333,0.333333333333333,NA,NA,NA,0.333333333333333,0.333333333333333,0.333333333333333,0,0.333333333333333,0.166666666666667,0.333333333333333,0.166666666666667,0,NA,NA,0.833333333333333,0.5,NA,NA,NA,1,1,1,0,1,1,1,1,0,0,0,4,3,0,0,0,2,2,2,3,2,3,3,5,3,0,0,0,1,0,0,0,0,0,0,0,0,0,1,0,0,0,0,1,0,0,0,0,0,0,0,0,0,2,1,0,0,0,0,1,2,0,0,0,0.333333333333333,0.333333333333333,0.333333333333333,0,0.333333333333333,0.166666666666667,0.166666666666667,0.166666666666667,0,NA,NA,0.666666666666667,0.5,NA,NA,NA,0.666666666666667,0.666666666666667,0.666666666666667,1,0.666666666666667,0.5,0.5,0.833333333333333,1,NA,NA,0,0.166666666666667,NA,NA,NA,0,0,0,0,0,0,0.166666666666667,0,0,NA,NA,0.166666666666667,0,NA,NA,NA,0,0,0,0,0,0.333333333333333,0.166666666666667,0,0,NA,NA,0.166666666666667,0.333333333333333,NA,NA,NA
"956",3,3,3,3,6,6,6,6,3,3,0,6,0,0,0,0,0,0,0,0,0,1,2,1,0,1,0,3,0,0,0,0,1,0,0,1,2,2,0,3,0,0,0,5,0,0,0,0,0.0625,0.0625,0.0625,0.0625,0.125,0.125,0.125,0.125,0.0625,0.0625,0,0.125,0,0,0,0,0,0,0,0,0,0.166666666666667,0.333333333333333,0.166666666666667,0,0.333333333333333,NA,0.5,NA,NA,NA,NA,0.333333333333333,0,0,0.333333333333333,0.333333333333333,0.333333333333333,0,0.5,0,0,NA,0.833333333333333,NA,NA,NA,NA,1,0,0,1,2,2,0,2,0,0,0,2,0,0,0,0,2,3,3,2,4,3,4,3,3,2,0,1,0,0,0,0,0,0,0,0,0,0,0,1,0,0,0,3,0,0,0,0,0,0,0,0,0,1,2,0,0,1,0,0,0,0,0,0,0.333333333333333,0,0,0.333333333333333,0.333333333333333,0.333333333333333,0,0.333333333333333,0,0,NA,0.333333333333333,NA,NA,NA,NA,0.666666666666667,1,1,0.666666666666667,0.666666666666667,0.5,0.666666666666667,0.5,1,0.666666666666667,NA,0.166666666666667,NA,NA,NA,NA,0,0,0,0,0,0,0,0.166666666666667,0,0,NA,0.5,NA,NA,NA,NA,0,0,0,0,0,0.166666666666667,0.333333333333333,0,0,0.333333333333333,NA,0,NA,NA,NA,NA
"957",3,3,6,3,3,6,0,0,6,6,0,0,6,3,0,0,0,0,0,1,0,1,0,0,1,1,0,0,1,1,0,0,0,0,3,2,0,1,0,0,2,2,0,0,1,3,0,0,0.0666666666666667,0.0666666666666667,0.133333333333333,0.0666666666666667,0.0666666666666667,0.133333333333333,0,0,0.133333333333333,0.133333333333333,0,0,0.133333333333333,0.0666666666666667,0,0,0,0,0,0.333333333333333,0,0.166666666666667,NA,NA,0.166666666666667,0.166666666666667,NA,NA,0.166666666666667,0.333333333333333,NA,NA,0,0,0.5,0.666666666666667,0,0.166666666666667,NA,NA,0.333333333333333,0.333333333333333,NA,NA,0.166666666666667,1,NA,NA,0,0,3,1,0,1,0,0,2,2,0,0,1,2,0,0,3,3,3,1,3,4,0,0,3,3,0,0,4,0,0,0,0,0,0,1,0,0,0,0,0,0,0,0,0,1,0,0,0,0,0,0,0,1,0,0,1,1,0,0,1,0,0,0,0,0,0.5,0.333333333333333,0,0.166666666666667,NA,NA,0.333333333333333,0.333333333333333,NA,NA,0.166666666666667,0.666666666666667,NA,NA,1,1,0.5,0.333333333333333,1,0.666666666666667,NA,NA,0.5,0.5,NA,NA,0.666666666666667,0,NA,NA,0,0,0,0.333333333333333,0,0,NA,NA,0,0,NA,NA,0,0.333333333333333,NA,NA,0,0,0,0,0,0.166666666666667,NA,NA,0.166666666666667,0.166666666666667,NA,NA,0.166666666666667,0,NA,NA
"958",3,3,3,6,0,3,6,6,3,6,3,3,0,3,0,0,0,0,0,0,0,0,1,2,0,0,2,1,0,1,0,0,0,0,0,2,0,1,3,3,0,3,2,2,0,0,0,0,0.0625,0.0625,0.0625,0.125,0,0.0625,0.125,0.125,0.0625,0.125,0.0625,0.0625,0,0.0625,0,0,0,0,0,0,NA,0,0.166666666666667,0.333333333333333,0,0,0.666666666666667,0.333333333333333,NA,0.333333333333333,NA,NA,0,0,0,0.333333333333333,NA,0.333333333333333,0.5,0.5,0,0.5,0.666666666666667,0.666666666666667,NA,0,NA,NA,0,0,0,2,0,1,2,2,0,3,0,1,0,0,0,0,3,3,3,4,0,2,3,2,3,3,1,1,0,2,0,0,0,0,0,0,0,0,1,1,0,0,2,1,0,0,0,0,0,0,0,0,0,0,0,1,0,0,0,0,0,1,0,0,0,0,0,0.333333333333333,NA,0.333333333333333,0.333333333333333,0.333333333333333,0,0.5,0,0.333333333333333,NA,0,NA,NA,1,1,1,0.666666666666667,NA,0.666666666666667,0.5,0.333333333333333,1,0.5,0.333333333333333,0.333333333333333,NA,0.666666666666667,NA,NA,0,0,0,0,NA,0,0.166666666666667,0.166666666666667,0,0,0.666666666666667,0.333333333333333,NA,0,NA,NA,0,0,0,0,NA,0,0,0.166666666666667,0,0,0,0,NA,0.333333333333333,NA,NA
"959",3,3,3,6,3,6,6,6,0,6,6,0,0,0,0,0,0,0,0,0,0,2,0,2,0,2,2,0,0,0,0,0,0,0,1,0,0,0,1,4,0,3,5,0,0,0,0,0,0.0625,0.0625,0.0625,0.125,0.0625,0.125,0.125,0.125,0,0.125,0.125,0,0,0,0,0,0,0,0,0,0,0.333333333333333,0,0.333333333333333,NA,0.333333333333333,0.333333333333333,NA,NA,NA,NA,NA,0,0,0.333333333333333,0,0,0,0.166666666666667,0.666666666666667,NA,0.5,0.833333333333333,NA,NA,NA,NA,NA,0,0,1,0,0,0,1,2,0,2,4,0,0,0,0,0,3,3,2,6,3,4,5,2,0,2,0,0,0,0,0,0,0,0,0,0,0,0,0,2,0,1,1,0,0,0,0,0,0,0,0,0,0,2,0,0,0,1,1,0,0,0,0,0,0,0,0.333333333333333,0,0,0,0.166666666666667,0.333333333333333,NA,0.333333333333333,0.666666666666667,NA,NA,NA,NA,NA,1,1,0.666666666666667,1,1,0.666666666666667,0.833333333333333,0.333333333333333,NA,0.333333333333333,0,NA,NA,NA,NA,NA,0,0,0,0,0,0,0,0.333333333333333,NA,0.166666666666667,0.166666666666667,NA,NA,NA,NA,NA,0,0,0,0,0,0.333333333333333,0,0,NA,0.166666666666667,0.166666666666667,NA,NA,NA,NA,NA
"960",3,3,6,6,0,3,0,0,6,6,0,0,6,6,0,0,0,0,0,2,0,0,0,0,1,1,0,0,0,2,0,0,0,0,0,4,0,0,0,0,2,1,0,0,2,3,0,0,0.0666666666666667,0.0666666666666667,0.133333333333333,0.133333333333333,0,0.0666666666666667,0,0,0.133333333333333,0.133333333333333,0,0,0.133333333333333,0.133333333333333,0,0,0,0,0,0.333333333333333,NA,0,NA,NA,0.166666666666667,0.166666666666667,NA,NA,0,0.333333333333333,NA,NA,0,0,0,0.666666666666667,NA,0,NA,NA,0.333333333333333,0.166666666666667,NA,NA,0.333333333333333,0.5,NA,NA,0,0,0,2,0,0,0,0,2,1,0,0,2,1,0,0,3,3,6,2,0,3,0,0,3,4,0,0,4,3,0,0,0,0,0,2,0,0,0,0,0,0,0,0,0,2,0,0,0,0,0,0,0,0,0,0,1,1,0,0,0,0,0,0,0,0,0,0.333333333333333,NA,0,NA,NA,0.333333333333333,0.166666666666667,NA,NA,0.333333333333333,0.166666666666667,NA,NA,1,1,1,0.333333333333333,NA,1,NA,NA,0.5,0.666666666666667,NA,NA,0.666666666666667,0.5,NA,NA,0,0,0,0.333333333333333,NA,0,NA,NA,0,0,NA,NA,0,0.333333333333333,NA,NA,0,0,0,0,NA,0,NA,NA,0.166666666666667,0.166666666666667,NA,NA,0,0,NA,NA
"961",3,3,3,3,0,3,0,3,3,6,6,6,6,0,0,0,0,0,0,0,0,0,0,0,0,1,1,1,0,0,0,0,0,0,1,0,0,1,0,1,1,5,3,4,3,0,0,0,0.0666666666666667,0.0666666666666667,0.0666666666666667,0.0666666666666667,0,0.0666666666666667,0,0.0666666666666667,0.0666666666666667,0.133333333333333,0.133333333333333,0.133333333333333,0.133333333333333,0,0,0,0,0,0,0,NA,0,NA,0,0,0.166666666666667,0.166666666666667,0.166666666666667,0,NA,NA,NA,0,0,0.333333333333333,0,NA,0.333333333333333,NA,0.333333333333333,0.333333333333333,0.833333333333333,0.5,0.666666666666667,0.5,NA,NA,NA,0,0,1,0,0,1,0,1,1,5,2,3,3,0,0,0,3,3,2,3,0,2,0,2,2,0,3,2,3,0,0,0,0,0,0,0,0,0,0,0,0,0,1,1,0,0,0,0,0,0,0,0,0,0,0,0,0,1,0,0,0,0,0,0,0,0,0.333333333333333,0,NA,0.333333333333333,NA,0.333333333333333,0.333333333333333,0.833333333333333,0.333333333333333,0.5,0.5,NA,NA,NA,1,1,0.666666666666667,1,NA,0.666666666666667,NA,0.666666666666667,0.666666666666667,0,0.5,0.333333333333333,0.5,NA,NA,NA,0,0,0,0,NA,0,NA,0,0,0,0.166666666666667,0.166666666666667,0,NA,NA,NA,0,0,0,0,NA,0,NA,0,0,0.166666666666667,0,0,0,NA,NA,NA
"962",3,6,6,6,6,6,0,0,0,6,0,0,0,0,0,0,0,0,1,2,2,1,0,0,0,2,0,0,0,0,0,0,0,0,0,3,0,2,0,0,0,3,0,0,0,0,0,0,0.0769230769230769,0.153846153846154,0.153846153846154,0.153846153846154,0.153846153846154,0.153846153846154,0,0,0,0.153846153846154,0,0,0,0,0,0,0,0,0.166666666666667,0.333333333333333,0.333333333333333,0.166666666666667,NA,NA,NA,0.333333333333333,NA,NA,NA,NA,NA,NA,0,0,0,0.5,0,0.333333333333333,NA,NA,NA,0.5,NA,NA,NA,NA,NA,NA,0,0,0,3,0,2,0,0,0,3,0,0,0,0,0,0,3,6,5,1,4,3,0,0,0,1,0,0,0,0,0,0,0,0,0,0,0,0,0,0,0,0,0,0,0,0,0,0,0,0,1,2,2,1,0,0,0,2,0,0,0,0,0,0,0,0,0,0.5,0,0.333333333333333,NA,NA,NA,0.5,NA,NA,NA,NA,NA,NA,1,1,0.833333333333333,0.166666666666667,0.666666666666667,0.5,NA,NA,NA,0.166666666666667,NA,NA,NA,NA,NA,NA,0,0,0,0,0,0,NA,NA,NA,0,NA,NA,NA,NA,NA,NA,0,0,0.166666666666667,0.333333333333333,0.333333333333333,0.166666666666667,NA,NA,NA,0.333333333333333,NA,NA,NA,NA,NA,NA
"963",6,6,3,6,0,0,6,6,0,3,6,3,0,0,3,0,0,1,0,0,0,0,1,1,0,2,1,2,0,0,1,0,0,0,1,2,0,0,2,2,0,1,3,1,0,0,2,0,0.125,0.125,0.0625,0.125,0,0,0.125,0.125,0,0.0625,0.125,0.0625,0,0,0.0625,0,0,0.166666666666667,0,0,NA,NA,0.166666666666667,0.166666666666667,NA,0.666666666666667,0.166666666666667,0.666666666666667,NA,NA,0.333333333333333,NA,0,0,0.333333333333333,0.333333333333333,NA,NA,0.333333333333333,0.333333333333333,NA,0.333333333333333,0.5,0.333333333333333,NA,NA,0.666666666666667,NA,0,0,1,2,0,0,2,2,0,0,2,0,0,0,1,0,6,5,2,4,0,0,3,3,0,1,3,1,0,0,1,0,0,0,0,0,0,0,0,0,0,1,1,1,0,0,1,0,0,1,0,0,0,0,1,1,0,1,0,1,0,0,0,0,0,0,0.333333333333333,0.333333333333333,NA,NA,0.333333333333333,0.333333333333333,NA,0,0.333333333333333,0,NA,NA,0.333333333333333,NA,1,0.833333333333333,0.666666666666667,0.666666666666667,NA,NA,0.5,0.5,NA,0.333333333333333,0.5,0.333333333333333,NA,NA,0.333333333333333,NA,0,0,0,0,NA,NA,0,0,NA,0.333333333333333,0.166666666666667,0.333333333333333,NA,NA,0.333333333333333,NA,0,0.166666666666667,0,0,NA,NA,0.166666666666667,0.166666666666667,NA,0.333333333333333,0,0.333333333333333,NA,NA,0,NA
"964",3,3,6,6,0,3,0,0,6,3,0,0,6,6,0,0,0,0,0,2,0,0,0,0,0,0,0,0,2,1,0,0,0,1,1,1,0,1,0,0,1,0,0,0,4,3,0,0,0.0714285714285714,0.0714285714285714,0.142857142857143,0.142857142857143,0,0.0714285714285714,0,0,0.142857142857143,0.0714285714285714,0,0,0.142857142857143,0.142857142857143,0,0,0,0,0,0.333333333333333,NA,0,NA,NA,0,0,NA,NA,0.333333333333333,0.166666666666667,NA,NA,0,0.333333333333333,0.166666666666667,0.166666666666667,NA,0.333333333333333,NA,NA,0.166666666666667,0,NA,NA,0.666666666666667,0.5,NA,NA,0,1,1,1,0,1,0,0,1,0,0,0,2,2,0,0,3,2,5,3,0,2,0,0,5,3,0,0,2,3,0,0,0,0,0,0,0,0,0,0,0,0,0,0,2,1,0,0,0,0,0,2,0,0,0,0,0,0,0,0,0,0,0,0,0,0.333333333333333,0.166666666666667,0.166666666666667,NA,0.333333333333333,NA,NA,0.166666666666667,0,NA,NA,0.333333333333333,0.333333333333333,NA,NA,1,0.666666666666667,0.833333333333333,0.5,NA,0.666666666666667,NA,NA,0.833333333333333,1,NA,NA,0.333333333333333,0.5,NA,NA,0,0,0,0,NA,0,NA,NA,0,0,NA,NA,0.333333333333333,0.166666666666667,NA,NA,0,0,0,0.333333333333333,NA,0,NA,NA,0,0,NA,NA,0,0,NA,NA
"965",3,3,3,6,0,3,3,6,3,6,6,0,0,3,3,0,0,0,0,0,0,0,0,3,0,1,1,0,0,2,2,0,0,1,0,0,0,1,1,5,0,2,3,0,0,2,2,0,0.0625,0.0625,0.0625,0.125,0,0.0625,0.0625,0.125,0.0625,0.125,0.125,0,0,0.0625,0.0625,0,0,0,0,0,NA,0,0,0.5,0,0.166666666666667,0.166666666666667,NA,NA,0.666666666666667,0.666666666666667,NA,0,0.333333333333333,0,0,NA,0.333333333333333,0.333333333333333,0.833333333333333,0,0.333333333333333,0.5,NA,NA,0.666666666666667,0.666666666666667,NA,0,1,0,0,0,1,1,3,0,2,3,0,0,1,0,0,3,2,3,6,0,2,2,0,3,3,2,0,0,0,1,0,0,0,0,0,0,0,0,2,0,0,0,0,0,1,2,0,0,0,0,0,0,0,0,1,0,1,1,0,0,1,0,0,0,0.333333333333333,0,0,NA,0.333333333333333,0.333333333333333,0.5,0,0.333333333333333,0.5,NA,NA,0.333333333333333,0,NA,1,0.666666666666667,1,1,NA,0.666666666666667,0.666666666666667,0,1,0.5,0.333333333333333,NA,NA,0,0.333333333333333,NA,0,0,0,0,NA,0,0,0.333333333333333,0,0,0,NA,NA,0.333333333333333,0.666666666666667,NA,0,0,0,0,NA,0,0,0.166666666666667,0,0.166666666666667,0.166666666666667,NA,NA,0.333333333333333,0,NA
"966",6,3,0,0,6,0,0,0,6,0,0,0,0,0,0,0,1,1,0,0,0,0,0,0,2,0,0,0,0,0,0,0,1,0,0,0,1,0,0,0,4,0,0,0,0,0,0,0,0.285714285714286,0.142857142857143,0,0,0.285714285714286,0,0,0,0.285714285714286,0,0,0,0,0,0,0,0.166666666666667,0.333333333333333,NA,NA,0,NA,NA,NA,0.333333333333333,NA,NA,NA,NA,NA,NA,NA,0.166666666666667,0,NA,NA,0.166666666666667,NA,NA,NA,0.666666666666667,NA,NA,NA,NA,NA,NA,NA,0,0,0,0,1,0,0,0,2,0,0,0,0,0,0,0,5,2,0,0,5,0,0,0,2,0,0,0,0,0,0,0,1,0,0,0,0,0,0,0,2,0,0,0,0,0,0,0,0,1,0,0,0,0,0,0,0,0,0,0,0,0,0,0,0,0,NA,NA,0.166666666666667,NA,NA,NA,0.333333333333333,NA,NA,NA,NA,NA,NA,NA,0.833333333333333,0.666666666666667,NA,NA,0.833333333333333,NA,NA,NA,0.333333333333333,NA,NA,NA,NA,NA,NA,NA,0.166666666666667,0,NA,NA,0,NA,NA,NA,0.333333333333333,NA,NA,NA,NA,NA,NA,NA,0,0.333333333333333,NA,NA,0,NA,NA,NA,0,NA,NA,NA,NA,NA,NA,NA
"967",3,3,3,6,0,6,6,6,0,3,3,0,3,6,0,0,0,0,0,0,0,1,0,1,0,0,2,0,0,1,0,0,0,0,1,1,0,2,2,3,0,1,0,0,1,3,0,0,0.0625,0.0625,0.0625,0.125,0,0.125,0.125,0.125,0,0.0625,0.0625,0,0.0625,0.125,0,0,0,0,0,0,NA,0.166666666666667,0,0.166666666666667,NA,0,0.666666666666667,NA,0,0.166666666666667,NA,NA,0,0,0.333333333333333,0.166666666666667,NA,0.333333333333333,0.333333333333333,0.5,NA,0.333333333333333,0,NA,0.333333333333333,0.5,NA,NA,0,0,1,1,0,1,2,3,0,1,0,0,1,3,0,0,3,3,2,5,0,4,4,2,0,2,1,0,2,2,0,0,0,0,0,0,0,1,0,0,0,0,0,0,0,0,0,0,0,0,0,0,0,0,0,1,0,0,2,0,0,1,0,0,0,0,0.333333333333333,0.166666666666667,NA,0.166666666666667,0.333333333333333,0.5,NA,0.333333333333333,0,NA,0.333333333333333,0.5,NA,NA,1,1,0.666666666666667,0.833333333333333,NA,0.666666666666667,0.666666666666667,0.333333333333333,NA,0.666666666666667,0.333333333333333,NA,0.666666666666667,0.333333333333333,NA,NA,0,0,0,0,NA,0.166666666666667,0,0,NA,0,0,NA,0,0,NA,NA,0,0,0,0,NA,0,0,0.166666666666667,NA,0,0.666666666666667,NA,0,0.166666666666667,NA,NA
"968",3,3,3,3,6,6,6,6,6,0,3,0,3,0,0,0,0,0,0,0,0,2,0,1,1,0,3,0,1,0,0,0,0,0,0,0,0,0,3,6,1,0,2,0,2,0,0,0,0.0625,0.0625,0.0625,0.0625,0.125,0.125,0.125,0.125,0.125,0,0.0625,0,0.0625,0,0,0,0,0,0,0,0,0.333333333333333,0,0.166666666666667,0.166666666666667,NA,1,NA,0.333333333333333,NA,NA,NA,0,0,0,0,0,0,0.5,1,0.166666666666667,NA,0.666666666666667,NA,0.666666666666667,NA,NA,NA,0,0,0,0,0,0,3,5,1,0,0,0,1,0,0,0,3,3,3,3,6,4,3,0,4,0,0,0,1,0,0,0,0,0,0,0,0,0,0,1,0,0,2,0,1,0,0,0,0,0,0,0,0,2,0,0,1,0,1,0,0,0,0,0,0,0,0,0,0,0,0.5,0.833333333333333,0.166666666666667,NA,0,NA,0.333333333333333,NA,NA,NA,1,1,1,1,1,0.666666666666667,0.5,0,0.666666666666667,NA,0,NA,0.333333333333333,NA,NA,NA,0,0,0,0,0,0,0,0.166666666666667,0,NA,0.666666666666667,NA,0.333333333333333,NA,NA,NA,0,0,0,0,0,0.333333333333333,0,0,0.166666666666667,NA,0.333333333333333,NA,0,NA,NA,NA
"969",3,3,3,6,0,6,6,3,6,6,0,0,3,3,0,0,0,0,0,0,0,0,2,1,0,2,0,0,1,1,0,0,0,1,0,3,0,0,2,2,2,1,0,0,0,1,0,0,0.0625,0.0625,0.0625,0.125,0,0.125,0.125,0.0625,0.125,0.125,0,0,0.0625,0.0625,0,0,0,0,0,0,NA,0,0.333333333333333,0.333333333333333,0,0.333333333333333,NA,NA,0.333333333333333,0.333333333333333,NA,NA,0,0.333333333333333,0,0.5,NA,0,0.333333333333333,0.666666666666667,0.333333333333333,0.166666666666667,NA,NA,0,0.333333333333333,NA,NA,0,1,0,3,0,0,1,1,2,1,0,0,0,1,0,0,3,2,3,3,0,6,3,1,4,3,0,0,2,1,0,0,0,0,0,0,0,0,1,1,0,0,0,0,0,0,0,0,0,0,0,0,0,0,1,0,0,2,0,0,1,1,0,0,0,0.333333333333333,0,0.5,NA,0,0.166666666666667,0.333333333333333,0.333333333333333,0.166666666666667,NA,NA,0,0.333333333333333,NA,NA,1,0.666666666666667,1,0.5,NA,1,0.5,0.333333333333333,0.666666666666667,0.5,NA,NA,0.666666666666667,0.333333333333333,NA,NA,0,0,0,0,NA,0,0.166666666666667,0.333333333333333,0,0,NA,NA,0,0,NA,NA,0,0,0,0,NA,0,0.166666666666667,0,0,0.333333333333333,NA,NA,0.333333333333333,0.333333333333333,NA,NA
"970",3,3,6,6,3,6,6,3,6,0,0,0,6,0,0,0,0,0,0,1,0,2,2,1,1,0,0,0,1,0,0,0,0,0,0,2,1,2,1,2,1,0,0,0,4,0,0,0,0.0625,0.0625,0.125,0.125,0.0625,0.125,0.125,0.0625,0.125,0,0,0,0.125,0,0,0,0,0,0,0.166666666666667,0,0.333333333333333,0.333333333333333,0.333333333333333,0.166666666666667,NA,NA,NA,0.166666666666667,NA,NA,NA,0,0,0,0.333333333333333,0.333333333333333,0.333333333333333,0.166666666666667,0.666666666666667,0.166666666666667,NA,NA,NA,0.666666666666667,NA,NA,NA,0,0,0,2,1,2,1,1,1,0,0,0,3,0,0,0,3,3,6,3,2,2,3,1,4,0,0,0,2,0,0,0,0,0,0,0,0,0,0,1,0,0,0,0,1,0,0,0,0,0,0,1,0,2,2,0,1,0,0,0,0,0,0,0,0,0,0,0.333333333333333,0.333333333333333,0.333333333333333,0.166666666666667,0.333333333333333,0.166666666666667,NA,NA,NA,0.5,NA,NA,NA,1,1,1,0.5,0.666666666666667,0.333333333333333,0.5,0.333333333333333,0.666666666666667,NA,NA,NA,0.333333333333333,NA,NA,NA,0,0,0,0,0,0,0,0.333333333333333,0,NA,NA,NA,0.166666666666667,NA,NA,NA,0,0,0,0.166666666666667,0,0.333333333333333,0.333333333333333,0,0.166666666666667,NA,NA,NA,0,NA,NA,NA
"971",3,3,6,3,0,6,6,6,0,6,3,0,0,6,0,0,0,0,0,0,0,1,1,1,0,0,1,0,0,2,0,0,0,0,2,1,0,2,2,5,0,1,0,0,0,3,0,0,0.0625,0.0625,0.125,0.0625,0,0.125,0.125,0.125,0,0.125,0.0625,0,0,0.125,0,0,0,0,0,0,NA,0.166666666666667,0.166666666666667,0.166666666666667,NA,0,0.333333333333333,NA,NA,0.333333333333333,NA,NA,0,0,0.333333333333333,0.333333333333333,NA,0.333333333333333,0.333333333333333,0.833333333333333,NA,0.166666666666667,0,NA,NA,0.5,NA,NA,0,0,2,1,0,2,2,4,0,1,0,0,0,2,0,0,3,3,4,2,0,3,3,1,0,5,2,0,0,2,0,0,0,0,0,0,0,0,0,1,0,0,0,0,0,1,0,0,0,0,0,0,0,1,1,0,0,0,1,0,0,1,0,0,0,0,0.333333333333333,0.333333333333333,NA,0.333333333333333,0.333333333333333,0.666666666666667,NA,0.166666666666667,0,NA,NA,0.333333333333333,NA,NA,1,1,0.666666666666667,0.666666666666667,NA,0.5,0.5,0.166666666666667,NA,0.833333333333333,0.666666666666667,NA,NA,0.333333333333333,NA,NA,0,0,0,0,NA,0,0,0.166666666666667,NA,0,0,NA,NA,0.166666666666667,NA,NA,0,0,0,0,NA,0.166666666666667,0.166666666666667,0,NA,0,0.333333333333333,NA,NA,0.166666666666667,NA,NA
"972",3,3,3,3,0,6,6,6,3,6,0,0,6,0,0,0,0,0,0,0,0,0,2,1,0,1,0,0,1,0,0,0,0,1,1,0,0,2,0,4,1,3,0,0,2,0,0,0,0.0666666666666667,0.0666666666666667,0.0666666666666667,0.0666666666666667,0,0.133333333333333,0.133333333333333,0.133333333333333,0.0666666666666667,0.133333333333333,0,0,0.133333333333333,0,0,0,0,0,0,0,NA,0,0.333333333333333,0.166666666666667,0,0.166666666666667,NA,NA,0.166666666666667,NA,NA,NA,0,0.333333333333333,0.333333333333333,0,NA,0.333333333333333,0,0.666666666666667,0.333333333333333,0.5,NA,NA,0.333333333333333,NA,NA,NA,0,1,1,0,0,2,0,4,1,3,0,0,1,0,0,0,3,2,2,3,0,4,4,1,2,2,0,0,4,0,0,0,0,0,0,0,0,0,0,0,0,0,0,0,1,0,0,0,0,0,0,0,0,0,2,1,0,1,0,0,0,0,0,0,0,0.333333333333333,0.333333333333333,0,NA,0.333333333333333,0,0.666666666666667,0.333333333333333,0.5,NA,NA,0.166666666666667,NA,NA,NA,1,0.666666666666667,0.666666666666667,1,NA,0.666666666666667,0.666666666666667,0.166666666666667,0.666666666666667,0.333333333333333,NA,NA,0.666666666666667,NA,NA,NA,0,0,0,0,NA,0,0,0,0,0,NA,NA,0.166666666666667,NA,NA,NA,0,0,0,0,NA,0,0.333333333333333,0.166666666666667,0,0.166666666666667,NA,NA,0,NA,NA,NA
"973",3,3,3,6,3,6,6,3,3,6,0,0,6,0,0,0,0,0,0,0,0,0,2,3,0,2,0,0,0,0,0,0,0,0,0,3,1,0,1,3,0,2,0,0,3,0,0,0,0.0625,0.0625,0.0625,0.125,0.0625,0.125,0.125,0.0625,0.0625,0.125,0,0,0.125,0,0,0,0,0,0,0,0,0,0.333333333333333,1,0,0.333333333333333,NA,NA,0,NA,NA,NA,0,0,0,0.5,0.333333333333333,0,0.166666666666667,1,0,0.333333333333333,NA,NA,0.5,NA,NA,NA,0,0,0,3,1,0,0,0,0,2,0,0,3,0,0,0,3,3,3,3,2,6,4,0,3,2,0,0,3,0,0,0,0,0,0,0,0,0,1,3,0,0,0,0,0,0,0,0,0,0,0,0,0,0,1,0,0,2,0,0,0,0,0,0,0,0,0,0.5,0.333333333333333,0,0,0,0,0.333333333333333,NA,NA,0.5,NA,NA,NA,1,1,1,0.5,0.666666666666667,1,0.666666666666667,0,1,0.333333333333333,NA,NA,0.5,NA,NA,NA,0,0,0,0,0,0,0.166666666666667,1,0,0,NA,NA,0,NA,NA,NA,0,0,0,0,0,0,0.166666666666667,0,0,0.333333333333333,NA,NA,0,NA,NA,NA
"974",6,6,3,0,3,0,0,0,3,0,0,0,6,0,0,0,0,1,1,0,0,0,0,0,0,0,0,0,1,0,0,0,0,1,2,0,0,0,0,0,0,0,0,0,1,0,0,0,0.222222222222222,0.222222222222222,0.111111111111111,0,0.111111111111111,0,0,0,0.111111111111111,0,0,0,0.222222222222222,0,0,0,0,0.166666666666667,0.333333333333333,NA,0,NA,NA,NA,0,NA,NA,NA,0.166666666666667,NA,NA,NA,0,0.166666666666667,0.666666666666667,NA,0,NA,NA,NA,0,NA,NA,NA,0.166666666666667,NA,NA,NA,0,1,1,0,0,0,0,0,0,0,0,0,1,0,0,0,6,4,1,0,3,0,0,0,3,0,0,0,4,0,0,0,0,0,1,0,0,0,0,0,0,0,0,0,0,0,0,0,0,1,0,0,0,0,0,0,0,0,0,0,1,0,0,0,0,0.166666666666667,0.333333333333333,NA,0,NA,NA,NA,0,NA,NA,NA,0.166666666666667,NA,NA,NA,1,0.666666666666667,0.333333333333333,NA,1,NA,NA,NA,1,NA,NA,NA,0.666666666666667,NA,NA,NA,0,0,0.333333333333333,NA,0,NA,NA,NA,0,NA,NA,NA,0,NA,NA,NA,0,0.166666666666667,0,NA,0,NA,NA,NA,0,NA,NA,NA,0.166666666666667,NA,NA,NA
"975",3,6,6,3,0,6,0,0,6,6,0,0,6,3,0,0,0,0,1,1,0,0,0,0,0,1,0,0,2,1,0,0,0,1,2,1,0,1,0,0,0,0,0,0,1,1,0,0,0.0666666666666667,0.133333333333333,0.133333333333333,0.0666666666666667,0,0.133333333333333,0,0,0.133333333333333,0.133333333333333,0,0,0.133333333333333,0.0666666666666667,0,0,0,0,0.166666666666667,0.333333333333333,NA,0,NA,NA,0,0.166666666666667,NA,NA,0.333333333333333,0.333333333333333,NA,NA,0,0.166666666666667,0.333333333333333,0.333333333333333,NA,0.166666666666667,NA,NA,0,0,NA,NA,0.166666666666667,0.333333333333333,NA,NA,0,1,1,0,0,1,0,0,0,0,0,0,1,1,0,0,3,5,4,2,0,5,0,0,6,5,0,0,3,1,0,0,0,0,1,1,0,0,0,0,0,0,0,0,0,0,0,0,0,0,0,0,0,0,0,0,0,1,0,0,2,1,0,0,0,0.166666666666667,0.166666666666667,0,NA,0.166666666666667,NA,NA,0,0,NA,NA,0.166666666666667,0.333333333333333,NA,NA,1,0.833333333333333,0.666666666666667,0.666666666666667,NA,0.833333333333333,NA,NA,1,0.833333333333333,NA,NA,0.5,0.333333333333333,NA,NA,0,0,0.166666666666667,0.333333333333333,NA,0,NA,NA,0,0,NA,NA,0,0,NA,NA,0,0,0,0,NA,0,NA,NA,0,0.166666666666667,NA,NA,0.333333333333333,0.333333333333333,NA,NA
"976",3,3,3,6,6,6,6,6,3,0,0,0,6,0,0,0,0,0,0,0,1,2,2,2,0,0,0,0,0,0,0,0,1,1,1,1,1,1,1,3,1,0,0,0,2,0,0,0,0.0625,0.0625,0.0625,0.125,0.125,0.125,0.125,0.125,0.0625,0,0,0,0.125,0,0,0,0,0,0,0,0.166666666666667,0.333333333333333,0.333333333333333,0.333333333333333,0,NA,NA,NA,0,NA,NA,NA,0.333333333333333,0.333333333333333,0.333333333333333,0.166666666666667,0.166666666666667,0.166666666666667,0.166666666666667,0.5,0.333333333333333,NA,NA,NA,0.333333333333333,NA,NA,NA,1,1,1,1,1,0,1,1,1,0,0,0,2,0,0,0,2,2,2,5,4,4,3,3,2,0,0,0,4,0,0,0,0,0,0,0,0,1,0,2,0,0,0,0,0,0,0,0,0,0,0,0,1,1,2,0,0,0,0,0,0,0,0,0,0.333333333333333,0.333333333333333,0.333333333333333,0.166666666666667,0.166666666666667,0,0.166666666666667,0.166666666666667,0.333333333333333,NA,NA,NA,0.333333333333333,NA,NA,NA,0.666666666666667,0.666666666666667,0.666666666666667,0.833333333333333,0.666666666666667,0.666666666666667,0.5,0.5,0.666666666666667,NA,NA,NA,0.666666666666667,NA,NA,NA,0,0,0,0,0,0.166666666666667,0,0.333333333333333,0,NA,NA,NA,0,NA,NA,NA,0,0,0,0,0.166666666666667,0.166666666666667,0.333333333333333,0,0,NA,NA,NA,0,NA,NA,NA
"977",3,6,6,3,0,3,6,6,0,6,0,3,0,6,0,0,0,0,1,0,0,0,1,0,0,1,0,1,0,2,0,0,0,0,0,1,0,1,5,4,0,1,0,3,0,4,0,0,0.0625,0.125,0.125,0.0625,0,0.0625,0.125,0.125,0,0.125,0,0.0625,0,0.125,0,0,0,0,0.166666666666667,0,NA,0,0.166666666666667,0,NA,0.166666666666667,NA,0.333333333333333,NA,0.333333333333333,NA,NA,0,0,0,0.333333333333333,NA,0.333333333333333,0.833333333333333,0.666666666666667,NA,0.166666666666667,NA,1,NA,0.666666666666667,NA,NA,0,0,0,1,0,1,5,4,0,1,0,2,0,2,0,0,3,6,5,2,0,2,0,2,0,4,0,0,0,2,0,0,0,0,0,0,0,0,0,0,0,0,0,1,0,2,0,0,0,0,1,0,0,0,1,0,0,1,0,0,0,0,0,0,0,0,0,0.333333333333333,NA,0.333333333333333,0.833333333333333,0.666666666666667,NA,0.166666666666667,NA,0.666666666666667,NA,0.333333333333333,NA,NA,1,1,0.833333333333333,0.666666666666667,NA,0.666666666666667,0,0.333333333333333,NA,0.666666666666667,NA,0,NA,0.333333333333333,NA,NA,0,0,0,0,NA,0,0,0,NA,0,NA,0.333333333333333,NA,0.333333333333333,NA,NA,0,0,0.166666666666667,0,NA,0,0.166666666666667,0,NA,0.166666666666667,NA,0,NA,0,NA,NA
"978",3,6,6,3,3,3,0,0,6,6,0,0,6,6,0,0,0,0,1,1,0,0,0,0,2,0,0,0,3,2,0,0,0,0,1,1,1,1,0,0,1,2,0,0,3,2,0,0,0.0625,0.125,0.125,0.0625,0.0625,0.0625,0,0,0.125,0.125,0,0,0.125,0.125,0,0,0,0,0.166666666666667,0.333333333333333,0,0,NA,NA,0.333333333333333,0,NA,NA,0.5,0.333333333333333,NA,NA,0,0,0.166666666666667,0.333333333333333,0.333333333333333,0.333333333333333,NA,NA,0.166666666666667,0.333333333333333,NA,NA,0.5,0.333333333333333,NA,NA,0,0,1,1,1,1,0,0,1,2,0,0,2,1,0,0,3,6,4,1,2,2,0,0,3,4,0,0,1,3,0,0,0,0,0,0,0,0,0,0,0,0,0,0,1,1,0,0,0,0,1,1,0,0,0,0,2,0,0,0,2,1,0,0,0,0,0.166666666666667,0.333333333333333,0.333333333333333,0.333333333333333,NA,NA,0.166666666666667,0.333333333333333,NA,NA,0.333333333333333,0.166666666666667,NA,NA,1,1,0.666666666666667,0.333333333333333,0.666666666666667,0.666666666666667,NA,NA,0.5,0.666666666666667,NA,NA,0.166666666666667,0.5,NA,NA,0,0,0,0,0,0,NA,NA,0,0,NA,NA,0.166666666666667,0.166666666666667,NA,NA,0,0,0.166666666666667,0.333333333333333,0,0,NA,NA,0.333333333333333,0,NA,NA,0.333333333333333,0.166666666666667,NA,NA
"979",3,3,3,3,0,0,6,6,0,3,6,0,6,6,3,0,0,0,0,0,0,0,1,0,0,0,1,0,2,0,1,0,0,0,0,0,0,0,1,5,0,1,4,0,1,5,2,0,0.0625,0.0625,0.0625,0.0625,0,0,0.125,0.125,0,0.0625,0.125,0,0.125,0.125,0.0625,0,0,0,0,0,NA,NA,0.166666666666667,0,NA,0,0.166666666666667,NA,0.333333333333333,0,0.333333333333333,NA,0,0,0,0,NA,NA,0.166666666666667,0.833333333333333,NA,0.333333333333333,0.666666666666667,NA,0.166666666666667,0.833333333333333,0.666666666666667,NA,0,0,0,0,0,0,1,5,0,1,3,0,1,5,1,0,3,3,3,3,0,0,4,1,0,2,2,0,3,1,1,0,0,0,0,0,0,0,0,0,0,0,1,0,0,0,1,0,0,0,0,0,0,0,1,0,0,0,0,0,2,0,0,0,0,0,0,0,NA,NA,0.166666666666667,0.833333333333333,NA,0.333333333333333,0.5,NA,0.166666666666667,0.833333333333333,0.333333333333333,NA,1,1,1,1,NA,NA,0.666666666666667,0.166666666666667,NA,0.666666666666667,0.333333333333333,NA,0.5,0.166666666666667,0.333333333333333,NA,0,0,0,0,NA,NA,0,0,NA,0,0.166666666666667,NA,0,0,0.333333333333333,NA,0,0,0,0,NA,NA,0.166666666666667,0,NA,0,0,NA,0.333333333333333,0,0,NA
"980",3,3,6,6,3,0,6,0,3,3,6,0,3,6,0,0,0,0,1,1,1,0,0,0,1,0,1,0,1,1,0,0,0,0,2,4,0,0,1,0,0,1,4,0,1,3,0,0,0.0625,0.0625,0.125,0.125,0.0625,0,0.125,0,0.0625,0.0625,0.125,0,0.0625,0.125,0,0,0,0,0.166666666666667,0.166666666666667,0.333333333333333,NA,0,NA,0.333333333333333,0,0.166666666666667,NA,0.333333333333333,0.166666666666667,NA,NA,0,0,0.333333333333333,0.666666666666667,0,NA,0.166666666666667,NA,0,0.333333333333333,0.666666666666667,NA,0.333333333333333,0.5,NA,NA,0,0,2,4,0,0,1,0,0,1,3,0,0,2,0,0,3,3,3,1,2,0,5,0,2,2,2,0,2,3,0,0,0,0,0,0,0,0,0,0,0,0,1,0,1,1,0,0,0,0,1,1,1,0,0,0,1,0,0,0,0,0,0,0,0,0,0.333333333333333,0.666666666666667,0,NA,0.166666666666667,NA,0,0.333333333333333,0.5,NA,0,0.333333333333333,NA,NA,1,1,0.5,0.166666666666667,0.666666666666667,NA,0.833333333333333,NA,0.666666666666667,0.666666666666667,0.333333333333333,NA,0.666666666666667,0.5,NA,NA,0,0,0,0,0,NA,0,NA,0,0,0.166666666666667,NA,0.333333333333333,0.166666666666667,NA,NA,0,0,0.166666666666667,0.166666666666667,0.333333333333333,NA,0,NA,0.333333333333333,0,0,NA,0,0,NA,NA
"981",6,3,3,6,0,0,6,3,6,6,6,0,0,3,0,0,0,0,0,0,0,0,1,2,0,1,1,0,0,1,0,0,2,0,0,3,0,0,2,1,3,1,3,0,0,2,0,0,0.125,0.0625,0.0625,0.125,0,0,0.125,0.0625,0.125,0.125,0.125,0,0,0.0625,0,0,0,0,0,0,NA,NA,0.166666666666667,0.666666666666667,0,0.166666666666667,0.166666666666667,NA,NA,0.333333333333333,NA,NA,0.333333333333333,0,0,0.5,NA,NA,0.333333333333333,0.333333333333333,0.5,0.166666666666667,0.5,NA,NA,0.666666666666667,NA,NA,2,0,0,3,0,0,1,0,3,1,3,0,0,1,0,0,4,3,3,3,0,0,4,1,3,4,2,0,0,1,0,0,0,0,0,0,0,0,1,1,0,0,0,0,0,1,0,0,0,0,0,0,0,0,0,1,0,1,1,0,0,0,0,0,0.333333333333333,0,0,0.5,NA,NA,0.166666666666667,0,0.5,0.166666666666667,0.5,NA,NA,0.333333333333333,NA,NA,0.666666666666667,1,1,0.5,NA,NA,0.666666666666667,0.333333333333333,0.5,0.666666666666667,0.333333333333333,NA,NA,0.333333333333333,NA,NA,0,0,0,0,NA,NA,0.166666666666667,0.333333333333333,0,0,0,NA,NA,0.333333333333333,NA,NA,0,0,0,0,NA,NA,0,0.333333333333333,0,0.166666666666667,0.166666666666667,NA,NA,0,NA,NA
"982",3,3,6,6,3,6,6,3,3,0,3,0,6,0,0,0,0,0,0,1,0,3,1,1,0,0,1,0,0,0,0,0,0,0,0,1,0,0,2,1,0,0,1,0,2,0,0,0,0.0625,0.0625,0.125,0.125,0.0625,0.125,0.125,0.0625,0.0625,0,0.0625,0,0.125,0,0,0,0,0,0,0.166666666666667,0,0.5,0.166666666666667,0.333333333333333,0,NA,0.333333333333333,NA,0,NA,NA,NA,0,0,0,0.166666666666667,0,0,0.333333333333333,0.333333333333333,0,NA,0.333333333333333,NA,0.333333333333333,NA,NA,NA,0,0,0,1,0,0,2,1,0,0,1,0,2,0,0,0,3,3,6,4,3,3,3,1,3,0,1,0,4,0,0,0,0,0,0,0,0,0,0,0,0,0,0,0,0,0,0,0,0,0,0,1,0,3,1,1,0,0,1,0,0,0,0,0,0,0,0,0.166666666666667,0,0,0.333333333333333,0.333333333333333,0,NA,0.333333333333333,NA,0.333333333333333,NA,NA,NA,1,1,1,0.666666666666667,1,0.5,0.5,0.333333333333333,1,NA,0.333333333333333,NA,0.666666666666667,NA,NA,NA,0,0,0,0,0,0,0,0,0,NA,0,NA,0,NA,NA,NA,0,0,0,0.166666666666667,0,0.5,0.166666666666667,0.333333333333333,0,NA,0.333333333333333,NA,0,NA,NA,NA
"983",3,6,6,0,3,0,0,0,3,0,0,0,6,0,0,0,0,0,2,0,0,0,0,0,0,0,0,0,0,0,0,0,0,0,0,0,0,0,0,0,1,0,0,0,1,0,0,0,0.111111111111111,0.222222222222222,0.222222222222222,0,0.111111111111111,0,0,0,0.111111111111111,0,0,0,0.222222222222222,0,0,0,0,0,0.333333333333333,NA,0,NA,NA,NA,0,NA,NA,NA,0,NA,NA,NA,0,0,0,NA,0,NA,NA,NA,0.333333333333333,NA,NA,NA,0.166666666666667,NA,NA,NA,0,0,0,0,0,0,0,0,1,0,0,0,1,0,0,0,3,6,4,0,3,0,0,0,2,0,0,0,5,0,0,0,0,0,0,0,0,0,0,0,0,0,0,0,0,0,0,0,0,0,2,0,0,0,0,0,0,0,0,0,0,0,0,0,0,0,0,NA,0,NA,NA,NA,0.333333333333333,NA,NA,NA,0.166666666666667,NA,NA,NA,1,1,0.666666666666667,NA,1,NA,NA,NA,0.666666666666667,NA,NA,NA,0.833333333333333,NA,NA,NA,0,0,0,NA,0,NA,NA,NA,0,NA,NA,NA,0,NA,NA,NA,0,0,0.333333333333333,NA,0,NA,NA,NA,0,NA,NA,NA,0,NA,NA,NA
"984",3,3,3,6,0,6,6,6,0,3,6,0,0,6,0,0,0,0,0,0,0,1,0,2,0,0,3,0,0,2,0,0,0,0,0,0,0,0,2,3,0,1,1,0,0,4,0,0,0.0625,0.0625,0.0625,0.125,0,0.125,0.125,0.125,0,0.0625,0.125,0,0,0.125,0,0,0,0,0,0,NA,0.166666666666667,0,0.333333333333333,NA,0,0.5,NA,NA,0.333333333333333,NA,NA,0,0,0,0,NA,0,0.333333333333333,0.5,NA,0.333333333333333,0.166666666666667,NA,NA,0.666666666666667,NA,NA,0,0,0,0,0,0,2,1,0,1,1,0,0,3,0,0,3,3,3,6,0,5,4,3,0,2,2,0,0,1,0,0,0,0,0,0,0,0,0,2,0,0,0,0,0,1,0,0,0,0,0,0,0,1,0,0,0,0,3,0,0,1,0,0,0,0,0,0,NA,0,0.333333333333333,0.166666666666667,NA,0.333333333333333,0.166666666666667,NA,NA,0.5,NA,NA,1,1,1,1,NA,0.833333333333333,0.666666666666667,0.5,NA,0.666666666666667,0.333333333333333,NA,NA,0.166666666666667,NA,NA,0,0,0,0,NA,0,0,0.333333333333333,NA,0,0,NA,NA,0.166666666666667,NA,NA,0,0,0,0,NA,0.166666666666667,0,0,NA,0,0.5,NA,NA,0.166666666666667,NA,NA
"985",3,3,3,3,0,6,6,6,0,3,6,0,3,6,0,0,0,0,0,0,0,1,1,0,0,0,2,0,0,0,0,0,0,0,1,1,0,0,2,5,0,1,3,0,0,5,0,0,0.0625,0.0625,0.0625,0.0625,0,0.125,0.125,0.125,0,0.0625,0.125,0,0.0625,0.125,0,0,0,0,0,0,NA,0.166666666666667,0.166666666666667,0,NA,0,0.333333333333333,NA,0,0,NA,NA,0,0,0.333333333333333,0.333333333333333,NA,0,0.333333333333333,0.833333333333333,NA,0.333333333333333,0.5,NA,0,0.833333333333333,NA,NA,0,0,1,1,0,0,2,5,0,1,2,0,0,5,0,0,3,3,2,2,0,5,3,1,0,2,2,0,3,1,0,0,0,0,0,0,0,0,0,0,0,0,1,0,0,0,0,0,0,0,0,0,0,1,1,0,0,0,1,0,0,0,0,0,0,0,0.333333333333333,0.333333333333333,NA,0,0.333333333333333,0.833333333333333,NA,0.333333333333333,0.333333333333333,NA,0,0.833333333333333,NA,NA,1,1,0.666666666666667,0.666666666666667,NA,0.833333333333333,0.5,0.166666666666667,NA,0.666666666666667,0.333333333333333,NA,1,0.166666666666667,NA,NA,0,0,0,0,NA,0,0,0,NA,0,0.166666666666667,NA,0,0,NA,NA,0,0,0,0,NA,0.166666666666667,0.166666666666667,0,NA,0,0.166666666666667,NA,0,0,NA,NA
"986",3,6,6,3,6,6,0,0,6,6,0,0,0,0,0,0,0,0,1,1,1,0,0,0,3,3,0,0,0,0,0,0,0,1,2,1,0,0,0,0,2,2,0,0,0,0,0,0,0.0714285714285714,0.142857142857143,0.142857142857143,0.0714285714285714,0.142857142857143,0.142857142857143,0,0,0.142857142857143,0.142857142857143,0,0,0,0,0,0,0,0,0.166666666666667,0.333333333333333,0.166666666666667,0,NA,NA,0.5,0.5,NA,NA,NA,NA,NA,NA,0,0.166666666666667,0.333333333333333,0.333333333333333,0,0,NA,NA,0.333333333333333,0.333333333333333,NA,NA,NA,NA,NA,NA,0,1,1,0,0,0,0,0,2,0,0,0,0,0,0,0,3,5,4,2,5,6,0,0,1,3,0,0,0,0,0,0,0,0,1,1,0,0,0,0,0,2,0,0,0,0,0,0,0,0,0,0,1,0,0,0,3,1,0,0,0,0,0,0,0,0.166666666666667,0.166666666666667,0,0,0,NA,NA,0.333333333333333,0,NA,NA,NA,NA,NA,NA,1,0.833333333333333,0.666666666666667,0.666666666666667,0.833333333333333,1,NA,NA,0.166666666666667,0.5,NA,NA,NA,NA,NA,NA,0,0,0.166666666666667,0.333333333333333,0,0,NA,NA,0,0.333333333333333,NA,NA,NA,NA,NA,NA,0,0,0,0,0.166666666666667,0,NA,NA,0.5,0.166666666666667,NA,NA,NA,NA,NA,NA
"987",6,6,3,6,0,6,6,6,0,3,6,0,0,0,0,0,0,1,0,0,0,0,1,2,0,2,2,0,0,0,0,0,0,1,0,2,0,1,1,2,0,1,4,0,0,0,0,0,0.125,0.125,0.0625,0.125,0,0.125,0.125,0.125,0,0.0625,0.125,0,0,0,0,0,0,0.166666666666667,0,0,NA,0,0.166666666666667,0.333333333333333,NA,0.666666666666667,0.333333333333333,NA,NA,NA,NA,NA,0,0.166666666666667,0,0.333333333333333,NA,0.166666666666667,0.166666666666667,0.333333333333333,NA,0.333333333333333,0.666666666666667,NA,NA,NA,NA,NA,0,1,0,2,0,1,1,2,0,1,2,0,0,0,0,0,6,4,3,4,0,5,4,2,0,0,2,0,0,0,0,0,0,0,0,0,0,0,0,0,0,0,2,0,0,0,0,0,0,1,0,0,0,0,1,2,0,2,0,0,0,0,0,0,0,0.166666666666667,0,0.333333333333333,NA,0.166666666666667,0.166666666666667,0.333333333333333,NA,0.333333333333333,0.333333333333333,NA,NA,NA,NA,NA,1,0.666666666666667,1,0.666666666666667,NA,0.833333333333333,0.666666666666667,0.333333333333333,NA,0,0.333333333333333,NA,NA,NA,NA,NA,0,0,0,0,NA,0,0,0,NA,0,0.333333333333333,NA,NA,NA,NA,NA,0,0.166666666666667,0,0,NA,0,0.166666666666667,0.333333333333333,NA,0.666666666666667,0,NA,NA,NA,NA,NA
"988",3,3,3,6,0,3,6,6,0,3,6,0,3,6,0,0,0,0,0,0,0,0,0,2,0,0,2,0,0,0,0,0,0,0,1,1,0,1,1,4,0,1,6,0,1,2,0,0,0.0625,0.0625,0.0625,0.125,0,0.0625,0.125,0.125,0,0.0625,0.125,0,0.0625,0.125,0,0,0,0,0,0,NA,0,0,0.333333333333333,NA,0,0.333333333333333,NA,0,0,NA,NA,0,0,0.333333333333333,0.166666666666667,NA,0.333333333333333,0.166666666666667,0.666666666666667,NA,0.333333333333333,1,NA,0.333333333333333,0.333333333333333,NA,NA,0,0,1,1,0,1,1,3,0,1,4,0,1,2,0,0,3,3,2,5,0,2,5,1,0,2,0,0,2,4,0,0,0,0,0,0,0,0,0,1,0,0,2,0,0,0,0,0,0,0,0,0,0,0,0,1,0,0,0,0,0,0,0,0,0,0,0.333333333333333,0.166666666666667,NA,0.333333333333333,0.166666666666667,0.5,NA,0.333333333333333,0.666666666666667,NA,0.333333333333333,0.333333333333333,NA,NA,1,1,0.666666666666667,0.833333333333333,NA,0.666666666666667,0.833333333333333,0.166666666666667,NA,0.666666666666667,0,NA,0.666666666666667,0.666666666666667,NA,NA,0,0,0,0,NA,0,0,0.166666666666667,NA,0,0.333333333333333,NA,0,0,NA,NA,0,0,0,0,NA,0,0,0.166666666666667,NA,0,0,NA,0,0,NA,NA
"989",3,3,6,3,0,3,0,0,3,6,0,0,6,0,0,0,0,0,1,1,0,0,0,0,0,0,0,0,1,0,0,0,0,0,1,0,0,0,0,0,0,3,0,0,3,0,0,0,0.0909090909090909,0.0909090909090909,0.181818181818182,0.0909090909090909,0,0.0909090909090909,0,0,0.0909090909090909,0.181818181818182,0,0,0.181818181818182,0,0,0,0,0,0.166666666666667,0.333333333333333,NA,0,NA,NA,0,0,NA,NA,0.166666666666667,NA,NA,NA,0,0,0.166666666666667,0,NA,0,NA,NA,0,0.5,NA,NA,0.5,NA,NA,NA,0,0,0,0,0,0,0,0,0,3,0,0,3,0,0,0,3,3,5,2,0,3,0,0,3,3,0,0,2,0,0,0,0,0,1,0,0,0,0,0,0,0,0,0,0,0,0,0,0,0,0,1,0,0,0,0,0,0,0,0,1,0,0,0,0,0,0,0,NA,0,NA,NA,0,0.5,NA,NA,0.5,NA,NA,NA,1,1,0.833333333333333,0.666666666666667,NA,1,NA,NA,1,0.5,NA,NA,0.333333333333333,NA,NA,NA,0,0,0.166666666666667,0,NA,0,NA,NA,0,0,NA,NA,0,NA,NA,NA,0,0,0,0.333333333333333,NA,0,NA,NA,0,0,NA,NA,0.166666666666667,NA,NA,NA
"990",3,3,3,6,0,3,6,3,3,6,3,0,3,6,0,0,0,0,0,0,0,0,1,2,0,0,3,0,1,0,0,0,1,0,0,2,0,0,2,2,0,2,2,0,0,4,0,0,0.0625,0.0625,0.0625,0.125,0,0.0625,0.125,0.0625,0.0625,0.125,0.0625,0,0.0625,0.125,0,0,0,0,0,0,NA,0,0.166666666666667,0.666666666666667,0,0,1,NA,0.333333333333333,0,NA,NA,0.333333333333333,0,0,0.333333333333333,NA,0,0.333333333333333,0.666666666666667,0,0.333333333333333,0.666666666666667,NA,0,0.666666666666667,NA,NA,1,0,0,2,0,0,1,0,0,2,0,0,0,4,0,0,2,3,3,4,0,3,4,1,3,4,0,0,2,2,0,0,0,0,0,0,0,0,1,2,0,0,2,0,0,0,0,0,0,0,0,0,0,0,0,0,0,0,1,0,1,0,0,0,0.333333333333333,0,0,0.333333333333333,NA,0,0.166666666666667,0,0,0.333333333333333,0,NA,0,0.666666666666667,NA,NA,0.666666666666667,1,1,0.666666666666667,NA,1,0.666666666666667,0.333333333333333,1,0.666666666666667,0,NA,0.666666666666667,0.333333333333333,NA,NA,0,0,0,0,NA,0,0.166666666666667,0.666666666666667,0,0,0.666666666666667,NA,0,0,NA,NA,0,0,0,0,NA,0,0,0,0,0,0.333333333333333,NA,0.333333333333333,0,NA,NA
"991",3,3,3,3,0,6,6,6,3,6,3,0,6,0,0,0,0,0,0,0,0,1,1,0,0,0,1,0,1,0,0,0,0,1,1,1,0,2,4,4,1,3,3,0,0,0,0,0,0.0625,0.0625,0.0625,0.0625,0,0.125,0.125,0.125,0.0625,0.125,0.0625,0,0.125,0,0,0,0,0,0,0,NA,0.166666666666667,0.166666666666667,0,0,0,0.333333333333333,NA,0.166666666666667,NA,NA,NA,0,0.333333333333333,0.333333333333333,0.333333333333333,NA,0.333333333333333,0.666666666666667,0.666666666666667,0.333333333333333,0.5,1,NA,0,NA,NA,NA,0,1,1,1,0,2,3,4,1,3,2,0,0,0,0,0,3,2,2,2,0,3,2,2,2,3,0,0,5,0,0,0,0,0,0,0,0,0,1,0,0,0,1,0,0,0,0,0,0,0,0,0,0,1,0,0,0,0,0,0,1,0,0,0,0,0.333333333333333,0.333333333333333,0.333333333333333,NA,0.333333333333333,0.5,0.666666666666667,0.333333333333333,0.5,0.666666666666667,NA,0,NA,NA,NA,1,0.666666666666667,0.666666666666667,0.666666666666667,NA,0.5,0.333333333333333,0.333333333333333,0.666666666666667,0.5,0,NA,0.833333333333333,NA,NA,NA,0,0,0,0,NA,0,0.166666666666667,0,0,0,0.333333333333333,NA,0,NA,NA,NA,0,0,0,0,NA,0.166666666666667,0,0,0,0,0,NA,0.166666666666667,NA,NA,NA
"992",3,3,3,6,6,6,6,6,6,3,0,0,0,0,0,0,0,0,0,0,0,0,2,2,1,3,0,0,0,0,0,0,0,0,1,2,0,1,2,4,0,2,0,0,0,0,0,0,0.0625,0.0625,0.0625,0.125,0.125,0.125,0.125,0.125,0.125,0.0625,0,0,0,0,0,0,0,0,0,0,0,0,0.333333333333333,0.333333333333333,0.166666666666667,1,NA,NA,NA,NA,NA,NA,0,0,0.333333333333333,0.333333333333333,0,0.166666666666667,0.333333333333333,0.666666666666667,0,0.666666666666667,NA,NA,NA,NA,NA,NA,0,0,1,2,0,1,2,2,0,0,0,0,0,0,0,0,3,3,2,4,6,5,2,2,5,0,0,0,0,0,0,0,0,0,0,0,0,0,0,2,0,2,0,0,0,0,0,0,0,0,0,0,0,0,2,0,1,1,0,0,0,0,0,0,0,0,0.333333333333333,0.333333333333333,0,0.166666666666667,0.333333333333333,0.333333333333333,0,0,NA,NA,NA,NA,NA,NA,1,1,0.666666666666667,0.666666666666667,1,0.833333333333333,0.333333333333333,0.333333333333333,0.833333333333333,0,NA,NA,NA,NA,NA,NA,0,0,0,0,0,0,0,0.333333333333333,0,0.666666666666667,NA,NA,NA,NA,NA,NA,0,0,0,0,0,0,0.333333333333333,0,0.166666666666667,0.333333333333333,NA,NA,NA,NA,NA,NA
"993",3,3,3,3,0,6,6,6,3,6,3,0,0,6,0,0,0,0,0,0,0,1,1,0,0,0,1,0,0,3,0,0,0,0,0,1,0,1,2,3,1,0,2,0,0,2,0,0,0.0625,0.0625,0.0625,0.0625,0,0.125,0.125,0.125,0.0625,0.125,0.0625,0,0,0.125,0,0,0,0,0,0,NA,0.166666666666667,0.166666666666667,0,0,0,0.333333333333333,NA,NA,0.5,NA,NA,0,0,0,0.333333333333333,NA,0.166666666666667,0.333333333333333,0.5,0.333333333333333,0,0.666666666666667,NA,NA,0.333333333333333,NA,NA,0,0,0,1,0,1,2,3,1,0,1,0,0,1,0,0,3,3,3,2,0,4,3,3,2,6,1,0,0,2,0,0,0,0,0,0,0,0,0,0,0,0,1,0,0,1,0,0,0,0,0,0,0,1,1,0,0,0,0,0,0,2,0,0,0,0,0,0.333333333333333,NA,0.166666666666667,0.333333333333333,0.5,0.333333333333333,0,0.333333333333333,NA,NA,0.166666666666667,NA,NA,1,1,1,0.666666666666667,NA,0.666666666666667,0.5,0.5,0.666666666666667,1,0.333333333333333,NA,NA,0.333333333333333,NA,NA,0,0,0,0,NA,0,0,0,0,0,0.333333333333333,NA,NA,0.166666666666667,NA,NA,0,0,0,0,NA,0.166666666666667,0.166666666666667,0,0,0,0,NA,NA,0.333333333333333,NA,NA
"994",3,3,6,6,0,6,6,6,0,3,6,3,0,0,0,0,0,0,0,1,0,1,0,2,0,1,1,3,0,0,0,0,0,0,0,2,0,1,1,3,0,1,3,3,0,0,0,0,0.0625,0.0625,0.125,0.125,0,0.125,0.125,0.125,0,0.0625,0.125,0.0625,0,0,0,0,0,0,0,0.166666666666667,NA,0.166666666666667,0,0.333333333333333,NA,0.333333333333333,0.166666666666667,1,NA,NA,NA,NA,0,0,0,0.333333333333333,NA,0.166666666666667,0.166666666666667,0.5,NA,0.333333333333333,0.5,1,NA,NA,NA,NA,0,0,0,1,0,1,1,2,0,1,3,0,0,0,0,0,3,3,6,4,0,4,5,2,0,1,2,0,0,0,0,0,0,0,0,1,0,0,0,1,0,0,0,3,0,0,0,0,0,0,0,0,0,1,0,1,0,1,1,0,0,0,0,0,0,0,0,0.166666666666667,NA,0.166666666666667,0.166666666666667,0.333333333333333,NA,0.333333333333333,0.5,0,NA,NA,NA,NA,1,1,1,0.666666666666667,NA,0.666666666666667,0.833333333333333,0.333333333333333,NA,0.333333333333333,0.333333333333333,0,NA,NA,NA,NA,0,0,0,0.166666666666667,NA,0,0,0.166666666666667,NA,0,0,1,NA,NA,NA,NA,0,0,0,0,NA,0.166666666666667,0,0.166666666666667,NA,0.333333333333333,0.166666666666667,0,NA,NA,NA,NA
"995",3,6,6,3,6,6,0,0,6,0,0,0,6,0,0,0,0,1,1,1,1,2,0,0,0,0,0,0,2,0,0,0,0,0,1,0,1,4,0,0,2,0,0,0,1,0,0,0,0.0714285714285714,0.142857142857143,0.142857142857143,0.0714285714285714,0.142857142857143,0.142857142857143,0,0,0.142857142857143,0,0,0,0.142857142857143,0,0,0,0,0.166666666666667,0.166666666666667,0.333333333333333,0.166666666666667,0.333333333333333,NA,NA,0,NA,NA,NA,0.333333333333333,NA,NA,NA,0,0,0.166666666666667,0,0.166666666666667,0.666666666666667,NA,NA,0.333333333333333,NA,NA,NA,0.166666666666667,NA,NA,NA,0,0,1,0,1,3,0,0,2,0,0,0,1,0,0,0,3,5,4,2,4,1,0,0,4,0,0,0,3,0,0,0,0,0,0,0,0,1,0,0,0,0,0,0,0,0,0,0,0,1,1,1,1,1,0,0,0,0,0,0,2,0,0,0,0,0,0.166666666666667,0,0.166666666666667,0.5,NA,NA,0.333333333333333,NA,NA,NA,0.166666666666667,NA,NA,NA,1,0.833333333333333,0.666666666666667,0.666666666666667,0.666666666666667,0.166666666666667,NA,NA,0.666666666666667,NA,NA,NA,0.5,NA,NA,NA,0,0,0,0,0,0.166666666666667,NA,NA,0,NA,NA,NA,0,NA,NA,NA,0,0.166666666666667,0.166666666666667,0.333333333333333,0.166666666666667,0.166666666666667,NA,NA,0,NA,NA,NA,0.333333333333333,NA,NA,NA
"996",3,3,6,6,6,6,0,0,6,6,0,0,6,0,0,0,0,0,0,2,1,0,0,0,0,2,0,0,2,0,0,0,0,1,2,1,1,0,0,0,2,0,0,0,1,0,0,0,0.0625,0.0625,0.125,0.125,0.125,0.125,0,0,0.125,0.125,0,0,0.125,0,0,0,0,0,0,0.333333333333333,0.166666666666667,0,NA,NA,0,0.333333333333333,NA,NA,0.333333333333333,NA,NA,NA,0,0.333333333333333,0.333333333333333,0.166666666666667,0.166666666666667,0,NA,NA,0.333333333333333,0,NA,NA,0.166666666666667,NA,NA,NA,0,1,2,1,0,0,0,0,2,0,0,0,1,0,0,0,3,2,4,3,5,6,0,0,4,4,0,0,3,0,0,0,0,0,0,0,1,0,0,0,0,0,0,0,0,0,0,0,0,0,0,2,0,0,0,0,0,2,0,0,2,0,0,0,0,0.333333333333333,0.333333333333333,0.166666666666667,0,0,NA,NA,0.333333333333333,0,NA,NA,0.166666666666667,NA,NA,NA,1,0.666666666666667,0.666666666666667,0.5,0.833333333333333,1,NA,NA,0.666666666666667,0.666666666666667,NA,NA,0.5,NA,NA,NA,0,0,0,0,0.166666666666667,0,NA,NA,0,0,NA,NA,0,NA,NA,NA,0,0,0,0.333333333333333,0,0,NA,NA,0,0.333333333333333,NA,NA,0.333333333333333,NA,NA,NA
"997",3,3,3,3,0,0,6,6,3,6,6,3,3,0,3,0,0,0,0,0,0,0,1,0,0,0,1,1,1,0,2,0,0,0,1,1,0,0,1,4,1,4,2,2,0,0,1,0,0.0625,0.0625,0.0625,0.0625,0,0,0.125,0.125,0.0625,0.125,0.125,0.0625,0.0625,0,0.0625,0,0,0,0,0,NA,NA,0.166666666666667,0,0,0,0.166666666666667,0.333333333333333,0.333333333333333,NA,0.666666666666667,NA,0,0,0.333333333333333,0.333333333333333,NA,NA,0.166666666666667,0.666666666666667,0.333333333333333,0.666666666666667,0.333333333333333,0.666666666666667,0,NA,0.333333333333333,NA,0,0,1,1,0,0,1,4,1,4,2,1,0,0,0,0,3,3,2,2,0,0,4,2,2,2,3,1,2,0,1,0,0,0,0,0,0,0,0,0,0,0,0,1,0,0,1,0,0,0,0,0,0,0,1,0,0,0,1,0,1,0,1,0,0,0,0.333333333333333,0.333333333333333,NA,NA,0.166666666666667,0.666666666666667,0.333333333333333,0.666666666666667,0.333333333333333,0.333333333333333,0,NA,0,NA,1,1,0.666666666666667,0.666666666666667,NA,NA,0.666666666666667,0.333333333333333,0.666666666666667,0.333333333333333,0.5,0.333333333333333,0.666666666666667,NA,0.333333333333333,NA,0,0,0,0,NA,NA,0,0,0,0,0,0.333333333333333,0,NA,0.333333333333333,NA,0,0,0,0,NA,NA,0.166666666666667,0,0,0,0.166666666666667,0,0.333333333333333,NA,0.333333333333333,NA
"998",3,3,6,6,6,3,0,0,6,6,0,0,0,6,0,0,0,0,0,2,0,0,0,0,2,0,0,0,0,2,0,0,0,0,0,2,0,1,0,0,0,0,0,0,0,2,0,0,0.0666666666666667,0.0666666666666667,0.133333333333333,0.133333333333333,0.133333333333333,0.0666666666666667,0,0,0.133333333333333,0.133333333333333,0,0,0,0.133333333333333,0,0,0,0,0,0.333333333333333,0,0,NA,NA,0.333333333333333,0,NA,NA,NA,0.333333333333333,NA,NA,0,0,0,0.333333333333333,0,0.333333333333333,NA,NA,0,0,NA,NA,NA,0.333333333333333,NA,NA,0,0,0,1,0,1,0,0,0,0,0,0,0,0,0,0,3,3,6,3,6,2,0,0,4,6,0,0,0,4,0,0,0,0,0,1,0,0,0,0,0,0,0,0,0,2,0,0,0,0,0,1,0,0,0,0,2,0,0,0,0,0,0,0,0,0,0,0.166666666666667,0,0.333333333333333,NA,NA,0,0,NA,NA,NA,0,NA,NA,1,1,1,0.5,1,0.666666666666667,NA,NA,0.666666666666667,1,NA,NA,NA,0.666666666666667,NA,NA,0,0,0,0.166666666666667,0,0,NA,NA,0,0,NA,NA,NA,0.333333333333333,NA,NA,0,0,0,0.166666666666667,0,0,NA,NA,0.333333333333333,0,NA,NA,NA,0,NA,NA
"999",3,3,6,6,0,6,6,6,0,6,3,0,0,3,0,0,0,0,0,0,0,1,1,1,0,1,2,0,0,1,0,0,0,0,2,1,0,1,0,3,0,0,1,0,0,0,0,0,0.0625,0.0625,0.125,0.125,0,0.125,0.125,0.125,0,0.125,0.0625,0,0,0.0625,0,0,0,0,0,0,NA,0.166666666666667,0.166666666666667,0.166666666666667,NA,0.166666666666667,0.666666666666667,NA,NA,0.333333333333333,NA,NA,0,0,0.333333333333333,0.166666666666667,NA,0.166666666666667,0,0.5,NA,0,0.333333333333333,NA,NA,0,NA,NA,0,0,2,1,0,1,0,3,0,0,0,0,0,0,0,0,3,3,4,5,0,4,5,2,0,5,1,0,0,2,0,0,0,0,0,0,0,0,0,0,0,0,1,0,0,0,0,0,0,0,0,0,0,1,1,1,0,1,1,0,0,1,0,0,0,0,0.333333333333333,0.166666666666667,NA,0.166666666666667,0,0.5,NA,0,0,NA,NA,0,NA,NA,1,1,0.666666666666667,0.833333333333333,NA,0.666666666666667,0.833333333333333,0.333333333333333,NA,0.833333333333333,0.333333333333333,NA,NA,0.666666666666667,NA,NA,0,0,0,0,NA,0,0,0,NA,0,0.333333333333333,NA,NA,0,NA,NA,0,0,0,0,NA,0.166666666666667,0.166666666666667,0.166666666666667,NA,0.166666666666667,0.333333333333333,NA,NA,0.333333333333333,NA,NA
"1000",3,3,3,3,0,0,3,6,6,6,6,0,3,6,0,0,0,0,0,0,0,0,0,0,0,0,0,0,1,2,0,0,0,0,1,0,0,0,1,5,3,1,5,0,2,4,0,0,0.0625,0.0625,0.0625,0.0625,0,0,0.0625,0.125,0.125,0.125,0.125,0,0.0625,0.125,0,0,0,0,0,0,NA,NA,0,0,0,0,0,NA,0.333333333333333,0.333333333333333,NA,NA,0,0,0.333333333333333,0,NA,NA,0.333333333333333,0.833333333333333,0.5,0.166666666666667,0.833333333333333,NA,0.666666666666667,0.666666666666667,NA,NA,0,0,1,0,0,0,1,5,3,1,5,0,1,4,0,0,3,3,2,3,0,0,2,1,3,5,1,0,1,0,0,0,0,0,0,0,0,0,0,0,0,0,0,0,1,0,0,0,0,0,0,0,0,0,0,0,0,0,0,0,0,2,0,0,0,0,0.333333333333333,0,NA,NA,0.333333333333333,0.833333333333333,0.5,0.166666666666667,0.833333333333333,NA,0.333333333333333,0.666666666666667,NA,NA,1,1,0.666666666666667,1,NA,NA,0.666666666666667,0.166666666666667,0.5,0.833333333333333,0.166666666666667,NA,0.333333333333333,0,NA,NA,0,0,0,0,NA,NA,0,0,0,0,0,NA,0.333333333333333,0,NA,NA,0,0,0,0,NA,NA,0,0,0,0,0,NA,0,0.333333333333333,NA,NA
"1001",6,6,3,3,0,6,6,6,0,6,0,0,0,6,0,0,0,1,0,0,0,1,0,1,0,0,0,0,0,1,0,0,0,0,1,0,0,0,4,3,0,2,0,0,0,3,0,0,0.125,0.125,0.0625,0.0625,0,0.125,0.125,0.125,0,0.125,0,0,0,0.125,0,0,0,0.166666666666667,0,0,NA,0.166666666666667,0,0.166666666666667,NA,0,NA,NA,NA,0.166666666666667,NA,NA,0,0,0.333333333333333,0,NA,0,0.666666666666667,0.5,NA,0.333333333333333,NA,NA,NA,0.5,NA,NA,0,0,1,0,0,0,4,3,0,2,0,0,0,3,0,0,6,5,2,3,0,5,2,2,0,4,0,0,0,2,0,0,0,0,0,0,0,0,0,0,0,0,0,0,0,0,0,0,0,1,0,0,0,1,0,1,0,0,0,0,0,1,0,0,0,0,0.333333333333333,0,NA,0,0.666666666666667,0.5,NA,0.333333333333333,NA,NA,NA,0.5,NA,NA,1,0.833333333333333,0.666666666666667,1,NA,0.833333333333333,0.333333333333333,0.333333333333333,NA,0.666666666666667,NA,NA,NA,0.333333333333333,NA,NA,0,0,0,0,NA,0,0,0,NA,0,NA,NA,NA,0,NA,NA,0,0.166666666666667,0,0,NA,0.166666666666667,0,0.166666666666667,NA,0,NA,NA,NA,0.166666666666667,NA,NA
"1002",3,6,6,3,3,6,0,0,3,3,0,0,6,0,0,0,0,0,1,2,0,1,0,0,0,2,0,0,0,0,0,0,0,0,2,2,1,1,0,0,1,1,0,0,2,0,0,0,0.0769230769230769,0.153846153846154,0.153846153846154,0.0769230769230769,0.0769230769230769,0.153846153846154,0,0,0.0769230769230769,0.0769230769230769,0,0,0.153846153846154,0,0,0,0,0,0.166666666666667,0.666666666666667,0,0.166666666666667,NA,NA,0,0.666666666666667,NA,NA,0,NA,NA,NA,0,0,0.333333333333333,0.666666666666667,0.333333333333333,0.166666666666667,NA,NA,0.333333333333333,0.333333333333333,NA,NA,0.333333333333333,NA,NA,NA,0,0,2,1,1,1,0,0,1,0,0,0,2,0,0,0,3,6,3,0,2,4,0,0,2,1,0,0,4,0,0,0,0,0,0,1,0,0,0,0,0,1,0,0,0,0,0,0,0,0,1,1,0,1,0,0,0,1,0,0,0,0,0,0,0,0,0.333333333333333,0.333333333333333,0.333333333333333,0.166666666666667,NA,NA,0.333333333333333,0,NA,NA,0.333333333333333,NA,NA,NA,1,1,0.5,0,0.666666666666667,0.666666666666667,NA,NA,0.666666666666667,0.333333333333333,NA,NA,0.666666666666667,NA,NA,NA,0,0,0,0.333333333333333,0,0,NA,NA,0,0.333333333333333,NA,NA,0,NA,NA,NA,0,0,0.166666666666667,0.333333333333333,0,0.166666666666667,NA,NA,0,0.333333333333333,NA,NA,0,NA,NA,NA
